# https://github.com/mikedh/trimesh
v -0.01007200 -0.00990123 -0.00282300
v -0.00342252 -0.00990123 -0.00282300
v -0.01003576 -0.00990123 -0.00330741
v -0.00997700 -0.01102237 -0.00282300
v -0.00056253 -0.00990123 -0.00303632
v -0.00029416 -0.01578863 -0.00282300
v -0.01001030 -0.00990123 -0.00352961
v -0.00992900 -0.01102237 -0.00330741
v -0.00993194 -0.01129128 -0.00303899
v -0.00995251 -0.01129128 -0.00282300
v -0.00029612 -0.00990123 -0.00305854
v -0.00027947 -0.01582989 -0.00282300
v -0.01000442 -0.00990123 -0.00357583
v -0.01000050 -0.00994819 -0.00357583
v -0.00990158 -0.01129128 -0.00330741
v -0.00990452 -0.01155875 -0.00303899
v -0.00992607 -0.01155875 -0.00282300
v -0.00994761 -0.01134249 -0.00282300
v -0.00021679 -0.00990123 -0.00309009
v -0.00027555 -0.01585550 -0.00282300
v -0.00006693 -0.01735367 -0.00282300
v -0.00995055 -0.00990123 -0.00384469
v -0.00997308 -0.01021709 -0.00357583
v -0.00988885 -0.01102237 -0.00357583
v -0.00985359 -0.01130408 -0.00359405
v -0.00983204 -0.01202542 -0.00321453
v -0.00982127 -0.01220469 -0.00314609
v -0.00994566 -0.01048457 -0.00357583
v -0.00987514 -0.01182766 -0.00303899
v -0.00986730 -0.01209798 -0.00282300
v -0.00015410 -0.00990123 -0.00313453
v -0.00006595 -0.01740489 -0.00282300
v -0.00013157 -0.00990123 -0.00317675
v -0.00987122 -0.00990123 -0.00412867
v -0.00994566 -0.00994819 -0.00384469
v -0.00983302 -0.01122298 -0.00374159
v -0.00982127 -0.01140225 -0.00369537
v -0.00980559 -0.01210794 -0.00330518
v -0.00984281 -0.01210794 -0.00304965
v -0.00977033 -0.01236404 -0.00330741
v -0.00955486 -0.01409981 -0.00316342
v -0.00970275 -0.01317075 -0.00303899
v -0.00977719 -0.01263294 -0.00303899
v -0.00981147 -0.01237258 -0.00304965
v -0.00982127 -0.01246790 -0.00287100
v -0.00983890 -0.01235266 -0.00282300
v -0.00006595 -0.02002278 -0.00282300
v -0.00006595 -0.01721993 -0.00301632
v -0.00007868 -0.00990123 -0.00438153
v -0.00011688 -0.00990123 -0.00332740
v -0.00984379 -0.00990123 -0.00421488
v -0.00982910 -0.01065815 -0.00399223
v -0.00985457 -0.01075063 -0.00385847
v -0.00980853 -0.01102237 -0.00391891
v -0.00979776 -0.01130408 -0.00383669
v -0.00971157 -0.01236404 -0.00357583
v -0.00976054 -0.01155875 -0.00384469
v -0.00955583 -0.01276384 -0.00397668
v -0.00959795 -0.01265713 -0.00387002
v -0.00967239 -0.01263294 -0.00357583
v -0.00945691 -0.01451241 -0.00330741
v -0.00951274 -0.01451241 -0.00303899
v -0.00954604 -0.01426485 -0.00305987
v -0.00955486 -0.01436729 -0.00289455
v -0.00973214 -0.01317075 -0.00282300
v -0.00976935 -0.01290184 -0.00282300
v -0.00980461 -0.01263721 -0.00282300
v -0.00981539 -0.01255469 -0.00282300
v -0.00007868 -0.02390834 -0.00282300
v -0.00006595 -0.02007400 -0.00284656
v -0.00006595 -0.01720286 -0.00303899
v -0.00007868 -0.00990123 -0.00706574
v -0.00006595 -0.01706058 -0.00330741
v -0.00982910 -0.00990123 -0.00426021
v -0.00982029 -0.01004920 -0.00423488
v -0.00974683 -0.01102237 -0.00411311
v -0.00971353 -0.01129128 -0.00411311
v -0.00967729 -0.01155875 -0.00411311
v -0.00951959 -0.01265713 -0.00410511
v -0.00947748 -0.01290184 -0.00411311
v -0.00943144 -0.01317075 -0.00411311
v -0.00929922 -0.01417237 -0.00400468
v -0.00928257 -0.01435164 -0.00396513
v -0.00931587 -0.01451241 -0.00379181
v -0.00929922 -0.01470591 -0.00374292
v -0.00938247 -0.01451241 -0.00357583
v -0.00956073 -0.01199128 -0.00425710
v -0.00954702 -0.01217054 -0.00422377
v -0.00953233 -0.01236404 -0.00418644
v -0.00940892 -0.01478131 -0.00330741
v -0.00946573 -0.01478131 -0.00303899
v -0.00954114 -0.01452949 -0.00282300
v -0.00949805 -0.01478131 -0.00282300
v -0.00957444 -0.01429615 -0.00282300
v -0.00008358 -0.02412460 -0.00282300
v -0.00007868 -0.02390834 -0.00303899
v -0.00006595 -0.02011099 -0.00330741
v -0.00006595 -0.02010672 -0.00308209
v -0.00007868 -0.01021709 -0.00706574
v -0.00008554 -0.00990123 -0.00709907
v -0.00006595 -0.01706058 -0.00344384
v -0.00006595 -0.01727115 -0.00430687
v -0.00006595 -0.01753863 -0.00457574
v -0.00006595 -0.01807359 -0.00484683
v -0.00006595 -0.01830977 -0.00487793
v -0.00006595 -0.01853883 -0.00488104
v -0.00979482 -0.00990123 -0.00435265
v -0.00974487 -0.01021709 -0.00438153
v -0.00959305 -0.01155875 -0.00432954
v -0.00964399 -0.01102237 -0.00438153
v -0.00933154 -0.01317075 -0.00433354
v -0.00940010 -0.01263294 -0.00438153
v -0.00929236 -0.01359758 -0.00425621
v -0.00931685 -0.01397603 -0.00404512
v -0.00925612 -0.01397603 -0.00417933
v -0.00918462 -0.01451241 -0.00411311
v -0.00926788 -0.01451241 -0.00392602
v -0.00924633 -0.01478985 -0.00383758
v -0.00928159 -0.01488518 -0.00368826
v -0.00932860 -0.01478985 -0.00358960
v -0.00954702 -0.01136526 -0.00449619
v -0.00951078 -0.01182766 -0.00441886
v -0.00949707 -0.01208660 -0.00436065
v -0.00935603 -0.01504879 -0.00330741
v -0.00929628 -0.01549554 -0.00320386
v -0.00927767 -0.01567339 -0.00312164
v -0.00931097 -0.01558518 -0.00303499
v -0.00927767 -0.01593518 -0.00284256
v -0.00927277 -0.01597786 -0.00282300
v -0.00009044 -0.02417867 -0.00282300
v -0.00008456 -0.02390834 -0.00330741
v -0.00007868 -0.02363944 -0.00357583
v -0.00006595 -0.02000997 -0.00384469
v -0.00006595 -0.02010245 -0.00357583
v -0.00007868 -0.01451241 -0.00679732
v -0.00007966 -0.01048457 -0.00706574
v -0.00011982 -0.01021709 -0.00725106
v -0.00011982 -0.00994819 -0.00725461
v -0.00011982 -0.00990123 -0.00725506
v -0.00006595 -0.01880631 -0.00487082
v -0.00978503 -0.00990123 -0.00437842
v -0.00967043 -0.00990123 -0.00464995
v -0.00966455 -0.00994819 -0.00464995
v -0.00960285 -0.01128132 -0.00439664
v -0.00956073 -0.01118599 -0.00452419
v -0.00934623 -0.01290042 -0.00439887
v -0.00927865 -0.01299006 -0.00450019
v -0.00929530 -0.01281079 -0.00452908
v -0.00926102 -0.01317075 -0.00446775
v -0.00907003 -0.01451241 -0.00433532
v -0.00903966 -0.01478131 -0.00428376
v -0.00912684 -0.01478131 -0.00411311
v -0.00902497 -0.01601770 -0.00372381
v -0.00927081 -0.01536892 -0.00338296
v -0.00905338 -0.01611444 -0.00357849
v -0.00913663 -0.01612298 -0.00330741
v -0.00919246 -0.01585550 -0.00330741
v -0.00949021 -0.01128132 -0.00462818
v -0.00920519 -0.01612298 -0.00303899
v -0.00924633 -0.01611444 -0.00282300
v -0.00012374 -0.02432664 -0.00282300
v -0.00012472 -0.02410326 -0.00330741
v -0.00011590 -0.02390977 -0.00357227
v -0.00011101 -0.02366505 -0.00387002
v -0.00009240 -0.02337054 -0.00411311
v -0.00008750 -0.02310306 -0.00438153
v -0.00007868 -0.02310306 -0.00411311
v -0.00006595 -0.01961160 -0.00436865
v -0.00006595 -0.01985205 -0.00411134
v -0.00008064 -0.01478131 -0.00679732
v -0.00007868 -0.01719575 -0.00652890
v -0.00008162 -0.01075347 -0.00706574
v -0.00012080 -0.01048457 -0.00724706
v -0.00014920 -0.00990123 -0.00726972
v -0.00007868 -0.01880631 -0.00626048
v -0.00006595 -0.01907522 -0.00477617
v -0.00007868 -0.02068578 -0.00572319
v -0.00007868 -0.01988050 -0.00599206
v -0.00958130 -0.00990123 -0.00482861
v -0.00957836 -0.00994819 -0.00482283
v -0.00956465 -0.01014453 -0.00479883
v -0.00955192 -0.01032380 -0.00477661
v -0.00950099 -0.01102237 -0.00468062
v -0.00921401 -0.01290042 -0.00463084
v -0.00914936 -0.01317075 -0.00464995
v -0.00901028 -0.01433599 -0.00450108
v -0.00908668 -0.01424493 -0.00439931
v -0.00922772 -0.01263294 -0.00468862
v -0.00943340 -0.01155875 -0.00464995
v -0.00930020 -0.01182766 -0.00480327
v -0.00928747 -0.01196424 -0.00478505
v -0.00927179 -0.01214351 -0.00475928
v -0.00925221 -0.01236404 -0.00472728
v -0.00899069 -0.01451241 -0.00446997
v -0.00902203 -0.01492786 -0.00425266
v -0.00895837 -0.01478131 -0.00441797
v -0.00875660 -0.01601485 -0.00425710
v -0.00906611 -0.01503030 -0.00411889
v -0.00904358 -0.01531770 -0.00402868
v -0.00902497 -0.01547705 -0.00399090
v -0.00895249 -0.01611444 -0.00382558
v -0.00900440 -0.01619696 -0.00366960
v -0.00903477 -0.01632359 -0.00349095
v -0.00906807 -0.01640469 -0.00332340
v -0.00914740 -0.01639188 -0.00303899
v -0.00934623 -0.01129128 -0.00487482
v -0.00918952 -0.01639188 -0.00282300
v -0.00012962 -0.02435225 -0.00282300
v -0.00014039 -0.02433233 -0.00295455
v -0.00014039 -0.02406485 -0.00348028
v -0.00013255 -0.02382156 -0.00379714
v -0.00013255 -0.02357826 -0.00411311
v -0.00012962 -0.02335631 -0.00436198
v -0.00012864 -0.02308457 -0.00463529
v -0.00009044 -0.02283416 -0.00464995
v -0.00007868 -0.02229778 -0.00491838
v -0.00006595 -0.01934270 -0.00462062
v -0.00008456 -0.01504879 -0.00679732
v -0.00008848 -0.01129128 -0.00706574
v -0.00008456 -0.01102237 -0.00706574
v -0.00008260 -0.01746465 -0.00652890
v -0.00012178 -0.01075347 -0.00724261
v -0.00029416 -0.00990123 -0.00733505
v -0.00008260 -0.01907522 -0.00626048
v -0.00007868 -0.02122359 -0.00545477
v -0.00008358 -0.02149107 -0.00545477
v -0.00008358 -0.02014940 -0.00599206
v -0.00950099 -0.00990123 -0.00496282
v -0.00944124 -0.01048457 -0.00491838
v -0.00940108 -0.01075347 -0.00491838
v -0.00906807 -0.01290184 -0.00485083
v -0.00904064 -0.01317075 -0.00481350
v -0.00902399 -0.01332867 -0.00479128
v -0.00908766 -0.01342684 -0.00466462
v -0.00904652 -0.01397603 -0.00455752
v -0.00902791 -0.01415672 -0.00452997
v -0.00884475 -0.01452664 -0.00467306
v -0.00898286 -0.01370713 -0.00473306
v -0.00895347 -0.01397603 -0.00469173
v -0.00927571 -0.01108497 -0.00503570
v -0.00925710 -0.01129128 -0.00500903
v -0.00882419 -0.01478131 -0.00461662
v -0.00876542 -0.01524087 -0.00453574
v -0.00900049 -0.01510713 -0.00421222
v -0.00874191 -0.01542014 -0.00450375
v -0.00866062 -0.01611160 -0.00436065
v -0.00873408 -0.01619412 -0.00421755
v -0.00872036 -0.01558660 -0.00447219
v -0.00894858 -0.01557522 -0.00409356
v -0.00880362 -0.01611160 -0.00412200
v -0.00887120 -0.01639188 -0.00384469
v -0.00898286 -0.01640469 -0.00357849
v -0.00901322 -0.01650286 -0.00342384
v -0.00874779 -0.01705347 -0.00370382
v -0.00876052 -0.01736648 -0.00346517
v -0.00904162 -0.01661241 -0.00324475
v -0.00907101 -0.01668640 -0.00306432
v -0.00904162 -0.01688274 -0.00299188
v -0.00901910 -0.01706201 -0.00290344
v -0.00935211 -0.01100672 -0.00493482
v -0.00929040 -0.01090571 -0.00505659
v -0.00911508 -0.01671343 -0.00282300
v -0.00029416 -0.02441485 -0.00282300
v -0.00029416 -0.02435082 -0.00299232
v -0.00029416 -0.02408192 -0.00350872
v -0.00017271 -0.02377176 -0.00397624
v -0.00015116 -0.02351566 -0.00425932
v -0.00014529 -0.02325672 -0.00453574
v -0.00014920 -0.02298355 -0.00479705
v -0.00013157 -0.02283416 -0.00485038
v -0.00011688 -0.02229066 -0.00518768
v -0.00008554 -0.02202887 -0.00518635
v -0.00012080 -0.01478131 -0.00697730
v -0.00012276 -0.01746465 -0.00670577
v -0.00009142 -0.01773355 -0.00652890
v -0.00012570 -0.01102237 -0.00723728
v -0.00034020 -0.00990123 -0.00733994
v -0.00012962 -0.01129128 -0.00723150
v -0.00013451 -0.01155875 -0.00722528
v -0.00014039 -0.01182766 -0.00721862
v -0.00014725 -0.01209656 -0.00721195
v -0.00015410 -0.01236404 -0.00720484
v -0.00015900 -0.01251628 -0.00720084
v -0.00029416 -0.00994819 -0.00733327
v -0.00009827 -0.01934412 -0.00626048
v -0.00012374 -0.01907522 -0.00643913
v -0.00012374 -0.02149107 -0.00564764
v -0.00008848 -0.02095469 -0.00572319
v -0.00012864 -0.02095469 -0.00589873
v -0.00012472 -0.02014940 -0.00617115
v -0.00939031 -0.00990123 -0.00512947
v -0.00899265 -0.01263294 -0.00501970
v -0.00896523 -0.01290184 -0.00498504
v -0.00902889 -0.01227867 -0.00506458
v -0.00876640 -0.01444697 -0.00480372
v -0.00874583 -0.01462623 -0.00477794
v -0.00919050 -0.01100672 -0.00516191
v -0.00910627 -0.01128558 -0.00520546
v -0.00909745 -0.01155875 -0.00515080
v -0.00904652 -0.01209656 -0.00508636
v -0.00849313 -0.01629229 -0.00452908
v -0.00855973 -0.01638619 -0.00439398
v -0.00852937 -0.01666079 -0.00431487
v -0.00849901 -0.01684717 -0.00427177
v -0.00870567 -0.01639188 -0.00416511
v -0.00877717 -0.01639188 -0.00403090
v -0.00875562 -0.01654270 -0.00398823
v -0.00879774 -0.01664371 -0.00384558
v -0.00877423 -0.01687420 -0.00375714
v -0.00899657 -0.01668640 -0.00332340
v -0.00901812 -0.01679168 -0.00317097
v -0.00873604 -0.01754432 -0.00339673
v -0.00851174 -0.01773355 -0.00376648
v -0.00848824 -0.01788436 -0.00372159
v -0.00860479 -0.01773355 -0.00357583
v -0.00872918 -0.01672196 -0.00393580
v -0.00884084 -0.01778619 -0.00282300
v -0.00900440 -0.01716871 -0.00282300
v -0.00905142 -0.01698091 -0.00282300
v -0.00876934 -0.01792847 -0.00296388
v -0.00936484 -0.00990123 -0.00516769
v -0.00927081 -0.00990123 -0.00529834
v -0.00056253 -0.02443477 -0.00282300
v -0.00056253 -0.02435794 -0.00300299
v -0.00056253 -0.02429249 -0.00313720
v -0.00056253 -0.02420570 -0.00330741
v -0.00056253 -0.02408904 -0.00351805
v -0.00056253 -0.02400509 -0.00365226
v -0.00035195 -0.02377887 -0.00398601
v -0.00027457 -0.02368355 -0.00409045
v -0.00029416 -0.02352847 -0.00427354
v -0.00029416 -0.02340753 -0.00440775
v -0.00029416 -0.02327379 -0.00455352
v -0.00029416 -0.02313294 -0.00468773
v -0.00029416 -0.02299778 -0.00480950
v -0.00029416 -0.02283416 -0.00493260
v -0.00029416 -0.02268904 -0.00504148
v -0.00014235 -0.02219818 -0.00534056
v -0.00013255 -0.02250692 -0.00509880
v -0.00012668 -0.02202887 -0.00537967
v -0.00011492 -0.02176424 -0.00546322
v -0.00012570 -0.01504879 -0.00696886
v -0.00013255 -0.01773355 -0.00669155
v -0.00015214 -0.01579859 -0.00693820
v -0.00014333 -0.01558660 -0.00694753
v -0.00013255 -0.01531770 -0.00695864
v -0.00056253 -0.00990123 -0.00736083
v -0.00029416 -0.01021709 -0.00732305
v -0.00029416 -0.01048457 -0.00731283
v -0.00017565 -0.01597786 -0.00692842
v -0.00029416 -0.01478131 -0.00704130
v -0.00056253 -0.01424351 -0.00710307
v -0.00056253 -0.01397603 -0.00712263
v -0.00042737 -0.01276810 -0.00719995
v -0.00032061 -0.01261729 -0.00720351
v -0.00029416 -0.01236404 -0.00721639
v -0.00029416 -0.01182766 -0.00724528
v -0.00029416 -0.01102237 -0.00728794
v -0.00029416 -0.01075347 -0.00730128
v -0.00013941 -0.01934412 -0.00641602
v -0.00015704 -0.01815469 -0.00666578
v -0.00014725 -0.01800103 -0.00667511
v -0.00013941 -0.02167745 -0.00561342
v -0.00014529 -0.02112542 -0.00587251
v -0.00013941 -0.02035286 -0.00614760
v -0.00883104 -0.01290184 -0.00513924
v -0.00880068 -0.01317075 -0.00510680
v -0.00877032 -0.01343823 -0.00507392
v -0.00875367 -0.01358477 -0.00505570
v -0.00902595 -0.01119310 -0.00532856
v -0.00900832 -0.01137095 -0.00530767
v -0.00893095 -0.01209656 -0.00522057
v -0.00867139 -0.01424351 -0.00496593
v -0.00865670 -0.01452664 -0.00490327
v -0.00848432 -0.01465611 -0.00505525
v -0.00857051 -0.01475997 -0.00493082
v -0.00851566 -0.01531770 -0.00482105
v -0.00849215 -0.01548701 -0.00479483
v -0.00840008 -0.01612298 -0.00469173
v -0.00823554 -0.01632359 -0.00480594
v -0.00820517 -0.01650286 -0.00477572
v -0.00829724 -0.01666079 -0.00461040
v -0.00846375 -0.01647156 -0.00449219
v -0.00846571 -0.01566627 -0.00476639
v -0.00820126 -0.01783030 -0.00423044
v -0.00846963 -0.01702644 -0.00422821
v -0.00849607 -0.01737501 -0.00400246
v -0.00846865 -0.01755428 -0.00395268
v -0.00876542 -0.01765245 -0.00321764
v -0.00874093 -0.01783030 -0.00314298
v -0.00863026 -0.01800103 -0.00330741
v -0.00871155 -0.01773782 -0.00330741
v -0.00844122 -0.01773355 -0.00390069
v -0.00839813 -0.01798538 -0.00382469
v -0.00845591 -0.01806363 -0.00366026
v -0.00852741 -0.01798538 -0.00357272
v -0.00850097 -0.01819026 -0.00348117
v -0.00875954 -0.01806932 -0.00282300
v -0.00871449 -0.01801099 -0.00304787
v -0.00847256 -0.01891160 -0.00287011
v -0.00874093 -0.01810774 -0.00285722
v -0.00912684 -0.00990123 -0.00546899
v -0.00906415 -0.01075347 -0.00537211
v -0.00904064 -0.01102237 -0.00534589
v -0.00089261 -0.02443477 -0.00282300
v -0.00116195 -0.02443334 -0.00282300
v -0.00109927 -0.02435509 -0.00299943
v -0.00109927 -0.02429249 -0.00313364
v -0.00109927 -0.02420286 -0.00330741
v -0.00083090 -0.02408904 -0.00351494
v -0.00109927 -0.02400225 -0.00364649
v -0.00083090 -0.02387562 -0.00384469
v -0.00056253 -0.02387847 -0.00384469
v -0.00056253 -0.02378172 -0.00398912
v -0.00056253 -0.02367074 -0.00412333
v -0.00056253 -0.02353700 -0.00428332
v -0.00056253 -0.02341465 -0.00441753
v -0.00056253 -0.02328091 -0.00455930
v -0.00056253 -0.02313863 -0.00469351
v -0.00056253 -0.02300489 -0.00481483
v -0.00056253 -0.02283416 -0.00494815
v -0.00056253 -0.02269900 -0.00505170
v -0.00056253 -0.02256383 -0.00514502
v -0.00029416 -0.02255387 -0.00513436
v -0.00029416 -0.02235753 -0.00526857
v -0.00029416 -0.02222379 -0.00535611
v -0.00029416 -0.02171302 -0.00563120
v -0.00109927 -0.00990123 -0.00736260
v -0.00056253 -0.00994819 -0.00735860
v -0.00029416 -0.01746465 -0.00676310
v -0.00056253 -0.01692827 -0.00685065
v -0.00056253 -0.01666079 -0.00688131
v -0.00035489 -0.01603477 -0.00693597
v -0.00027653 -0.01587542 -0.00694575
v -0.00029416 -0.01531770 -0.00699686
v -0.00029416 -0.01504879 -0.00701952
v -0.00056253 -0.01451241 -0.00708263
v -0.00083090 -0.01424351 -0.00710352
v -0.00056253 -0.01370713 -0.00714173
v -0.00056253 -0.01343823 -0.00715907
v -0.00043129 -0.01276810 -0.00719995
v -0.00136862 -0.01102237 -0.00730483
v -0.00083090 -0.01075347 -0.00731861
v -0.00056253 -0.01102237 -0.00730172
v -0.00056253 -0.01075347 -0.00731727
v -0.00056253 -0.01048457 -0.00733149
v -0.00015410 -0.01950205 -0.00640002
v -0.00029416 -0.01819026 -0.00667066
v -0.00029416 -0.01800103 -0.00669555
v -0.00029416 -0.01773355 -0.00673022
v -0.00029416 -0.01907522 -0.00650179
v -0.00029416 -0.02115387 -0.00588451
v -0.00029416 -0.02039981 -0.00616360
v -0.00875073 -0.01249920 -0.00532056
v -0.00879676 -0.01209656 -0.00536634
v -0.00877130 -0.01231993 -0.00534100
v -0.00873408 -0.01263294 -0.00530501
v -0.00870078 -0.01290184 -0.00527346
v -0.00866747 -0.01317075 -0.00524101
v -0.00853721 -0.01424351 -0.00510547
v -0.00850293 -0.01451241 -0.00507303
v -0.00902203 -0.00990123 -0.00559209
v -0.00891527 -0.01102237 -0.00548010
v -0.00876248 -0.01120875 -0.00560054
v -0.00888491 -0.01128985 -0.00545477
v -0.00839421 -0.01424351 -0.00523968
v -0.00833250 -0.01452664 -0.00522679
v -0.00820811 -0.01462623 -0.00531567
v -0.00818461 -0.01478131 -0.00529390
v -0.00835993 -0.01475997 -0.00513969
v -0.00824827 -0.01531770 -0.00508414
v -0.00822280 -0.01548131 -0.00506103
v -0.00816404 -0.01585550 -0.00500815
v -0.00826590 -0.01612298 -0.00483572
v -0.00812192 -0.01612298 -0.00496993
v -0.00795933 -0.01629798 -0.00506592
v -0.00808274 -0.01640042 -0.00492149
v -0.00822182 -0.01708619 -0.00452508
v -0.00792799 -0.01647725 -0.00503659
v -0.00804063 -0.01666079 -0.00487082
v -0.00798774 -0.01692827 -0.00482283
v -0.00795541 -0.01709046 -0.00479394
v -0.00788196 -0.01746465 -0.00472595
v -0.00794660 -0.01787014 -0.00451708
v -0.00829920 -0.01773782 -0.00412956
v -0.00801712 -0.01797684 -0.00438420
v -0.00816795 -0.01800103 -0.00418600
v -0.00822966 -0.01817745 -0.00400379
v -0.00826198 -0.01800103 -0.00405179
v -0.00846865 -0.01836810 -0.00340518
v -0.00853427 -0.01827562 -0.00331229
v -0.00827961 -0.01826851 -0.00385091
v -0.00842261 -0.01827562 -0.00357272
v -0.00822182 -0.01896282 -0.00345717
v -0.00818754 -0.01914209 -0.00338473
v -0.00872918 -0.01816607 -0.00282300
v -0.00835209 -0.01907522 -0.00303899
v -0.00819538 -0.01942806 -0.00311898
v -0.00822476 -0.01950774 -0.00293988
v -0.00819048 -0.01968700 -0.00283189
v -0.00823848 -0.01956749 -0.00282300
v -0.00845591 -0.01899270 -0.00282300
v -0.00850097 -0.01886322 -0.00282300
v -0.00911410 -0.00994534 -0.00547521
v -0.00136862 -0.02442908 -0.00282300
v -0.00136862 -0.02435225 -0.00299632
v -0.00136862 -0.02429107 -0.00313098
v -0.00136862 -0.02419717 -0.00330741
v -0.00109927 -0.02408619 -0.00351228
v -0.00136862 -0.02400082 -0.00364204
v -0.00136862 -0.02386708 -0.00384069
v -0.00083090 -0.02378030 -0.00398601
v -0.00083090 -0.02353558 -0.00428288
v -0.00083090 -0.02341180 -0.00441709
v -0.00083090 -0.02327806 -0.00455574
v -0.00083090 -0.02313721 -0.00468995
v -0.00083090 -0.02300204 -0.00481350
v -0.00083090 -0.02283416 -0.00494504
v -0.00083090 -0.02269615 -0.00505036
v -0.00083090 -0.02256241 -0.00514280
v -0.00056253 -0.02236465 -0.00527923
v -0.00056253 -0.02222948 -0.00536100
v -0.00056253 -0.02202887 -0.00547521
v -0.00056253 -0.02185387 -0.00556898
v -0.00056253 -0.02172013 -0.00563609
v -0.00056253 -0.02149107 -0.00574452
v -0.00141465 -0.00990123 -0.00736216
v -0.00083090 -0.00994819 -0.00735949
v -0.00109927 -0.01048457 -0.00733327
v -0.00136862 -0.01075347 -0.00732038
v -0.00136862 -0.01021709 -0.00734705
v -0.00056253 -0.01719575 -0.00681421
v -0.00083090 -0.01692827 -0.00684887
v -0.00109927 -0.01666079 -0.00688042
v -0.00083090 -0.01666079 -0.00688131
v -0.00109927 -0.01639188 -0.00690842
v -0.00056253 -0.01478131 -0.00705907
v -0.00029416 -0.01558660 -0.00697286
v -0.00109927 -0.01451241 -0.00708307
v -0.00109927 -0.01424351 -0.00710307
v -0.00136862 -0.01424351 -0.00710129
v -0.00163699 -0.01102237 -0.00730394
v -0.00109927 -0.01075347 -0.00731950
v -0.00029416 -0.01953192 -0.00640669
v -0.00029416 -0.01934412 -0.00644757
v -0.00029416 -0.02014940 -0.00623381
v -0.00056253 -0.01880631 -0.00657423
v -0.00056253 -0.01853883 -0.00662400
v -0.00056253 -0.01834961 -0.00665555
v -0.00056253 -0.02129615 -0.00583207
v -0.00056253 -0.02116241 -0.00588851
v -0.00056253 -0.02095469 -0.00597117
v -0.00056253 -0.02068578 -0.00607161
v -0.00056253 -0.02054209 -0.00612271
v -0.00056253 -0.02040835 -0.00616804
v -0.00056253 -0.02014940 -0.00624981
v -0.00056253 -0.01988050 -0.00632670
v -0.00859989 -0.01263294 -0.00543122
v -0.00856659 -0.01290184 -0.00540011
v -0.00874191 -0.01138802 -0.00558054
v -0.00862438 -0.01239676 -0.00546233
v -0.00853329 -0.01317075 -0.00536856
v -0.00846473 -0.01370713 -0.00530412
v -0.00842947 -0.01397603 -0.00527212
v -0.00883202 -0.00990123 -0.00578052
v -0.00878109 -0.01102237 -0.00561876
v -0.00875171 -0.00990123 -0.00585918
v -0.00866160 -0.01075347 -0.00577785
v -0.00863123 -0.01102237 -0.00575297
v -0.00848236 -0.01115754 -0.00585785
v -0.00861165 -0.01127278 -0.00572008
v -0.00858618 -0.01155875 -0.00568231
v -0.00852154 -0.01209656 -0.00562542
v -0.00823260 -0.01444697 -0.00533789
v -0.00829528 -0.01397603 -0.00539522
v -0.00805042 -0.01478131 -0.00540767
v -0.00800830 -0.01504879 -0.00537345
v -0.00796619 -0.01531770 -0.00533834
v -0.00794464 -0.01545286 -0.00532056
v -0.00820419 -0.01354209 -0.00558187
v -0.00807001 -0.01555672 -0.00517791
v -0.00798774 -0.01612298 -0.00509169
v -0.00780066 -0.01614575 -0.00524324
v -0.00767431 -0.01624961 -0.00531878
v -0.00782711 -0.01638904 -0.00514947
v -0.00775855 -0.01666079 -0.00512191
v -0.00770566 -0.01692827 -0.00507747
v -0.00789273 -0.01666079 -0.00500503
v -0.00779968 -0.01716871 -0.00490815
v -0.00767137 -0.01785306 -0.00477928
v -0.00781535 -0.01797684 -0.00459663
v -0.00790742 -0.01804940 -0.00447575
v -0.00797696 -0.01826993 -0.00428554
v -0.00794660 -0.01840794 -0.00424910
v -0.00811996 -0.01826851 -0.00410111
v -0.00797696 -0.01874656 -0.00401979
v -0.00793778 -0.01892583 -0.00396913
v -0.00819342 -0.01835672 -0.00394468
v -0.00822770 -0.01924879 -0.00320564
v -0.00820909 -0.01866119 -0.00370159
v -0.00830214 -0.01855875 -0.00359760
v -0.00800830 -0.01933843 -0.00357983
v -0.00797304 -0.01954046 -0.00349272
v -0.00815032 -0.01933985 -0.00330030
v -0.00815522 -0.01960306 -0.00303321
v -0.00794072 -0.02000570 -0.00316253
v -0.00802300 -0.01990184 -0.00305943
v -0.00818559 -0.01970692 -0.00282300
v -0.00143228 -0.02442765 -0.00282300
v -0.00163699 -0.02434798 -0.00298832
v -0.00163699 -0.02428680 -0.00312253
v -0.00163699 -0.02418721 -0.00330741
v -0.00136862 -0.02408192 -0.00350783
v -0.00163699 -0.02399513 -0.00363316
v -0.00163699 -0.02386139 -0.00383047
v -0.00136862 -0.02377034 -0.00397490
v -0.00136862 -0.02366221 -0.00411311
v -0.00136862 -0.02352989 -0.00427532
v -0.00109927 -0.02340611 -0.00441353
v -0.00109927 -0.02327237 -0.00454996
v -0.00136862 -0.02339900 -0.00440998
v -0.00109927 -0.02313009 -0.00468462
v -0.00109927 -0.02299635 -0.00480816
v -0.00109927 -0.02283416 -0.00493482
v -0.00109927 -0.02268904 -0.00504503
v -0.00109927 -0.02255530 -0.00513791
v -0.00083090 -0.02236038 -0.00527701
v -0.00083090 -0.02222664 -0.00535922
v -0.00083090 -0.02202887 -0.00547122
v -0.00083090 -0.02184961 -0.00556676
v -0.00083090 -0.02171587 -0.00563431
v -0.00083090 -0.02149107 -0.00574052
v -0.00163699 -0.00994819 -0.00735905
v -0.00163699 -0.00990123 -0.00736127
v -0.00163699 -0.01048457 -0.00733327
v -0.00163699 -0.01021709 -0.00734616
v -0.00163699 -0.01075347 -0.00731950
v -0.00083090 -0.01834534 -0.00665511
v -0.00109927 -0.01820448 -0.00667289
v -0.00109927 -0.01692827 -0.00684620
v -0.00109927 -0.01773355 -0.00673688
v -0.00136862 -0.01666079 -0.00687731
v -0.00136862 -0.01639188 -0.00690709
v -0.00136862 -0.01585550 -0.00695775
v -0.00136862 -0.01478131 -0.00705863
v -0.00109927 -0.01478131 -0.00705952
v -0.00136862 -0.01451241 -0.00708218
v -0.00163699 -0.01424351 -0.00709685
v -0.00271046 -0.01102237 -0.00729372
v -0.00217373 -0.01075347 -0.00731505
v -0.00056253 -0.01968131 -0.00637914
v -0.00056253 -0.01954615 -0.00641069
v -0.00056253 -0.01934412 -0.00645779
v -0.00056253 -0.01907522 -0.00651868
v -0.00109927 -0.01907522 -0.00651512
v -0.00109927 -0.01880631 -0.00656890
v -0.00083090 -0.01853883 -0.00662222
v -0.00083090 -0.02129188 -0.00582985
v -0.00083090 -0.02115814 -0.00588673
v -0.00083090 -0.02095469 -0.00596762
v -0.00083090 -0.02068578 -0.00606805
v -0.00083090 -0.02053782 -0.00612138
v -0.00109927 -0.02039696 -0.00616404
v -0.00109927 -0.02014940 -0.00624181
v -0.00109927 -0.01988050 -0.00632003
v -0.00083090 -0.01988050 -0.00632358
v -0.00109927 -0.01967135 -0.00637647
v -0.00083090 -0.01967705 -0.00637780
v -0.00849803 -0.01229575 -0.00560365
v -0.00845591 -0.01263294 -0.00556543
v -0.00842261 -0.01290184 -0.00553432
v -0.00838833 -0.01317075 -0.00550277
v -0.00833054 -0.01370713 -0.00542766
v -0.00863026 -0.00990123 -0.00596273
v -0.00852741 -0.01075347 -0.00589473
v -0.00845493 -0.00990123 -0.00610671
v -0.00841478 -0.01021709 -0.00607783
v -0.00832467 -0.00990123 -0.00619960
v -0.00832663 -0.01074920 -0.00604272
v -0.00817579 -0.01102237 -0.00609916
v -0.00813955 -0.01129128 -0.00607427
v -0.00820615 -0.01220469 -0.00585296
v -0.00818461 -0.01236404 -0.00583741
v -0.00814739 -0.01263294 -0.00581163
v -0.00825415 -0.01317075 -0.00562276
v -0.00792309 -0.01451241 -0.00557387
v -0.00787706 -0.01478131 -0.00554188
v -0.00822868 -0.01336282 -0.00560187
v -0.00810821 -0.01290184 -0.00578497
v -0.00805630 -0.01315510 -0.00576808
v -0.00794464 -0.01437583 -0.00558854
v -0.00756755 -0.01614575 -0.00541833
v -0.00736774 -0.01612298 -0.00556187
v -0.00731779 -0.01639188 -0.00552632
v -0.00715129 -0.01655266 -0.00559654
v -0.00751074 -0.01639188 -0.00539211
v -0.00764493 -0.01639188 -0.00529834
v -0.00759890 -0.01558660 -0.00553521
v -0.00742945 -0.01578152 -0.00560409
v -0.00742455 -0.01763965 -0.00506547
v -0.00767823 -0.01706627 -0.00505392
v -0.00758812 -0.01666079 -0.00525612
v -0.00750487 -0.01800103 -0.00486905
v -0.00763905 -0.01800103 -0.00474995
v -0.00754796 -0.01774635 -0.00492371
v -0.00738635 -0.01781892 -0.00503659
v -0.00772133 -0.01826993 -0.00455796
v -0.00768509 -0.01842074 -0.00452330
v -0.00768607 -0.01896140 -0.00425710
v -0.00775659 -0.01906099 -0.00411667
v -0.00770859 -0.01934412 -0.00401757
v -0.00786922 -0.01882481 -0.00411089
v -0.00767725 -0.01947928 -0.00397979
v -0.00773308 -0.01958599 -0.00383803
v -0.00790448 -0.01907522 -0.00392157
v -0.00792309 -0.01942522 -0.00367182
v -0.00795933 -0.01924595 -0.00373315
v -0.00788587 -0.01962298 -0.00357983
v -0.00793289 -0.01971973 -0.00341895
v -0.00797892 -0.01982644 -0.00323986
v -0.00802496 -0.01962298 -0.00332074
v -0.00797500 -0.02008538 -0.00298343
v -0.00800635 -0.02014798 -0.00282300
v -0.00790938 -0.02016363 -0.00305943
v -0.00793681 -0.02026322 -0.00288167
v -0.00790252 -0.01990184 -0.00332074
v -0.00777422 -0.02016790 -0.00332652
v -0.00771937 -0.02036566 -0.00324963
v -0.00767333 -0.02054493 -0.00316609
v -0.00767137 -0.02080957 -0.00289144
v -0.00170555 -0.02441627 -0.00282300
v -0.00190536 -0.02434229 -0.00297277
v -0.00190536 -0.02427826 -0.00310698
v -0.00190536 -0.02417156 -0.00330741
v -0.00190536 -0.02406912 -0.00348783
v -0.00163699 -0.02407623 -0.00349895
v -0.00190536 -0.02398660 -0.00362205
v -0.00190536 -0.02385286 -0.00381581
v -0.00163699 -0.02376322 -0.00396468
v -0.00163699 -0.02364656 -0.00411311
v -0.00163699 -0.02352278 -0.00426732
v -0.00136862 -0.02326526 -0.00454374
v -0.00163699 -0.02339188 -0.00440153
v -0.00163699 -0.02325814 -0.00453663
v -0.00163699 -0.02311160 -0.00467084
v -0.00163699 -0.02297643 -0.00479083
v -0.00163699 -0.02283416 -0.00490238
v -0.00163699 -0.02266769 -0.00502992
v -0.00136862 -0.02267908 -0.00503703
v -0.00163699 -0.02253396 -0.00511969
v -0.00109927 -0.02235184 -0.00527212
v -0.00109927 -0.02221810 -0.00535478
v -0.00109927 -0.02202887 -0.00546233
v -0.00109927 -0.02184249 -0.00556276
v -0.00109927 -0.02170733 -0.00563076
v -0.00109927 -0.02149107 -0.00573341
v -0.00109927 -0.02128477 -0.00582629
v -0.00195139 -0.00990123 -0.00735994
v -0.00190536 -0.01048457 -0.00733149
v -0.00190536 -0.01021709 -0.00734483
v -0.00109927 -0.01833965 -0.00665422
v -0.00136862 -0.01818741 -0.00667066
v -0.00136862 -0.01746465 -0.00676932
v -0.00136862 -0.01692827 -0.00684221
v -0.00163699 -0.01666079 -0.00687020
v -0.00163699 -0.01639188 -0.00690087
v -0.00163699 -0.01602908 -0.00693553
v -0.00163699 -0.01478131 -0.00705419
v -0.00163699 -0.01451241 -0.00707774
v -0.00190536 -0.01424351 -0.00709063
v -0.00297883 -0.01102237 -0.00728839
v -0.00297883 -0.01075347 -0.00730483
v -0.00271046 -0.01075347 -0.00730972
v -0.00109927 -0.01953761 -0.00640891
v -0.00109927 -0.01934412 -0.00645468
v -0.00083090 -0.01934412 -0.00645646
v -0.00136862 -0.01907522 -0.00650801
v -0.00136862 -0.01880631 -0.00656179
v -0.00136862 -0.01853883 -0.00661334
v -0.00109927 -0.01853883 -0.00661956
v -0.00109927 -0.02114961 -0.00588362
v -0.00109927 -0.02095469 -0.00596228
v -0.00109927 -0.02068578 -0.00606316
v -0.00109927 -0.02053070 -0.00611916
v -0.00136862 -0.02037989 -0.00615827
v -0.00136862 -0.02014940 -0.00623115
v -0.00136862 -0.01988050 -0.00631070
v -0.00136862 -0.01965428 -0.00637202
v -0.00812584 -0.00990123 -0.00633603
v -0.00804161 -0.01102237 -0.00619293
v -0.00800537 -0.01129128 -0.00616849
v -0.00796913 -0.01155875 -0.00614271
v -0.00801320 -0.01263294 -0.00590495
v -0.00794856 -0.01170672 -0.00612849
v -0.00778891 -0.01451241 -0.00566631
v -0.00774287 -0.01478131 -0.00563476
v -0.00764689 -0.01531770 -0.00556854
v -0.00797402 -0.01290184 -0.00587785
v -0.00795150 -0.01305550 -0.00586185
v -0.00792407 -0.01323477 -0.00584318
v -0.00771741 -0.01370713 -0.00588585
v -0.00768998 -0.01388497 -0.00586718
v -0.00718361 -0.01639188 -0.00561742
v -0.00739223 -0.01487806 -0.00584896
v -0.00725413 -0.01664940 -0.00549566
v -0.00745394 -0.01666079 -0.00535256
v -0.00700535 -0.01639188 -0.00571830
v -0.00663218 -0.01658396 -0.00587340
v -0.00701221 -0.01664940 -0.00564676
v -0.00638438 -0.01800103 -0.00561742
v -0.00656949 -0.01780042 -0.00557032
v -0.00671641 -0.01771932 -0.00550988
v -0.00675559 -0.01801383 -0.00540189
v -0.00690153 -0.01793131 -0.00534056
v -0.00751270 -0.01531770 -0.00566098
v -0.00752642 -0.01478558 -0.00578141
v -0.00734326 -0.01800103 -0.00500326
v -0.00745296 -0.01822440 -0.00482416
v -0.00728743 -0.01773070 -0.00513391
v -0.00707979 -0.01773355 -0.00527879
v -0.00699653 -0.01801383 -0.00524724
v -0.00720907 -0.01800103 -0.00510103
v -0.00754209 -0.01829696 -0.00471084
v -0.00737068 -0.01913639 -0.00448197
v -0.00742259 -0.01950631 -0.00426199
v -0.00759596 -0.01934412 -0.00415178
v -0.00752740 -0.01958314 -0.00409489
v -0.00763122 -0.01965855 -0.00392335
v -0.00770174 -0.01979940 -0.00374426
v -0.00784963 -0.01933843 -0.00383136
v -0.00765766 -0.01997867 -0.00368160
v -0.00775952 -0.01988619 -0.00358560
v -0.00771251 -0.02008965 -0.00350294
v -0.00798284 -0.02020347 -0.00282300
v -0.00791428 -0.02035855 -0.00282300
v -0.00766942 -0.02026892 -0.00342873
v -0.00763709 -0.02044107 -0.00332652
v -0.00750389 -0.02069859 -0.00332118
v -0.00744708 -0.02088924 -0.00324075
v -0.00750389 -0.02096891 -0.00305321
v -0.00764101 -0.02070713 -0.00306165
v -0.00744512 -0.02115387 -0.00297321
v -0.00739321 -0.02133314 -0.00287011
v -0.00764395 -0.02091200 -0.00282300
v -0.00773112 -0.02073985 -0.00282300
v -0.00190536 -0.02440631 -0.00282300
v -0.00217373 -0.02438924 -0.00282300
v -0.00217373 -0.02433375 -0.00295055
v -0.00217373 -0.02426546 -0.00308476
v -0.00217373 -0.02414737 -0.00330741
v -0.00217373 -0.02405916 -0.00346961
v -0.00217373 -0.02397379 -0.00360382
v -0.00217373 -0.02383863 -0.00379981
v -0.00217373 -0.02374188 -0.00393402
v -0.00183680 -0.02351282 -0.00425621
v -0.00185541 -0.02324818 -0.00452641
v -0.00178488 -0.02297074 -0.00478594
v -0.00190536 -0.02265204 -0.00501837
v -0.00190536 -0.02251688 -0.00510858
v -0.00190536 -0.02231058 -0.00524279
v -0.00163699 -0.02232481 -0.00525390
v -0.00136862 -0.02233904 -0.00526323
v -0.00136862 -0.02220530 -0.00534678
v -0.00136862 -0.02202887 -0.00544677
v -0.00136862 -0.02182684 -0.00555476
v -0.00136862 -0.02169310 -0.00562365
v -0.00136862 -0.02149107 -0.00571919
v -0.00136862 -0.02126769 -0.00581918
v -0.00136862 -0.02113396 -0.00587696
v -0.00217373 -0.00994819 -0.00735594
v -0.00217373 -0.00990123 -0.00735816
v -0.00271046 -0.01048457 -0.00732350
v -0.00136862 -0.01832115 -0.00665111
v -0.00158214 -0.01816038 -0.00666667
v -0.00244210 -0.01666079 -0.00684265
v -0.00190536 -0.01666079 -0.00686131
v -0.00163699 -0.01692827 -0.00683376
v -0.00244210 -0.01639188 -0.00687420
v -0.00271046 -0.01478131 -0.00702663
v -0.00244210 -0.01478131 -0.00703463
v -0.00217373 -0.01478131 -0.00704130
v -0.00217373 -0.01451241 -0.00706530
v -0.00244210 -0.01424351 -0.00707774
v -0.00290048 -0.01227440 -0.00720306
v -0.00324720 -0.01102237 -0.00727950
v -0.00324720 -0.01075347 -0.00729639
v -0.00271046 -0.01317075 -0.00714573
v -0.00271046 -0.01397603 -0.00708974
v -0.00271046 -0.01424351 -0.00707107
v -0.00378492 -0.00990123 -0.00732483
v -0.00324720 -0.00994819 -0.00733861
v -0.00297883 -0.00994819 -0.00734660
v -0.00136862 -0.01934412 -0.00644713
v -0.00163699 -0.01907522 -0.00649468
v -0.00163699 -0.01880631 -0.00654934
v -0.00163699 -0.01853883 -0.00660134
v -0.00136862 -0.02095469 -0.00594940
v -0.00136862 -0.02068578 -0.00605116
v -0.00136862 -0.02051363 -0.00611294
v -0.00163699 -0.02035428 -0.00614982
v -0.00217373 -0.02014940 -0.00618049
v -0.00217373 -0.01988050 -0.00626181
v -0.00163699 -0.01988050 -0.00629470
v -0.00217373 -0.02030306 -0.00613249
v -0.00217373 -0.01961160 -0.00633603
v -0.00165462 -0.01959595 -0.00637025
v -0.00157724 -0.01949635 -0.00639913
v -0.00799165 -0.00990123 -0.00642313
v -0.00798480 -0.00994819 -0.00641958
v -0.00795933 -0.01013884 -0.00640358
v -0.00793485 -0.01031668 -0.00638891
v -0.00769194 -0.01255327 -0.00613560
v -0.00779283 -0.01263863 -0.00605250
v -0.00781046 -0.01290184 -0.00598895
v -0.00789175 -0.01209656 -0.00609116
v -0.00763318 -0.01424351 -0.00582941
v -0.00759106 -0.01451241 -0.00580052
v -0.00742651 -0.01469879 -0.00586940
v -0.00782515 -0.01315510 -0.00592762
v -0.00775855 -0.01343823 -0.00591384
v -0.00766354 -0.01273253 -0.00611960
v -0.00729135 -0.01478558 -0.00592318
v -0.00685060 -0.01620692 -0.00584629
v -0.00698772 -0.01611871 -0.00579119
v -0.00711994 -0.01755428 -0.00530679
v -0.00681044 -0.01639188 -0.00582452
v -0.00667625 -0.01639188 -0.00589696
v -0.00646861 -0.01639188 -0.00599650
v -0.00648428 -0.01666790 -0.00592184
v -0.00635793 -0.01710896 -0.00586940
v -0.00630896 -0.01728680 -0.00584674
v -0.00620024 -0.01800103 -0.00570986
v -0.00634520 -0.01815327 -0.00559520
v -0.00651856 -0.01800103 -0.00554143
v -0.00685745 -0.01811058 -0.00531212
v -0.00716402 -0.01817887 -0.00507036
v -0.00728645 -0.01829127 -0.00492904
v -0.00740790 -0.01840367 -0.00478416
v -0.00713660 -0.01893579 -0.00478194
v -0.00718263 -0.01934412 -0.00455441
v -0.00714541 -0.01948924 -0.00452108
v -0.00731681 -0.01934412 -0.00443442
v -0.00725903 -0.01958741 -0.00436820
v -0.00719340 -0.01983639 -0.00429576
v -0.00737264 -0.01968558 -0.00421044
v -0.00745198 -0.01982928 -0.00403134
v -0.00740496 -0.02000855 -0.00397490
v -0.00755482 -0.01990469 -0.00385980
v -0.00747842 -0.02014940 -0.00379447
v -0.00743043 -0.02032156 -0.00373715
v -0.00744316 -0.02061749 -0.00349228
v -0.00762044 -0.02016790 -0.00358560
v -0.00739419 -0.02079676 -0.00341984
v -0.00739615 -0.02106851 -0.00315231
v -0.00735207 -0.02123497 -0.00305321
v -0.00744022 -0.02128335 -0.00282300
v -0.00716010 -0.02165469 -0.00293855
v -0.00736677 -0.02141139 -0.00282300
v -0.00224621 -0.02438213 -0.00282300
v -0.00239018 -0.02432237 -0.00292700
v -0.00246462 -0.02426261 -0.00302565
v -0.00244895 -0.02410611 -0.00333007
v -0.00236374 -0.02404920 -0.00345228
v -0.00254298 -0.02403782 -0.00343451
v -0.00244895 -0.02396952 -0.00355538
v -0.00244210 -0.02382013 -0.00377581
v -0.00244210 -0.02372339 -0.00391002
v -0.00244210 -0.02358965 -0.00407667
v -0.00217373 -0.02360672 -0.00409934
v -0.00201603 -0.02350286 -0.00424377
v -0.00203366 -0.02323680 -0.00451486
v -0.00196412 -0.02295509 -0.00477350
v -0.00217373 -0.02280143 -0.00486638
v -0.00188675 -0.02285265 -0.00486549
v -0.00244210 -0.02320835 -0.00448864
v -0.00217373 -0.02262501 -0.00500059
v -0.00217373 -0.02249127 -0.00509169
v -0.00205227 -0.02216546 -0.00532278
v -0.00190536 -0.02217542 -0.00532856
v -0.00163699 -0.02219107 -0.00533789
v -0.00190536 -0.02202887 -0.00540944
v -0.00190536 -0.02179127 -0.00553565
v -0.00190536 -0.02165611 -0.00560498
v -0.00190536 -0.02149107 -0.00568186
v -0.00163699 -0.02124635 -0.00580985
v -0.00163699 -0.02111261 -0.00586807
v -0.00271046 -0.00994819 -0.00735060
v -0.00221976 -0.00990123 -0.00735771
v -0.00275650 -0.00990123 -0.00735238
v -0.00190536 -0.01826993 -0.00663556
v -0.00165756 -0.01825713 -0.00664889
v -0.00258412 -0.01787298 -0.00666400
v -0.00244210 -0.01692827 -0.00680488
v -0.00271046 -0.01666079 -0.00682887
v -0.00271046 -0.01639188 -0.00686176
v -0.00261252 -0.01573883 -0.00693331
v -0.00297883 -0.01478131 -0.00701241
v -0.00297883 -0.01451241 -0.00703819
v -0.00271046 -0.01451241 -0.00705108
v -0.00244210 -0.01451241 -0.00705863
v -0.00351557 -0.01102237 -0.00726972
v -0.00351557 -0.01075347 -0.00728661
v -0.00378492 -0.01021709 -0.00730705
v -0.00297883 -0.01424351 -0.00705907
v -0.00383095 -0.00990123 -0.00732305
v -0.00329422 -0.00990123 -0.00733949
v -0.00302585 -0.00990123 -0.00734749
v -0.00297883 -0.00990123 -0.00734883
v -0.00165462 -0.01936831 -0.00642580
v -0.00217373 -0.01929290 -0.00641513
v -0.00217373 -0.01907522 -0.00646579
v -0.00217373 -0.01880631 -0.00652179
v -0.00217373 -0.01853883 -0.00657512
v -0.00190536 -0.01853883 -0.00658845
v -0.00200526 -0.02108274 -0.00585518
v -0.00163699 -0.02095469 -0.00593073
v -0.00190536 -0.02068578 -0.00601472
v -0.00217373 -0.02043680 -0.00608627
v -0.00232064 -0.02028741 -0.00612760
v -0.00244210 -0.01988050 -0.00623959
v -0.00244210 -0.01961160 -0.00631559
v -0.00244210 -0.01925591 -0.00640624
v -0.00781046 -0.00990123 -0.00652223
v -0.00777422 -0.01048457 -0.00644491
v -0.00769880 -0.01095693 -0.00640624
v -0.00766942 -0.01113619 -0.00639113
v -0.00764395 -0.01129128 -0.00637780
v -0.00727372 -0.01451241 -0.00598806
v -0.00694168 -0.01451241 -0.00616227
v -0.00707587 -0.01451241 -0.00609249
v -0.00750977 -0.01129128 -0.00644624
v -0.00746471 -0.01155875 -0.00642313
v -0.00743043 -0.01175794 -0.00640624
v -0.00739909 -0.01193721 -0.00639025
v -0.00690153 -0.01472014 -0.00614227
v -0.00675167 -0.01611871 -0.00591784
v -0.00686431 -0.01489940 -0.00612271
v -0.00660671 -0.01546140 -0.00612805
v -0.00651269 -0.01585550 -0.00608849
v -0.00644608 -0.01610733 -0.00606583
v -0.00625313 -0.01639188 -0.00609160
v -0.00607879 -0.01654839 -0.00613205
v -0.00618065 -0.01664656 -0.00606316
v -0.00580161 -0.01814331 -0.00586007
v -0.00597497 -0.01800103 -0.00581607
v -0.00667429 -0.01826993 -0.00536278
v -0.00619828 -0.01825286 -0.00563653
v -0.00605234 -0.01865266 -0.00558276
v -0.00615323 -0.01907522 -0.00537389
v -0.00692699 -0.01853883 -0.00509214
v -0.00662238 -0.01843497 -0.00533212
v -0.00642454 -0.01934412 -0.00510858
v -0.00660084 -0.01920611 -0.00505125
v -0.00711309 -0.01835814 -0.00503392
v -0.00675363 -0.01935408 -0.00488327
v -0.00685451 -0.01944940 -0.00477261
v -0.00699947 -0.01935408 -0.00470106
v -0.00700437 -0.01959168 -0.00458729
v -0.00691426 -0.01981790 -0.00455174
v -0.00709350 -0.01966709 -0.00447441
v -0.00702690 -0.01991607 -0.00440064
v -0.00713953 -0.02001424 -0.00424732
v -0.00709840 -0.02014940 -0.00420955
v -0.00717675 -0.02034574 -0.00401801
v -0.00736677 -0.02014940 -0.00392868
v -0.00727764 -0.02042257 -0.00384825
v -0.00718753 -0.02068578 -0.00376692
v -0.00737754 -0.02050083 -0.00367137
v -0.00733053 -0.02069859 -0.00357938
v -0.00716108 -0.02112257 -0.00346873
v -0.00721201 -0.02121648 -0.00330163
v -0.00735207 -0.02096891 -0.00332118
v -0.00716206 -0.02139290 -0.00320830
v -0.00721005 -0.02148680 -0.00303232
v -0.00710525 -0.02157217 -0.00311720
v -0.00701123 -0.02176851 -0.00304787
v -0.00691622 -0.02195631 -0.00297855
v -0.00684962 -0.02213416 -0.00286967
v -0.00709448 -0.02183253 -0.00282300
v -0.00717773 -0.02171302 -0.00282300
v -0.00244895 -0.02436078 -0.00282300
v -0.00271046 -0.02432664 -0.00282300
v -0.00256942 -0.02430956 -0.00290255
v -0.00271046 -0.02422278 -0.00303899
v -0.00271046 -0.02410042 -0.00327763
v -0.00271046 -0.02402359 -0.00341184
v -0.00271046 -0.02391546 -0.00357583
v -0.00271046 -0.02379879 -0.00374648
v -0.00271046 -0.02369778 -0.00388069
v -0.00289950 -0.02378314 -0.00372426
v -0.00271046 -0.02356404 -0.00404556
v -0.00244210 -0.02347156 -0.00421088
v -0.00217373 -0.02349148 -0.00423355
v -0.00217373 -0.02335774 -0.00437176
v -0.00244210 -0.02307318 -0.00460374
v -0.00217373 -0.02293660 -0.00475794
v -0.00244210 -0.02277725 -0.00484549
v -0.00244210 -0.02333782 -0.00435443
v -0.00271046 -0.02331221 -0.00432909
v -0.00271046 -0.02317989 -0.00446330
v -0.00271046 -0.02304615 -0.00458018
v -0.00271046 -0.02275164 -0.00482461
v -0.00244210 -0.02259229 -0.00497970
v -0.00270165 -0.02254249 -0.00497170
v -0.00278490 -0.02241729 -0.00504325
v -0.00215512 -0.02227217 -0.00523746
v -0.00223151 -0.02214127 -0.00530856
v -0.00215512 -0.02204310 -0.00537478
v -0.00209635 -0.02164046 -0.00559654
v -0.00217373 -0.02122359 -0.00577919
v -0.00191123 -0.02120083 -0.00581030
v -0.00244210 -0.01826993 -0.00660978
v -0.00244210 -0.01802664 -0.00664756
v -0.00271046 -0.01826993 -0.00658934
v -0.00268892 -0.01797827 -0.00663778
v -0.00324720 -0.01666079 -0.00678399
v -0.00297883 -0.01666079 -0.00680799
v -0.00297883 -0.01639188 -0.00684221
v -0.00324720 -0.01478131 -0.00699464
v -0.00324720 -0.01451241 -0.00702041
v -0.00324720 -0.01424351 -0.00704174
v -0.00378492 -0.01102237 -0.00725595
v -0.00378492 -0.01075347 -0.00727417
v -0.00405329 -0.00994819 -0.00731150
v -0.00405329 -0.00990123 -0.00731416
v -0.00244210 -0.01907522 -0.00644846
v -0.00244210 -0.01880631 -0.00650623
v -0.00244210 -0.01853883 -0.00656090
v -0.00217373 -0.02106566 -0.00584807
v -0.00217373 -0.02093192 -0.00590184
v -0.00191123 -0.02097745 -0.00590273
v -0.00217373 -0.02068578 -0.00599606
v -0.00244210 -0.02068578 -0.00596850
v -0.00242251 -0.02039412 -0.00607783
v -0.00249890 -0.02025326 -0.00611694
v -0.00271046 -0.01988050 -0.00620893
v -0.00242251 -0.02015794 -0.00615604
v -0.00271046 -0.01961160 -0.00628625
v -0.00261056 -0.01922461 -0.00639869
v -0.00763513 -0.00990123 -0.00661245
v -0.00759890 -0.00994819 -0.00662400
v -0.00752935 -0.01023274 -0.00661245
v -0.00740203 -0.01033376 -0.00666044
v -0.00754209 -0.01075347 -0.00651957
v -0.00673698 -0.01451241 -0.00625559
v -0.00715618 -0.01254473 -0.00640269
v -0.00687802 -0.01332440 -0.00639780
v -0.00684276 -0.01350367 -0.00638313
v -0.00727372 -0.01155875 -0.00651690
v -0.00723552 -0.01209656 -0.00644224
v -0.00675951 -0.01479839 -0.00619071
v -0.00644217 -0.01475571 -0.00633203
v -0.00620024 -0.01585550 -0.00621915
v -0.00611895 -0.01639188 -0.00614893
v -0.00630210 -0.01618558 -0.00611249
v -0.00593187 -0.01639188 -0.00622315
v -0.00593481 -0.01664656 -0.00616715
v -0.00579867 -0.01706485 -0.00612671
v -0.00566252 -0.01800103 -0.00595339
v -0.00565567 -0.01824717 -0.00589162
v -0.00556066 -0.01845205 -0.00587207
v -0.00549798 -0.01863131 -0.00584540
v -0.00565567 -0.01854026 -0.00580230
v -0.00566252 -0.01880631 -0.00571519
v -0.00595048 -0.01855306 -0.00566187
v -0.00590739 -0.01824717 -0.00577830
v -0.00586527 -0.01880631 -0.00562098
v -0.00581140 -0.01895997 -0.00559609
v -0.00599945 -0.01880631 -0.00555699
v -0.00609642 -0.01925591 -0.00533878
v -0.00619143 -0.01934554 -0.00524812
v -0.00688292 -0.01869249 -0.00506103
v -0.00636675 -0.01952623 -0.00507303
v -0.00655872 -0.01934412 -0.00502370
v -0.00673992 -0.01910083 -0.00499615
v -0.00666940 -0.01961160 -0.00483127
v -0.00680358 -0.01961160 -0.00473528
v -0.00685843 -0.01999717 -0.00450552
v -0.00696323 -0.02014940 -0.00432909
v -0.00690544 -0.02033294 -0.00427710
v -0.00701318 -0.02042969 -0.00412067
v -0.00688292 -0.02083802 -0.00399001
v -0.00712092 -0.02052501 -0.00395890
v -0.00714443 -0.02082806 -0.00371581
v -0.00720124 -0.02093192 -0.00356516
v -0.00708566 -0.02100733 -0.00364738
v -0.00700339 -0.02122074 -0.00357405
v -0.00692210 -0.02142989 -0.00350028
v -0.00685843 -0.02160916 -0.00342695
v -0.00710036 -0.02130042 -0.00338740
v -0.00692601 -0.02170306 -0.00324786
v -0.00686039 -0.02188091 -0.00315764
v -0.00691034 -0.02208578 -0.00282300
v -0.00680358 -0.02203883 -0.00305632
v -0.00665960 -0.02223375 -0.00303899
v -0.00659790 -0.02242583 -0.00289678
v -0.00678889 -0.02224656 -0.00282300
v -0.00293476 -0.02429391 -0.00282300
v -0.00271046 -0.02429961 -0.00288078
v -0.00297883 -0.02418152 -0.00303899
v -0.00297883 -0.02407908 -0.00323586
v -0.00297883 -0.02399798 -0.00337007
v -0.00307776 -0.02376749 -0.00370026
v -0.00298471 -0.02368782 -0.00382603
v -0.00297883 -0.02353700 -0.00401445
v -0.00271046 -0.02344595 -0.00417977
v -0.00271046 -0.02288538 -0.00471439
v -0.00244210 -0.02291099 -0.00473795
v -0.00297883 -0.02341749 -0.00414867
v -0.00297883 -0.02328375 -0.00429665
v -0.00318550 -0.02325956 -0.00426954
v -0.00297883 -0.02314290 -0.00443086
v -0.00297883 -0.02300916 -0.00455085
v -0.00292496 -0.02272461 -0.00480372
v -0.00300038 -0.02259087 -0.00487971
v -0.00297883 -0.02238741 -0.00502281
v -0.00297883 -0.02225367 -0.00511080
v -0.00270165 -0.02231485 -0.00512147
v -0.00244210 -0.02211139 -0.00529168
v -0.00244210 -0.02197623 -0.00536500
v -0.00244210 -0.02175997 -0.00548188
v -0.00227461 -0.02161770 -0.00558454
v -0.00218058 -0.02174148 -0.00553165
v -0.00218058 -0.02151383 -0.00564587
v -0.00244210 -0.02122359 -0.00574675
v -0.00244210 -0.02102867 -0.00583296
v -0.00297883 -0.01826993 -0.00656134
v -0.00297883 -0.01800103 -0.00660534
v -0.00271046 -0.01853883 -0.00653823
v -0.00351557 -0.01666079 -0.00675332
v -0.00351557 -0.01639188 -0.00679065
v -0.00324720 -0.01639188 -0.00681954
v -0.00341175 -0.01521668 -0.00693509
v -0.00351557 -0.01478131 -0.00697242
v -0.00351557 -0.01451241 -0.00699952
v -0.00434223 -0.01104371 -0.00721639
v -0.00432166 -0.01075347 -0.00724084
v -0.00405329 -0.01102237 -0.00723861
v -0.00405329 -0.01075347 -0.00725861
v -0.00405329 -0.01021709 -0.00729461
v -0.00409932 -0.00990123 -0.00731194
v -0.00270459 -0.01908660 -0.00642091
v -0.00271046 -0.01880631 -0.00648268
v -0.00244210 -0.02089493 -0.00588762
v -0.00271046 -0.02068578 -0.00593251
v -0.00271046 -0.02041831 -0.00603250
v -0.00271046 -0.02084940 -0.00586940
v -0.00271046 -0.02021200 -0.00610360
v -0.00271046 -0.02007826 -0.00614627
v -0.00289362 -0.02003985 -0.00613382
v -0.00298177 -0.01989615 -0.00616627
v -0.00297883 -0.01961160 -0.00625115
v -0.00297883 -0.01934412 -0.00632314
v -0.00278980 -0.01918335 -0.00638802
v -0.00270459 -0.01932562 -0.00636136
v -0.00297883 -0.01900408 -0.00640980
v -0.00760575 -0.00990123 -0.00662756
v -0.00749507 -0.00990123 -0.00668266
v -0.00746471 -0.00994819 -0.00669066
v -0.00743141 -0.01015449 -0.00667466
v -0.00727372 -0.00994819 -0.00677021
v -0.00715716 -0.01093843 -0.00667066
v -0.00712386 -0.01111770 -0.00665733
v -0.00727372 -0.01129128 -0.00656179
v -0.00673698 -0.01424351 -0.00630181
v -0.00649897 -0.01451241 -0.00635380
v -0.00673698 -0.01317075 -0.00647913
v -0.00674677 -0.01342400 -0.00643424
v -0.00666646 -0.01370713 -0.00642002
v -0.00655578 -0.01424351 -0.00637602
v -0.00680064 -0.01370713 -0.00636625
v -0.00633541 -0.01464900 -0.00639513
v -0.00607193 -0.01519818 -0.00639736
v -0.00566252 -0.01639188 -0.00632047
v -0.00566252 -0.01666079 -0.00626626
v -0.00583589 -0.01692827 -0.00614271
v -0.00566252 -0.01692827 -0.00620759
v -0.00565763 -0.01717014 -0.00615471
v -0.00556458 -0.01738782 -0.00613960
v -0.00532363 -0.01773355 -0.00614982
v -0.00545782 -0.01773355 -0.00609916
v -0.00537652 -0.01798822 -0.00606938
v -0.00539415 -0.01826993 -0.00598939
v -0.00540297 -0.01854026 -0.00590895
v -0.00531874 -0.01874940 -0.00588051
v -0.00525018 -0.01892867 -0.00585385
v -0.00540297 -0.01882623 -0.00582363
v -0.00539415 -0.01907522 -0.00574408
v -0.00565665 -0.01905957 -0.00563253
v -0.00556360 -0.01925448 -0.00560587
v -0.00549406 -0.01943375 -0.00557298
v -0.00565665 -0.01934412 -0.00552810
v -0.00585548 -0.01955611 -0.00535123
v -0.00591326 -0.01905957 -0.00550855
v -0.00593971 -0.01934554 -0.00538767
v -0.00603471 -0.01943518 -0.00530367
v -0.00620808 -0.01961444 -0.00512858
v -0.00630406 -0.01970550 -0.00503437
v -0.00646078 -0.01961444 -0.00497215
v -0.00646763 -0.01986770 -0.00485127
v -0.00661749 -0.01976810 -0.00479483
v -0.00673796 -0.01988192 -0.00465129
v -0.00667332 -0.02014940 -0.00456774
v -0.00661945 -0.02030733 -0.00452819
v -0.00680750 -0.02014940 -0.00446375
v -0.00684374 -0.02051221 -0.00422333
v -0.00673208 -0.02040977 -0.00437753
v -0.00660182 -0.02081952 -0.00424688
v -0.00673208 -0.02093904 -0.00405756
v -0.00663903 -0.02113396 -0.00401001
v -0.00681729 -0.02101729 -0.00392824
v -0.00690740 -0.02113965 -0.00374914
v -0.00698478 -0.02092196 -0.00382203
v -0.00706803 -0.02068578 -0.00390113
v -0.00674775 -0.02071282 -0.00418555
v -0.00684276 -0.02131892 -0.00367937
v -0.00659986 -0.02162196 -0.00370737
v -0.00666352 -0.02175997 -0.00351006
v -0.00660671 -0.02189940 -0.00344606
v -0.00661063 -0.02217257 -0.00318297
v -0.00654795 -0.02252969 -0.00282300
v -0.00670760 -0.02234615 -0.00282300
v -0.00654305 -0.02236749 -0.00303899
v -0.00633443 -0.02270042 -0.00290566
v -0.00636185 -0.02272887 -0.00282300
v -0.00647645 -0.02260652 -0.00282300
v -0.00303564 -0.02427826 -0.00282300
v -0.00326679 -0.02411891 -0.00306298
v -0.00326777 -0.02423843 -0.00282300
v -0.00318941 -0.02405916 -0.00319986
v -0.00326679 -0.02398233 -0.00329674
v -0.00324720 -0.02374615 -0.00367049
v -0.00324818 -0.02359818 -0.00386291
v -0.00316003 -0.02351708 -0.00399312
v -0.00351557 -0.02380591 -0.00348872
v -0.00368893 -0.02378599 -0.00345762
v -0.00326189 -0.02337623 -0.00411711
v -0.00336376 -0.02323111 -0.00424155
v -0.00326091 -0.02310733 -0.00438598
v -0.00315709 -0.02298355 -0.00452819
v -0.00300038 -0.02282278 -0.00470328
v -0.00310420 -0.02269615 -0.00478150
v -0.00324720 -0.02234046 -0.00498992
v -0.00324720 -0.02220530 -0.00508103
v -0.00297981 -0.02201038 -0.00525568
v -0.00271046 -0.02207013 -0.00526946
v -0.00271046 -0.02193639 -0.00534323
v -0.00271046 -0.02175997 -0.00543788
v -0.00244210 -0.02159066 -0.00557165
v -0.00244210 -0.02145692 -0.00563742
v -0.00271046 -0.02122359 -0.00570631
v -0.00271046 -0.02098314 -0.00581385
v -0.00324720 -0.01826993 -0.00652846
v -0.00324720 -0.01800103 -0.00657423
v -0.00297883 -0.01853883 -0.00650935
v -0.00378492 -0.01666079 -0.00671822
v -0.00378492 -0.01639188 -0.00675599
v -0.00351557 -0.01612298 -0.00682132
v -0.00413948 -0.01459351 -0.00692620
v -0.00396122 -0.01468741 -0.00693642
v -0.00378492 -0.01451241 -0.00697286
v -0.00470854 -0.01086871 -0.00719862
v -0.00452930 -0.01096831 -0.00720751
v -0.00485840 -0.00994819 -0.00725861
v -0.00485840 -0.00990123 -0.00726217
v -0.00463606 -0.00990123 -0.00727906
v -0.00459003 -0.00994819 -0.00727906
v -0.00460766 -0.01076912 -0.00721639
v -0.00459003 -0.00990123 -0.00728217
v -0.00297883 -0.01880631 -0.00645291
v -0.00285346 -0.02082379 -0.00585918
v -0.00297883 -0.02041831 -0.00599161
v -0.00298177 -0.02013660 -0.00608805
v -0.00307286 -0.01999574 -0.00611960
v -0.00324720 -0.01981505 -0.00614849
v -0.00324720 -0.01961160 -0.00620848
v -0.00324720 -0.01934412 -0.00628225
v -0.00314338 -0.01896140 -0.00639958
v -0.00297883 -0.01913782 -0.00637647
v -0.00747157 -0.00990123 -0.00669422
v -0.00727372 -0.00990123 -0.00677688
v -0.00698772 -0.00990123 -0.00688265
v -0.00700535 -0.01021709 -0.00683065
v -0.00702298 -0.01102664 -0.00670666
v -0.00695246 -0.01129128 -0.00669200
v -0.00676245 -0.01158294 -0.00671555
v -0.00664785 -0.01209656 -0.00667911
v -0.00678203 -0.01209656 -0.00663156
v -0.00646861 -0.01317075 -0.00658045
v -0.00646861 -0.01370713 -0.00649690
v -0.00673698 -0.01290184 -0.00652223
v -0.00636479 -0.01451241 -0.00640713
v -0.00642160 -0.01424351 -0.00642935
v -0.00620024 -0.01451241 -0.00646757
v -0.00620122 -0.01475571 -0.00642624
v -0.00593187 -0.01478131 -0.00651246
v -0.00541962 -0.01614575 -0.00644491
v -0.00552540 -0.01625103 -0.00639336
v -0.00548622 -0.01639188 -0.00638047
v -0.00529621 -0.01658396 -0.00640669
v -0.00538926 -0.01666790 -0.00635780
v -0.00539415 -0.01692827 -0.00630092
v -0.00539415 -0.01719575 -0.00624315
v -0.00512579 -0.01773355 -0.00621693
v -0.00527466 -0.01789005 -0.00613160
v -0.00521492 -0.01806790 -0.00610938
v -0.00503666 -0.01819453 -0.00614182
v -0.00512579 -0.01827847 -0.00608627
v -0.00512579 -0.01853883 -0.00601428
v -0.00514733 -0.01882623 -0.00592406
v -0.00505527 -0.01907522 -0.00588229
v -0.00518847 -0.01907522 -0.00582941
v -0.00510130 -0.01931993 -0.00578097
v -0.00531482 -0.01954473 -0.00561342
v -0.00540003 -0.01934412 -0.00564720
v -0.00523940 -0.01972400 -0.00558054
v -0.00540003 -0.01962583 -0.00554365
v -0.00568407 -0.01963152 -0.00540589
v -0.00578691 -0.01973396 -0.00531567
v -0.00593971 -0.01963152 -0.00527434
v -0.00612482 -0.01982217 -0.00508725
v -0.00605528 -0.02000144 -0.00504681
v -0.00599750 -0.02014940 -0.00501303
v -0.00620808 -0.01989900 -0.00500237
v -0.00621395 -0.02015936 -0.00487749
v -0.00631386 -0.02025611 -0.00477039
v -0.00637752 -0.02007684 -0.00481350
v -0.00655578 -0.01994737 -0.00475128
v -0.00646763 -0.02015936 -0.00470995
v -0.00646469 -0.02040408 -0.00458463
v -0.00630210 -0.02077969 -0.00449308
v -0.00655088 -0.02048518 -0.00447797
v -0.00641572 -0.02095469 -0.00430821
v -0.00635304 -0.02111261 -0.00426199
v -0.00654991 -0.02095469 -0.00420333
v -0.00648722 -0.02070997 -0.00439620
v -0.00646078 -0.02121221 -0.00410645
v -0.00638830 -0.02142420 -0.00402423
v -0.00656754 -0.02131322 -0.00394824
v -0.00649408 -0.02152379 -0.00386602
v -0.00631484 -0.02160347 -0.00396246
v -0.00621493 -0.02177847 -0.00391046
v -0.00633736 -0.02189798 -0.00371315
v -0.00635108 -0.02218253 -0.00345939
v -0.00653032 -0.02207867 -0.00336207
v -0.00644021 -0.02226648 -0.00327585
v -0.00634912 -0.02244574 -0.00319008
v -0.00639417 -0.02254818 -0.00301277
v -0.00606410 -0.02296648 -0.00290255
v -0.00617380 -0.02291526 -0.00282300
v -0.00624040 -0.02284981 -0.00282300
v -0.00351557 -0.02419148 -0.00282300
v -0.00351557 -0.02409899 -0.00300432
v -0.00336865 -0.02403924 -0.00316875
v -0.00351557 -0.02391973 -0.00330741
v -0.00351557 -0.02370774 -0.00362293
v -0.00333829 -0.02349290 -0.00396424
v -0.00351557 -0.02402217 -0.00313853
v -0.00378100 -0.02384574 -0.00332029
v -0.00405329 -0.02381871 -0.00324030
v -0.00386719 -0.02375753 -0.00341851
v -0.00378100 -0.02367643 -0.00355894
v -0.00351557 -0.02357257 -0.00379581
v -0.00351557 -0.02333070 -0.00407978
v -0.00378492 -0.02328375 -0.00402823
v -0.00351557 -0.02320265 -0.00421399
v -0.00351557 -0.02306749 -0.00433976
v -0.00351557 -0.02292095 -0.00447397
v -0.00333633 -0.02295367 -0.00450241
v -0.00324720 -0.02266912 -0.00476106
v -0.00324720 -0.02253396 -0.00485571
v -0.00340685 -0.02217400 -0.00506014
v -0.00324720 -0.02202887 -0.00518591
v -0.00306894 -0.02188091 -0.00531301
v -0.00297981 -0.02177847 -0.00538322
v -0.00271046 -0.02154656 -0.00554943
v -0.00271046 -0.02141139 -0.00561565
v -0.00298765 -0.02124351 -0.00564942
v -0.00295729 -0.02093050 -0.00579474
v -0.00290440 -0.02137867 -0.00559965
v -0.00351557 -0.01826993 -0.00648846
v -0.00351557 -0.01800103 -0.00653601
v -0.00324720 -0.01853883 -0.00647424
v -0.00384467 -0.01700367 -0.00665333
v -0.00394555 -0.01682583 -0.00666800
v -0.00404252 -0.01664798 -0.00668089
v -0.00405329 -0.01639188 -0.00671644
v -0.00432166 -0.01478131 -0.00687642
v -0.00430893 -0.01450814 -0.00691020
v -0.00421196 -0.01441566 -0.00693553
v -0.00405133 -0.01450814 -0.00694486
v -0.00405329 -0.01424351 -0.00696842
v -0.00521883 -0.01030672 -0.00719640
v -0.00538828 -0.00990123 -0.00721373
v -0.00490443 -0.00990123 -0.00725817
v -0.00485840 -0.01021709 -0.00723728
v -0.00324720 -0.02072989 -0.00582141
v -0.00295729 -0.02069005 -0.00589251
v -0.00324720 -0.02041831 -0.00594228
v -0.00324720 -0.02014940 -0.00603739
v -0.00341861 -0.01976810 -0.00613338
v -0.00351067 -0.01961871 -0.00615915
v -0.00351557 -0.01934412 -0.00623515
v -0.00351557 -0.01907522 -0.00630759
v -0.00323839 -0.01906099 -0.00635825
v -0.00332262 -0.01889595 -0.00638491
v -0.00352537 -0.01855306 -0.00642757
v -0.00695442 -0.00990123 -0.00689464
v -0.00673698 -0.01102237 -0.00680799
v -0.00673698 -0.01129128 -0.00676799
v -0.00657537 -0.01243518 -0.00665378
v -0.00635891 -0.01282501 -0.00667155
v -0.00620024 -0.01424351 -0.00650846
v -0.00593187 -0.01451241 -0.00655556
v -0.00566252 -0.01478131 -0.00659289
v -0.00539415 -0.01585550 -0.00649912
v -0.00535204 -0.01639188 -0.00642446
v -0.00551757 -0.01462908 -0.00666044
v -0.00512579 -0.01639188 -0.00648846
v -0.00513852 -0.01666790 -0.00643380
v -0.00499552 -0.01706770 -0.00639558
v -0.00523646 -0.01676323 -0.00638802
v -0.00512579 -0.01746465 -0.00627381
v -0.00485840 -0.01800103 -0.00624226
v -0.00512579 -0.01798822 -0.00616004
v -0.00486917 -0.01827847 -0.00617293
v -0.00496614 -0.01837379 -0.00611782
v -0.00485840 -0.01880631 -0.00603383
v -0.00485840 -0.01907522 -0.00595384
v -0.00483979 -0.01931993 -0.00588185
v -0.00499650 -0.01921322 -0.00585918
v -0.00491716 -0.01939249 -0.00582896
v -0.00514048 -0.01962583 -0.00565698
v -0.00506114 -0.01981790 -0.00561742
v -0.00487407 -0.02016648 -0.00555476
v -0.00514048 -0.01989615 -0.00555210
v -0.00512579 -0.02014940 -0.00545388
v -0.00527270 -0.02029737 -0.00532678
v -0.00539415 -0.01988050 -0.00544322
v -0.00558907 -0.01988050 -0.00534989
v -0.00545194 -0.02019493 -0.00528323
v -0.00572325 -0.01988050 -0.00528412
v -0.00580650 -0.02029452 -0.00505792
v -0.00586331 -0.02014940 -0.00509080
v -0.00595244 -0.01989900 -0.00515080
v -0.00613462 -0.02036851 -0.00482683
v -0.00606116 -0.02054635 -0.00478150
v -0.00612287 -0.02088924 -0.00455485
v -0.00620710 -0.02068863 -0.00460729
v -0.00637165 -0.02060042 -0.00454241
v -0.00620710 -0.02096891 -0.00444997
v -0.00619143 -0.02121078 -0.00431487
v -0.00609544 -0.02139148 -0.00426821
v -0.00627468 -0.02129188 -0.00420333
v -0.00604745 -0.02106851 -0.00450330
v -0.00613560 -0.02170164 -0.00403268
v -0.00605039 -0.02187948 -0.00396735
v -0.00617771 -0.02200469 -0.00376292
v -0.00607291 -0.02217115 -0.00371670
v -0.00625215 -0.02207725 -0.00363804
v -0.00616890 -0.02226648 -0.00354872
v -0.00608467 -0.02244859 -0.00345895
v -0.00626391 -0.02236180 -0.00336918
v -0.00617086 -0.02253680 -0.00327719
v -0.00607781 -0.02271038 -0.00318564
v -0.00599848 -0.02290814 -0.00303899
v -0.00579867 -0.02296932 -0.00317497
v -0.00586429 -0.02301769 -0.00303899
v -0.00576243 -0.02321119 -0.00286745
v -0.00571737 -0.02327379 -0.00282300
v -0.00587996 -0.02315286 -0.00282300
v -0.00598085 -0.02307745 -0.00282300
v -0.00378492 -0.02412887 -0.00282300
v -0.00378492 -0.02406485 -0.00294477
v -0.00378492 -0.02398944 -0.00307898
v -0.00351557 -0.02346587 -0.00393002
v -0.00422959 -0.02379026 -0.00319630
v -0.00403272 -0.02395672 -0.00301543
v -0.00405329 -0.02372339 -0.00337451
v -0.00432166 -0.02353985 -0.00348739
v -0.00410324 -0.02347582 -0.00367315
v -0.00392400 -0.02350713 -0.00371270
v -0.00378492 -0.02352989 -0.00374115
v -0.00378492 -0.02341749 -0.00387536
v -0.00402782 -0.02336343 -0.00383358
v -0.00395241 -0.02325103 -0.00399357
v -0.00378492 -0.02314859 -0.00416244
v -0.00378492 -0.02301343 -0.00429087
v -0.00380843 -0.02283131 -0.00444197
v -0.00373399 -0.02274026 -0.00454730
v -0.00351557 -0.02278578 -0.00458552
v -0.00351557 -0.02260936 -0.00471973
v -0.00351557 -0.02247562 -0.00481572
v -0.00350480 -0.02227786 -0.00495837
v -0.00358609 -0.02212989 -0.00503259
v -0.00363604 -0.02161912 -0.00531701
v -0.00324720 -0.02184391 -0.00529168
v -0.00324720 -0.02170875 -0.00536589
v -0.00298765 -0.02147826 -0.00553654
v -0.00308265 -0.02134595 -0.00558409
v -0.00324720 -0.02117522 -0.00562987
v -0.00324720 -0.02095469 -0.00572764
v -0.00373105 -0.01847339 -0.00641024
v -0.00380549 -0.01829127 -0.00643424
v -0.00378492 -0.01800103 -0.00649335
v -0.00421098 -0.01654981 -0.00666755
v -0.00426975 -0.01639188 -0.00667866
v -0.00459003 -0.01478131 -0.00683376
v -0.00459003 -0.01451241 -0.00686576
v -0.00593187 -0.00994819 -0.00713773
v -0.00593187 -0.00990123 -0.00714262
v -0.00568897 -0.00990123 -0.00717729
v -0.00561061 -0.00990123 -0.00718840
v -0.00552442 -0.00990123 -0.00719995
v -0.00545096 -0.00990123 -0.00720751
v -0.00538730 -0.00993965 -0.00721062
v -0.00339412 -0.02055916 -0.00586051
v -0.00324720 -0.02059473 -0.00587474
v -0.00349696 -0.02041546 -0.00589162
v -0.00351557 -0.02014940 -0.00598317
v -0.00351067 -0.01986627 -0.00608094
v -0.00359687 -0.01971119 -0.00611560
v -0.00371538 -0.01953335 -0.00614227
v -0.00378492 -0.01907522 -0.00625470
v -0.00378492 -0.01880631 -0.00632225
v -0.00352537 -0.01880631 -0.00637114
v -0.00362135 -0.01865123 -0.00638980
v -0.00685843 -0.00990123 -0.00692753
v -0.00683590 -0.01000510 -0.00692042
v -0.00673698 -0.01075347 -0.00684709
v -0.00556458 -0.01444981 -0.00667378
v -0.00657733 -0.01057420 -0.00692575
v -0.00565763 -0.01452806 -0.00663467
v -0.00512579 -0.01612298 -0.00653245
v -0.00541472 -0.01452806 -0.00669911
v -0.00533539 -0.01478131 -0.00668133
v -0.00485840 -0.01612298 -0.00659778
v -0.00485840 -0.01639188 -0.00655690
v -0.00485840 -0.01666079 -0.00650935
v -0.00474968 -0.01736648 -0.00640180
v -0.00468307 -0.01754575 -0.00638447
v -0.00459003 -0.01800103 -0.00631870
v -0.00485840 -0.01773355 -0.00629870
v -0.00459003 -0.01826993 -0.00625915
v -0.00460962 -0.01855591 -0.00618049
v -0.00478788 -0.01847908 -0.00614582
v -0.00445682 -0.01894290 -0.00612671
v -0.00464879 -0.01880631 -0.00610227
v -0.00456358 -0.01904961 -0.00606005
v -0.00459003 -0.01934412 -0.00596006
v -0.00473792 -0.01949351 -0.00586274
v -0.00483979 -0.01959453 -0.00578808
v -0.00487407 -0.01989615 -0.00566187
v -0.00479571 -0.02008822 -0.00561831
v -0.00470658 -0.02026749 -0.00558276
v -0.00485840 -0.02041831 -0.00545344
v -0.00510620 -0.02039839 -0.00535523
v -0.00500433 -0.02056343 -0.00532589
v -0.00518259 -0.02047522 -0.00528412
v -0.00527956 -0.02083944 -0.00506236
v -0.00537946 -0.02067156 -0.00509525
v -0.00554597 -0.02057196 -0.00506192
v -0.00564685 -0.02039696 -0.00509258
v -0.00563706 -0.02012237 -0.00522146
v -0.00572521 -0.02047379 -0.00501259
v -0.00564685 -0.02067156 -0.00495615
v -0.00580356 -0.02082664 -0.00478772
v -0.00586527 -0.02068578 -0.00482416
v -0.00593383 -0.02042115 -0.00491971
v -0.00599945 -0.02068578 -0.00474417
v -0.00592502 -0.02094757 -0.00464684
v -0.00592698 -0.02148538 -0.00432421
v -0.00601415 -0.02156932 -0.00421133
v -0.00586821 -0.02116526 -0.00456018
v -0.00578300 -0.02134310 -0.00450730
v -0.00594754 -0.02124209 -0.00446242
v -0.00583491 -0.02166322 -0.00427310
v -0.00594265 -0.02177135 -0.00412067
v -0.00587115 -0.02196485 -0.00403001
v -0.00577614 -0.02214412 -0.00396468
v -0.00594950 -0.02204452 -0.00391358
v -0.00590543 -0.02227501 -0.00376026
v -0.00579867 -0.02243294 -0.00371137
v -0.00597791 -0.02234900 -0.00363804
v -0.00589074 -0.02253111 -0.00354205
v -0.00580259 -0.02270469 -0.00344651
v -0.00566252 -0.02289534 -0.00336473
v -0.00550973 -0.02295509 -0.00342695
v -0.00566252 -0.02301627 -0.00323052
v -0.00548622 -0.02320977 -0.00313720
v -0.00558417 -0.02327664 -0.00295810
v -0.00545194 -0.02345591 -0.00283012
v -0.00547251 -0.02344595 -0.00282300
v -0.00383879 -0.02411465 -0.00282300
v -0.00392988 -0.02404493 -0.00291055
v -0.00431970 -0.02384859 -0.00304921
v -0.00440785 -0.02375469 -0.00314564
v -0.00447151 -0.02351139 -0.00345006
v -0.00410912 -0.02402074 -0.00286122
v -0.00432166 -0.02343172 -0.00362160
v -0.00432166 -0.02329798 -0.00377492
v -0.00413164 -0.02321119 -0.00395402
v -0.00403762 -0.02309595 -0.00410645
v -0.00394457 -0.02297928 -0.00425799
v -0.00391323 -0.02269757 -0.00451352
v -0.00412381 -0.02293944 -0.00421977
v -0.00404154 -0.02284269 -0.00433665
v -0.00378982 -0.02256810 -0.00465307
v -0.00384565 -0.02239595 -0.00475839
v -0.00366641 -0.02243863 -0.00478994
v -0.00376729 -0.02230204 -0.00485216
v -0.00405329 -0.02220814 -0.00481616
v -0.00378492 -0.02207582 -0.00499926
v -0.00378492 -0.02194209 -0.00508058
v -0.00378492 -0.02175997 -0.00518635
v -0.00378492 -0.02157217 -0.00529301
v -0.00395730 -0.02138294 -0.00533389
v -0.00378492 -0.02143843 -0.00536056
v -0.00378492 -0.02122359 -0.00546766
v -0.00362821 -0.02107562 -0.00558321
v -0.00352928 -0.02121790 -0.00554054
v -0.00344897 -0.02112542 -0.00560676
v -0.00353418 -0.02151383 -0.00539478
v -0.00324720 -0.02149107 -0.00547699
v -0.00345778 -0.02166038 -0.00534012
v -0.00324720 -0.02130895 -0.00556587
v -0.00352928 -0.02097318 -0.00565387
v -0.00349696 -0.02066444 -0.00579296
v -0.00390931 -0.01839656 -0.00639291
v -0.00399942 -0.01821729 -0.00641247
v -0.00407484 -0.01802237 -0.00643335
v -0.00405329 -0.01773355 -0.00648890
v -0.00430893 -0.01664798 -0.00663111
v -0.00459003 -0.01666079 -0.00657245
v -0.00459003 -0.01639188 -0.00661689
v -0.00440393 -0.01639188 -0.00665333
v -0.00469777 -0.01595652 -0.00665867
v -0.00485840 -0.01478131 -0.00678532
v -0.00485840 -0.01451241 -0.00682043
v -0.00485840 -0.01424351 -0.00685020
v -0.00593187 -0.01021709 -0.00710796
v -0.00620024 -0.00990123 -0.00709463
v -0.00597791 -0.00990123 -0.00713462
v -0.00357336 -0.02050509 -0.00583874
v -0.00371440 -0.02032583 -0.00587429
v -0.00378492 -0.01988050 -0.00601428
v -0.00379667 -0.01961871 -0.00609649
v -0.00407680 -0.01935835 -0.00610538
v -0.00418258 -0.01920611 -0.00612494
v -0.00407680 -0.01909940 -0.00618004
v -0.00405329 -0.01880631 -0.00626315
v -0.00677714 -0.00990123 -0.00695286
v -0.00661945 -0.01039493 -0.00693731
v -0.00672033 -0.01048457 -0.00689109
v -0.00539415 -0.01397603 -0.00677866
v -0.00539415 -0.01424351 -0.00674310
v -0.00646861 -0.00994819 -0.00703019
v -0.00646861 -0.01021709 -0.00699641
v -0.00512579 -0.01451241 -0.00676666
v -0.00475751 -0.01577725 -0.00667111
v -0.00443332 -0.01784168 -0.00638980
v -0.00459199 -0.01774493 -0.00636891
v -0.00433439 -0.01802237 -0.00637780
v -0.00432166 -0.01826993 -0.00632892
v -0.00432166 -0.01853883 -0.00626448
v -0.00432166 -0.01880631 -0.00619693
v -0.00432166 -0.01900692 -0.00614493
v -0.00432166 -0.01934412 -0.00604316
v -0.00432166 -0.01961160 -0.00595873
v -0.00457142 -0.01959453 -0.00588407
v -0.00464781 -0.01967278 -0.00583207
v -0.00460668 -0.02016648 -0.00565875
v -0.00452832 -0.02034717 -0.00561565
v -0.00460668 -0.02042826 -0.00555032
v -0.00459003 -0.02068578 -0.00544055
v -0.00472715 -0.02082237 -0.00532189
v -0.00483293 -0.02066587 -0.00535034
v -0.00490639 -0.02074270 -0.00528368
v -0.00510620 -0.02066587 -0.00522857
v -0.00510816 -0.02093904 -0.00509391
v -0.00500825 -0.02110265 -0.00506014
v -0.00518651 -0.02101871 -0.00501659
v -0.00537946 -0.02093904 -0.00496015
v -0.00545880 -0.02074981 -0.00501748
v -0.00564294 -0.02093192 -0.00482283
v -0.00571933 -0.02100591 -0.00473928
v -0.00554009 -0.02109981 -0.00479083
v -0.00566154 -0.02122217 -0.00464907
v -0.00560474 -0.02143131 -0.00455930
v -0.00551267 -0.02161058 -0.00450641
v -0.00568113 -0.02150957 -0.00446686
v -0.00565567 -0.02175570 -0.00432287
v -0.00556066 -0.02192359 -0.00426732
v -0.00573990 -0.02184249 -0.00420910
v -0.00566840 -0.02203314 -0.00411711
v -0.00559788 -0.02222095 -0.00402468
v -0.00567722 -0.02230489 -0.00390158
v -0.00548916 -0.02240022 -0.00395268
v -0.00566252 -0.02248700 -0.00375892
v -0.00550679 -0.02268335 -0.00369493
v -0.00566252 -0.02276017 -0.00350072
v -0.00541864 -0.02285123 -0.00359316
v -0.00519729 -0.02292806 -0.00367049
v -0.00533049 -0.02301343 -0.00349139
v -0.00540787 -0.02311160 -0.00331852
v -0.00530698 -0.02326668 -0.00320964
v -0.00537946 -0.02336200 -0.00302654
v -0.00527270 -0.02351282 -0.00291589
v -0.00544509 -0.02346444 -0.00282300
v -0.00399452 -0.02407196 -0.00282300
v -0.00440981 -0.02394249 -0.00282300
v -0.00459003 -0.02387989 -0.00282300
v -0.00459003 -0.02380591 -0.00295366
v -0.00433439 -0.02396810 -0.00282300
v -0.00459003 -0.02371627 -0.00308787
v -0.00479767 -0.02353843 -0.00321986
v -0.00457240 -0.02357115 -0.00330830
v -0.00464977 -0.02347156 -0.00339851
v -0.00457338 -0.02336485 -0.00356694
v -0.00420608 -0.02400936 -0.00282300
v -0.00407680 -0.02404920 -0.00282300
v -0.00449698 -0.02325672 -0.00373137
v -0.00432166 -0.02316708 -0.00390913
v -0.00432166 -0.02303334 -0.00404156
v -0.00432166 -0.02275448 -0.00429310
v -0.00405329 -0.02265916 -0.00448508
v -0.00405329 -0.02252542 -0.00458507
v -0.00405329 -0.02234188 -0.00471928
v -0.00432166 -0.02288822 -0.00417577
v -0.00449894 -0.02299066 -0.00400068
v -0.00419825 -0.02216973 -0.00478861
v -0.00403174 -0.02200469 -0.00495348
v -0.00410716 -0.02184818 -0.00502370
v -0.00392792 -0.02189940 -0.00505614
v -0.00403174 -0.02175855 -0.00510280
v -0.00424918 -0.02166891 -0.00507747
v -0.00404937 -0.02147969 -0.00525123
v -0.00413556 -0.02132318 -0.00530279
v -0.00404937 -0.02122928 -0.00538056
v -0.00404447 -0.02094188 -0.00552188
v -0.00378492 -0.02102867 -0.00556187
v -0.00378492 -0.02089493 -0.00562187
v -0.00378492 -0.02068578 -0.00571031
v -0.00405329 -0.01853883 -0.00632714
v -0.00407484 -0.01829127 -0.00637958
v -0.00417866 -0.01812481 -0.00639291
v -0.00512579 -0.01424351 -0.00680132
v -0.00512579 -0.01397603 -0.00683243
v -0.00620024 -0.00994819 -0.00708929
v -0.00624628 -0.00990123 -0.00708485
v -0.00379667 -0.02041546 -0.00581741
v -0.00389364 -0.02026465 -0.00585118
v -0.00379667 -0.02016505 -0.00591118
v -0.00405329 -0.01988050 -0.00594495
v -0.00405329 -0.01961160 -0.00603472
v -0.00674188 -0.00990123 -0.00696353
v -0.00674286 -0.00992827 -0.00695997
v -0.00651464 -0.00990123 -0.00702397
v -0.00646861 -0.00990123 -0.00703597
v -0.00539415 -0.01370713 -0.00681154
v -0.00429619 -0.01986058 -0.00588096
v -0.00446858 -0.01975814 -0.00586229
v -0.00457142 -0.01986058 -0.00578852
v -0.00429619 -0.02012379 -0.00578274
v -0.00432851 -0.02042826 -0.00565075
v -0.00442254 -0.02052501 -0.00557787
v -0.00444311 -0.02107989 -0.00531612
v -0.00459003 -0.02088213 -0.00534989
v -0.00459003 -0.02101729 -0.00528545
v -0.00483293 -0.02092908 -0.00522413
v -0.00485840 -0.02116526 -0.00509303
v -0.00472225 -0.02135591 -0.00505170
v -0.00488190 -0.02151526 -0.00488949
v -0.00498670 -0.02162054 -0.00478105
v -0.00526683 -0.02136444 -0.00478772
v -0.00537163 -0.02120367 -0.00482238
v -0.00544607 -0.02127908 -0.00473839
v -0.00539024 -0.02148680 -0.00464773
v -0.00533343 -0.02168883 -0.00455707
v -0.00541179 -0.02177135 -0.00445753
v -0.00537848 -0.02201891 -0.00430821
v -0.00545684 -0.02210286 -0.00420377
v -0.00538338 -0.02228782 -0.00410689
v -0.00530992 -0.02246851 -0.00401001
v -0.00540787 -0.02257664 -0.00385358
v -0.00532755 -0.02274879 -0.00375403
v -0.00501903 -0.02298355 -0.00372648
v -0.00510130 -0.02281851 -0.00383003
v -0.00510130 -0.02308741 -0.00356027
v -0.00500629 -0.02324534 -0.00345050
v -0.00518455 -0.02319270 -0.00338873
v -0.00510718 -0.02330936 -0.00330252
v -0.00497691 -0.02349859 -0.00316253
v -0.00512579 -0.02345591 -0.00310654
v -0.00512579 -0.02354839 -0.00297188
v -0.00490737 -0.02373477 -0.00283723
v -0.00517966 -0.02361099 -0.00282300
v -0.00533147 -0.02353274 -0.00282300
v -0.00464292 -0.02385855 -0.00282300
v -0.00472813 -0.02377603 -0.00290789
v -0.00487603 -0.02343172 -0.00330830
v -0.00485840 -0.02328517 -0.00349583
v -0.00467524 -0.02321119 -0.00368382
v -0.00458709 -0.02310164 -0.00384336
v -0.00447739 -0.02271322 -0.00425754
v -0.00433537 -0.02256241 -0.00443931
v -0.00425506 -0.02246993 -0.00454419
v -0.00457827 -0.02282847 -0.00410734
v -0.00467818 -0.02294371 -0.00395490
v -0.00437749 -0.02210997 -0.00475083
v -0.00430109 -0.02202318 -0.00483705
v -0.00433145 -0.02175855 -0.00498859
v -0.00431578 -0.02229493 -0.00464729
v -0.00459003 -0.02223660 -0.00456818
v -0.00442842 -0.02160489 -0.00504103
v -0.00433145 -0.02150672 -0.00513258
v -0.00434125 -0.02122928 -0.00527568
v -0.00426485 -0.02114391 -0.00534856
v -0.00434125 -0.02097603 -0.00540189
v -0.00432851 -0.02068578 -0.00553921
v -0.00412773 -0.02077400 -0.00556898
v -0.00394947 -0.02084371 -0.00559920
v -0.00405329 -0.02041831 -0.00574408
v -0.00620024 -0.01021709 -0.00705685
v -0.00405329 -0.02020489 -0.00582852
v -0.00418943 -0.02001709 -0.00585829
v -0.00436867 -0.01993741 -0.00582852
v -0.00404447 -0.02068578 -0.00563520
v -0.00424330 -0.02059473 -0.00560809
v -0.00454301 -0.02142562 -0.00508947
v -0.00461549 -0.02124920 -0.00515347
v -0.00461549 -0.02150672 -0.00501526
v -0.00480746 -0.02168883 -0.00482372
v -0.00488190 -0.02177135 -0.00473572
v -0.00504841 -0.02193924 -0.00454463
v -0.00513264 -0.02177135 -0.00460996
v -0.00512579 -0.02155936 -0.00474595
v -0.00522667 -0.02186810 -0.00449752
v -0.00527760 -0.02217684 -0.00425710
v -0.00512579 -0.02236749 -0.00419755
v -0.00510816 -0.02256099 -0.00405134
v -0.00500727 -0.02271038 -0.00398690
v -0.00518553 -0.02264778 -0.00393313
v -0.00485840 -0.02288965 -0.00390602
v -0.00485840 -0.02302765 -0.00377181
v -0.00485840 -0.02316282 -0.00363004
v -0.00489366 -0.02374900 -0.00282300
v -0.00494459 -0.02372481 -0.00282300
v -0.00478788 -0.02379737 -0.00282300
v -0.00465663 -0.02265916 -0.00421444
v -0.00457631 -0.02256810 -0.00432421
v -0.00443429 -0.02241871 -0.00450641
v -0.00485840 -0.02275591 -0.00402734
v -0.00475360 -0.02218253 -0.00452997
v -0.00459394 -0.02202318 -0.00470862
v -0.00468601 -0.02186810 -0.00476683
v -0.00450775 -0.02193070 -0.00480727
v -0.00459394 -0.02177135 -0.00486860
v -0.00459003 -0.02237034 -0.00446997
v -0.00484958 -0.02202887 -0.00458507
v -0.00493283 -0.02211851 -0.00448597
v -0.00513264 -0.02202887 -0.00443931
v -0.00512579 -0.02223233 -0.00429976
v -0.00497789 -0.02242156 -0.00423888
v -0.00487603 -0.02256810 -0.00417400
v -0.00479865 -0.02247989 -0.00428510
v -0.00486525 -0.02230204 -0.00438553
f 2 6 5
f 11 5 6
f 69 95 96
f 279 223 278
f 278 223 276
f 12 11 6
f 20 11 12
f 21 11 20
f 19 11 21
f 32 33 21
f 209 208 263
f 32 49 50
f 50 33 32
f 71 73 49
f 103 72 102
f 104 72 103
f 102 72 101
f 276 223 222
f 220 219 222
f 19 21 31
f 31 21 33
f 97 69 96
f 132 133 96
f 95 130 131
f 96 95 131
f 131 132 96
f 99 140 135
f 135 136 99
f 100 72 99
f 99 139 100
f 105 72 104
f 178 140 177
f 924 807 804
f 48 49 32
f 48 71 49
f 1119 1118 1233
f 170 219 220
f 170 218 219
f 218 170 221
f 277 349 347
f 359 283 358
f 359 349 283
f 347 349 359
f 220 222 172
f 172 170 220
f 172 136 135
f 135 170 172
f 264 263 323
f 209 263 264
f 1572 1450 1449
f 96 133 134
f 134 97 96
f 47 69 70
f 133 132 169
f 162 131 130
f 162 208 209
f 106 99 72
f 72 105 106
f 140 99 106
f 176 177 140
f 217 216 176
f 922 804 918
f 1230 1231 1116
f 1357 1231 1230
f 1438 1437 1434
f 1234 1361 1235
f 1234 1119 1233
f 1235 1119 1234
f 282 283 223
f 223 281 282
f 282 342 283
f 281 342 282
f 358 283 357
f 283 356 357
f 445 357 356
f 358 357 445
f 135 140 171
f 171 170 135
f 171 221 170
f 218 221 274
f 279 342 280
f 280 342 281
f 280 223 279
f 280 281 223
f 643 642 766
f 767 643 766
f 768 643 767
f 1118 1119 995
f 995 996 878
f 995 994 1118
f 349 277 348
f 283 349 348
f 428 347 528
f 528 529 428
f 223 174 173
f 173 222 223
f 136 172 173
f 173 172 222
f 1516 1634 1517
f 1894 1806 1893
f 1893 1808 1894
f 1894 1808 1806
f 1806 1808 1807
f 1808 1691 1807
f 1893 1806 1892
f 1892 1890 1893
f 1698 1817 1816
f 1701 1700 1822
f 1449 1450 1324
f 1324 1447 1449
f 92 64 62
f 92 62 93
f 93 62 91
f 127 91 126
f 1383 1508 1384
f 1384 1508 1509
f 322 261 321
f 178 177 227
f 177 226 227
f 69 97 98
f 98 70 69
f 168 216 217
f 168 169 132
f 208 162 161
f 161 162 130
f 272 226 216
f 225 176 216
f 177 176 225
f 216 226 225
f 225 226 177
f 803 804 807
f 807 695 803
f 1485 1605 1606
f 1233 1118 1232
f 1231 1358 1232
f 1116 1231 1232
f 1933 1932 1915
f 935 1046 1051
f 1051 1046 1049
f 1052 1053 935
f 935 1051 1052
f 1173 1174 1052
f 1052 1174 1053
f 1052 1051 1049
f 428 529 530
f 1235 1363 1236
f 1236 1363 1237
f 1236 1237 1121
f 1493 1492 1614
f 1361 1492 1493
f 1118 994 1117
f 1116 1232 1117
f 1117 1232 1118
f 993 994 875
f 875 995 878
f 994 995 875
f 1741 1742 1610
f 1610 1740 1741
f 1610 1611 1490
f 1614 1490 1613
f 1753 1856 1858
f 1858 1859 1753
f 1357 1487 1488
f 1741 1740 1739
f 450 430 361
f 450 431 430
f 432 431 535
f 221 171 175
f 175 140 178
f 175 171 140
f 538 434 433
f 538 435 434
f 437 436 435
f 351 436 437
f 283 342 346
f 342 274 346
f 434 435 350
f 350 344 361
f 435 436 350
f 361 430 350
f 350 436 351
f 433 434 350
f 351 283 350
f 283 344 350
f 430 431 350
f 432 433 350
f 350 431 432
f 218 274 273
f 273 274 342
f 219 218 273
f 273 222 219
f 276 222 273
f 273 278 276
f 279 278 273
f 273 342 279
f 344 274 343
f 221 175 224
f 224 227 285
f 178 227 224
f 224 175 178
f 1121 1004 998
f 284 277 223
f 284 348 277
f 223 283 284
f 283 348 284
f 446 445 443
f 443 529 446
f 529 528 446
f 358 445 446
f 137 173 174
f 136 173 137
f 137 99 136
f 1273 1394 1396
f 1634 1637 1638
f 1733 1731 1734
f 1639 1638 1734
f 1606 1733 1734
f 1259 1380 1381
f 1259 1381 1261
f 1630 1632 1512
f 1512 1509 1630
f 1509 1508 1630
f 1261 1381 1382
f 1382 1508 1383
f 1453 1573 1574
f 1452 1573 1453
f 1200 1329 1328
f 1329 1452 1328
f 1328 1452 1453
f 1331 1203 1202
f 265 264 326
f 264 325 326
f 1327 1329 1200
f 1571 1572 1449
f 1449 1570 1571
f 1569 1570 1449
f 1691 1570 1569
f 1692 1570 1691
f 1692 1808 1809
f 1692 1691 1808
f 1809 1808 1898
f 1808 1897 1898
f 1895 1808 1893
f 1893 1900 1895
f 1893 1890 1901
f 1890 1902 1901
f 1822 1700 1819
f 1819 1700 1698
f 1822 1819 1903
f 1903 1819 1902
f 1584 1576 1582
f 1700 1701 1581
f 1698 1700 1581
f 1581 1584 1582
f 1320 1447 1323
f 1317 1318 1189
f 1191 1075 1190
f 1190 1189 1191
f 1070 1189 1190
f 1319 1318 1317
f 1320 1189 1319
f 1319 1189 1318
f 730 842 843
f 1299 1174 1173
f 68 46 45
f 94 64 92
f 22 14 13
f 59 37 58
f 59 58 41
f 41 60 59
f 63 64 41
f 41 62 63
f 63 62 64
f 129 93 91
f 320 400 401
f 499 400 498
f 498 400 497
f 244 249 200
f 116 151 152
f 152 200 153
f 568 464 567
f 567 464 566
f 1398 1274 1273
f 1395 1394 1273
f 462 404 504
f 322 404 370
f 371 294 370
f 370 404 462
f 228 261 230
f 240 206 261
f 240 294 241
f 194 151 150
f 150 151 116
f 116 113 150
f 291 261 228
f 291 321 261
f 293 366 367
f 372 294 371
f 371 366 372
f 372 366 294
f 292 366 293
f 294 366 292
f 369 296 295
f 295 293 369
f 131 164 165
f 132 131 165
f 165 166 132
f 131 162 163
f 163 164 131
f 216 168 167
f 167 168 132
f 167 166 216
f 132 166 167
f 265 266 210
f 209 264 210
f 210 264 265
f 210 162 209
f 210 163 162
f 216 166 215
f 215 272 216
f 215 271 272
f 697 695 806
f 930 1044 931
f 695 809 810
f 804 803 693
f 584 579 687
f 1036 927 923
f 924 804 923
f 923 807 924
f 804 922 923
f 923 922 1036
f 807 923 926
f 926 923 927
f 1158 1044 1042
f 1037 927 1036
f 1158 1278 1279
f 1159 1044 1158
f 1356 1487 1357
f 1357 1230 1356
f 1484 1485 1356
f 1360 1358 1231
f 1360 1234 1233
f 1361 1234 1360
f 1233 1232 1360
f 1360 1232 1358
f 1625 1729 1603
f 762 639 761
f 763 639 762
f 1719 1840 1841
f 1939 1963 1940
f 1940 1963 1964
f 1441 1438 1434
f 1441 1440 1438
f 1317 1440 1441
f 1548 1551 1431
f 1431 1549 1548
f 1434 1433 1431
f 1431 1551 1434
f 1958 1933 1915
f 1961 1963 1939
f 1954 1967 1961
f 1964 1963 1961
f 1961 1967 1964
f 1806 1807 1690
f 1690 1807 1691
f 1567 1686 1687
f 1567 1690 1691
f 1689 1690 1567
f 1891 1804 1890
f 1891 1892 1806
f 1890 1892 1891
f 1806 1690 1805
f 1805 1891 1806
f 1804 1891 1805
f 1688 1567 1687
f 1689 1567 1688
f 1804 1805 1688
f 1687 1686 1688
f 1688 1690 1689
f 1688 1805 1690
f 1804 1688 1803
f 1169 1049 1048
f 1165 1167 1048
f 1920 1840 1919
f 1670 1548 1547
f 1547 1667 1670
f 1173 1052 1171
f 1171 1052 1049
f 1841 1840 1922
f 1925 1864 1926
f 1925 1923 1864
f 1926 1854 1925
f 1219 1218 1217
f 983 982 1109
f 981 982 865
f 1092 968 1091
f 1093 968 1092
f 969 968 1093
f 870 758 760
f 443 442 543
f 442 530 543
f 543 529 443
f 543 530 529
f 542 650 637
f 1361 1493 1362
f 1362 1493 1363
f 1235 1361 1362
f 1362 1363 1235
f 1228 1230 1116
f 1116 1115 1228
f 1228 1115 1114
f 766 642 765
f 878 766 765
f 1743 1610 1742
f 1611 1610 1743
f 1609 1610 1490
f 1740 1610 1609
f 1609 1739 1740
f 1490 1611 1612
f 1612 1613 1490
f 1607 1487 1606
f 354 445 356
f 283 353 354
f 353 439 354
f 354 442 443
f 432 535 536
f 644 643 768
f 644 536 643
f 532 448 549
f 431 448 532
f 449 448 431
f 431 450 449
f 361 448 449
f 449 450 361
f 642 643 534
f 534 535 431
f 643 536 534
f 534 536 535
f 534 640 642
f 453 365 364
f 285 227 290
f 761 639 638
f 638 532 549
f 639 532 638
f 537 538 433
f 537 433 432
f 435 538 537
f 537 437 435
f 646 437 537
f 432 536 537
f 537 536 646
f 345 344 283
f 283 346 345
f 345 274 344
f 345 346 274
f 361 344 362
f 344 343 362
f 275 274 221
f 221 224 275
f 431 532 533
f 533 532 639
f 533 534 431
f 640 534 533
f 1121 998 1120
f 1120 1236 1121
f 1235 1236 1120
f 1120 1119 1235
f 997 995 1119
f 1119 1120 997
f 997 1120 998
f 880 767 766
f 1004 1001 889
f 889 771 888
f 989 892 1008
f 771 648 770
f 429 528 347
f 429 446 528
f 358 446 429
f 429 359 358
f 347 359 429
f 138 174 139
f 138 137 174
f 139 99 138
f 99 137 138
f 1514 1515 1396
f 1514 1396 1394
f 1730 1731 1605
f 1606 1605 1732
f 1605 1731 1732
f 1732 1733 1606
f 1732 1731 1733
f 1517 1634 1519
f 1634 1638 1519
f 1519 1638 1639
f 1846 1734 1731
f 1731 1730 1846
f 1735 1638 1637
f 1735 1734 1638
f 1606 1734 1735
f 1643 1522 1521
f 1521 1642 1643
f 1641 1642 1521
f 1383 1384 1263
f 1261 1382 1263
f 1263 1382 1383
f 1263 1387 1388
f 1380 1259 1258
f 1388 1387 1511
f 1511 1387 1512
f 1387 1263 1386
f 1753 1632 1754
f 1632 1630 1754
f 1857 1856 1753
f 1821 1820 1699
f 1695 1574 1573
f 1582 1576 1583
f 1583 1462 1582
f 1576 1462 1583
f 1463 1462 1576
f 1330 1331 1202
f 1333 1203 1332
f 324 264 323
f 324 325 264
f 1198 1199 1082
f 1198 1327 1200
f 1082 1199 1083
f 1693 1692 1809
f 1570 1692 1693
f 1949 1900 1899
f 1896 1897 1808
f 1808 1895 1896
f 1896 1895 1900
f 1896 1949 1947
f 1900 1949 1896
f 1899 1900 1813
f 1813 1900 1893
f 1893 1816 1813
f 1815 1813 1816
f 1818 1819 1698
f 1902 1819 1818
f 1818 1901 1902
f 1698 1816 1818
f 1818 1816 1893
f 1893 1901 1818
f 1946 1902 1890
f 1946 1903 1902
f 1582 1462 1461
f 1461 1581 1582
f 1585 1581 1701
f 1701 1586 1585
f 1822 1903 1904
f 1706 1824 1830
f 1830 1904 1909
f 1822 1904 1830
f 1702 1586 1701
f 1702 1703 1586
f 1702 1824 1706
f 1706 1703 1702
f 953 1071 1072
f 1070 1071 953
f 1451 1324 1450
f 1451 1325 1324
f 1324 1325 1196
f 1196 1323 1324
f 1320 1323 1196
f 1447 1324 1448
f 1448 1323 1447
f 1324 1323 1448
f 957 1074 1075
f 1192 1075 1191
f 1192 1189 1320
f 1191 1189 1192
f 1317 1189 1316
f 1073 1190 1075
f 1070 1190 1073
f 1073 1071 1070
f 1075 1074 1073
f 1072 1071 1073
f 1439 1440 1317
f 1438 1440 1439
f 1068 953 951
f 1320 1319 1445
f 844 845 730
f 730 843 844
f 844 843 956
f 954 953 1072
f 839 953 954
f 1072 1073 954
f 954 1073 1074
f 840 954 842
f 839 954 840
f 956 843 958
f 958 957 1080
f 843 957 958
f 1298 1299 1173
f 1177 1301 1302
f 45 66 67
f 67 68 45
f 64 94 65
f 66 43 65
f 28 36 24
f 37 40 38
f 37 59 56
f 56 59 60
f 56 40 37
f 41 40 56
f 56 60 41
f 160 129 128
f 127 160 128
f 128 91 127
f 128 129 91
f 311 258 257
f 390 320 311
f 392 390 312
f 401 496 398
f 398 320 401
f 398 317 320
f 400 499 500
f 500 499 498
f 400 502 503
f 503 496 401
f 401 400 503
f 490 497 400
f 716 597 715
f 715 597 714
f 717 597 716
f 489 488 393
f 489 385 488
f 385 484 486
f 381 484 478
f 478 484 385
f 716 600 598
f 598 717 716
f 488 597 598
f 597 717 598
f 602 600 716
f 494 600 602
f 37 36 55
f 200 152 199
f 195 152 151
f 118 152 153
f 119 120 85
f 156 157 119
f 119 118 153
f 85 118 119
f 58 85 86
f 85 120 86
f 120 90 86
f 1028 922 918
f 567 674 675
f 675 568 567
f 570 568 675
f 675 674 676
f 675 676 570
f 790 678 789
f 790 911 791
f 789 911 790
f 676 678 677
f 570 676 677
f 677 678 570
f 570 464 569
f 569 568 570
f 464 568 569
f 567 566 565
f 565 566 462
f 580 576 468
f 918 795 917
f 798 919 799
f 919 800 799
f 801 800 919
f 919 920 801
f 1264 1263 1147
f 1147 1263 1148
f 1147 1148 1029
f 1029 1146 1147
f 1034 1146 1029
f 1388 1511 1389
f 1389 1263 1388
f 1512 1394 1389
f 1389 1511 1512
f 1390 1389 1394
f 1391 1263 1390
f 1263 1389 1390
f 1277 1278 1158
f 1158 1275 1277
f 1403 1277 1275
f 462 504 402
f 371 370 465
f 465 370 464
f 463 566 464
f 464 370 463
f 462 566 463
f 463 370 462
f 261 206 260
f 260 230 261
f 206 230 260
f 297 240 261
f 297 261 322
f 322 370 297
f 298 297 370
f 240 297 298
f 112 148 146
f 293 295 233
f 233 295 296
f 121 148 112
f 241 294 231
f 294 292 231
f 231 292 293
f 111 80 112
f 112 146 111
f 79 80 58
f 88 87 112
f 58 87 88
f 194 150 186
f 186 237 194
f 113 111 147
f 147 146 148
f 147 111 146
f 454 367 366
f 582 579 476
f 697 587 586
f 587 479 586
f 586 584 697
f 468 576 577
f 468 579 469
f 468 469 375
f 375 469 470
f 472 473 375
f 375 376 296
f 369 461 375
f 166 165 213
f 523 426 522
f 269 333 334
f 268 333 269
f 340 341 272
f 272 271 340
f 340 338 363
f 271 338 340
f 271 215 270
f 1055 1174 1056
f 1053 1174 1055
f 939 937 936
f 939 1055 1056
f 1056 1057 939
f 818 937 939
f 935 1053 1050
f 1053 1172 1050
f 1050 936 935
f 805 806 695
f 1048 1049 933
f 1049 1046 933
f 933 1046 935
f 935 813 933
f 696 695 697
f 697 584 696
f 696 584 695
f 694 803 695
f 695 584 694
f 694 693 803
f 694 584 693
f 1158 1042 1157
f 922 1028 1035
f 1036 922 1035
f 1035 1037 1036
f 1283 1159 1282
f 1160 1159 1283
f 1044 1159 1160
f 1044 1162 1163
f 1649 1528 1647
f 1643 1642 1524
f 1487 1356 1486
f 1486 1356 1485
f 1606 1487 1486
f 1486 1485 1606
f 1361 1360 1491
f 1491 1492 1361
f 1491 1490 1614
f 1614 1492 1491
f 1501 1376 1375
f 1377 1503 1504
f 1376 1503 1377
f 1253 1377 1378
f 873 762 761
f 993 875 874
f 875 762 874
f 874 873 991
f 762 873 874
f 1501 1620 1621
f 1746 1620 1745
f 1717 1837 1838
f 1716 1837 1717
f 1596 1716 1717
f 1795 1793 1882
f 1882 1796 1795
f 1939 1883 1882
f 1883 1796 1882
f 1554 1441 1434
f 1677 1793 1794
f 1794 1793 1795
f 1677 1794 1678
f 1550 1431 1430
f 1912 1958 1915
f 1555 1551 1548
f 1434 1551 1555
f 1555 1552 1434
f 1792 1793 1677
f 1677 1790 1792
f 1792 1790 1793
f 1675 1674 1788
f 1675 1555 1674
f 1937 1874 1879
f 1790 1878 1879
f 1962 1961 1939
f 1954 1961 1960
f 1683 1686 1685
f 1683 1684 1559
f 1560 1443 1559
f 1566 1567 1449
f 1568 1569 1449
f 1449 1567 1568
f 1691 1569 1568
f 1568 1567 1691
f 1801 1688 1686
f 1890 1804 1889
f 1965 1950 1942
f 1964 1965 1942
f 1802 1803 1688
f 1918 1919 1840
f 1875 1874 1937
f 1875 1781 1874
f 1937 1879 1875
f 1875 1879 1878
f 1874 1781 1873
f 1932 1933 1873
f 1933 1874 1873
f 1921 1840 1920
f 1921 1922 1840
f 1851 1745 1744
f 979 981 864
f 864 981 865
f 977 976 1103
f 856 857 745
f 751 752 627
f 976 977 858
f 1105 1217 1218
f 1109 1108 1223
f 1210 1099 1209
f 1092 1091 1206
f 1206 1099 1092
f 1206 1091 1205
f 1205 1209 1206
f 1206 1209 1099
f 1092 1099 1098
f 1098 1093 1092
f 1337 1211 1334
f 1334 1209 1205
f 1203 1333 1334
f 1334 1211 1210
f 1210 1209 1334
f 856 855 970
f 970 855 969
f 969 1093 970
f 760 758 635
f 530 637 635
f 758 870 871
f 1369 1241 1240
f 1123 1239 1240
f 1122 1001 1004
f 1122 1004 1121
f 1122 1123 1001
f 1239 1123 1122
f 1363 1493 1494
f 1365 1366 1237
f 991 873 990
f 764 765 642
f 763 765 764
f 642 640 764
f 763 762 877
f 877 765 763
f 1489 1609 1490
f 1488 1609 1489
f 1608 1488 1487
f 1608 1609 1488
f 1739 1609 1608
f 1487 1607 1608
f 1860 1755 1859
f 1859 1755 1757
f 1753 1859 1757
f 1757 1632 1753
f 1632 1755 1631
f 1512 1632 1631
f 1633 1514 1631
f 1631 1514 1512
f 355 356 283
f 283 354 355
f 355 354 356
f 443 445 444
f 444 354 443
f 445 354 444
f 440 354 439
f 542 442 440
f 447 365 453
f 363 364 289
f 289 290 227
f 289 364 365
f 365 290 289
f 427 364 363
f 427 426 523
f 363 338 427
f 427 338 426
f 1371 1247 1352
f 641 533 639
f 640 533 641
f 641 764 640
f 641 639 763
f 763 764 641
f 768 767 881
f 767 880 881
f 879 997 998
f 996 995 879
f 995 997 879
f 878 996 879
f 879 766 878
f 879 880 766
f 885 889 1001
f 1007 1008 892
f 891 772 890
f 892 772 891
f 771 772 649
f 649 648 771
f 649 650 542
f 773 772 892
f 650 649 773
f 773 649 772
f 888 771 887
f 883 889 888
f 888 887 883
f 771 770 883
f 883 887 771
f 882 883 770
f 768 881 882
f 438 439 353
f 438 540 439
f 1396 1515 1397
f 1397 1516 1517
f 1517 1398 1397
f 1273 1396 1397
f 1397 1398 1273
f 1513 1394 1512
f 1512 1514 1513
f 1513 1514 1394
f 1604 1730 1605
f 1604 1603 1729
f 1729 1730 1604
f 1517 1519 1400
f 1400 1521 1522
f 1400 1275 1274
f 1400 1401 1275
f 1763 1642 1761
f 1761 1641 1639
f 1639 1734 1761
f 1761 1846 1763
f 1734 1846 1761
f 1729 1844 1764
f 1763 1846 1764
f 1764 1642 1763
f 1637 1760 1737
f 1737 1735 1637
f 1639 1641 1640
f 1640 1521 1639
f 1641 1521 1640
f 1261 1263 1262
f 1387 1386 1510
f 1510 1509 1512
f 1512 1387 1510
f 1510 1384 1509
f 1510 1386 1384
f 1385 1263 1384
f 1384 1386 1385
f 1385 1386 1263
f 1629 1754 1630
f 1508 1628 1629
f 1629 1630 1508
f 1629 1628 1753
f 1753 1754 1629
f 1856 1857 1752
f 1753 1628 1752
f 1752 1857 1753
f 1694 1695 1573
f 1578 1695 1699
f 1089 1091 968
f 1205 1091 1089
f 1453 1458 1454
f 1454 1328 1453
f 1454 1330 1328
f 1331 1330 1454
f 611 610 732
f 732 731 846
f 610 731 732
f 507 610 611
f 508 507 611
f 409 507 508
f 847 959 848
f 847 732 846
f 848 732 847
f 612 508 611
f 611 732 733
f 733 732 848
f 1897 1896 1948
f 1948 1896 1947
f 1813 1815 1697
f 1697 1817 1698
f 1698 1577 1697
f 1697 1816 1817
f 1697 1815 1816
f 1909 1904 1945
f 1945 1904 1903
f 1579 1461 1577
f 1336 1461 1462
f 1462 1463 1336
f 1332 1203 1336
f 1586 1587 1465
f 1464 1576 1465
f 1576 1584 1465
f 1465 1585 1586
f 1584 1581 1465
f 1581 1585 1465
f 1706 1830 1829
f 1704 1587 1586
f 1586 1703 1704
f 1704 1703 1706
f 1706 1589 1704
f 1823 1702 1701
f 1823 1701 1822
f 1822 1830 1823
f 1823 1830 1824
f 1824 1702 1823
f 1322 1196 1321
f 1197 1196 1322
f 1080 957 1079
f 1078 957 1077
f 1078 1197 1193
f 1193 1079 1078
f 1078 1079 957
f 1077 1192 1078
f 1196 1197 1078
f 955 843 842
f 955 957 843
f 1074 957 955
f 842 954 955
f 955 954 1074
f 1077 957 1076
f 1076 1192 1077
f 1076 957 1075
f 1075 1192 1076
f 1188 1189 1070
f 1188 1316 1189
f 1308 1433 1434
f 1070 953 1069
f 953 1068 1069
f 950 1068 951
f 1446 1447 1320
f 835 834 725
f 730 845 835
f 835 725 730
f 605 500 498
f 608 500 605
f 604 606 498
f 730 725 724
f 724 606 730
f 725 606 724
f 730 606 729
f 839 840 729
f 1425 1298 1424
f 1056 1174 1176
f 1174 1299 1176
f 1176 1177 1056
f 1301 1177 1176
f 1427 1301 1300
f 1300 1298 1427
f 1299 1298 1300
f 1300 1176 1299
f 1301 1176 1300
f 1428 1301 1427
f 1427 1429 1428
f 41 64 42
f 64 65 42
f 42 65 43
f 1 3 4
f 4 3 10
f 7 13 14
f 10 3 9
f 16 17 9
f 23 14 22
f 22 28 23
f 37 38 25
f 25 36 37
f 24 36 25
f 259 318 319
f 317 318 259
f 320 317 259
f 259 258 311
f 311 320 259
f 159 207 160
f 159 160 127
f 127 126 159
f 311 257 256
f 256 253 311
f 391 390 392
f 392 312 391
f 311 253 310
f 310 312 311
f 253 312 310
f 389 390 311
f 311 312 389
f 389 312 390
f 201 202 153
f 153 200 201
f 254 202 251
f 202 201 251
f 203 202 253
f 255 202 254
f 255 312 253
f 501 500 608
f 501 502 400
f 400 500 501
f 254 314 315
f 315 314 396
f 315 255 254
f 312 255 315
f 315 391 312
f 393 488 394
f 394 314 393
f 388 489 393
f 313 314 254
f 254 316 313
f 316 388 313
f 393 314 313
f 313 388 393
f 194 237 242
f 242 237 296
f 196 151 194
f 596 597 488
f 488 595 596
f 594 597 596
f 596 595 594
f 488 385 487
f 487 595 488
f 594 595 487
f 385 486 487
f 830 714 716
f 716 715 830
f 830 715 714
f 592 486 484
f 817 937 818
f 936 937 817
f 819 806 820
f 820 706 819
f 819 706 806
f 702 587 697
f 697 806 702
f 806 706 702
f 822 706 821
f 935 936 822
f 822 821 935
f 936 817 822
f 822 817 706
f 483 484 381
f 483 590 484
f 590 589 701
f 703 590 706
f 703 817 818
f 706 817 703
f 818 704 703
f 703 704 590
f 603 495 494
f 494 602 603
f 603 604 495
f 603 602 716
f 601 600 494
f 494 493 601
f 601 493 600
f 397 493 494
f 494 495 397
f 495 490 397
f 490 391 397
f 397 315 396
f 391 315 397
f 52 34 51
f 51 74 52
f 52 53 35
f 22 34 35
f 35 34 52
f 35 53 36
f 35 28 22
f 36 28 35
f 54 53 52
f 36 53 54
f 54 55 36
f 58 37 57
f 57 55 58
f 37 55 57
f 198 195 244
f 152 195 198
f 198 199 152
f 198 244 200
f 200 199 198
f 116 152 117
f 152 118 117
f 117 118 85
f 125 126 91
f 91 90 125
f 125 159 126
f 125 157 156
f 156 159 125
f 120 119 125
f 61 62 41
f 61 86 90
f 91 62 61
f 61 90 91
f 41 58 61
f 58 86 61
f 910 1023 911
f 910 911 789
f 1144 1025 1143
f 1143 1263 1264
f 1143 1262 1263
f 1261 1262 1143
f 791 681 680
f 680 790 791
f 680 681 570
f 678 790 680
f 570 573 572
f 572 573 464
f 576 580 686
f 687 577 686
f 686 577 576
f 795 802 916
f 916 917 795
f 916 802 918
f 918 917 916
f 1264 1147 1149
f 1149 1147 1146
f 1149 1143 1264
f 1026 1025 1031
f 1031 1025 1144
f 1144 1143 1031
f 1143 1149 1031
f 921 1034 1029
f 921 1028 918
f 918 802 921
f 802 801 921
f 921 801 920
f 1158 1279 1280
f 1277 1403 1280
f 1280 1279 1278
f 1278 1277 1280
f 1402 1403 1275
f 1275 1401 1402
f 1401 1400 1402
f 1402 1400 1522
f 1029 1148 1145
f 1145 1035 1029
f 322 402 403
f 403 404 322
f 403 504 404
f 403 402 504
f 158 183 206
f 145 183 158
f 158 121 145
f 148 121 158
f 228 230 229
f 294 240 300
f 300 370 294
f 300 298 370
f 122 121 112
f 87 121 122
f 81 111 113
f 80 111 81
f 113 114 81
f 58 80 81
f 112 80 89
f 89 88 112
f 80 79 89
f 89 79 58
f 58 88 89
f 115 113 116
f 237 186 239
f 296 237 239
f 149 150 113
f 113 147 149
f 149 147 150
f 187 186 150
f 150 147 187
f 187 147 186
f 186 147 185
f 185 188 231
f 455 465 464
f 371 465 455
f 455 366 371
f 464 573 560
f 560 455 464
f 368 454 369
f 367 454 368
f 369 293 368
f 293 367 368
f 477 381 380
f 380 476 477
f 477 479 381
f 477 476 479
f 579 584 583
f 583 476 579
f 584 476 583
f 585 476 584
f 584 586 585
f 479 476 585
f 585 586 479
f 687 579 578
f 578 577 687
f 578 579 468
f 468 577 578
f 296 376 377
f 377 378 296
f 376 375 377
f 377 375 378
f 384 378 380
f 470 469 471
f 471 469 472
f 471 375 470
f 472 375 471
f 380 473 475
f 475 473 582
f 475 476 380
f 582 476 475
f 472 469 581
f 581 473 472
f 581 469 579
f 581 579 582
f 582 473 581
f 380 378 474
f 378 375 474
f 474 473 380
f 474 375 473
f 373 296 369
f 369 375 373
f 212 165 164
f 212 213 165
f 627 752 628
f 523 522 628
f 337 338 269
f 517 623 518
f 521 522 426
f 627 628 521
f 521 628 522
f 521 520 627
f 423 520 521
f 265 328 329
f 329 266 265
f 331 329 416
f 339 338 271
f 271 270 339
f 269 338 339
f 339 270 269
f 214 268 269
f 269 270 214
f 214 270 215
f 213 268 214
f 214 215 166
f 166 213 214
f 1175 1172 1053
f 1053 1055 1175
f 1175 1055 1172
f 1054 939 936
f 936 1050 1054
f 1054 1050 1172
f 1172 1055 1054
f 1055 939 1054
f 825 708 824
f 820 806 925
f 925 805 820
f 806 805 925
f 814 813 935
f 695 813 814
f 935 821 814
f 814 805 695
f 820 805 814
f 814 706 820
f 821 706 814
f 812 813 695
f 1048 933 1047
f 1047 933 1044
f 1044 933 932
f 932 933 810
f 810 933 934
f 934 933 813
f 813 812 934
f 687 686 796
f 796 686 795
f 927 928 808
f 930 931 808
f 808 810 809
f 931 932 808
f 808 932 810
f 808 926 927
f 808 809 695
f 808 695 807
f 807 926 808
f 1043 928 1042
f 1043 1044 930
f 1043 1042 1044
f 1276 1275 1158
f 1158 1157 1276
f 1276 1157 1275
f 1274 1275 1156
f 1275 1157 1156
f 1156 1157 1042
f 1273 1274 1156
f 1281 1159 1158
f 1281 1282 1159
f 1405 1282 1281
f 1158 1280 1281
f 1281 1280 1405
f 1405 1407 1406
f 1406 1282 1405
f 1406 1407 1283
f 1283 1282 1406
f 1161 1162 1044
f 1044 1160 1161
f 1161 1160 1283
f 1167 1165 1164
f 1164 1163 1162
f 1164 1165 1044
f 1044 1163 1164
f 1164 1162 1287
f 1926 1864 1927
f 1864 1923 1865
f 1287 1162 1286
f 1529 1410 1528
f 1528 1649 1529
f 1284 1161 1283
f 1162 1161 1284
f 1623 1750 1624
f 1625 1504 1624
f 1504 1503 1624
f 1624 1503 1623
f 1647 1765 1766
f 1622 1747 1623
f 1501 1621 1622
f 1746 1747 1622
f 1622 1620 1746
f 1622 1621 1620
f 1502 1376 1501
f 1502 1503 1376
f 1501 1622 1502
f 1623 1503 1502
f 1502 1622 1623
f 1746 1854 1855
f 1855 1747 1746
f 1405 1280 1404
f 1404 1280 1403
f 1404 1402 1522
f 1403 1402 1404
f 1644 1765 1647
f 1644 1524 1642
f 1644 1764 1765
f 1642 1764 1644
f 1647 1528 1648
f 1648 1527 1647
f 1528 1527 1648
f 1283 1407 1408
f 1490 1491 1359
f 1359 1491 1360
f 1357 1488 1359
f 1359 1231 1357
f 1359 1360 1231
f 1359 1489 1490
f 1488 1489 1359
f 1479 1497 1371
f 1371 1352 1479
f 1617 1728 1744
f 1500 1620 1501
f 1500 1499 1620
f 1501 1375 1500
f 1500 1375 1374
f 1372 1499 1500
f 1626 1504 1625
f 1505 1377 1504
f 1504 1378 1505
f 1505 1378 1377
f 1370 1378 1355
f 1355 1243 1370
f 1483 1355 1378
f 1353 1355 1483
f 1484 1356 1354
f 1354 1356 1230
f 1230 1228 1354
f 779 873 761
f 1926 1927 1862
f 1864 1863 1862
f 1862 1927 1864
f 1651 1529 1650
f 1650 1529 1649
f 1650 1649 1647
f 1647 1768 1650
f 1746 1745 1853
f 1720 1719 1841
f 1596 1719 1720
f 1601 1722 1602
f 1602 1479 1601
f 1497 1479 1602
f 1728 1617 1602
f 1602 1617 1497
f 1598 1599 1474
f 1718 1719 1596
f 1596 1717 1718
f 1718 1717 1719
f 1596 1714 1715
f 1714 1835 1715
f 1715 1716 1596
f 1715 1835 1716
f 1832 1713 1831
f 1964 1967 1966
f 1966 1965 1964
f 1966 1950 1965
f 1683 1559 1682
f 1796 1797 1680
f 1795 1796 1680
f 1680 1794 1795
f 1680 1797 1683
f 1683 1682 1680
f 1556 1554 1673
f 1441 1554 1556
f 1556 1557 1441
f 1556 1678 1557
f 1556 1673 1677
f 1677 1678 1556
f 1673 1554 1553
f 1552 1555 1553
f 1434 1552 1553
f 1553 1554 1434
f 1317 1441 1442
f 1442 1443 1317
f 1441 1557 1442
f 1911 1912 1831
f 1958 1912 1957
f 1912 1911 1957
f 1671 1670 1667
f 1674 1555 1671
f 1548 1670 1671
f 1671 1555 1548
f 1555 1675 1676
f 1789 1675 1788
f 1790 1675 1789
f 1791 1790 1677
f 1677 1675 1791
f 1791 1675 1790
f 1936 1874 1935
f 1936 1879 1874
f 1939 1882 1881
f 1881 1882 1793
f 1938 1936 1935
f 1879 1936 1938
f 1935 1961 1938
f 1961 1962 1938
f 1938 1962 1939
f 1939 1881 1938
f 1934 1874 1933
f 1935 1874 1934
f 1934 1961 1935
f 1934 1960 1961
f 1567 1566 1565
f 1449 1447 1565
f 1565 1566 1449
f 1562 1684 1683
f 1683 1685 1562
f 1562 1559 1684
f 1562 1685 1686
f 1686 1567 1562
f 1567 1565 1562
f 1953 1942 1950
f 1941 1940 1964
f 1964 1942 1941
f 1839 1717 1838
f 1838 1918 1839
f 1839 1918 1840
f 1840 1719 1839
f 1719 1717 1839
f 1919 1918 1867
f 1867 1916 1915
f 1867 1918 1838
f 1787 1789 1788
f 1790 1789 1787
f 1788 1674 1787
f 1932 1873 1872
f 1872 1873 1781
f 1915 1932 1872
f 1745 1851 1852
f 1852 1853 1745
f 1923 1925 1852
f 1852 1851 1923
f 1852 1925 1854
f 1852 1854 1746
f 1746 1853 1852
f 752 751 863
f 978 981 979
f 978 1108 1109
f 1109 982 978
f 982 981 978
f 746 857 747
f 747 623 746
f 746 745 857
f 746 623 745
f 624 623 747
f 624 518 623
f 748 624 747
f 747 857 748
f 857 858 748
f 973 1097 976
f 976 858 973
f 1214 1105 1104
f 1104 977 1103
f 1104 1105 977
f 1217 1105 1216
f 1472 1343 1471
f 983 867 866
f 865 982 866
f 982 983 866
f 1468 1591 1469
f 1469 1591 1470
f 1470 1471 1342
f 1342 1469 1470
f 1340 1469 1342
f 1342 1471 1343
f 1211 1340 1212
f 1457 1334 1333
f 1457 1463 1576
f 1337 1334 1457
f 1457 1576 1464
f 1707 1589 1706
f 1705 1589 1707
f 1705 1826 1827
f 1595 1713 1714
f 1595 1596 1472
f 1595 1714 1596
f 1590 1589 1705
f 1468 1589 1590
f 1590 1591 1468
f 1094 970 1093
f 636 635 758
f 527 635 636
f 531 527 428
f 531 635 527
f 428 530 531
f 530 635 531
f 988 871 870
f 1240 1239 1367
f 1367 1369 1240
f 1367 1239 1237
f 1366 1369 1367
f 1237 1366 1367
f 890 772 886
f 886 1003 890
f 886 772 771
f 771 885 886
f 1121 1237 1238
f 1238 1122 1121
f 1237 1239 1238
f 1239 1122 1238
f 1615 1493 1614
f 1363 1494 1368
f 1237 1363 1368
f 992 874 991
f 993 874 992
f 992 994 993
f 992 1117 994
f 992 1112 1114
f 1114 1115 992
f 1116 1117 992
f 992 1115 1116
f 1114 1112 1128
f 1256 1378 1370
f 1370 1243 1256
f 765 877 876
f 876 875 878
f 878 765 876
f 876 762 875
f 876 877 762
f 1924 1860 1859
f 1848 1742 1741
f 1741 1739 1848
f 1758 1755 1632
f 1632 1757 1758
f 1758 1757 1755
f 1518 1637 1634
f 1634 1516 1518
f 1633 1631 1518
f 1518 1514 1633
f 1515 1514 1518
f 1516 1397 1518
f 1518 1397 1515
f 1760 1759 1738
f 1738 1759 1739
f 1738 1737 1760
f 1739 1608 1738
f 1738 1608 1607
f 1607 1737 1738
f 442 354 441
f 441 440 442
f 354 440 441
f 542 440 541
f 541 649 542
f 439 540 541
f 541 440 439
f 648 649 541
f 540 647 541
f 549 448 548
f 448 547 548
f 548 638 549
f 451 448 361
f 451 547 448
f 361 447 451
f 453 557 546
f 546 557 544
f 546 447 453
f 544 447 546
f 360 290 365
f 365 447 360
f 360 447 361
f 363 289 287
f 287 340 363
f 341 340 287
f 226 272 287
f 272 341 287
f 1252 1377 1253
f 1376 1377 1252
f 1252 1375 1376
f 556 557 453
f 984 983 1109
f 984 867 983
f 1226 1352 1247
f 1225 1352 1226
f 523 628 629
f 771 889 884
f 884 885 771
f 889 885 884
f 1006 891 890
f 989 987 872
f 872 892 989
f 872 773 892
f 872 987 870
f 999 879 998
f 880 879 999
f 999 998 1004
f 1004 889 999
f 352 438 353
f 437 438 352
f 352 353 283
f 352 283 351
f 351 437 352
f 540 438 539
f 539 647 540
f 539 438 437
f 539 437 646
f 646 647 539
f 645 644 768
f 645 647 646
f 646 536 645
f 536 644 645
f 768 882 769
f 1603 1604 1481
f 1353 1483 1481
f 1481 1604 1605
f 1520 1519 1639
f 1520 1400 1519
f 1639 1521 1520
f 1521 1400 1520
f 1399 1398 1517
f 1517 1400 1399
f 1274 1398 1399
f 1399 1400 1274
f 1762 1642 1641
f 1641 1761 1762
f 1762 1761 1642
f 1845 1730 1729
f 1729 1764 1845
f 1845 1846 1730
f 1845 1764 1846
f 1606 1735 1736
f 1735 1737 1736
f 1736 1607 1606
f 1736 1737 1607
f 1695 1694 1810
f 1810 1821 1699
f 1699 1695 1810
f 1574 1695 1575
f 1695 1578 1575
f 1453 1574 1575
f 1575 1458 1453
f 967 1089 968
f 1088 1090 967
f 1090 1089 967
f 1205 1089 1204
f 1204 1334 1205
f 1203 1334 1204
f 1204 1090 1203
f 1204 1089 1090
f 413 412 414
f 328 412 413
f 414 329 413
f 413 329 328
f 409 508 509
f 735 614 736
f 736 612 735
f 609 731 610
f 405 324 323
f 405 406 324
f 325 324 408
f 408 507 409
f 408 326 325
f 408 409 326
f 324 406 407
f 407 408 324
f 507 408 407
f 506 406 505
f 505 609 506
f 506 407 406
f 507 407 506
f 610 507 506
f 506 609 610
f 960 1081 1082
f 1082 1083 960
f 959 1081 960
f 848 959 960
f 849 733 848
f 848 960 849
f 734 612 611
f 611 733 734
f 734 735 612
f 851 735 734
f 1200 1328 1201
f 1328 1330 1201
f 1201 1330 1202
f 1087 1090 1088
f 1203 1090 1087
f 1899 1813 1812
f 1699 1820 1814
f 1944 1953 1909
f 1942 1953 1944
f 1698 1581 1580
f 1580 1577 1698
f 1580 1579 1577
f 1581 1461 1580
f 1461 1579 1580
f 1456 1333 1332
f 1332 1336 1456
f 1456 1457 1333
f 1456 1336 1463
f 1463 1457 1456
f 1203 1331 1335
f 1335 1336 1203
f 1464 1465 1338
f 1338 1211 1337
f 1338 1457 1464
f 1337 1457 1338
f 1338 1467 1468
f 1468 1469 1338
f 1908 1829 1830
f 1908 1830 1909
f 1909 1953 1908
f 1908 1953 1950
f 1587 1704 1588
f 1468 1467 1588
f 1588 1589 1468
f 1588 1704 1589
f 951 952 831
f 831 950 951
f 727 606 726
f 726 833 727
f 1326 1196 1325
f 1326 1321 1196
f 1320 1196 1195
f 1196 1078 1195
f 1187 1188 1070
f 1434 1437 1435
f 1435 1308 1434
f 1309 1308 1435
f 712 597 594
f 594 711 712
f 712 711 597
f 594 592 709
f 709 708 825
f 709 592 708
f 608 605 723
f 725 834 723
f 599 490 495
f 495 604 599
f 599 604 498
f 498 497 599
f 497 490 599
f 730 729 841
f 841 729 840
f 841 842 730
f 841 840 842
f 1426 1425 1546
f 1426 1429 1427
f 1427 1298 1426
f 1298 1425 1426
f 1426 1550 1430
f 1426 1546 1547
f 1549 1431 1426
f 1431 1550 1426
f 1547 1548 1426
f 1548 1549 1426
f 1058 1057 1056
f 941 939 1057
f 1057 1058 941
f 1173 1171 1296
f 27 38 40
f 27 29 16
f 27 40 41
f 41 42 27
f 27 42 43
f 45 46 30
f 30 29 45
f 30 17 16
f 16 29 30
f 10 9 18
f 18 9 17
f 262 259 319
f 207 259 262
f 205 159 156
f 205 256 257
f 205 257 258
f 207 159 205
f 258 259 205
f 205 259 207
f 320 390 399
f 390 391 399
f 400 320 399
f 399 391 400
f 491 490 400
f 400 391 491
f 491 391 490
f 156 203 204
f 204 205 156
f 256 205 204
f 253 256 204
f 204 203 253
f 156 119 155
f 155 203 156
f 202 203 155
f 153 202 155
f 155 119 153
f 253 202 252
f 252 255 253
f 202 255 252
f 314 394 395
f 493 397 395
f 396 314 395
f 395 397 396
f 600 493 492
f 492 394 488
f 493 395 492
f 492 395 394
f 488 598 492
f 492 598 600
f 383 478 385
f 304 383 385
f 194 242 243
f 243 196 194
f 245 196 243
f 243 242 296
f 594 487 593
f 593 487 486
f 593 592 594
f 486 592 593
f 200 249 250
f 250 201 200
f 250 251 201
f 587 702 700
f 700 702 706
f 700 701 587
f 706 701 700
f 381 479 480
f 480 589 590
f 706 590 705
f 705 701 706
f 590 701 705
f 484 590 591
f 590 704 591
f 591 592 484
f 604 603 721
f 726 606 719
f 606 603 719
f 719 833 726
f 141 142 108
f 144 110 145
f 77 108 110
f 55 54 77
f 116 117 83
f 83 117 85
f 124 90 120
f 120 125 124
f 124 125 90
f 154 119 157
f 157 125 154
f 154 125 119
f 908 1023 909
f 1023 910 909
f 789 908 909
f 909 910 789
f 1141 1025 1023
f 1257 1258 1141
f 1141 1258 1259
f 911 1023 1024
f 1024 1025 911
f 1023 1025 1024
f 570 678 679
f 679 680 570
f 678 680 679
f 571 464 570
f 570 572 571
f 571 572 464
f 574 580 468
f 574 575 580
f 671 688 672
f 672 688 580
f 691 802 795
f 795 686 691
f 691 801 802
f 800 801 691
f 691 686 580
f 1146 1034 1150
f 1150 1149 1146
f 1030 921 1029
f 1028 921 1030
f 1029 1035 1030
f 1030 1035 1028
f 1026 1031 1027
f 1031 921 1027
f 1034 921 1033
f 1033 1150 1034
f 1149 1150 1033
f 911 1025 912
f 912 1025 1026
f 912 921 913
f 1026 1027 912
f 912 1027 921
f 913 921 914
f 914 919 798
f 914 920 919
f 914 921 920
f 798 793 914
f 793 913 914
f 1267 1263 1391
f 1148 1263 1267
f 1267 1268 1148
f 1394 1395 1272
f 1272 1392 1394
f 1272 1395 1273
f 1393 1390 1394
f 1394 1392 1393
f 1391 1390 1393
f 1393 1267 1391
f 1266 1393 1392
f 1392 1272 1266
f 228 229 182
f 182 181 228
f 182 229 230
f 182 230 206
f 206 183 182
f 182 183 145
f 240 298 299
f 299 300 240
f 298 300 299
f 112 87 123
f 123 122 112
f 87 122 123
f 148 158 189
f 189 158 206
f 192 191 231
f 148 191 192
f 238 186 233
f 238 239 186
f 238 233 296
f 296 239 238
f 233 186 236
f 186 185 236
f 233 185 232
f 232 185 231
f 293 233 232
f 232 231 293
f 184 147 148
f 184 185 147
f 148 188 184
f 188 185 184
f 456 560 454
f 455 560 456
f 456 454 366
f 366 455 456
f 558 670 671
f 460 461 369
f 369 459 460
f 458 459 369
f 374 375 296
f 296 373 374
f 374 373 375
f 211 210 266
f 163 210 211
f 164 163 211
f 211 212 164
f 267 268 213
f 213 212 267
f 266 331 267
f 267 211 266
f 212 211 267
f 333 268 267
f 425 521 426
f 423 521 425
f 426 338 425
f 269 334 335
f 626 751 627
f 627 520 626
f 519 624 625
f 518 624 519
f 625 626 519
f 519 626 520
f 517 419 516
f 516 623 517
f 516 622 623
f 330 331 266
f 266 329 330
f 330 329 331
f 418 334 333
f 418 419 334
f 515 516 418
f 418 516 419
f 331 416 332
f 333 267 332
f 332 267 331
f 415 329 414
f 415 416 329
f 818 939 938
f 1048 1047 1166
f 1166 1047 1044
f 1166 1165 1048
f 1044 1165 1166
f 1045 931 1044
f 1044 932 1045
f 1045 932 931
f 810 934 811
f 811 934 812
f 695 810 811
f 811 812 695
f 815 796 816
f 918 804 816
f 816 795 918
f 816 796 795
f 698 584 687
f 929 1043 930
f 928 1043 929
f 930 808 929
f 929 808 928
f 1922 1929 1928
f 1929 1865 1928
f 1923 1922 1928
f 1928 1865 1923
f 1285 1286 1162
f 1410 1286 1285
f 1162 1284 1285
f 1285 1284 1410
f 1411 1286 1410
f 1410 1529 1411
f 1647 1766 1767
f 1751 1624 1750
f 1750 1767 1751
f 1751 1767 1766
f 1751 1766 1765
f 1765 1764 1751
f 1751 1764 1844
f 1625 1624 1751
f 1751 1729 1625
f 1751 1844 1729
f 1749 1750 1623
f 1749 1767 1750
f 1749 1855 1768
f 1749 1768 1647
f 1647 1767 1749
f 1525 1524 1407
f 1525 1404 1524
f 1525 1407 1405
f 1405 1404 1525
f 1523 1404 1522
f 1524 1404 1523
f 1523 1522 1643
f 1643 1524 1523
f 1407 1524 1526
f 1524 1644 1526
f 1526 1527 1407
f 1528 1410 1409
f 1409 1527 1528
f 1283 1408 1409
f 1407 1527 1409
f 1409 1408 1407
f 1409 1284 1283
f 1410 1284 1409
f 1744 1745 1619
f 1619 1617 1744
f 1619 1745 1620
f 1620 1499 1619
f 1499 1617 1619
f 1497 1617 1618
f 1618 1617 1499
f 1625 1603 1627
f 1627 1626 1625
f 1227 1355 1353
f 1227 1228 1114
f 1227 1354 1228
f 1353 1354 1227
f 778 656 777
f 778 779 656
f 1861 1854 1926
f 1926 1862 1861
f 1771 1862 1863
f 1651 1650 1770
f 1770 1771 1651
f 1862 1771 1770
f 1721 1722 1596
f 1596 1720 1721
f 1721 1720 1722
f 1722 1720 1727
f 1728 1602 1727
f 1727 1602 1722
f 1724 1599 1598
f 1598 1725 1724
f 1724 1725 1596
f 1351 1352 1225
f 1351 1479 1352
f 1344 1343 1472
f 1344 1345 1217
f 1217 1216 1344
f 1344 1216 1343
f 1472 1596 1473
f 1473 1344 1472
f 1474 1345 1473
f 1345 1344 1473
f 1833 1832 1831
f 1713 1832 1833
f 1681 1559 1557
f 1557 1680 1681
f 1681 1682 1559
f 1681 1680 1682
f 1557 1678 1679
f 1679 1680 1557
f 1679 1678 1794
f 1794 1680 1679
f 1558 1559 1443
f 1443 1442 1558
f 1557 1559 1558
f 1558 1442 1557
f 1831 1914 1910
f 1910 1911 1831
f 1910 1957 1911
f 1910 1914 1954
f 1954 1955 1910
f 1673 1553 1672
f 1677 1673 1672
f 1672 1553 1555
f 1555 1676 1672
f 1672 1675 1677
f 1672 1676 1675
f 1879 1938 1880
f 1880 1938 1881
f 1790 1879 1880
f 1793 1790 1880
f 1880 1881 1793
f 1960 1934 1956
f 1956 1955 1954
f 1954 1960 1956
f 1956 1934 1933
f 1933 1958 1956
f 1958 1957 1956
f 1956 1910 1955
f 1957 1910 1956
f 1559 1562 1561
f 1940 1941 1884
f 1884 1883 1939
f 1939 1940 1884
f 1884 1941 1942
f 1838 1916 1917
f 1917 1867 1838
f 1916 1867 1917
f 1877 1875 1878
f 1877 1787 1875
f 1877 1878 1790
f 1790 1787 1877
f 1786 1787 1674
f 1786 1671 1667
f 1674 1671 1786
f 1875 1787 1876
f 1871 1872 1781
f 1930 1867 1915
f 1915 1872 1930
f 1541 1419 1540
f 1219 1108 1107
f 1108 978 1107
f 1107 1218 1219
f 1107 1105 1218
f 1107 978 1105
f 859 858 977
f 977 978 859
f 977 1105 1106
f 1106 978 977
f 1105 978 1106
f 976 1097 1102
f 1103 976 1102
f 1102 1104 1103
f 1214 1104 1102
f 975 1098 1099
f 1093 1098 975
f 975 1094 1093
f 974 858 857
f 857 973 974
f 974 973 858
f 972 973 857
f 857 975 972
f 972 975 1095
f 756 866 867
f 756 867 757
f 865 866 754
f 630 629 754
f 631 630 754
f 754 864 865
f 1339 1340 1211
f 1339 1469 1340
f 1211 1338 1339
f 1339 1338 1469
f 1341 1342 1214
f 1340 1342 1341
f 1343 1216 1215
f 1215 1342 1343
f 1214 1342 1215
f 1215 1105 1214
f 1215 1216 1105
f 1905 1908 1950
f 1829 1908 1905
f 1914 1952 1959
f 1954 1914 1959
f 1959 1967 1954
f 1959 1966 1967
f 1913 1914 1831
f 1913 1952 1914
f 1907 1827 1826
f 1952 1913 1907
f 1831 1827 1907
f 1907 1913 1831
f 1594 1595 1472
f 1470 1593 1594
f 1472 1471 1594
f 1594 1471 1470
f 1595 1594 1711
f 1711 1594 1593
f 1828 1709 1705
f 1828 1827 1831
f 1705 1827 1828
f 1705 1709 1708
f 1708 1590 1705
f 1470 1591 1592
f 1591 1590 1592
f 1592 1593 1470
f 1590 1708 1592
f 1592 1708 1709
f 856 745 744
f 744 743 856
f 745 623 744
f 623 622 744
f 621 743 744
f 633 636 758
f 527 636 633
f 890 1003 1005
f 1003 1125 1005
f 1124 1125 1003
f 1124 1123 1240
f 1241 1125 1124
f 1240 1241 1124
f 1003 886 1002
f 1001 1123 1002
f 1002 1124 1003
f 1123 1124 1002
f 1616 1615 1494
f 1616 1494 1493
f 1493 1615 1616
f 1496 1494 1495
f 1495 1368 1496
f 1496 1368 1494
f 1495 1365 1364
f 1364 1368 1495
f 1364 1365 1237
f 1237 1368 1364
f 991 990 1113
f 1113 992 991
f 1113 990 1112
f 1112 992 1113
f 1114 1128 1229
f 1243 1355 1229
f 1229 1227 1114
f 1355 1227 1229
f 1013 1112 1014
f 1013 1128 1112
f 1253 1378 1379
f 1378 1256 1379
f 1850 1924 1859
f 1847 1848 1739
f 1860 1848 1847
f 1755 1860 1847
f 1739 1759 1847
f 1847 1759 1755
f 1636 1760 1637
f 1637 1518 1636
f 1636 1759 1760
f 1755 1759 1756
f 1756 1631 1755
f 547 656 657
f 657 548 547
f 761 638 657
f 638 548 657
f 544 557 651
f 774 893 775
f 775 893 777
f 775 651 774
f 547 451 545
f 545 654 547
f 544 654 545
f 545 447 544
f 545 451 447
f 655 656 547
f 547 654 655
f 654 775 655
f 777 656 655
f 655 775 777
f 285 290 286
f 290 360 286
f 286 224 285
f 286 343 274
f 286 362 343
f 274 275 286
f 286 275 224
f 361 362 286
f 286 360 361
f 226 287 288
f 288 287 289
f 288 227 226
f 288 289 227
f 524 427 523
f 524 525 427
f 523 629 524
f 524 629 630
f 524 630 631
f 631 525 524
f 1374 1375 1251
f 1375 1252 1251
f 1251 1252 1136
f 1373 1248 1372
f 1373 1500 1374
f 1372 1500 1373
f 1372 1248 1246
f 1371 1372 1246
f 902 1021 905
f 901 1019 902
f 788 893 774
f 788 787 905
f 1136 1252 1138
f 1138 1252 1253
f 869 781 757
f 1110 984 1109
f 1225 1226 1110
f 984 1110 1111
f 759 872 870
f 759 870 760
f 650 773 759
f 773 872 759
f 759 637 650
f 760 635 759
f 759 635 637
f 1000 999 889
f 889 883 1000
f 883 882 1000
f 880 999 1000
f 1603 1481 1507
f 1507 1481 1483
f 1507 1627 1603
f 1507 1483 1378
f 1484 1354 1482
f 1482 1481 1605
f 1482 1354 1353
f 1353 1481 1482
f 1482 1485 1484
f 1605 1485 1482
f 1577 1461 1460
f 1461 1336 1460
f 1460 1578 1577
f 1460 1575 1578
f 854 968 969
f 854 967 968
f 853 967 854
f 854 738 853
f 969 855 854
f 511 614 615
f 615 616 511
f 511 616 512
f 414 412 512
f 512 412 511
f 741 854 855
f 740 854 741
f 741 855 856
f 856 743 741
f 741 743 621
f 621 618 741
f 619 621 515
f 619 618 621
f 736 614 510
f 510 614 511
f 511 412 510
f 327 328 265
f 265 326 327
f 326 409 327
f 737 735 851
f 853 738 737
f 614 735 737
f 737 615 614
f 738 615 737
f 1084 960 1083
f 1084 1083 1199
f 1084 1198 1200
f 1199 1198 1084
f 961 849 960
f 960 1084 961
f 733 849 850
f 850 734 733
f 851 734 850
f 850 963 851
f 1086 1201 1202
f 1202 1203 1086
f 1203 1087 1086
f 1086 1087 964
f 966 967 853
f 1088 967 966
f 966 965 964
f 966 1087 1088
f 964 1087 966
f 1699 1814 1696
f 1696 1578 1699
f 1577 1578 1696
f 1696 1814 1811
f 1696 1697 1577
f 1813 1697 1696
f 1811 1812 1696
f 1696 1812 1813
f 1803 1888 1887
f 1909 1945 1887
f 1887 1944 1909
f 1903 1946 1887
f 1887 1945 1903
f 1942 1944 1887
f 1887 1888 1942
f 1804 1803 1887
f 1887 1889 1804
f 1887 1946 1890
f 1890 1889 1887
f 1336 1335 1455
f 1455 1454 1458
f 1458 1336 1455
f 1331 1454 1455
f 1455 1335 1331
f 1466 1465 1587
f 1466 1338 1465
f 1587 1588 1466
f 1467 1338 1466
f 1466 1588 1467
f 716 831 832
f 832 831 833
f 1194 1192 1320
f 1320 1195 1194
f 1194 1078 1192
f 1194 1195 1078
f 1317 1316 1312
f 1316 1188 1312
f 1188 1187 1312
f 1313 1312 1184
f 1182 1312 1313
f 1182 1183 1064
f 1182 1308 1309
f 1310 1435 1437
f 1437 1438 1310
f 1438 1439 1310
f 1309 1435 1310
f 1310 1439 1317
f 1310 1182 1309
f 1433 1308 1436
f 1308 1432 1436
f 1436 1431 1433
f 1436 1432 1431
f 1430 1431 1304
f 1431 1432 1304
f 1304 1426 1430
f 1429 1426 1304
f 1304 1432 1308
f 1064 947 945
f 825 944 945
f 1065 947 1064
f 950 831 949
f 949 1065 950
f 947 1065 949
f 710 711 594
f 594 709 710
f 710 709 711
f 826 709 825
f 711 709 826
f 722 606 725
f 725 723 722
f 722 723 605
f 729 837 838
f 838 953 839
f 839 729 838
f 728 729 606
f 606 727 728
f 825 824 942
f 942 941 825
f 824 941 942
f 943 944 825
f 825 941 943
f 1060 944 943
f 943 941 1060
f 1421 1422 1298
f 1423 1425 1424
f 1424 1298 1423
f 1298 1422 1423
f 1546 1425 1423
f 1170 1171 1049
f 1170 1296 1171
f 1049 1169 1170
f 1048 1167 1168
f 1168 1169 1048
f 1167 1164 1168
f 1651 1771 1652
f 1419 1418 1417
f 45 29 39
f 39 27 45
f 29 27 39
f 44 66 45
f 45 27 44
f 44 43 66
f 44 27 43
f 26 25 38
f 38 27 26
f 254 251 309
f 251 308 309
f 309 316 254
f 309 308 316
f 316 308 307
f 307 388 316
f 307 251 306
f 307 308 251
f 381 478 382
f 478 383 382
f 379 384 380
f 385 489 485
f 305 307 306
f 482 483 381
f 590 483 482
f 588 480 479
f 588 479 587
f 587 701 588
f 588 701 589
f 589 480 588
f 707 591 704
f 707 704 818
f 708 592 707
f 592 591 707
f 606 604 720
f 604 721 720
f 720 603 606
f 720 721 603
f 52 74 75
f 109 121 87
f 110 144 109
f 109 77 110
f 145 121 109
f 109 144 145
f 108 77 76
f 76 75 74
f 52 75 76
f 76 54 52
f 76 77 54
f 82 115 116
f 116 83 82
f 113 115 82
f 82 114 113
f 82 81 114
f 58 81 82
f 82 83 58
f 84 85 58
f 58 83 84
f 84 83 85
f 1257 1141 1140
f 1140 1141 1023
f 1142 1143 1025
f 1025 1141 1142
f 1142 1141 1143
f 1260 1141 1259
f 1143 1141 1260
f 1260 1259 1261
f 1261 1143 1260
f 468 375 467
f 467 574 468
f 575 574 466
f 466 564 575
f 574 467 466
f 466 467 375
f 466 375 461
f 461 564 466
f 575 564 673
f 580 575 673
f 673 672 580
f 563 460 459
f 563 673 564
f 672 673 563
f 563 564 461
f 461 460 563
f 690 799 800
f 800 691 690
f 690 691 580
f 570 684 685
f 685 684 688
f 685 688 671
f 671 670 685
f 570 681 682
f 682 681 791
f 689 793 798
f 689 684 793
f 798 799 689
f 799 690 689
f 688 684 689
f 580 688 689
f 689 690 580
f 1032 921 1031
f 1032 1033 921
f 1032 1031 1149
f 1149 1033 1032
f 791 911 792
f 911 912 792
f 792 682 791
f 927 1037 1038
f 1038 928 927
f 1037 1035 1038
f 1042 928 1041
f 928 1040 1041
f 1268 1267 1269
f 1267 1393 1269
f 1148 1268 1269
f 1265 1266 1145
f 1148 1271 1265
f 1265 1145 1148
f 1270 1271 1148
f 1393 1266 1270
f 1270 1265 1271
f 1266 1265 1270
f 1148 1269 1270
f 1270 1269 1393
f 180 179 228
f 228 181 180
f 142 179 180
f 181 182 143
f 142 180 143
f 143 180 181
f 143 182 145
f 145 110 143
f 143 108 142
f 110 108 143
f 190 191 148
f 148 189 190
f 190 189 206
f 206 240 190
f 190 240 241
f 241 231 190
f 231 191 190
f 231 188 193
f 193 192 231
f 193 188 148
f 148 192 193
f 234 185 233
f 233 236 234
f 670 558 669
f 669 560 573
f 669 685 670
f 669 573 570
f 570 685 669
f 454 558 559
f 559 558 671
f 424 337 423
f 423 425 424
f 338 337 424
f 424 425 338
f 336 337 269
f 269 335 336
f 420 419 517
f 517 518 420
f 334 419 420
f 420 335 334
f 749 626 625
f 748 626 749
f 625 624 749
f 624 748 749
f 618 619 514
f 515 418 514
f 514 619 515
f 823 824 708
f 823 938 824
f 818 938 823
f 823 707 818
f 708 707 823
f 940 941 824
f 824 938 940
f 939 941 940
f 940 938 939
f 687 796 797
f 797 698 687
f 584 698 699
f 804 693 699
f 698 797 699
f 699 816 804
f 815 816 699
f 699 796 815
f 699 797 796
f 1651 1652 1532
f 1286 1411 1412
f 1530 1529 1651
f 1530 1411 1529
f 1623 1747 1748
f 1748 1749 1623
f 1747 1855 1748
f 1855 1749 1748
f 1647 1527 1646
f 1527 1526 1646
f 1645 1644 1647
f 1645 1526 1644
f 1647 1646 1645
f 1645 1646 1526
f 1498 1372 1371
f 1371 1497 1498
f 1497 1618 1498
f 1498 1499 1372
f 1498 1618 1499
f 779 778 896
f 1014 1112 896
f 1112 990 896
f 896 990 873
f 873 779 896
f 1862 1770 1769
f 1769 1861 1862
f 1769 1650 1768
f 1769 1770 1650
f 1768 1855 1769
f 1769 1855 1854
f 1854 1861 1769
f 1728 1727 1842
f 1842 1727 1720
f 1841 1922 1842
f 1842 1720 1841
f 1599 1724 1600
f 1726 1722 1601
f 1726 1724 1722
f 1601 1600 1726
f 1726 1600 1724
f 1596 1722 1723
f 1723 1724 1596
f 1722 1724 1723
f 1219 1217 1346
f 1217 1345 1346
f 1346 1345 1474
f 1475 1474 1599
f 1599 1600 1480
f 1224 1110 1109
f 1225 1110 1224
f 1597 1725 1598
f 1598 1474 1597
f 1474 1473 1597
f 1596 1725 1597
f 1597 1473 1596
f 1835 1833 1836
f 1915 1916 1836
f 1836 1912 1915
f 1831 1912 1836
f 1836 1833 1831
f 1836 1837 1716
f 1716 1835 1836
f 1838 1837 1836
f 1836 1916 1838
f 1834 1835 1714
f 1834 1833 1835
f 1714 1713 1834
f 1713 1833 1834
f 1564 1562 1565
f 1564 1563 1562
f 1564 1565 1447
f 1447 1563 1564
f 1447 1446 1444
f 1444 1563 1447
f 1320 1445 1444
f 1444 1446 1320
f 1444 1319 1317
f 1444 1445 1319
f 1317 1443 1444
f 1444 1443 1560
f 1560 1559 1444
f 1559 1561 1444
f 1562 1563 1444
f 1444 1561 1562
f 1798 1796 1883
f 1883 1884 1798
f 1798 1797 1796
f 1683 1797 1798
f 1869 1871 1781
f 1867 1871 1869
f 1920 1919 1866
f 1919 1867 1866
f 1866 1865 1929
f 1866 1929 1922
f 1866 1921 1920
f 1922 1921 1866
f 1931 1871 1867
f 1872 1871 1931
f 1867 1930 1931
f 1931 1930 1872
f 1543 1423 1422
f 1543 1666 1667
f 1546 1423 1543
f 1667 1666 1785
f 1785 1786 1667
f 1787 1786 1785
f 1781 1660 1780
f 1780 1778 1781
f 1662 1660 1784
f 1784 1666 1662
f 1787 1785 1784
f 1784 1785 1666
f 1782 1660 1781
f 1781 1875 1782
f 1875 1876 1782
f 980 861 979
f 979 864 980
f 864 863 980
f 862 863 751
f 862 980 863
f 861 980 862
f 860 978 979
f 860 859 978
f 979 861 860
f 1208 1102 1097
f 1100 1099 1210
f 1100 975 1099
f 1210 1211 1100
f 1211 1212 1100
f 1094 975 971
f 856 970 971
f 970 1094 971
f 971 857 856
f 971 975 857
f 866 756 755
f 755 754 866
f 755 756 631
f 631 754 755
f 864 754 753
f 752 863 753
f 753 863 864
f 753 754 629
f 753 628 752
f 753 629 628
f 1951 1905 1950
f 1952 1905 1951
f 1951 1959 1952
f 1950 1966 1951
f 1966 1959 1951
f 1906 1905 1952
f 1906 1907 1826
f 1952 1907 1906
f 1706 1829 1825
f 1829 1905 1825
f 1825 1707 1706
f 1705 1707 1825
f 1825 1826 1705
f 1825 1906 1826
f 1905 1906 1825
f 1712 1711 1709
f 1712 1828 1831
f 1709 1828 1712
f 1831 1713 1712
f 1713 1595 1712
f 1595 1711 1712
f 1710 1711 1593
f 1709 1711 1710
f 1593 1592 1710
f 1710 1592 1709
f 515 621 620
f 620 516 515
f 622 516 620
f 634 633 758
f 527 633 634
f 777 893 894
f 1127 1126 1243
f 1243 1229 1127
f 1127 1229 1128
f 905 1021 1022
f 1242 1256 1243
f 1243 1126 1242
f 1849 1850 1742
f 1742 1848 1849
f 1849 1848 1860
f 1860 1924 1849
f 1924 1850 1849
f 1635 1636 1518
f 1635 1518 1631
f 1631 1756 1635
f 1759 1636 1635
f 1635 1756 1759
f 761 657 780
f 780 657 656
f 780 779 761
f 656 779 780
f 774 651 668
f 668 651 557
f 653 654 544
f 1250 1251 1136
f 1248 1373 1250
f 1374 1251 1250
f 1250 1373 1374
f 1136 1019 1135
f 1135 1246 1248
f 1136 1138 1020
f 1020 1138 1021
f 1021 902 1020
f 1020 902 1019
f 905 787 903
f 903 902 905
f 893 788 907
f 1253 1379 1254
f 1254 1138 1253
f 1255 1138 1254
f 1254 1379 1256
f 662 554 553
f 552 660 553
f 553 554 453
f 555 556 453
f 453 554 555
f 555 554 662
f 787 664 786
f 786 903 787
f 901 902 786
f 902 903 786
f 551 550 659
f 781 782 659
f 659 782 660
f 552 551 659
f 659 660 552
f 757 781 659
f 757 867 868
f 868 869 757
f 986 869 868
f 867 984 868
f 897 869 986
f 898 782 897
f 781 869 897
f 897 782 781
f 1129 1110 1226
f 1626 1627 1506
f 1627 1507 1506
f 1506 1507 1378
f 1506 1378 1504
f 1504 1626 1506
f 1459 1460 1336
f 1575 1460 1459
f 1459 1336 1458
f 1458 1575 1459
f 739 615 738
f 739 854 740
f 738 854 739
f 616 615 739
f 617 512 616
f 618 512 617
f 617 739 740
f 616 739 617
f 740 741 617
f 617 741 618
f 736 510 613
f 613 510 509
f 613 509 508
f 613 612 736
f 508 612 613
f 411 412 328
f 411 510 412
f 1085 1086 964
f 1201 1086 1085
f 1085 961 1084
f 1200 1201 1085
f 1085 1084 1200
f 852 966 853
f 965 966 852
f 851 963 852
f 964 965 852
f 852 963 964
f 853 737 852
f 852 737 851
f 849 961 962
f 964 963 962
f 962 1085 964
f 961 1085 962
f 962 850 849
f 963 850 962
f 1943 1884 1942
f 833 719 718
f 718 832 833
f 716 832 718
f 718 603 716
f 718 719 603
f 1070 1069 1185
f 1185 1184 1070
f 1185 1069 1068
f 1068 1184 1185
f 1313 1184 1314
f 1314 1184 1183
f 1314 1182 1313
f 1183 1182 1314
f 1068 950 1067
f 1067 1184 1068
f 1183 1184 1067
f 1070 1184 1186
f 1186 1184 1312
f 1186 1187 1070
f 1186 1312 1187
f 1311 1310 1317
f 1182 1310 1311
f 1317 1312 1311
f 1312 1182 1311
f 1303 1428 1429
f 1429 1304 1303
f 1301 1428 1303
f 1302 1301 1303
f 716 714 829
f 829 831 716
f 947 949 948
f 948 828 947
f 948 829 828
f 948 949 831
f 831 829 948
f 947 828 946
f 946 945 947
f 827 946 828
f 825 945 827
f 945 946 827
f 498 606 607
f 606 722 607
f 607 605 498
f 607 722 605
f 836 837 729
f 729 728 836
f 836 727 833
f 836 728 727
f 951 953 836
f 953 838 836
f 836 838 837
f 836 952 951
f 836 831 952
f 833 831 836
f 1297 1421 1298
f 1297 1298 1173
f 1173 1296 1297
f 1420 1296 1419
f 1420 1297 1296
f 1421 1297 1420
f 1293 1418 1419
f 1419 1296 1293
f 1533 1652 1534
f 1413 1532 1533
f 1533 1532 1652
f 1291 1417 1418
f 24 25 15
f 25 26 15
f 15 28 24
f 16 9 15
f 15 23 28
f 15 27 16
f 15 26 27
f 14 23 15
f 386 305 304
f 489 388 386
f 386 485 489
f 386 304 385
f 385 485 386
f 247 305 306
f 306 251 247
f 251 250 247
f 304 305 247
f 249 244 247
f 247 250 249
f 381 480 481
f 481 482 381
f 481 480 590
f 590 482 481
f 78 109 87
f 77 109 78
f 78 87 58
f 58 55 78
f 55 77 78
f 107 76 74
f 141 108 107
f 108 76 107
f 683 684 570
f 570 682 683
f 683 792 684
f 682 792 683
f 794 912 913
f 794 792 912
f 793 684 794
f 684 792 794
f 1039 1040 928
f 928 1038 1039
f 1039 1041 1040
f 1035 1145 1151
f 1151 1038 1035
f 1145 1038 1151
f 1154 1156 1042
f 1042 1041 1154
f 1273 1156 1154
f 1154 1153 1273
f 1038 1153 1154
f 235 236 185
f 185 234 235
f 235 234 236
f 454 560 561
f 560 669 561
f 561 558 454
f 561 669 558
f 454 559 457
f 457 559 458
f 369 454 457
f 457 458 369
f 562 563 459
f 459 458 562
f 458 559 562
f 672 563 562
f 671 672 562
f 562 559 671
f 518 519 422
f 422 520 423
f 422 519 520
f 423 337 422
f 337 336 422
f 422 336 335
f 618 514 513
f 416 415 513
f 513 512 618
f 513 415 414
f 414 512 513
f 417 514 418
f 417 418 333
f 416 513 417
f 417 513 514
f 333 332 417
f 417 332 416
f 693 584 692
f 692 699 693
f 584 699 692
f 1531 1530 1651
f 1411 1530 1531
f 1651 1532 1531
f 1531 1532 1413
f 1413 1412 1531
f 1531 1412 1411
f 1728 1842 1843
f 1744 1728 1843
f 1843 1851 1744
f 1843 1842 1922
f 1843 1922 1923
f 1923 1851 1843
f 1479 1351 1478
f 1601 1479 1478
f 1478 1600 1601
f 1351 1480 1478
f 1478 1480 1600
f 1476 1475 1599
f 1349 1475 1476
f 1599 1480 1476
f 1348 1475 1349
f 1349 1221 1348
f 1222 1223 1108
f 1108 1221 1222
f 1222 1221 1349
f 1109 1223 1222
f 1222 1224 1109
f 1220 1108 1219
f 1220 1221 1108
f 1350 1222 1349
f 1349 1476 1350
f 1350 1351 1225
f 1225 1224 1350
f 1224 1222 1350
f 1885 1798 1884
f 1884 1943 1885
f 1781 1778 1870
f 1870 1869 1781
f 1776 1870 1778
f 1869 1870 1776
f 1775 1866 1867
f 1774 1866 1775
f 1772 1771 1863
f 1772 1863 1864
f 1534 1652 1653
f 1653 1652 1771
f 1773 1866 1774
f 1774 1655 1773
f 1865 1866 1773
f 1655 1772 1773
f 1864 1865 1773
f 1773 1772 1864
f 1779 1659 1658
f 1660 1659 1779
f 1779 1780 1660
f 1658 1778 1779
f 1778 1780 1779
f 1661 1660 1662
f 1541 1543 1664
f 1662 1543 1663
f 1663 1543 1541
f 1662 1666 1665
f 1665 1543 1662
f 1666 1543 1665
f 1419 1543 1544
f 1422 1421 1544
f 1544 1543 1422
f 1547 1546 1669
f 1546 1543 1669
f 1783 1784 1660
f 1660 1782 1783
f 1787 1784 1783
f 1783 1876 1787
f 1783 1782 1876
f 861 862 750
f 750 862 751
f 750 748 858
f 858 859 750
f 750 860 861
f 859 860 750
f 751 626 750
f 750 626 748
f 973 972 1096
f 1097 973 1096
f 1096 1208 1097
f 1096 972 1095
f 1095 1208 1096
f 1340 1341 1213
f 1213 1212 1340
f 1213 1100 1212
f 1213 1341 1214
f 1207 1208 1095
f 1102 1208 1207
f 1214 1102 1207
f 757 659 658
f 658 659 550
f 427 525 526
f 526 525 631
f 364 427 452
f 452 550 551
f 427 526 452
f 452 526 550
f 452 551 552
f 453 364 452
f 452 553 453
f 552 553 452
f 621 744 742
f 742 620 621
f 742 744 622
f 622 620 742
f 895 1013 1014
f 895 778 777
f 777 894 895
f 1014 896 895
f 895 896 778
f 1126 1127 1011
f 1011 894 893
f 1139 1022 1021
f 1021 1138 1139
f 1139 1138 1255
f 1255 1254 1139
f 1126 1022 1139
f 1139 1242 1126
f 1256 1242 1139
f 1139 1254 1256
f 667 788 774
f 774 668 667
f 667 668 557
f 651 775 776
f 776 775 654
f 654 653 776
f 1249 1250 1136
f 1248 1250 1249
f 1136 1135 1249
f 1249 1135 1248
f 1137 1019 1136
f 1136 1020 1137
f 1137 1020 1019
f 1018 1132 1019
f 1134 1135 1019
f 1246 1135 1134
f 906 788 905
f 906 907 788
f 662 553 661
f 661 553 660
f 661 784 662
f 663 664 556
f 556 555 663
f 663 786 664
f 663 555 662
f 662 784 663
f 986 868 985
f 984 1111 985
f 985 868 984
f 1016 1131 1130
f 1130 1132 1016
f 1132 897 1016
f 1015 1111 1110
f 1110 1129 1015
f 986 985 1015
f 1015 985 1111
f 1015 897 986
f 1130 1131 1015
f 1015 1129 1130
f 1131 1016 1015
f 1015 1016 897
f 328 327 410
f 410 411 328
f 409 509 410
f 410 327 409
f 509 510 410
f 510 411 410
f 1066 1067 950
f 1183 1067 1066
f 1064 1183 1066
f 1066 1065 1064
f 950 1065 1066
f 1056 1177 1059
f 1059 1058 1056
f 1060 941 1059
f 1059 941 1058
f 1307 1304 1308
f 1308 1180 1307
f 1181 1182 1064
f 1181 1180 1182
f 1308 1182 1315
f 713 829 714
f 828 829 713
f 714 597 713
f 597 711 713
f 713 827 828
f 711 826 713
f 713 826 825
f 825 827 713
f 1169 1168 1294
f 1168 1293 1294
f 1294 1170 1169
f 1416 1533 1534
f 1417 1291 1416
f 1419 1417 1416
f 1418 1293 1292
f 1292 1291 1418
f 1292 1293 1168
f 1168 1291 1292
f 1288 1164 1287
f 1287 1286 1288
f 1286 1412 1288
f 1288 1412 1413
f 14 15 8
f 3 7 8
f 8 7 14
f 8 9 3
f 8 15 9
f 387 386 388
f 305 386 387
f 388 307 387
f 307 305 387
f 301 248 245
f 301 243 296
f 245 243 301
f 384 379 301
f 296 378 301
f 378 384 301
f 381 382 301
f 301 382 383
f 380 381 301
f 301 379 380
f 383 304 303
f 304 247 303
f 915 913 793
f 793 794 915
f 915 794 913
f 1155 1039 1038
f 1041 1039 1155
f 1038 1154 1155
f 1155 1154 1041
f 1152 1153 1038
f 1152 1266 1272
f 1152 1272 1273
f 1273 1153 1152
f 1145 1266 1152
f 1152 1038 1145
f 421 420 518
f 518 422 421
f 335 420 421
f 421 422 335
f 1347 1348 1221
f 1221 1220 1347
f 1474 1475 1347
f 1475 1348 1347
f 1347 1220 1219
f 1219 1346 1347
f 1347 1346 1474
f 1477 1480 1351
f 1351 1350 1477
f 1477 1476 1480
f 1477 1350 1476
f 1798 1885 1800
f 1803 1802 1800
f 1800 1686 1683
f 1800 1801 1686
f 1688 1801 1800
f 1800 1802 1688
f 1777 1778 1658
f 1777 1776 1778
f 1868 1775 1867
f 1776 1775 1868
f 1867 1869 1868
f 1869 1776 1868
f 1656 1655 1774
f 1774 1775 1656
f 1656 1777 1658
f 1656 1775 1776
f 1776 1777 1656
f 1535 1416 1534
f 1655 1656 1535
f 1535 1656 1537
f 1657 1656 1658
f 1537 1656 1657
f 1534 1653 1654
f 1654 1535 1534
f 1655 1535 1654
f 1654 1653 1771
f 1771 1772 1654
f 1654 1772 1655
f 1419 1541 1542
f 1541 1664 1542
f 1542 1543 1419
f 1542 1664 1543
f 1419 1544 1545
f 1545 1544 1421
f 1545 1420 1419
f 1421 1420 1545
f 1668 1543 1667
f 1668 1669 1543
f 1668 1667 1547
f 1547 1669 1668
f 1100 1213 1101
f 975 1100 1101
f 1101 1213 1214
f 1214 1207 1101
f 1095 975 1101
f 1101 1207 1095
f 632 756 757
f 757 658 632
f 631 756 632
f 632 526 631
f 632 658 550
f 550 526 632
f 894 1011 1012
f 1012 895 894
f 1012 1127 1128
f 1012 1011 1127
f 1128 1013 1012
f 1013 895 1012
f 893 907 1009
f 665 664 787
f 787 788 665
f 788 667 665
f 556 664 665
f 651 776 652
f 652 776 653
f 544 651 652
f 652 653 544
f 1017 1018 898
f 1132 1018 1017
f 898 897 1017
f 1017 897 1132
f 1246 1134 1133
f 1133 1132 1130
f 1019 1132 1133
f 1133 1134 1019
f 660 782 783
f 783 661 660
f 784 661 783
f 898 784 783
f 783 782 898
f 904 1019 901
f 901 786 904
f 786 900 904
f 904 1018 1019
f 786 663 785
f 785 900 786
f 785 663 784
f 1302 1303 1178
f 1178 1177 1302
f 1178 1059 1177
f 1178 1303 1304
f 1182 1180 1306
f 1306 1315 1182
f 1306 1180 1308
f 1308 1315 1306
f 1296 1170 1295
f 1170 1294 1295
f 1295 1293 1296
f 1295 1294 1293
f 1540 1419 1539
f 1419 1416 1539
f 1289 1168 1164
f 1164 1288 1289
f 1533 1416 1414
f 1413 1533 1414
f 1414 1288 1413
f 1414 1416 1291
f 248 301 246
f 302 303 247
f 247 246 302
f 302 246 301
f 302 301 383
f 383 303 302
f 1683 1798 1799
f 1799 1800 1683
f 1798 1800 1799
f 1803 1800 1886
f 1886 1888 1803
f 1886 1885 1943
f 1886 1800 1885
f 1942 1888 1886
f 1886 1943 1942
f 1537 1416 1536
f 1536 1535 1537
f 1416 1535 1536
f 1537 1657 1538
f 1538 1541 1540
f 1540 1539 1538
f 1538 1416 1537
f 1538 1539 1416
f 1658 1659 1538
f 1538 1657 1658
f 1662 1663 1538
f 1538 1663 1541
f 1538 1661 1662
f 1538 1659 1660
f 1660 1661 1538
f 1010 1022 1126
f 1126 1011 1010
f 905 1022 1010
f 1010 1011 893
f 893 1009 1010
f 1010 1009 907
f 1010 906 905
f 907 906 1010
f 666 667 557
f 666 665 667
f 557 556 666
f 556 665 666
f 1245 1133 1247
f 1246 1133 1245
f 1245 1247 1371
f 1371 1246 1245
f 1244 1226 1247
f 1247 1133 1244
f 1244 1133 1130
f 1130 1129 1244
f 1244 1129 1226
f 899 784 898
f 899 785 784
f 898 1018 899
f 900 785 899
f 1018 904 899
f 899 904 900
f 1304 1307 1305
f 1305 1178 1304
f 1305 1307 1180
f 1180 1178 1305
f 1064 945 1063
f 1063 1181 1064
f 1180 1181 1063
f 1060 1059 1061
f 1059 1178 1061
f 1061 944 1060
f 1290 1289 1288
f 1290 1291 1168
f 1168 1289 1290
f 245 248 197
f 248 246 197
f 197 246 247
f 197 196 245
f 151 196 197
f 197 195 151
f 244 195 197
f 197 247 244
f 1179 1178 1180
f 1180 1063 1179
f 1179 1063 1178
f 1062 945 944
f 1062 1063 945
f 944 1061 1062
f 1178 1063 1062
f 1062 1061 1178
f 1288 1414 1415
f 1415 1290 1288
f 1415 1414 1291
f 1291 1290 1415
f 101 72 49
f 49 73 101
f 32 47 168
f 168 105 104
f 140 106 168
f 102 101 168
f 168 103 102
f 47 70 168
f 168 134 133
f 73 71 168
f 104 103 168
f 168 101 73
f 168 48 32
f 168 98 97
f 71 48 168
f 97 134 168
f 217 176 168
f 133 169 168
f 168 106 105
f 168 176 140
f 70 98 168
f 637 530 442
f 637 442 542
f 988 987 989
f 870 987 988
f 1006 1007 892
f 892 891 1006
f 647 645 769
f 769 645 768
f 769 882 770
f 769 770 648
f 648 541 769
f 769 541 647
f 1450 1572 262
f 32 21 262
f 262 12 6
f 262 2 1
f 262 6 2
f 95 69 262
f 846 731 262
f 262 847 846
f 262 1451 1450
f 262 47 32
f 262 69 47
f 323 263 262
f 1809 1898 262
f 262 130 95
f 262 94 92
f 20 12 262
f 262 21 20
f 262 263 208
f 262 129 160
f 208 161 262
f 92 93 262
f 66 65 262
f 1573 1452 262
f 262 1693 1809
f 262 1949 1899
f 46 68 262
f 1897 1948 262
f 262 1198 1082
f 496 503 262
f 1572 1571 262
f 845 844 262
f 262 1326 1325
f 262 835 845
f 262 398 496
f 262 161 130
f 608 723 262
f 262 1452 1329
f 262 1694 1573
f 1329 1327 262
f 262 1571 1570
f 262 1898 1897
f 1082 1081 262
f 262 405 323
f 262 1197 1322
f 262 958 1080
f 262 67 66
f 1 4 262
f 93 129 262
f 10 18 262
f 319 318 262
f 1820 1821 262
f 1327 1198 262
f 262 609 505
f 1570 1693 262
f 1947 1949 262
f 1325 1451 262
f 1322 1321 262
f 262 844 956
f 1080 1079 262
f 956 958 262
f 68 67 262
f 262 65 94
f 160 207 262
f 317 398 262
f 262 318 317
f 262 503 502
f 262 501 608
f 1821 1810 262
f 505 406 262
f 959 847 262
f 262 1081 959
f 262 1948 1947
f 1899 1812 262
f 262 1814 1820
f 1193 1197 262
f 262 1079 1193
f 834 835 262
f 262 4 10
f 262 30 46
f 502 501 262
f 262 1810 1694
f 731 609 262
f 406 405 262
f 262 1812 1811
f 1811 1814 262
f 1321 1326 262
f 262 723 834
f 17 30 262
f 262 18 17
f 1002 886 885
f 1002 885 1001
f 1000 882 881
f 1000 881 880
f 1 2 107
f 107 50 49
f 107 11 19
f 107 174 223
f 789 678 107
f 100 139 107
f 107 72 100
f 2 5 107
f 107 634 758
f 107 347 428
f 19 31 107
f 5 11 107
f 107 1382 1381
f 49 72 107
f 107 988 989
f 223 277 107
f 107 1006 890
f 1614 1613 107
f 33 50 107
f 1742 1850 107
f 107 34 22
f 107 31 33
f 107 1612 1611
f 107 291 228
f 107 277 347
f 139 174 107
f 1366 1365 107
f 107 1258 1257
f 107 1858 1856
f 567 565 107
f 428 527 107
f 107 1369 1366
f 890 1005 107
f 1381 1380 107
f 107 1615 1614
f 107 674 567
f 322 321 107
f 107 402 322
f 107 1743 1742
f 1859 1858 107
f 107 1628 1508
f 1508 1382 107
f 22 13 107
f 107 3 1
f 107 908 789
f 676 674 107
f 107 678 676
f 107 142 141
f 321 291 107
f 1257 1140 107
f 107 51 34
f 228 179 107
f 1611 1743 107
f 1613 1612 107
f 989 1008 107
f 1380 1258 107
f 1856 1752 107
f 13 7 107
f 107 1023 908
f 107 565 462
f 462 402 107
f 758 871 107
f 1241 1369 107
f 1495 1494 107
f 107 1365 1495
f 1008 1007 107
f 107 1752 1628
f 107 7 3
f 74 51 107
f 871 988 107
f 107 1125 1241
f 1494 1615 107
f 1007 1006 107
f 107 179 142
f 107 1005 1125
f 107 1850 1859
f 107 1140 1023
f 527 634 107

