# https://github.com/mikedh/trimesh
v -0.01011255 -0.00990124 0.00182363
v -0.01009583 -0.01011404 0.00182363
v -0.01010271 -0.00996537 0.00206350
v -0.01010763 -0.00990124 0.00206350
v -0.00351086 -0.00990124 0.00182363
v -0.01002601 -0.01099295 0.00182363
v -0.01006141 -0.01048572 0.00206295
v -0.01009485 -0.00990124 0.00259948
v -0.00021740 -0.00990124 0.00318784
v -0.00207016 -0.01233392 0.00182363
v -0.01000142 -0.01129030 0.00182363
v -0.00999650 -0.01129030 0.00206295
v -0.01004666 -0.01048572 0.00259948
v -0.01008206 -0.00993622 0.00286581
v -0.01008599 -0.00990124 0.00283383
v -0.00013086 -0.00990124 0.00327442
v -0.00007874 -0.01800094 0.00182363
v -0.00011414 -0.01781437 0.00182363
v -0.00011906 -0.01779105 0.00182363
v -0.00997880 -0.01152934 0.00182363
v -0.00996995 -0.01155849 0.00206295
v -0.00996208 -0.01155849 0.00233094
v -0.00998765 -0.01129030 0.00233094
v -0.01000241 -0.01102211 0.00259948
v -0.01008403 -0.00990124 0.00288511
v -0.00011709 -0.00990124 0.00342495
v -0.00007775 -0.01803009 0.00182363
v -0.00997585 -0.01155849 0.00182363
v -0.00994832 -0.01182814 0.00182363
v -0.00986571 -0.01263272 0.00182363
v -0.00985883 -0.01263272 0.00206295
v -0.00995028 -0.01155849 0.00259948
v -0.00997782 -0.01129030 0.00259948
v -0.00993357 -0.01182814 0.00233094
v -0.00982637 -0.01278139 0.00249030
v -0.01000929 -0.01075391 0.00286802
v -0.01005748 -0.01021607 0.00286802
v -0.01006534 -0.00990124 0.00313877
v -0.01006141 -0.00994788 0.00313656
v -0.00007874 -0.00990124 0.00443295
v -0.00006595 -0.01839886 0.00192289
v -0.00007579 -0.01829974 0.00182363
v -0.00982932 -0.01297525 0.00182363
v -0.00982342 -0.01302335 0.00186278
v -0.00983424 -0.01286010 0.00206295
v -0.00982932 -0.01281200 0.00233094
v -0.00995913 -0.01129030 0.00286802
v -0.00992176 -0.01182814 0.00259948
v -0.00998470 -0.01102211 0.00286802
v -0.00981457 -0.01294610 0.00233094
v -0.00978605 -0.01317056 0.00233094
v -0.00980769 -0.01288342 0.00258790
v -0.00982047 -0.01273038 0.00266951
v -0.00989324 -0.01209633 0.00259948
v -0.01006141 -0.00990124 0.00318288
v -0.01003584 -0.00994788 0.00340510
v -0.01001027 -0.01048572 0.00313656
v -0.00006595 -0.01706081 0.00340510
v -0.00006595 -0.01708850 0.00329592
v -0.00006595 -0.01727799 0.00301690
v -0.00006595 -0.01787705 0.00217489
v -0.00006595 -0.01800240 0.00209272
v -0.00007874 -0.00990124 0.00716358
v -0.00006595 -0.01853878 0.00192123
v -0.00007579 -0.01853878 0.00182363
v -0.00982342 -0.01302772 0.00182363
v -0.00981654 -0.01308165 0.00182363
v -0.00966804 -0.01421418 0.00182363
v -0.00962871 -0.01451298 0.00182363
v -0.00979687 -0.01317056 0.00206295
v -0.00981949 -0.01299420 0.00206295
v -0.00993258 -0.01129030 0.00313656
v -0.00995913 -0.01102211 0.00313656
v -0.00993061 -0.01155849 0.00286802
v -0.00990505 -0.01155849 0.00313656
v -0.00976933 -0.01317056 0.00259948
v -0.00975065 -0.01343875 0.00233094
v -0.00977720 -0.01290091 0.00286802
v -0.00981064 -0.01263709 0.00287464
v -0.00983031 -0.01255109 0.00278972
v -0.01003977 -0.00990124 0.00340510
v -0.01000535 -0.00990124 0.00367364
v -0.01003387 -0.00990124 0.00345142
v -0.01001027 -0.01021607 0.00340510
v -0.00006595 -0.01711620 0.00367364
v -0.00011906 -0.00990124 0.00735161
v -0.00007874 -0.01021607 0.00716358
v -0.00006595 -0.01853878 0.00497775
v -0.00006595 -0.01826913 0.00494797
v -0.00006595 -0.01773275 0.00467888
v -0.00006595 -0.01752869 0.00447927
v -0.00006595 -0.01746456 0.00441475
v -0.00006595 -0.01726633 0.00421073
v -0.00006595 -0.01880698 0.00197527
v -0.00007874 -0.02444485 0.00182363
v -0.00959134 -0.01475202 0.00182363
v -0.00961887 -0.01451298 0.00206295
v -0.00976147 -0.01343875 0.00206295
v -0.00993061 -0.01102211 0.00340510
v -0.00998372 -0.01048572 0.00340510
v -0.00987259 -0.01209633 0.00286802
v -0.00987554 -0.01182814 0.00313656
v -0.00990308 -0.01129030 0.00340510
v -0.00964247 -0.01424333 0.00233094
v -0.00960609 -0.01451298 0.00233094
v -0.00969656 -0.01370695 0.00259948
v -0.00962281 -0.01424333 0.00259948
v -0.00973983 -0.01317056 0.00286802
v -0.00977819 -0.01263272 0.00313656
v -0.00981162 -0.01237327 0.00314704
v -0.00982146 -0.01220419 0.00324354
v -0.00983129 -0.01228873 0.00306433
v -0.00984309 -0.01210799 0.00314704
v -0.00997389 -0.01021607 0.00367364
v -0.00999650 -0.00990124 0.00371996
v -0.00029410 -0.00990124 0.00742936
v -0.00011906 -0.00994788 0.00735106
v -0.00007972 -0.01048572 0.00716358
v -0.00007874 -0.01451298 0.00689504
v -0.00006595 -0.01902416 0.00496341
v -0.00006595 -0.01876762 0.00497665
v -0.00006595 -0.01934336 0.00213022
v -0.00007874 -0.02417666 0.00259948
v -0.00008070 -0.02444485 0.00206295
v -0.00012004 -0.02465766 0.00182363
v -0.00006595 -0.01955034 0.00233094
v -0.00006595 -0.01961155 0.00239380
v -0.00006595 -0.01980833 0.00259948
v -0.00006595 -0.02007798 0.00313656
v -0.00006595 -0.02011150 0.00340510
v -0.00006595 -0.02011150 0.00363560
v -0.00006595 -0.02009838 0.00389090
v -0.00958642 -0.01478263 0.00182363
v -0.00957462 -0.01479721 0.00205027
v -0.00957167 -0.01473599 0.00233094
v -0.00994635 -0.01048572 0.00367364
v -0.00987358 -0.01155849 0.00340510
v -0.00989030 -0.01102211 0.00367364
v -0.00991881 -0.01075391 0.00367364
v -0.00956478 -0.01469372 0.00253882
v -0.00962772 -0.01397514 0.00286802
v -0.00958052 -0.01453193 0.00261657
v -0.00970345 -0.01317056 0.00313656
v -0.00955495 -0.01410049 0.00326173
v -0.00977228 -0.01236453 0.00340510
v -0.00980670 -0.01210799 0.00340676
v -0.00981752 -0.01191122 0.00349719
v -0.00982932 -0.01173194 0.00356171
v -0.00984211 -0.01182377 0.00340676
v -0.00995323 -0.00990124 0.00394218
v -0.00056258 -0.00990124 0.00745417
v -0.00029410 -0.01021607 0.00741888
v -0.00013971 -0.01182814 0.00731632
v -0.00012889 -0.01129030 0.00732900
v -0.00012496 -0.01102211 0.00733507
v -0.00012201 -0.01075391 0.00734003
v -0.00012004 -0.01048572 0.00734444
v -0.00008169 -0.01075391 0.00716358
v -0.00008070 -0.01478117 0.00689504
v -0.00007972 -0.01719782 0.00662649
v -0.00007874 -0.01692817 0.00662649
v -0.00007874 -0.01880698 0.00635795
v -0.00007874 -0.01988121 0.00608941
v -0.00007874 -0.02068578 0.00582087
v -0.00006595 -0.01957074 0.00470590
v -0.00007874 -0.02390847 0.00313656
v -0.00008365 -0.02417666 0.00286802
v -0.00006595 -0.01983894 0.00443791
v -0.00009840 -0.02444485 0.00233094
v -0.00012102 -0.02463142 0.00206295
v -0.00027542 -0.02475386 0.00182363
v -0.00955987 -0.01493713 0.00182363
v -0.00940154 -0.01585540 0.00182363
v -0.00951660 -0.01504937 0.00233094
v -0.00984014 -0.01155849 0.00361299
v -0.00985391 -0.01130487 0.00369239
v -0.00983326 -0.01122471 0.00384017
v -0.00994832 -0.00994788 0.00394218
v -0.00955397 -0.01463396 0.00271748
v -0.00932680 -0.01612359 0.00233094
v -0.00928943 -0.01626789 0.00248092
v -0.00956675 -0.01445468 0.00281398
v -0.00955495 -0.01436868 0.00299319
v -0.00954610 -0.01426519 0.00315807
v -0.00951266 -0.01451298 0.00313656
v -0.00945759 -0.01451298 0.00340510
v -0.00950086 -0.01424333 0.00340510
v -0.00953725 -0.01399700 0.00340951
v -0.00954807 -0.01378565 0.00350215
v -0.00956773 -0.01392121 0.00332349
v -0.00975360 -0.01209633 0.00367364
v -0.00982146 -0.01140253 0.00379440
v -0.00994143 -0.00990124 0.00398850
v -0.00078483 -0.00990124 0.00745473
v -0.00109952 -0.00994788 0.00745362
v -0.00109952 -0.01048572 0.00742936
v -0.00056258 -0.01048572 0.00742771
v -0.00029410 -0.01102211 0.00738635
v -0.00029410 -0.01075391 0.00739848
v -0.00029410 -0.01048572 0.00740896
v -0.00015839 -0.01251611 0.00729867
v -0.00013381 -0.01155849 0.00732238
v -0.00014659 -0.01209633 0.00730915
v -0.00012496 -0.01504937 0.00706653
v -0.00012102 -0.01478117 0.00707535
v -0.00008857 -0.01129030 0.00716358
v -0.00008464 -0.01102211 0.00716358
v -0.00008464 -0.01504937 0.00689504
v -0.00008267 -0.01746456 0.00662649
v -0.00008267 -0.01907517 0.00635795
v -0.00008365 -0.02014940 0.00608941
v -0.00008365 -0.02149182 0.00555233
v -0.00007874 -0.02122363 0.00555233
v -0.00007874 -0.02229640 0.00501525
v -0.00007874 -0.02256605 0.00474671
v -0.00007874 -0.02283424 0.00447927
v -0.00007874 -0.02363882 0.00367364
v -0.00008464 -0.02390847 0.00340510
v -0.00012496 -0.02410378 0.00340510
v -0.00012397 -0.02436177 0.00286802
v -0.00013872 -0.02460227 0.00233094
v -0.00029410 -0.02476260 0.00182363
v -0.00935433 -0.01612359 0.00182363
v -0.00934155 -0.01612359 0.00206295
v -0.00980965 -0.01102211 0.00401993
v -0.00984506 -0.01102211 0.00388539
v -0.00979785 -0.01130487 0.00393446
v -0.00985588 -0.01075537 0.00395818
v -0.00950676 -0.01478117 0.00286802
v -0.00954512 -0.01453193 0.00288953
v -0.00934843 -0.01585540 0.00259948
v -0.00929533 -0.01629121 0.00233094
v -0.00897572 -0.01773275 0.00206295
v -0.00903374 -0.01739168 0.00233094
v -0.00895211 -0.01773275 0.00233094
v -0.00902390 -0.01735232 0.00249471
v -0.00913601 -0.01665998 0.00286802
v -0.00919895 -0.01639179 0.00286802
v -0.00927566 -0.01619501 0.00265958
v -0.00930319 -0.01611339 0.00258183
v -0.00946644 -0.01478117 0.00313656
v -0.00938482 -0.01451298 0.00367364
v -0.00943006 -0.01424333 0.00367364
v -0.00952151 -0.01370112 0.00365876
v -0.00940940 -0.01478117 0.00340510
v -0.00955298 -0.01328279 0.00379496
v -0.00956085 -0.01360637 0.00355950
v -0.00971525 -0.01236453 0.00367364
v -0.00972311 -0.01182814 0.00394218
v -0.00987653 -0.00990124 0.00422892
v -0.00981949 -0.01084574 0.00405798
v -0.00159025 -0.00990124 0.00745638
v -0.00190494 -0.00990124 0.00745693
v -0.00163647 -0.01021607 0.00744259
v -0.00136800 -0.01048572 0.00742991
v -0.00109952 -0.01075391 0.00741668
v -0.00056258 -0.01075391 0.00741502
v -0.00029410 -0.01182814 0.00734499
v -0.00029410 -0.01209633 0.00733066
v -0.00030492 -0.01261669 0.00730309
v -0.00040228 -0.01279159 0.00729923
v -0.00029410 -0.01478117 0.00713876
v -0.00016233 -0.01598804 0.00702848
v -0.00015151 -0.01580876 0.00703675
v -0.00014167 -0.01558575 0.00704557
v -0.00013282 -0.01531756 0.00705660
v -0.00012397 -0.01746456 0.00680184
v -0.00009250 -0.01773275 0.00662649
v -0.00012299 -0.01907517 0.00653772
v -0.00012496 -0.02014940 0.00626752
v -0.00012889 -0.02095398 0.00599622
v -0.00008857 -0.02095398 0.00582087
v -0.00012397 -0.02149182 0.00574533
v -0.00008562 -0.02202820 0.00528379
v -0.00009152 -0.02283424 0.00474671
v -0.00008759 -0.02310243 0.00447927
v -0.00009152 -0.02337062 0.00421073
v -0.00011611 -0.02390992 0.00366978
v -0.00014069 -0.02406443 0.00357770
v -0.00013971 -0.02433408 0.00305550
v -0.00015544 -0.02458332 0.00247541
v -0.00029410 -0.02470576 0.00206295
v -0.00053307 -0.02478738 0.00182363
v -0.00930910 -0.01635243 0.00182363
v -0.00930319 -0.01632328 0.00206295
v -0.00971426 -0.01129030 0.00421073
v -0.00974868 -0.01102211 0.00421073
v -0.00976048 -0.01155849 0.00394218
v -0.00955495 -0.01276244 0.00407342
v -0.00940842 -0.01531756 0.00286802
v -0.00902194 -0.01760886 0.00182363
v -0.00901309 -0.01757387 0.00206295
v -0.00899637 -0.01771380 0.00182363
v -0.00892753 -0.01797179 0.00182363
v -0.00890393 -0.01800094 0.00206295
v -0.00887934 -0.01800094 0.00233094
v -0.00891278 -0.01773275 0.00259948
v -0.00901800 -0.01705790 0.00299264
v -0.00914781 -0.01639179 0.00313656
v -0.00920584 -0.01612359 0.00313656
v -0.00925894 -0.01611339 0.00286030
v -0.00930910 -0.01585249 0.00286030
v -0.00935827 -0.01558575 0.00286802
v -0.00941629 -0.01504937 0.00313656
v -0.00931696 -0.01451298 0.00388925
v -0.00948218 -0.01343875 0.00394218
v -0.00954413 -0.01290091 0.00403427
v -0.00932876 -0.01478992 0.00368743
v -0.00929926 -0.01470538 0.00384072
v -0.00929631 -0.01549538 0.00330144
v -0.00958052 -0.01290091 0.00390028
v -0.00964641 -0.01236453 0.00394218
v -0.00959822 -0.01265604 0.00396700
v -0.00986768 -0.00996828 0.00423444
v -0.00986276 -0.00990124 0.00427414
v -0.00982342 -0.01007177 0.00434031
v -0.00217342 -0.00990124 0.00745583
v -0.00190494 -0.01021607 0.00744204
v -0.00163647 -0.01048572 0.00742991
v -0.00136800 -0.01075391 0.00741723
v -0.00083105 -0.01102211 0.00740179
v -0.00056258 -0.01102211 0.00740069
v -0.00056258 -0.01292715 0.00729095
v -0.00056258 -0.01317056 0.00727551
v -0.00056258 -0.01343875 0.00725787
v -0.00056258 -0.01370695 0.00723912
v -0.00056258 -0.01424333 0.00720052
v -0.00056258 -0.01451298 0.00718012
v -0.00056258 -0.01129030 0.00738580
v -0.00056258 -0.01182814 0.00735547
v -0.00056258 -0.01263272 0.00730915
v -0.00029410 -0.01504937 0.00711781
v -0.00029410 -0.01531756 0.00709520
v -0.00029410 -0.01558575 0.00707204
v -0.00026854 -0.01588018 0.00704447
v -0.00034131 -0.01604343 0.00703399
v -0.00056258 -0.01665998 0.00697885
v -0.00029410 -0.01773275 0.00682611
v -0.00015741 -0.01815253 0.00676269
v -0.00014758 -0.01800094 0.00677207
v -0.00013282 -0.01773275 0.00678806
v -0.00013971 -0.01934336 0.00651400
v -0.00013971 -0.02035346 0.00624491
v -0.00014561 -0.02112597 0.00596975
v -0.00013872 -0.02167839 0.00571114
v -0.00012692 -0.02202820 0.00547734
v -0.00011512 -0.02176438 0.00556115
v -0.00011709 -0.02229057 0.00528489
v -0.00013282 -0.02283424 0.00494301
v -0.00012889 -0.02308348 0.00473292
v -0.00012791 -0.02335751 0.00446107
v -0.00013184 -0.02357760 0.00421073
v -0.00011119 -0.02366214 0.00396534
v -0.00013282 -0.02382101 0.00389145
v -0.00029410 -0.02408337 0.00360527
v -0.00029410 -0.02435157 0.00309134
v -0.00014954 -0.02351784 0.00435961
v -0.00019085 -0.02376708 0.00407011
v -0.00029410 -0.02458915 0.00249195
v -0.00029410 -0.02463871 0.00233094
v -0.00056258 -0.02473053 0.00206295
v -0.00056258 -0.02479029 0.00182363
v -0.00924419 -0.01663812 0.00182363
v -0.00963756 -0.01182814 0.00421073
v -0.00955987 -0.01198702 0.00435299
v -0.00959232 -0.01155849 0.00442578
v -0.00964542 -0.01102211 0.00447927
v -0.00968083 -0.01075391 0.00447927
v -0.00928254 -0.01434973 0.00406239
v -0.00947726 -0.01290091 0.00421073
v -0.00951955 -0.01265604 0.00420245
v -0.00891966 -0.01800094 0.00182363
v -0.00878198 -0.01846736 0.00182363
v -0.00861087 -0.01904602 0.00182363
v -0.00872691 -0.01859417 0.00206295
v -0.00875838 -0.01843092 0.00225594
v -0.00883804 -0.01800094 0.00259948
v -0.00879083 -0.01828808 0.00233976
v -0.00874658 -0.01839011 0.00243460
v -0.00886557 -0.01773275 0.00286802
v -0.00901800 -0.01679262 0.00326835
v -0.00904062 -0.01687861 0.00308969
v -0.00876920 -0.01792806 0.00306157
v -0.00907111 -0.01668622 0.00316193
v -0.00904161 -0.01661334 0.00334224
v -0.00906816 -0.01640490 0.00342109
v -0.00913601 -0.01612359 0.00340510
v -0.00927763 -0.01567466 0.00322258
v -0.00925992 -0.01585249 0.00313436
v -0.00929533 -0.01576212 0.00304392
v -0.00927861 -0.01593994 0.00294467
v -0.00936417 -0.01531756 0.00313656
v -0.00926779 -0.01451298 0.00402379
v -0.00928156 -0.01488466 0.00378558
v -0.00924616 -0.01478992 0.00393502
v -0.00919207 -0.01585540 0.00340510
v -0.00927074 -0.01536857 0.00348010
v -0.00983817 -0.00990124 0.00435299
v -0.00975065 -0.01021607 0.00447927
v -0.00978704 -0.00996828 0.00446769
v -0.00982834 -0.00990124 0.00438277
v -0.00239567 -0.00990124 0.00745362
v -0.00244189 -0.00994788 0.00745087
v -0.00190494 -0.01048572 0.00742881
v -0.00163647 -0.01075391 0.00741723
v -0.00136800 -0.01102211 0.00740289
v -0.00109952 -0.01129030 0.00738745
v -0.00083105 -0.01236453 0.00732404
v -0.00136800 -0.01155849 0.00737036
v -0.00190494 -0.01102211 0.00739958
v -0.00109952 -0.01317056 0.00727055
v -0.00109952 -0.01370695 0.00723636
v -0.00136800 -0.01424333 0.00719942
v -0.00109952 -0.01424333 0.00720052
v -0.00083105 -0.01424333 0.00720107
v -0.00109952 -0.01451298 0.00718067
v -0.00083105 -0.01478117 0.00715696
v -0.00056258 -0.01478117 0.00715641
v -0.00083105 -0.01182814 0.00735602
v -0.00083105 -0.01209633 0.00734058
v -0.00056258 -0.01531756 0.00710678
v -0.00056258 -0.01639179 0.00700697
v -0.00083105 -0.01639179 0.00700697
v -0.00109952 -0.01665998 0.00697775
v -0.00056258 -0.01692817 0.00694577
v -0.00029410 -0.01800094 0.00679247
v -0.00029410 -0.01818897 0.00676766
v -0.00029410 -0.01907517 0.00660113
v -0.00015544 -0.01949641 0.00649636
v -0.00029410 -0.02039864 0.00626090
v -0.00029410 -0.02115366 0.00598188
v -0.00029410 -0.02171337 0.00572933
v -0.00014266 -0.02219728 0.00543819
v -0.00013282 -0.02250337 0.00519611
v -0.00015053 -0.02298145 0.00489228
v -0.00014462 -0.02325839 0.00463477
v -0.00036983 -0.02377874 0.00408225
v -0.00056258 -0.02400321 0.00374864
v -0.00056258 -0.02408920 0.00361464
v -0.00056258 -0.02420581 0.00340510
v -0.00056258 -0.02429326 0.00323471
v -0.00056258 -0.02435885 0.00310017
v -0.00056258 -0.02445797 0.00286802
v -0.00029410 -0.02352950 0.00437339
v -0.00029410 -0.02327442 0.00465076
v -0.00029410 -0.02340852 0.00450739
v -0.00028624 -0.02368254 0.00418701
v -0.00056258 -0.02454542 0.00264084
v -0.00056258 -0.02459498 0.00250629
v -0.00056258 -0.02465328 0.00233094
v -0.00083105 -0.02473345 0.00206295
v -0.00083105 -0.02479175 0.00182363
v -0.00953135 -0.01236453 0.00428241
v -0.00939859 -0.01263272 0.00447927
v -0.00953135 -0.01155849 0.00455977
v -0.00956085 -0.01118535 0.00462208
v -0.00960314 -0.01128155 0.00449360
v -0.00966804 -0.00994788 0.00474671
v -0.00923829 -0.01425353 0.00419859
v -0.00927468 -0.01377545 0.00431660
v -0.00929828 -0.01417045 0.00410099
v -0.00943006 -0.01317056 0.00421073
v -0.00918322 -0.01451298 0.00421073
v -0.00929139 -0.01359617 0.00435299
v -0.00930614 -0.01343875 0.00438111
v -0.00933073 -0.01317056 0.00443019
v -0.00860202 -0.01907517 0.00182363
v -0.00858333 -0.01907517 0.00206295
v -0.00851253 -0.01930692 0.00206295
v -0.00855186 -0.01907517 0.00233094
v -0.00877412 -0.01821083 0.00259948
v -0.00875838 -0.01815982 0.00277538
v -0.00878690 -0.01801115 0.00286637
v -0.00867282 -0.01853878 0.00259948
v -0.00874166 -0.01810734 0.00295404
v -0.00899735 -0.01668622 0.00342109
v -0.00879575 -0.01773858 0.00314538
v -0.00874068 -0.01783041 0.00324078
v -0.00886164 -0.01719782 0.00340510
v -0.00850368 -0.01873556 0.00306322
v -0.00863447 -0.01826913 0.00313656
v -0.00871609 -0.01801115 0.00314538
v -0.00901309 -0.01650256 0.00352145
v -0.00903472 -0.01632474 0.00358817
v -0.00905341 -0.01611339 0.00367640
v -0.00910946 -0.01585540 0.00367364
v -0.00912716 -0.01478117 0.00421073
v -0.00900522 -0.01619647 0.00376738
v -0.00902489 -0.01601865 0.00382142
v -0.00918617 -0.01504937 0.00394218
v -0.00978900 -0.00990124 0.00448423
v -0.00266414 -0.00990124 0.00745087
v -0.00271036 -0.00994788 0.00744811
v -0.00271036 -0.01075391 0.00740730
v -0.00190494 -0.01075391 0.00741502
v -0.00163647 -0.01102211 0.00740179
v -0.00136800 -0.01129030 0.00738690
v -0.00109952 -0.01182814 0.00735547
v -0.00271036 -0.01102211 0.00739186
v -0.00244189 -0.01129030 0.00737753
v -0.00163647 -0.01343875 0.00724849
v -0.00217342 -0.01253943 0.00730033
v -0.00217342 -0.01267353 0.00729151
v -0.00163647 -0.01424333 0.00719556
v -0.00136800 -0.01451298 0.00718012
v -0.00109952 -0.01478117 0.00715696
v -0.00109952 -0.01504937 0.00713215
v -0.00109952 -0.01639179 0.00700642
v -0.00109952 -0.01606966 0.00703675
v -0.00136800 -0.01665998 0.00697554
v -0.00109952 -0.01692817 0.00694301
v -0.00083105 -0.01692817 0.00694466
v -0.00136800 -0.01639179 0.00700532
v -0.00056258 -0.01719782 0.00690937
v -0.00056258 -0.01821520 0.00677152
v -0.00056258 -0.01834930 0.00675332
v -0.00056258 -0.01853878 0.00672189
v -0.00056258 -0.01880698 0.00667171
v -0.00056258 -0.01907517 0.00661767
v -0.00029410 -0.01934336 0.00654654
v -0.00029410 -0.01952119 0.00650298
v -0.00056258 -0.02040739 0.00626587
v -0.00056258 -0.02054148 0.00622010
v -0.00056258 -0.02068578 0.00616882
v -0.00056258 -0.02014940 0.00634582
v -0.00056258 -0.02095398 0.00606846
v -0.00056258 -0.02116095 0.00598574
v -0.00056258 -0.02129505 0.00592895
v -0.00056258 -0.02149182 0.00584238
v -0.00056258 -0.02172066 0.00573430
v -0.00056258 -0.02185475 0.00566702
v -0.00029410 -0.02222352 0.00545362
v -0.00029410 -0.02235761 0.00536595
v -0.00029410 -0.02255001 0.00523140
v -0.00029410 -0.02268411 0.00513490
v -0.00029410 -0.02299603 0.00490331
v -0.00029410 -0.02313012 0.00478475
v -0.00056258 -0.02353533 0.00438001
v -0.00056258 -0.02366943 0.00421955
v -0.00056258 -0.02378020 0.00408555
v -0.00056258 -0.02387640 0.00394218
v -0.00083105 -0.02400467 0.00374864
v -0.00083105 -0.02408920 0.00361409
v -0.00083105 -0.02420581 0.00340510
v -0.00083105 -0.02429326 0.00323471
v -0.00109952 -0.02429326 0.00323416
v -0.00083105 -0.02435740 0.00310017
v -0.00109952 -0.02445943 0.00286802
v -0.00083105 -0.02445943 0.00286802
v -0.00083105 -0.02454688 0.00264414
v -0.00056258 -0.02341435 0.00451456
v -0.00056258 -0.02328025 0.00465572
v -0.00109952 -0.02454834 0.00264359
v -0.00083105 -0.02459498 0.00250960
v -0.00083105 -0.02465474 0.00233094
v -0.00109952 -0.02473199 0.00206295
v -0.00109952 -0.02478884 0.00182363
v -0.00934548 -0.01290091 0.00449636
v -0.00929533 -0.01281054 0.00462594
v -0.00948906 -0.01128155 0.00472575
v -0.00950184 -0.01102211 0.00477924
v -0.00952151 -0.01075391 0.00481674
v -0.00955298 -0.01032976 0.00487519
v -0.00960904 -0.01048572 0.00471969
v -0.00956577 -0.01015194 0.00489779
v -0.00965624 -0.00990124 0.00478310
v -0.00967394 -0.00990124 0.00474671
v -0.00906914 -0.01451298 0.00443240
v -0.00933171 -0.01369383 0.00422065
v -0.00903964 -0.01478117 0.00438111
v -0.00926091 -0.01317056 0.00456474
v -0.00927861 -0.01298837 0.00459727
v -0.00851646 -0.01935502 0.00182363
v -0.00849581 -0.01925299 0.00233094
v -0.00846926 -0.01944102 0.00206295
v -0.00848401 -0.01921364 0.00247265
v -0.00858923 -0.01880698 0.00259948
v -0.00849679 -0.01898189 0.00278917
v -0.00852924 -0.01881718 0.00287464
v -0.00847221 -0.01891484 0.00296838
v -0.00873576 -0.01754472 0.00349443
v -0.00871216 -0.01773858 0.00340510
v -0.00876527 -0.01765258 0.00331577
v -0.00863152 -0.01800094 0.00340510
v -0.00835518 -0.01907517 0.00313656
v -0.00844467 -0.01881718 0.00314649
v -0.00847122 -0.01864373 0.00324243
v -0.00850368 -0.01846445 0.00332680
v -0.00853908 -0.01854753 0.00314649
v -0.00898358 -0.01640490 0.00367640
v -0.00904456 -0.01531756 0.00412581
v -0.00906619 -0.01503042 0.00421624
v -0.00902194 -0.01492839 0.00435024
v -0.00895211 -0.01611339 0.00392344
v -0.00876035 -0.01736544 0.00356226
v -0.00874658 -0.01705061 0.00379937
v -0.00887049 -0.01639179 0.00394218
v -0.00902489 -0.01547789 0.00408831
v -0.00271036 -0.00990124 0.00745031
v -0.00297883 -0.00990124 0.00744645
v -0.00297883 -0.01075391 0.00740234
v -0.00297883 -0.01102211 0.00738635
v -0.00271036 -0.01155849 0.00735657
v -0.00244189 -0.01155849 0.00736043
v -0.00190494 -0.01370695 0.00722699
v -0.00236322 -0.01251757 0.00729867
v -0.00217342 -0.01424333 0.00718343
v -0.00163647 -0.01451298 0.00717626
v -0.00136800 -0.01478117 0.00715641
v -0.00136800 -0.01504937 0.00713159
v -0.00136800 -0.01606383 0.00703620
v -0.00163647 -0.01665998 0.00696893
v -0.00136800 -0.01692817 0.00694025
v -0.00163647 -0.01639179 0.00699925
v -0.00109952 -0.01719782 0.00690717
v -0.00163647 -0.01531756 0.00710237
v -0.00163647 -0.01585540 0.00705164
v -0.00163647 -0.01604051 0.00703399
v -0.00163647 -0.01617461 0.00702076
v -0.00083105 -0.01821083 0.00677097
v -0.00109952 -0.01833910 0.00675167
v -0.00109952 -0.01820500 0.00677041
v -0.00083105 -0.01853878 0.00671968
v -0.00109952 -0.01880698 0.00666620
v -0.00083105 -0.01907517 0.00661547
v -0.00083105 -0.01934336 0.00655536
v -0.00056258 -0.01934336 0.00655702
v -0.00056258 -0.01953868 0.00650794
v -0.00056258 -0.01988121 0.00641861
v -0.00083105 -0.02040301 0.00626366
v -0.00083105 -0.02053711 0.00621844
v -0.00083105 -0.02014940 0.00634306
v -0.00083105 -0.02068578 0.00616496
v -0.00083105 -0.01988121 0.00641861
v -0.00109952 -0.01988121 0.00641695
v -0.00083105 -0.02095398 0.00606460
v -0.00083105 -0.02115658 0.00598409
v -0.00083105 -0.02129067 0.00592674
v -0.00083105 -0.02149182 0.00583796
v -0.00083105 -0.02171628 0.00573209
v -0.00083105 -0.02185038 0.00566427
v -0.00083105 -0.02202820 0.00556887
v -0.00056258 -0.02202820 0.00557273
v -0.00056258 -0.02222935 0.00545859
v -0.00056258 -0.02236344 0.00537698
v -0.00056258 -0.02256167 0.00524298
v -0.00056258 -0.02269577 0.00514648
v -0.00056258 -0.02283424 0.00504006
v -0.00056258 -0.02300186 0.00490937
v -0.00056258 -0.02313596 0.00478972
v -0.00083105 -0.02353533 0.00438056
v -0.00083105 -0.02366943 0.00421845
v -0.00083105 -0.02378020 0.00408445
v -0.00083105 -0.02387640 0.00394218
v -0.00109952 -0.02400467 0.00374698
v -0.00109952 -0.02408775 0.00361244
v -0.00109952 -0.02420435 0.00340510
v -0.00136800 -0.02429181 0.00323030
v -0.00109952 -0.02435594 0.00309962
v -0.00136800 -0.02435302 0.00309576
v -0.00136800 -0.02445360 0.00286802
v -0.00136800 -0.02454542 0.00263698
v -0.00083105 -0.02341289 0.00451456
v -0.00083105 -0.02313596 0.00478696
v -0.00083105 -0.02327880 0.00465296
v -0.00136800 -0.02459207 0.00250298
v -0.00109952 -0.02459352 0.00250905
v -0.00109952 -0.02465328 0.00233094
v -0.00136800 -0.02472616 0.00206295
v -0.00136800 -0.02478446 0.00182363
v -0.00921370 -0.01290091 0.00472796
v -0.00922649 -0.01263272 0.00478475
v -0.00925107 -0.01236453 0.00482225
v -0.00927468 -0.01209633 0.00485975
v -0.00932188 -0.01155849 0.00493474
v -0.00934548 -0.01129030 0.00497168
v -0.00940350 -0.01075391 0.00501525
v -0.00950381 -0.00990124 0.00506322
v -0.00956970 -0.00990124 0.00495183
v -0.00957953 -0.00994788 0.00492316
v -0.00958249 -0.00990124 0.00492867
v -0.00899047 -0.01451298 0.00456694
v -0.00900915 -0.01433370 0.00459782
v -0.00908586 -0.01424333 0.00449691
v -0.00895900 -0.01478117 0.00451511
v -0.00875641 -0.01601573 0.00435465
v -0.00902784 -0.01415442 0.00462705
v -0.00847909 -0.01947017 0.00182363
v -0.00847712 -0.01946434 0.00187216
v -0.00844959 -0.01938709 0.00233094
v -0.00845647 -0.01953576 0.00182363
v -0.00834535 -0.01985060 0.00182363
v -0.00833453 -0.01988121 0.00182363
v -0.00840828 -0.01961155 0.00206295
v -0.00846434 -0.01915971 0.00265186
v -0.00850958 -0.01907226 0.00257687
v -0.00822439 -0.02004154 0.00224602
v -0.00820472 -0.01999198 0.00242523
v -0.00830798 -0.01961155 0.00259948
v -0.00821848 -0.01976023 0.00275002
v -0.00843975 -0.01907226 0.00287464
v -0.00822537 -0.01950807 0.00303731
v -0.00825684 -0.01934190 0.00313050
v -0.00860398 -0.01773275 0.00367364
v -0.00853711 -0.01827496 0.00341172
v -0.00850171 -0.01818897 0.00357825
v -0.00852728 -0.01798491 0.00367033
v -0.00819488 -0.01942936 0.00321652
v -0.00822832 -0.01925008 0.00330419
v -0.00846827 -0.01836825 0.00350601
v -0.00873478 -0.01619501 0.00431494
v -0.00900030 -0.01510767 0.00430943
v -0.00880362 -0.01611193 0.00421955
v -0.00872495 -0.01719782 0.00375195
v -0.00848794 -0.01788288 0.00381867
v -0.00870528 -0.01694858 0.00394218
v -0.00879673 -0.01664249 0.00394218
v -0.00875543 -0.01654046 0.00408500
v -0.00877608 -0.01639179 0.00412801
v -0.00320109 -0.00990124 0.00743984
v -0.00324731 -0.01021607 0.00742219
v -0.00324731 -0.01075391 0.00739407
v -0.00324731 -0.01102211 0.00737753
v -0.00297883 -0.01155849 0.00734996
v -0.00271036 -0.01182814 0.00733838
v -0.00244189 -0.01290091 0.00727055
v -0.00217342 -0.01397514 0.00720218
v -0.00271036 -0.01209633 0.00732018
v -0.00271036 -0.01424333 0.00717019
v -0.00217342 -0.01451298 0.00716358
v -0.00190494 -0.01478117 0.00714648
v -0.00163647 -0.01478117 0.00715255
v -0.00244189 -0.01665998 0.00694080
v -0.00163647 -0.01692817 0.00693308
v -0.00244189 -0.01639179 0.00697279
v -0.00136800 -0.01719782 0.00690386
v -0.00183807 -0.01601136 0.00703124
v -0.00201705 -0.01598221 0.00702848
v -0.00217342 -0.01504937 0.00711505
v -0.00244189 -0.01478117 0.00713380
v -0.00244189 -0.01504937 0.00710788
v -0.00136800 -0.01832306 0.00674891
v -0.00136800 -0.01853878 0.00671141
v -0.00109952 -0.01853878 0.00671693
v -0.00136800 -0.01818897 0.00676821
v -0.00136800 -0.01773275 0.00683107
v -0.00136800 -0.01800094 0.00679413
v -0.00136800 -0.01880698 0.00665958
v -0.00109952 -0.01907517 0.00661271
v -0.00109952 -0.01934336 0.00655260
v -0.00109952 -0.01953576 0.00650628
v -0.00083105 -0.01953868 0.00650739
v -0.00083105 -0.01967277 0.00647320
v -0.00109952 -0.02039718 0.00626145
v -0.00109952 -0.02014940 0.00633920
v -0.00109952 -0.02053128 0.00621624
v -0.00109952 -0.02068578 0.00616054
v -0.00109952 -0.01966986 0.00647320
v -0.00136800 -0.01988121 0.00640868
v -0.00136800 -0.01965528 0.00646989
v -0.00109952 -0.02095398 0.00605963
v -0.00109952 -0.02114929 0.00598133
v -0.00109952 -0.02128339 0.00592399
v -0.00109952 -0.02149182 0.00583135
v -0.00109952 -0.02170900 0.00572823
v -0.00109952 -0.02184309 0.00566041
v -0.00109952 -0.02202820 0.00556005
v -0.00109952 -0.02221914 0.00545252
v -0.00083105 -0.02222643 0.00545638
v -0.00083105 -0.02236053 0.00537477
v -0.00083105 -0.02256022 0.00524023
v -0.00083105 -0.02269431 0.00514593
v -0.00083105 -0.02283424 0.00504006
v -0.00083105 -0.02300186 0.00490937
v -0.00109952 -0.02353387 0.00437781
v -0.00109952 -0.02377729 0.00408004
v -0.00109952 -0.02387348 0.00394218
v -0.00136800 -0.02353096 0.00437395
v -0.00109952 -0.02366797 0.00421403
v -0.00136800 -0.02400175 0.00374147
v -0.00136800 -0.02408337 0.00360747
v -0.00136800 -0.02419852 0.00340510
v -0.00163647 -0.02428743 0.00322203
v -0.00163647 -0.02434865 0.00308748
v -0.00163647 -0.02444485 0.00286802
v -0.00163647 -0.02454105 0.00262540
v -0.00109952 -0.02340852 0.00451180
v -0.00109952 -0.02313158 0.00478255
v -0.00109952 -0.02327442 0.00464855
v -0.00163647 -0.02458769 0.00249140
v -0.00136800 -0.02464600 0.00233094
v -0.00160697 -0.02477572 0.00182363
v -0.00163647 -0.02463579 0.00233094
v -0.00163647 -0.02471450 0.00206295
v -0.00914781 -0.01317056 0.00474671
v -0.00904062 -0.01317056 0.00490993
v -0.00906717 -0.01290091 0.00494742
v -0.00925697 -0.01129030 0.00510623
v -0.00927566 -0.01108915 0.00513270
v -0.00929139 -0.01090987 0.00515476
v -0.00935335 -0.01100899 0.00503234
v -0.00936613 -0.00994788 0.00526063
v -0.00936712 -0.00990124 0.00526945
v -0.00876527 -0.01523885 0.00463311
v -0.00882427 -0.01478117 0.00471362
v -0.00884394 -0.01452610 0.00476986
v -0.00893638 -0.01424333 0.00472796
v -0.00866004 -0.01611193 0.00445831
v -0.00874166 -0.01541813 0.00460058
v -0.00900424 -0.01350580 0.00486030
v -0.00902390 -0.01332652 0.00488787
v -0.00831093 -0.01988121 0.00206295
v -0.00824995 -0.02011150 0.00182363
v -0.00823717 -0.02007798 0.00206295
v -0.00818505 -0.02021207 0.00206295
v -0.00810146 -0.02041759 0.00206295
v -0.00805327 -0.02041759 0.00233094
v -0.00816735 -0.02013919 0.00233369
v -0.00810342 -0.02014940 0.00259948
v -0.00818505 -0.01994097 0.00259948
v -0.00796968 -0.02033597 0.00280020
v -0.00814670 -0.01986226 0.00285093
v -0.00818997 -0.01968735 0.00292923
v -0.00815555 -0.01960281 0.00313050
v -0.00845549 -0.01806216 0.00375746
v -0.00818603 -0.01913930 0.00348340
v -0.00822045 -0.01896002 0.00355288
v -0.00842107 -0.01827496 0.00367033
v -0.00827847 -0.01826913 0.00394770
v -0.00814965 -0.01934190 0.00339849
v -0.00802278 -0.01990161 0.00315696
v -0.00794018 -0.02000510 0.00326008
v -0.00870528 -0.01639179 0.00426201
v -0.00849876 -0.01684655 0.00436898
v -0.00852924 -0.01665998 0.00441199
v -0.00855973 -0.01638596 0.00449195
v -0.00839747 -0.01798491 0.00392178
v -0.00844074 -0.01773275 0.00399733
v -0.00851056 -0.01773275 0.00386278
v -0.00324731 -0.00990124 0.00743818
v -0.00324731 -0.00994788 0.00743598
v -0.00351578 -0.01075391 0.00738359
v -0.00351578 -0.01102211 0.00736760
v -0.00324731 -0.01129030 0.00735933
v -0.00324731 -0.01155849 0.00734058
v -0.00297883 -0.01240242 0.00729095
v -0.00271036 -0.01317056 0.00724519
v -0.00244189 -0.01317056 0.00725180
v -0.00297883 -0.01317056 0.00723691
v -0.00297883 -0.01343875 0.00721762
v -0.00297883 -0.01424333 0.00715806
v -0.00271036 -0.01451298 0.00714924
v -0.00244189 -0.01451298 0.00715696
v -0.00271036 -0.01665998 0.00692702
v -0.00244189 -0.01692817 0.00690386
v -0.00217342 -0.01719782 0.00687739
v -0.00217342 -0.01692817 0.00691433
v -0.00271036 -0.01639179 0.00696010
v -0.00163647 -0.01719782 0.00689669
v -0.00217342 -0.01582188 0.00703951
v -0.00244189 -0.01531756 0.00708141
v -0.00262382 -0.01574317 0.00703124
v -0.00271036 -0.01612359 0.00698823
v -0.00271036 -0.01478117 0.00712498
v -0.00163647 -0.01815690 0.00676380
v -0.00163647 -0.01829100 0.00674339
v -0.00163647 -0.01853878 0.00669983
v -0.00163647 -0.01800094 0.00678585
v -0.00163647 -0.01880698 0.00664800
v -0.00136800 -0.01907517 0.00660554
v -0.00136800 -0.01934336 0.00654488
v -0.00136800 -0.01952119 0.00650242
v -0.00136800 -0.02037969 0.00625594
v -0.00136800 -0.02014940 0.00632873
v -0.00136800 -0.02051379 0.00621072
v -0.00136800 -0.02068578 0.00614896
v -0.00190494 -0.01988121 0.00637670
v -0.00190494 -0.01961155 0.00645004
v -0.00158828 -0.01949786 0.00649691
v -0.00166105 -0.01959698 0.00646824
v -0.00136800 -0.02095398 0.00604695
v -0.00136800 -0.02113471 0.00597472
v -0.00136800 -0.02126881 0.00591682
v -0.00136800 -0.02149182 0.00581701
v -0.00136800 -0.02169296 0.00572106
v -0.00136800 -0.02182852 0.00565269
v -0.00136800 -0.02202820 0.00554516
v -0.00136800 -0.02220603 0.00544480
v -0.00109952 -0.02235324 0.00536981
v -0.00109952 -0.02255584 0.00523526
v -0.00109952 -0.02268994 0.00514207
v -0.00109952 -0.02283424 0.00503234
v -0.00109952 -0.02299603 0.00490551
v -0.00142307 -0.02377145 0.00407232
v -0.00134734 -0.02384871 0.00396645
v -0.00134734 -0.02368546 0.00418426
v -0.00136800 -0.02340123 0.00450794
v -0.00163647 -0.02352367 0.00436512
v -0.00163647 -0.02399592 0.00373320
v -0.00163647 -0.02386182 0.00392950
v -0.00163647 -0.02407754 0.00359865
v -0.00163647 -0.02418832 0.00340510
v -0.00190494 -0.02417083 0.00340510
v -0.00190494 -0.02427723 0.00320494
v -0.00190494 -0.02434282 0.00307039
v -0.00190494 -0.02443173 0.00286802
v -0.00192264 -0.02454251 0.00258073
v -0.00184495 -0.02458332 0.00247872
v -0.00136800 -0.02312138 0.00477648
v -0.00136800 -0.02326714 0.00464249
v -0.00187544 -0.02476260 0.00182363
v -0.00192264 -0.02461539 0.00235630
v -0.00217342 -0.02461539 0.00230888
v -0.00217342 -0.02468535 0.00206295
v -0.00190494 -0.02476114 0.00182363
v -0.00896490 -0.01290091 0.00508142
v -0.00899243 -0.01263272 0.00511616
v -0.00902784 -0.01227416 0.00516027
v -0.00909766 -0.01155849 0.00524795
v -0.00910651 -0.01128593 0.00530309
v -0.00919109 -0.01100899 0.00526008
v -0.00919994 -0.01075391 0.00530584
v -0.00927369 -0.00990124 0.00540069
v -0.00934155 -0.00990124 0.00530584
v -0.00874560 -0.01462521 0.00487463
v -0.00849286 -0.01629267 0.00462650
v -0.00876625 -0.01444593 0.00490000
v -0.00819882 -0.02024560 0.00182363
v -0.00794804 -0.02082863 0.00194880
v -0.00798738 -0.02069599 0.00204806
v -0.00793329 -0.02079218 0.00212802
v -0.00797066 -0.02061145 0.00233094
v -0.00795296 -0.02056918 0.00249416
v -0.00799132 -0.02042342 0.00259010
v -0.00793624 -0.02026309 0.00297941
v -0.00801393 -0.02016397 0.00288125
v -0.00792838 -0.02051525 0.00267337
v -0.00770612 -0.02087818 0.00280957
v -0.00789887 -0.02042342 0.00288125
v -0.00797460 -0.02008526 0.00308087
v -0.00800705 -0.01933899 0.00367750
v -0.00819390 -0.01835659 0.00404144
v -0.00823029 -0.01817731 0.00410099
v -0.00797951 -0.01982582 0.00333617
v -0.00802475 -0.01962176 0.00341723
v -0.00797263 -0.01953868 0.00359038
v -0.00790182 -0.01990161 0.00341723
v -0.00790871 -0.02016397 0.00315696
v -0.00767170 -0.02080968 0.00298878
v -0.00767269 -0.02054440 0.00326228
v -0.00771891 -0.02036512 0.00334720
v -0.00777398 -0.02016689 0.00342385
v -0.00849483 -0.01737273 0.00409879
v -0.00846434 -0.01647195 0.00458955
v -0.00846926 -0.01702437 0.00432487
v -0.00820078 -0.01783041 0.00432763
v -0.00826176 -0.01800094 0.00414952
v -0.00346956 -0.00990124 0.00742826
v -0.00351578 -0.01021607 0.00741061
v -0.00432120 -0.00990124 0.00738966
v -0.00378425 -0.01075391 0.00736981
v -0.00378425 -0.01102211 0.00735382
v -0.00351578 -0.01129030 0.00734830
v -0.00343416 -0.01200596 0.00730088
v -0.00329746 -0.01218524 0.00729426
v -0.00322371 -0.01209488 0.00730364
v -0.00324731 -0.01370695 0.00718232
v -0.00324731 -0.01424333 0.00714097
v -0.00297883 -0.01451298 0.00713656
v -0.00378425 -0.01129030 0.00733396
v -0.00351578 -0.01263272 0.00724794
v -0.00297883 -0.01665998 0.00690662
v -0.00271036 -0.01692817 0.00688842
v -0.00258547 -0.01787268 0.00676159
v -0.00244189 -0.01719782 0.00686581
v -0.00297883 -0.01639179 0.00694080
v -0.00190494 -0.01746456 0.00685037
v -0.00190494 -0.01719782 0.00688731
v -0.00297883 -0.01551287 0.00703565
v -0.00297883 -0.01564697 0.00702131
v -0.00297883 -0.01612359 0.00697003
v -0.00271036 -0.01504937 0.00709796
v -0.00271233 -0.01560178 0.00704171
v -0.00280280 -0.01570090 0.00702682
v -0.00297883 -0.01478117 0.00711064
v -0.00244189 -0.01773275 0.00678861
v -0.00217342 -0.01807236 0.00675167
v -0.00217342 -0.01826913 0.00672134
v -0.00190494 -0.01853878 0.00668715
v -0.00217342 -0.01880698 0.00662043
v -0.00163647 -0.01907517 0.00659286
v -0.00217342 -0.01853878 0.00667392
v -0.00166105 -0.01936960 0.00652338
v -0.00163647 -0.02035491 0.00624767
v -0.00190494 -0.02014940 0.00629564
v -0.00163647 -0.02048901 0.00620190
v -0.00163647 -0.02068578 0.00613132
v -0.00217342 -0.01961155 0.00643405
v -0.00217342 -0.01988121 0.00635961
v -0.00190494 -0.01932587 0.00652062
v -0.00176726 -0.01947746 0.00649195
v -0.00191281 -0.02097875 0.00600063
v -0.00200820 -0.02108370 0.00595321
v -0.00182922 -0.02109827 0.00595928
v -0.00190494 -0.02149182 0.00578007
v -0.00163647 -0.02149182 0.00579881
v -0.00191281 -0.02120176 0.00590799
v -0.00190494 -0.02165652 0.00570287
v -0.00163647 -0.02167547 0.00571169
v -0.00190494 -0.02179208 0.00563339
v -0.00190494 -0.02202820 0.00550766
v -0.00163647 -0.02219145 0.00543598
v -0.00136800 -0.02234012 0.00536154
v -0.00163647 -0.02253398 0.00521817
v -0.00136800 -0.02254564 0.00522699
v -0.00136800 -0.02267974 0.00513490
v -0.00163647 -0.02283424 0.00500036
v -0.00136800 -0.02298728 0.00489669
v -0.00163647 -0.02376417 0.00406350
v -0.00163647 -0.02364756 0.00421073
v -0.00163647 -0.02339249 0.00449912
v -0.00163647 -0.02325839 0.00463477
v -0.00185774 -0.02324819 0.00462429
v -0.00184004 -0.02351346 0.00435410
v -0.00190494 -0.02375396 0.00404971
v -0.00190494 -0.02398717 0.00372051
v -0.00190494 -0.02385308 0.00391516
v -0.00190494 -0.02406880 0.00358597
v -0.00217342 -0.02405860 0.00356667
v -0.00217342 -0.02414605 0.00340510
v -0.00217342 -0.02426411 0.00318178
v -0.00217342 -0.02433262 0.00304723
v -0.00217342 -0.02441278 0.00286802
v -0.00217342 -0.02451627 0.00259948
v -0.00202394 -0.02457749 0.00246218
v -0.00163647 -0.02311118 0.00476821
v -0.00217342 -0.02457166 0.00244288
v -0.00244189 -0.02460373 0.00227083
v -0.00244189 -0.02466640 0.00206295
v -0.00217342 -0.02474511 0.00182363
v -0.00875346 -0.01358451 0.00515255
v -0.00880067 -0.01317056 0.00520328
v -0.00883017 -0.01290091 0.00523637
v -0.00900817 -0.01137192 0.00540510
v -0.00902587 -0.01119264 0.00542605
v -0.00904161 -0.01102211 0.00544425
v -0.00913405 -0.00990124 0.00556667
v -0.00906521 -0.01075391 0.00547182
v -0.00849089 -0.01548518 0.00489118
v -0.00851449 -0.01531756 0.00491709
v -0.00855186 -0.01504937 0.00495845
v -0.00848499 -0.01465582 0.00515200
v -0.00865709 -0.01452610 0.00499981
v -0.00834928 -0.01639762 0.00474946
v -0.00823520 -0.01632328 0.00490276
v -0.00839943 -0.01612359 0.00478861
v -0.00846532 -0.01566446 0.00486250
v -0.00812899 -0.02041759 0.00182363
v -0.00788117 -0.02093211 0.00204806
v -0.00803164 -0.02065663 0.00182363
v -0.00795493 -0.02084320 0.00182363
v -0.00789297 -0.02097584 0.00182363
v -0.00777398 -0.02122508 0.00182363
v -0.00768449 -0.02137376 0.00196480
v -0.00791166 -0.02074554 0.00233094
v -0.00773268 -0.02123674 0.00205799
v -0.00781233 -0.02095398 0.00233094
v -0.00768941 -0.02111431 0.00250463
v -0.00787921 -0.02066975 0.00259010
v -0.00773563 -0.02096272 0.00259617
v -0.00776021 -0.02070619 0.00288677
v -0.00765892 -0.02105601 0.00268385
v -0.00763138 -0.02096272 0.00288677
v -0.00792346 -0.01942353 0.00376904
v -0.00795886 -0.01924571 0.00382970
v -0.00816735 -0.01800094 0.00428351
v -0.00793821 -0.01892504 0.00406625
v -0.00797656 -0.01874722 0.00411754
v -0.00812014 -0.01826913 0.00419859
v -0.00788511 -0.01962176 0.00367750
v -0.00771104 -0.02008964 0.00359975
v -0.00748781 -0.02123529 0.00287464
v -0.00739340 -0.02133294 0.00296893
v -0.00744552 -0.02115366 0.00306984
v -0.00764024 -0.02070619 0.00315862
v -0.00750354 -0.02096855 0.00315035
v -0.00744650 -0.02088838 0.00333783
v -0.00750354 -0.02069890 0.00341834
v -0.00766875 -0.02026746 0.00352586
v -0.00822143 -0.01708413 0.00462208
v -0.00829617 -0.01665998 0.00470700
v -0.00829814 -0.01773712 0.00422727
v -0.00801688 -0.01797616 0.00448202
v -0.00794608 -0.01786976 0.00461436
v -0.00811916 -0.01773712 0.00446548
v -0.00815358 -0.01746456 0.00454103
v -0.00454345 -0.00990124 0.00737642
v -0.00432120 -0.00994788 0.00738690
v -0.00458967 -0.00990124 0.00737367
v -0.00405273 -0.01102211 0.00733617
v -0.00351578 -0.01370695 0.00716468
v -0.00351578 -0.01397514 0.00714317
v -0.00324731 -0.01451298 0.00711891
v -0.00418647 -0.01142439 0.00729757
v -0.00380097 -0.01157744 0.00731080
v -0.00324731 -0.01639179 0.00691764
v -0.00324731 -0.01665998 0.00688235
v -0.00297883 -0.01692817 0.00686746
v -0.00276445 -0.01782020 0.00675332
v -0.00268873 -0.01797762 0.00673623
v -0.00271036 -0.01826913 0.00668715
v -0.00244189 -0.01826913 0.00670810
v -0.00244189 -0.01803009 0.00674505
v -0.00244189 -0.01789600 0.00676490
v -0.00297883 -0.01719782 0.00682721
v -0.00312930 -0.01546477 0.00703013
v -0.00323059 -0.01556680 0.00701083
v -0.00324731 -0.01585540 0.00697775
v -0.00324731 -0.01612359 0.00694797
v -0.00324731 -0.01478117 0.00709299
v -0.00244189 -0.01853878 0.00665848
v -0.00244189 -0.01880698 0.00660444
v -0.00217342 -0.01907517 0.00656418
v -0.00217342 -0.02030390 0.00623002
v -0.00217342 -0.02014940 0.00627800
v -0.00190494 -0.02046277 0.00619308
v -0.00190494 -0.02068578 0.00611312
v -0.00244189 -0.01961155 0.00641309
v -0.00217342 -0.01942936 0.00647982
v -0.00244189 -0.01925591 0.00650408
v -0.00244189 -0.01939000 0.00646989
v -0.00244189 -0.01988121 0.00633755
v -0.00232093 -0.02028787 0.00622506
v -0.00217342 -0.01929526 0.00651290
v -0.00217342 -0.02068578 0.00609382
v -0.00217342 -0.02093065 0.00599953
v -0.00217342 -0.02106475 0.00594494
v -0.00217342 -0.02122363 0.00587546
v -0.00209671 -0.02164049 0.00569404
v -0.00205246 -0.02216667 0.00541999
v -0.00190494 -0.02217542 0.00542605
v -0.00163647 -0.02232555 0.00535216
v -0.00190494 -0.02251795 0.00520659
v -0.00163647 -0.02266808 0.00512718
v -0.00190494 -0.02231097 0.00534058
v -0.00178497 -0.02297125 0.00488291
v -0.00163647 -0.02297708 0.00488842
v -0.00217342 -0.02322778 0.00460444
v -0.00201902 -0.02350326 0.00434196
v -0.00217342 -0.02360821 0.00419749
v -0.00217342 -0.02374230 0.00403207
v -0.00217342 -0.02397260 0.00370066
v -0.00217342 -0.02383850 0.00389807
v -0.00236223 -0.02404839 0.00354957
v -0.00244779 -0.02410524 0.00342771
v -0.00238583 -0.02432242 0.00302462
v -0.00271036 -0.02446088 0.00259948
v -0.00244189 -0.02449004 0.00259948
v -0.00246156 -0.02437051 0.00289283
v -0.00244189 -0.02455854 0.00240483
v -0.00271036 -0.02454542 0.00236071
v -0.00271036 -0.02458915 0.00222672
v -0.00271036 -0.02463871 0.00206295
v -0.00271036 -0.02469993 0.00182363
v -0.00268086 -0.02470284 0.00182363
v -0.00241239 -0.02472762 0.00182363
v -0.00870036 -0.01290091 0.00537036
v -0.00875051 -0.01249862 0.00541833
v -0.00850269 -0.01451298 0.00516964
v -0.00879673 -0.01209633 0.00546355
v -0.00888524 -0.01129030 0.00555233
v -0.00891573 -0.01102211 0.00557825
v -0.00901210 -0.01004553 0.00567916
v -0.00906521 -0.00990124 0.00564772
v -0.00911831 -0.00995371 0.00557439
v -0.00826569 -0.01612359 0.00493253
v -0.00812211 -0.01612359 0.00506653
v -0.00818407 -0.01478117 0.00539131
v -0.00820767 -0.01462667 0.00541282
v -0.00823225 -0.01444739 0.00543488
v -0.00822930 -0.01336296 0.00569956
v -0.00838862 -0.01317056 0.00559920
v -0.00853220 -0.01317056 0.00546465
v -0.00856661 -0.01290091 0.00549719
v -0.00820472 -0.01650256 0.00487243
v -0.00795985 -0.01629850 0.00516303
v -0.00769334 -0.02139270 0.00182363
v -0.00762647 -0.02152388 0.00182363
v -0.00740618 -0.02189119 0.00191241
v -0.00761172 -0.02147433 0.00205799
v -0.00766482 -0.02133440 0.00214401
v -0.00771104 -0.02115803 0.00233094
v -0.00764220 -0.02129213 0.00233094
v -0.00753698 -0.02149182 0.00233094
v -0.00741602 -0.02163903 0.00248589
v -0.00746027 -0.02148890 0.00258514
v -0.00765794 -0.01997886 0.00377896
v -0.00770219 -0.01979958 0.00384127
v -0.00773268 -0.01958678 0.00393557
v -0.00784970 -0.01933899 0.00392840
v -0.00797755 -0.01826913 0.00438332
v -0.00767760 -0.01947892 0.00407728
v -0.00794706 -0.01840760 0.00434637
v -0.00775825 -0.01988558 0.00368302
v -0.00743077 -0.02139853 0.00278972
v -0.00737963 -0.02157636 0.00266510
v -0.00734029 -0.02148890 0.00287464
v -0.00715934 -0.02165507 0.00303565
v -0.00720950 -0.02148599 0.00312994
v -0.00735013 -0.02123529 0.00315035
v -0.00739536 -0.02106767 0.00324905
v -0.00739438 -0.02079656 0.00351649
v -0.00762057 -0.02016689 0.00368302
v -0.00790674 -0.01804904 0.00457301
v -0.00781528 -0.01797616 0.00469322
v -0.00767072 -0.01785227 0.00487629
v -0.00780152 -0.01775170 0.00479192
v -0.00792051 -0.01726924 0.00485864
v -0.00512564 -0.00990124 0.00732680
v -0.00458967 -0.01021607 0.00735216
v -0.00432120 -0.01075391 0.00733562
v -0.00434677 -0.01104688 0.00731356
v -0.00351578 -0.01424333 0.00712112
v -0.00351578 -0.01451298 0.00709796
v -0.00445298 -0.01115329 0.00729757
v -0.00351578 -0.01639179 0.00688897
v -0.00351578 -0.01585540 0.00695183
v -0.00351578 -0.01665998 0.00685147
v -0.00324731 -0.01692817 0.00684155
v -0.00308799 -0.01758262 0.00675828
v -0.00290901 -0.01764092 0.00676711
v -0.00297883 -0.01800094 0.00670424
v -0.00297883 -0.01826913 0.00665958
v -0.00271036 -0.01853878 0.00663642
v -0.00330828 -0.01539627 0.00702296
v -0.00324731 -0.01504937 0.00706487
v -0.00323059 -0.01531173 0.00703840
v -0.00341842 -0.01521844 0.00703289
v -0.00351578 -0.01558575 0.00698216
v -0.00351578 -0.01478117 0.00707094
v -0.00271036 -0.01880698 0.00658073
v -0.00244189 -0.01907517 0.00654654
v -0.00217342 -0.02043800 0.00618370
v -0.00271036 -0.01961155 0.00638442
v -0.00261300 -0.01922530 0.00649636
v -0.00271036 -0.01988121 0.00630667
v -0.00242320 -0.02015814 0.00625373
v -0.00249991 -0.02025434 0.00621458
v -0.00242320 -0.02039427 0.00617543
v -0.00244189 -0.02068578 0.00606625
v -0.00244189 -0.02089276 0.00598519
v -0.00244189 -0.02102685 0.00592895
v -0.00244189 -0.02122363 0.00584017
v -0.00218128 -0.02151368 0.00574257
v -0.00227569 -0.02161717 0.00568246
v -0.00218128 -0.02174252 0.00562953
v -0.00215473 -0.02204278 0.00547237
v -0.00223144 -0.02214189 0.00540620
v -0.00278510 -0.02241737 0.00514042
v -0.00260612 -0.02243924 0.00515476
v -0.00217342 -0.02249171 0.00518894
v -0.00190494 -0.02265204 0.00511560
v -0.00188724 -0.02285319 0.00496231
v -0.00217342 -0.02280217 0.00496341
v -0.00196395 -0.02295522 0.00487077
v -0.00244189 -0.02320883 0.00458624
v -0.00217342 -0.02335896 0.00446989
v -0.00217342 -0.02349306 0.00433149
v -0.00244189 -0.02358926 0.00417488
v -0.00244189 -0.02372481 0.00400725
v -0.00254121 -0.02403819 0.00353193
v -0.00244189 -0.02381955 0.00387271
v -0.00271036 -0.02409941 0.00337477
v -0.00271036 -0.02422184 0.00313656
v -0.00256482 -0.02430930 0.00299871
v -0.00271036 -0.02436177 0.00284210
v -0.00297883 -0.02442590 0.00259948
v -0.00295818 -0.02453376 0.00230668
v -0.00285492 -0.02458040 0.00220080
v -0.00297687 -0.02466786 0.00182363
v -0.00303391 -0.02456874 0.00216110
v -0.00295818 -0.02460518 0.00206791
v -0.00860005 -0.01263272 0.00552862
v -0.00845647 -0.01263272 0.00566316
v -0.00865611 -0.01209633 0.00559810
v -0.00868856 -0.01182814 0.00562843
v -0.00874166 -0.01138795 0.00567805
v -0.00876232 -0.01120867 0.00569790
v -0.00878198 -0.01102211 0.00571665
v -0.00889114 -0.00990124 0.00582749
v -0.00897080 -0.00990124 0.00574808
v -0.00798738 -0.01612359 0.00518839
v -0.00794509 -0.01545166 0.00541833
v -0.00800803 -0.01504937 0.00547072
v -0.00805032 -0.01478117 0.00550491
v -0.00820373 -0.01354224 0.00567916
v -0.00805622 -0.01315453 0.00586554
v -0.00810834 -0.01290091 0.00588208
v -0.00814670 -0.01263272 0.00590855
v -0.00848204 -0.01115766 0.00595542
v -0.00825389 -0.01317056 0.00571996
v -0.00849778 -0.01229456 0.00570121
v -0.00842304 -0.01290091 0.00563173
v -0.00794411 -0.01437597 0.00568632
v -0.00795591 -0.01708996 0.00489063
v -0.00804049 -0.01665998 0.00496727
v -0.00792739 -0.01647778 0.00513380
v -0.00782708 -0.01638887 0.00524684
v -0.00767367 -0.01625040 0.00541613
v -0.00780053 -0.01614546 0.00534058
v -0.00748977 -0.02176876 0.00182363
v -0.00738750 -0.02186204 0.00206295
v -0.00746912 -0.02172794 0.00206295
v -0.00747305 -0.02179791 0.00182363
v -0.00741208 -0.02190139 0.00182363
v -0.00735406 -0.02199614 0.00182363
v -0.00720753 -0.02222789 0.00182363
v -0.00718491 -0.02226287 0.00182363
v -0.00716918 -0.02220748 0.00206295
v -0.00728325 -0.02202820 0.00206295
v -0.00743667 -0.02167256 0.00233094
v -0.00714754 -0.02217542 0.00222286
v -0.00711804 -0.02213169 0.00240152
v -0.00717016 -0.02194075 0.00259948
v -0.00730784 -0.02174106 0.00258514
v -0.00744257 -0.02061728 0.00358872
v -0.00743077 -0.02031993 0.00383466
v -0.00747797 -0.02014940 0.00389145
v -0.00755468 -0.01990307 0.00395652
v -0.00763040 -0.01965820 0.00402049
v -0.00768547 -0.01896148 0.00435465
v -0.00745142 -0.01982873 0.00412856
v -0.00752616 -0.01958240 0.00419253
v -0.00742290 -0.01950661 0.00435961
v -0.00759500 -0.01934336 0.00424933
v -0.00764319 -0.01913930 0.00430612
v -0.00714164 -0.02189702 0.00273844
v -0.00718983 -0.02174981 0.00284376
v -0.00710526 -0.02157053 0.00321486
v -0.00690071 -0.02220457 0.00278751
v -0.00684957 -0.02213315 0.00296617
v -0.00691546 -0.02195387 0.00307535
v -0.00686038 -0.02188099 0.00325456
v -0.00721048 -0.02121634 0.00339849
v -0.00735111 -0.02096855 0.00341834
v -0.00732948 -0.02069890 0.00367640
v -0.00737668 -0.02049921 0.00376794
v -0.00716033 -0.02112160 0.00356557
v -0.00719966 -0.02093211 0.00366261
v -0.00768449 -0.01842072 0.00462043
v -0.00772088 -0.01826913 0.00465462
v -0.00763827 -0.01800094 0.00484651
v -0.00750452 -0.01800094 0.00496617
v -0.00754779 -0.01774587 0.00502076
v -0.00767760 -0.01706664 0.00515090
v -0.00779955 -0.01716721 0.00500477
v -0.00528298 -0.00990124 0.00731246
v -0.00452575 -0.01097401 0.00730474
v -0.00460541 -0.01076412 0.00731246
v -0.00458967 -0.01048572 0.00733341
v -0.00378425 -0.01370695 0.00714262
v -0.00378425 -0.01424333 0.00709630
v -0.00378425 -0.01451298 0.00707149
v -0.00460541 -0.01104688 0.00729095
v -0.00485815 -0.01102211 0.00726724
v -0.00485815 -0.01129030 0.00724463
v -0.00378425 -0.01639179 0.00685423
v -0.00378425 -0.01585540 0.00691985
v -0.00378425 -0.01612359 0.00688731
v -0.00378327 -0.01504791 0.00701414
v -0.00378425 -0.01531756 0.00698271
v -0.00378425 -0.01665998 0.00681618
v -0.00349415 -0.01718325 0.00677262
v -0.00338990 -0.01733775 0.00676159
v -0.00324731 -0.01719782 0.00680019
v -0.00324731 -0.01773275 0.00671638
v -0.00299064 -0.01773129 0.00674505
v -0.00324731 -0.01800094 0.00667336
v -0.00324731 -0.01826913 0.00662649
v -0.00297883 -0.01853878 0.00660775
v -0.00351086 -0.01531173 0.00701304
v -0.00351086 -0.01504791 0.00704226
v -0.00378327 -0.01478117 0.00704337
v -0.00297883 -0.01880698 0.00655095
v -0.00297883 -0.01900375 0.00650739
v -0.00270544 -0.01908683 0.00651897
v -0.00270544 -0.01932733 0.00645941
v -0.00297883 -0.01934336 0.00642137
v -0.00297883 -0.01961155 0.00634913
v -0.00279199 -0.01918449 0.00648588
v -0.00298277 -0.01989578 0.00626421
v -0.00289524 -0.02004008 0.00623168
v -0.00271036 -0.02007943 0.00624436
v -0.00271036 -0.02021353 0.00620135
v -0.00271036 -0.02041759 0.00613077
v -0.00271036 -0.02068578 0.00603041
v -0.00271036 -0.02084903 0.00596700
v -0.00271036 -0.02098313 0.00591020
v -0.00271036 -0.02122363 0.00579992
v -0.00244189 -0.02158948 0.00566923
v -0.00297982 -0.02177896 0.00548120
v -0.00271036 -0.02176001 0.00553579
v -0.00244189 -0.02176001 0.00557990
v -0.00244189 -0.02197719 0.00546300
v -0.00270151 -0.02231534 0.00521872
v -0.00244189 -0.02211128 0.00538911
v -0.00297883 -0.02225267 0.00520824
v -0.00297883 -0.02238822 0.00512002
v -0.00292475 -0.02272492 0.00490110
v -0.00270151 -0.02254272 0.00506873
v -0.00244189 -0.02259374 0.00507701
v -0.00217342 -0.02262581 0.00509741
v -0.00244189 -0.02277739 0.00494246
v -0.00244189 -0.02291149 0.00483548
v -0.00217342 -0.02293627 0.00485534
v -0.00244189 -0.02307328 0.00470094
v -0.00271036 -0.02304559 0.00467723
v -0.00271036 -0.02317968 0.00456088
v -0.00271036 -0.02331232 0.00442633
v -0.00244189 -0.02333856 0.00445225
v -0.00244189 -0.02347265 0.00430943
v -0.00271036 -0.02356594 0.00414621
v -0.00271036 -0.02370003 0.00397748
v -0.00289819 -0.02378312 0.00382142
v -0.00271036 -0.02391430 0.00367364
v -0.00271036 -0.02402361 0.00350877
v -0.00297883 -0.02407754 0.00333287
v -0.00297883 -0.02418103 0.00313656
v -0.00297883 -0.02427869 0.00293474
v -0.00297883 -0.02434136 0.00280020
v -0.00324731 -0.02448421 0.00233094
v -0.00319224 -0.02432387 0.00276380
v -0.00326796 -0.02437051 0.00262374
v -0.00324731 -0.02459061 0.00197196
v -0.00338892 -0.02458040 0.00193281
v -0.00324731 -0.02462705 0.00182363
v -0.00324731 -0.02455417 0.00210651
v -0.00847614 -0.01247384 0.00568081
v -0.00855383 -0.01182814 0.00575139
v -0.00861185 -0.01127281 0.00581756
v -0.00863152 -0.01102211 0.00585065
v -0.00866201 -0.01075391 0.00587711
v -0.00874068 -0.01003825 0.00594659
v -0.00881739 -0.00990124 0.00589972
v -0.00787724 -0.01478117 0.00563945
v -0.00792248 -0.01451298 0.00567088
v -0.00795099 -0.01305541 0.00595928
v -0.00797361 -0.01290091 0.00597527
v -0.00801197 -0.01263272 0.00600174
v -0.00794804 -0.01170425 0.00622561
v -0.00796771 -0.01155849 0.00623995
v -0.00813981 -0.01129030 0.00617157
v -0.00817521 -0.01102211 0.00619694
v -0.00822340 -0.01065626 0.00623057
v -0.00832469 -0.00990124 0.00629730
v -0.00845549 -0.00990124 0.00620411
v -0.00852826 -0.01075391 0.00599236
v -0.00783692 -0.01426957 0.00578227
v -0.00775825 -0.01343875 0.00601111
v -0.00792346 -0.01323469 0.00594053
v -0.00778873 -0.01451298 0.00576352
v -0.00789199 -0.01665998 0.00510182
v -0.00775825 -0.01665998 0.00521927
v -0.00764515 -0.01639179 0.00539573
v -0.00751141 -0.01639179 0.00549002
v -0.00731767 -0.01639179 0.00562401
v -0.00736783 -0.01612359 0.00565930
v -0.00756746 -0.01614546 0.00551594
v -0.00759893 -0.01558575 0.00563339
v -0.00770514 -0.01499544 0.00570618
v -0.00710427 -0.02238093 0.00182363
v -0.00707772 -0.02234158 0.00206295
v -0.00704428 -0.02227745 0.00231991
v -0.00707870 -0.02207485 0.00259948
v -0.00687514 -0.02243632 0.00247376
v -0.00714361 -0.02082717 0.00381260
v -0.00727637 -0.02042196 0.00394549
v -0.00717705 -0.02034471 0.00411533
v -0.00736586 -0.02014940 0.00402545
v -0.00740422 -0.02000656 0.00407122
v -0.00737176 -0.01968589 0.00430778
v -0.00713869 -0.02001384 0.00434417
v -0.00719278 -0.01983456 0.00439269
v -0.00725867 -0.01958678 0.00446548
v -0.00714558 -0.01948766 0.00461878
v -0.00731669 -0.01934336 0.00453165
v -0.00693217 -0.02229494 0.00257797
v -0.00692627 -0.02170171 0.00334500
v -0.00710034 -0.02130088 0.00348396
v -0.00683187 -0.02238385 0.00265297
v -0.00675123 -0.02231534 0.00289063
v -0.00659683 -0.02242466 0.00299374
v -0.00665878 -0.02223226 0.00313656
v -0.00680236 -0.02203841 0.00315366
v -0.00661060 -0.02217250 0.00327993
v -0.00685842 -0.02160842 0.00352421
v -0.00692136 -0.02142914 0.00359700
v -0.00700298 -0.02121925 0.00367089
v -0.00708559 -0.02100645 0.00374478
v -0.00740717 -0.01840177 0.00488070
v -0.00745240 -0.01822395 0.00492095
v -0.00734324 -0.01800094 0.00510017
v -0.00738651 -0.01781875 0.00513325
v -0.00758811 -0.01665998 0.00535382
v -0.00742487 -0.01763947 0.00516248
v -0.00533117 -0.00990124 0.00730694
v -0.00531544 -0.00994788 0.00730529
v -0.00527020 -0.01009946 0.00729923
v -0.00405273 -0.01424333 0.00706763
v -0.00396324 -0.01469226 0.00703399
v -0.00405273 -0.01451007 0.00704282
v -0.00512564 -0.01102211 0.00723691
v -0.00485815 -0.01155849 0.00722037
v -0.00405273 -0.01639179 0.00681508
v -0.00405273 -0.01585540 0.00688345
v -0.00405273 -0.01612359 0.00684982
v -0.00414222 -0.01459752 0.00702407
v -0.00405273 -0.01504937 0.00698161
v -0.00405273 -0.01531756 0.00694907
v -0.00387276 -0.01487154 0.00702407
v -0.00404388 -0.01664978 0.00677869
v -0.00394848 -0.01682760 0.00676600
v -0.00377147 -0.01692088 0.00677648
v -0.00367411 -0.01708413 0.00676380
v -0.00356889 -0.01726341 0.00674946
v -0.00351578 -0.01773275 0.00667998
v -0.00351578 -0.01800094 0.00663587
v -0.00351578 -0.01826913 0.00658679
v -0.00324731 -0.01853878 0.00657301
v -0.00314405 -0.01896148 0.00649691
v -0.00297883 -0.01913930 0.00647430
v -0.00324731 -0.01934336 0.00638056
v -0.00324731 -0.01961155 0.00630667
v -0.00307423 -0.01999635 0.00621734
v -0.00324731 -0.01981561 0.00624601
v -0.00298277 -0.02013774 0.00618591
v -0.00297883 -0.02041759 0.00608941
v -0.00285296 -0.02082425 0.00595652
v -0.00295720 -0.02093065 0.00589255
v -0.00298572 -0.02124257 0.00574588
v -0.00308013 -0.02134606 0.00568136
v -0.00298572 -0.02147579 0.00563394
v -0.00271036 -0.02154283 0.00564717
v -0.00324731 -0.02149182 0.00557439
v -0.00324731 -0.02170900 0.00546355
v -0.00306931 -0.02188099 0.00541061
v -0.00289033 -0.02190868 0.00542605
v -0.00271036 -0.02193638 0.00544094
v -0.00271036 -0.02207047 0.00536705
v -0.00324731 -0.02220603 0.00517792
v -0.00297982 -0.02201071 0.00535327
v -0.00324731 -0.02234012 0.00508693
v -0.00300047 -0.02259082 0.00497665
v -0.00300047 -0.02282258 0.00480019
v -0.00297883 -0.02300915 0.00464745
v -0.00271036 -0.02288525 0.00481177
v -0.00271036 -0.02275116 0.00492151
v -0.00310373 -0.02269577 0.00487849
v -0.00297883 -0.02314324 0.00452834
v -0.00297883 -0.02328463 0.00439435
v -0.00297883 -0.02341872 0.00424877
v -0.00271036 -0.02344642 0.00428020
v -0.00297883 -0.02353824 0.00411478
v -0.00298375 -0.02368837 0.00392344
v -0.00307718 -0.02376708 0.00379771
v -0.00297883 -0.02399738 0.00346686
v -0.00298375 -0.02385162 0.00369405
v -0.00318929 -0.02405860 0.00329702
v -0.00326599 -0.02411836 0.00316027
v -0.00326796 -0.02426849 0.00285920
v -0.00351578 -0.02443611 0.00233094
v -0.00349316 -0.02453376 0.00203869
v -0.00337122 -0.02430930 0.00272961
v -0.00351578 -0.02434865 0.00256088
v -0.00346464 -0.02459207 0.00182363
v -0.00356790 -0.02456583 0.00186389
v -0.00870233 -0.00990124 0.00600394
v -0.00774349 -0.01478117 0.00573264
v -0.00782512 -0.01315453 0.00602490
v -0.00781037 -0.01290091 0.00608665
v -0.00779266 -0.01263855 0.00614952
v -0.00766482 -0.01273183 0.00621734
v -0.00800508 -0.01129030 0.00626531
v -0.00804147 -0.01102211 0.00629068
v -0.00812604 -0.00990124 0.00643350
v -0.00859317 -0.00990124 0.00609382
v -0.00863054 -0.00990124 0.00606349
v -0.00863742 -0.00994934 0.00604916
v -0.00766187 -0.01406405 0.00594549
v -0.00771694 -0.01370695 0.00598299
v -0.00742683 -0.01469955 0.00596700
v -0.00759106 -0.01451298 0.00589807
v -0.00763335 -0.01424333 0.00592674
v -0.00745437 -0.01665998 0.00545032
v -0.00715148 -0.01655212 0.00569404
v -0.00718393 -0.01639179 0.00571500
v -0.00742978 -0.01578252 0.00570176
v -0.00746519 -0.01558575 0.00572603
v -0.00695676 -0.02257625 0.00182363
v -0.00694299 -0.02252232 0.00206295
v -0.00690169 -0.02246985 0.00233094
v -0.00678958 -0.02260394 0.00233094
v -0.00665583 -0.02276282 0.00233094
v -0.00661945 -0.02271909 0.00249747
v -0.00690661 -0.02113909 0.00384624
v -0.00698430 -0.02092191 0.00391903
v -0.00712099 -0.02052399 0.00405578
v -0.00688300 -0.02083737 0.00408721
v -0.00701281 -0.02042779 0.00421734
v -0.00690464 -0.02033305 0.00437450
v -0.00709739 -0.02014940 0.00430612
v -0.00702658 -0.01991619 0.00449802
v -0.00696266 -0.02014940 0.00442688
v -0.00709345 -0.01966694 0.00457191
v -0.00685448 -0.01944976 0.00486967
v -0.00699905 -0.01935357 0.00479799
v -0.00709641 -0.01907517 0.00484706
v -0.00713673 -0.01893524 0.00487849
v -0.00718295 -0.01934336 0.00465131
v -0.00691447 -0.01981707 0.00464855
v -0.00700396 -0.01959115 0.00468384
v -0.00657126 -0.02266516 0.00267613
v -0.00665288 -0.02248734 0.00281453
v -0.00652701 -0.02257188 0.00288953
v -0.00633426 -0.02270014 0.00300257
v -0.00654274 -0.02236636 0.00313656
v -0.00634901 -0.02244507 0.00328710
v -0.00643948 -0.02226724 0.00337312
v -0.00635097 -0.02218125 0.00355619
v -0.00652996 -0.02207630 0.00345914
v -0.00660568 -0.02189702 0.00354241
v -0.00666173 -0.02176001 0.00360637
v -0.00659978 -0.02162154 0.00380488
v -0.00684268 -0.02131837 0.00377566
v -0.00728620 -0.01829100 0.00502572
v -0.00720950 -0.01800094 0.00519887
v -0.00716426 -0.01817877 0.00516744
v -0.00728817 -0.01773129 0.00523195
v -0.00593106 -0.00990124 0.00723636
v -0.00421499 -0.01441824 0.00703344
v -0.00512564 -0.01129030 0.00721265
v -0.00430940 -0.01636555 0.00677372
v -0.00421106 -0.01655212 0.00676490
v -0.00432120 -0.01585540 0.00684044
v -0.00432120 -0.01612359 0.00680460
v -0.00432120 -0.01478117 0.00697554
v -0.00432120 -0.01531756 0.00690937
v -0.00432120 -0.01558575 0.00687518
v -0.00431137 -0.01451007 0.00700863
v -0.00405273 -0.01719782 0.00668384
v -0.00378425 -0.01773275 0.00663863
v -0.00378425 -0.01746456 0.00668439
v -0.00385309 -0.01700542 0.00675111
v -0.00378425 -0.01800094 0.00659231
v -0.00380687 -0.01829246 0.00653275
v -0.00373312 -0.01847465 0.00650794
v -0.00352758 -0.01855336 0.00652558
v -0.00323944 -0.01880843 0.00651566
v -0.00332303 -0.01889880 0.00648257
v -0.00323944 -0.01906059 0.00645610
v -0.00351578 -0.01907517 0.00640593
v -0.00351578 -0.01934336 0.00633369
v -0.00351086 -0.01961884 0.00625704
v -0.00341842 -0.01976752 0.00623057
v -0.00324731 -0.01994971 0.00620190
v -0.00324731 -0.02014940 0.00613573
v -0.00324731 -0.02041759 0.00604034
v -0.00295720 -0.02069016 0.00599016
v -0.00303194 -0.02078198 0.00593998
v -0.00324731 -0.02095398 0.00582528
v -0.00324731 -0.02117553 0.00572713
v -0.00324731 -0.02130962 0.00566372
v -0.00344891 -0.02112597 0.00570452
v -0.00353447 -0.02151368 0.00549222
v -0.00363674 -0.02161863 0.00541447
v -0.00345776 -0.02166090 0.00543763
v -0.00324731 -0.02184309 0.00538911
v -0.00324731 -0.02202820 0.00528324
v -0.00340761 -0.02217396 0.00515696
v -0.00324731 -0.02253398 0.00495294
v -0.00315683 -0.02298291 0.00462594
v -0.00324731 -0.02266808 0.00485864
v -0.00324731 -0.02285173 0.00470921
v -0.00333582 -0.02295376 0.00460003
v -0.00318535 -0.02325839 0.00436678
v -0.00316077 -0.02351784 0.00409107
v -0.00368788 -0.02378457 0.00355564
v -0.00351578 -0.02380498 0.00358652
v -0.00324731 -0.02383413 0.00363339
v -0.00326599 -0.02398134 0.00339407
v -0.00324927 -0.02359800 0.00396038
v -0.00324731 -0.02374522 0.00376794
v -0.00336827 -0.02403965 0.00326614
v -0.00351578 -0.02409941 0.00310182
v -0.00351578 -0.02421747 0.00286802
v -0.00378425 -0.02446671 0.00206295
v -0.00372722 -0.02432679 0.00250739
v -0.00390620 -0.02430784 0.00245776
v -0.00380392 -0.02436614 0.00235355
v -0.00351578 -0.02429472 0.00269487
v -0.00359249 -0.02457020 0.00182363
v -0.00366919 -0.02455417 0.00182363
v -0.00752616 -0.01478555 0.00587932
v -0.00756746 -0.01506977 0.00578227
v -0.00745732 -0.01451298 0.00598574
v -0.00727342 -0.01451298 0.00608665
v -0.00725080 -0.01422876 0.00615338
v -0.00738946 -0.01352184 0.00621403
v -0.00742192 -0.01334255 0.00623057
v -0.00745240 -0.01317056 0.00624601
v -0.00740028 -0.01193892 0.00648809
v -0.00743077 -0.01175963 0.00650353
v -0.00764417 -0.01129030 0.00647540
v -0.00766974 -0.01113580 0.00648864
v -0.00790772 -0.01048572 0.00647210
v -0.00793428 -0.01031664 0.00648643
v -0.00795985 -0.01013882 0.00650132
v -0.00798541 -0.00994788 0.00651676
v -0.00799132 -0.00990124 0.00652062
v -0.00739241 -0.01487883 0.00594659
v -0.00729112 -0.01478555 0.00602104
v -0.00725375 -0.01664978 0.00559313
v -0.00737865 -0.01699814 0.00539793
v -0.00720065 -0.01719782 0.00546024
v -0.00728325 -0.01691651 0.00549002
v -0.00688399 -0.01708996 0.00569404
v -0.00701281 -0.01664978 0.00574477
v -0.00663223 -0.01658564 0.00597086
v -0.00700495 -0.01639179 0.00581646
v -0.00708067 -0.01773275 0.00537698
v -0.00690169 -0.01793098 0.00543819
v -0.00671779 -0.01772109 0.00560802
v -0.00678958 -0.01746456 0.00564056
v -0.00698823 -0.01612068 0.00588925
v -0.00686530 -0.02269285 0.00182363
v -0.00683580 -0.02265642 0.00206295
v -0.00658011 -0.02294356 0.00212526
v -0.00653684 -0.02289691 0.00233094
v -0.00635884 -0.02299311 0.00251125
v -0.00646505 -0.02282987 0.00259396
v -0.00681711 -0.02101665 0.00402545
v -0.00663813 -0.02113326 0.00410706
v -0.00673156 -0.02093794 0.00415448
v -0.00660175 -0.02081988 0.00434417
v -0.00673156 -0.02040885 0.00447486
v -0.00680728 -0.02014940 0.00456088
v -0.00685842 -0.01999635 0.00460279
v -0.00680335 -0.01961155 0.00483218
v -0.00666862 -0.01961155 0.00492812
v -0.00655848 -0.01934336 0.00512057
v -0.00660076 -0.01920635 0.00514869
v -0.00700986 -0.01881427 0.00501855
v -0.00630672 -0.02294210 0.00269046
v -0.00637753 -0.02274678 0.00286802
v -0.00621035 -0.02289837 0.00289339
v -0.00606382 -0.02296688 0.00299981
v -0.00607562 -0.02271035 0.00328214
v -0.00617003 -0.02253689 0.00337422
v -0.00626345 -0.02236053 0.00346631
v -0.00608447 -0.02244944 0.00355619
v -0.00616806 -0.02226579 0.00364552
v -0.00607267 -0.02216959 0.00381370
v -0.00625165 -0.02207630 0.00373540
v -0.00633622 -0.02189702 0.00380984
v -0.00640113 -0.02176001 0.00386443
v -0.00621526 -0.02177896 0.00400725
v -0.00631459 -0.02160259 0.00406019
v -0.00638736 -0.02142331 0.00412140
v -0.00656634 -0.02131254 0.00404530
v -0.00685743 -0.01811026 0.00540951
v -0.00699708 -0.01801260 0.00534500
v -0.00692726 -0.01853878 0.00518894
v -0.00701576 -0.01826913 0.00523581
v -0.00733439 -0.01719782 0.00536650
v -0.00619953 -0.00990124 0.00718949
v -0.00593106 -0.00994788 0.00723140
v -0.00566258 -0.01129030 0.00713435
v -0.00539411 -0.01182814 0.00712001
v -0.00440774 -0.01424333 0.00702186
v -0.00445691 -0.01625915 0.00676104
v -0.00439004 -0.01643843 0.00674836
v -0.00430940 -0.01664978 0.00673016
v -0.00458967 -0.01504937 0.00689890
v -0.00458967 -0.01531756 0.00686360
v -0.00458967 -0.01558575 0.00682776
v -0.00450608 -0.01612359 0.00677041
v -0.00458967 -0.01451298 0.00696451
v -0.00458967 -0.01478117 0.00693308
v -0.00405273 -0.01746456 0.00663752
v -0.00407535 -0.01802281 0.00653220
v -0.00400061 -0.01821958 0.00651014
v -0.00405273 -0.01773275 0.00658955
v -0.00391210 -0.01839740 0.00649084
v -0.00380687 -0.01855336 0.00647540
v -0.00362396 -0.01865393 0.00648754
v -0.00344497 -0.01871952 0.00650242
v -0.00352758 -0.01880843 0.00646879
v -0.00378425 -0.01907517 0.00635299
v -0.00378425 -0.01880698 0.00642081
v -0.00371837 -0.01953285 0.00623995
v -0.00359740 -0.01971213 0.00621348
v -0.00351086 -0.01986663 0.00617874
v -0.00351578 -0.02014940 0.00608169
v -0.00339482 -0.02056043 0.00595817
v -0.00324731 -0.02059541 0.00597251
v -0.00324731 -0.02072951 0.00591902
v -0.00352955 -0.02097438 0.00575139
v -0.00362789 -0.02107641 0.00568081
v -0.00352955 -0.02121780 0.00563835
v -0.00395734 -0.02138396 0.00543157
v -0.00378425 -0.02157344 0.00539021
v -0.00378425 -0.02176001 0.00528489
v -0.00358659 -0.02213023 0.00512994
v -0.00378425 -0.02122363 0.00556501
v -0.00350496 -0.02227745 0.00505605
v -0.00351578 -0.02247713 0.00491323
v -0.00326108 -0.02310680 0.00448368
v -0.00351578 -0.02261123 0.00481729
v -0.00351578 -0.02278614 0.00468274
v -0.00351578 -0.02292023 0.00457135
v -0.00336433 -0.02323070 0.00433921
v -0.00326206 -0.02337645 0.00421514
v -0.00333975 -0.02349306 0.00406184
v -0.00351578 -0.02370732 0.00372051
v -0.00351578 -0.02357323 0.00389366
v -0.00378032 -0.02367671 0.00365655
v -0.00386686 -0.02375688 0.00351594
v -0.00405273 -0.02381810 0.00333783
v -0.00378032 -0.02384579 0.00341779
v -0.00351578 -0.02402216 0.00323582
v -0.00351578 -0.02391867 0.00340510
v -0.00378425 -0.02415625 0.00286802
v -0.00378425 -0.02398863 0.00317681
v -0.00378425 -0.02406588 0.00304227
v -0.00380392 -0.02427432 0.00259782
v -0.00405273 -0.02433553 0.00227249
v -0.00420909 -0.02431659 0.00221569
v -0.00405273 -0.02439967 0.00206295
v -0.00405273 -0.02446234 0.00182363
v -0.00377540 -0.02453085 0.00182363
v -0.00405273 -0.02421164 0.00259948
v -0.00405273 -0.02429035 0.00240648
v -0.00690169 -0.01472287 0.00623995
v -0.00707674 -0.01451298 0.00619032
v -0.00711411 -0.01430746 0.00621017
v -0.00714656 -0.01412964 0.00622727
v -0.00717410 -0.01397514 0.00624160
v -0.00722228 -0.01370695 0.00626587
v -0.00727342 -0.01290091 0.00638221
v -0.00719081 -0.01236453 0.00651731
v -0.00729604 -0.01183980 0.00655536
v -0.00727342 -0.01155849 0.00661381
v -0.00737373 -0.01048572 0.00674560
v -0.00740126 -0.01033413 0.00675773
v -0.00750944 -0.01129030 0.00654378
v -0.00756550 -0.01103668 0.00655867
v -0.00769924 -0.01095651 0.00650353
v -0.00777398 -0.01048572 0.00654268
v -0.00781037 -0.00990124 0.00661988
v -0.00795493 -0.00990124 0.00654102
v -0.00705805 -0.01585540 0.00591075
v -0.00714066 -0.01545457 0.00595542
v -0.00716819 -0.01531756 0.00597086
v -0.00722327 -0.01504937 0.00600008
v -0.00699708 -0.01480012 0.00617323
v -0.00657028 -0.01780271 0.00566868
v -0.00661551 -0.01762343 0.00569404
v -0.00665583 -0.01746456 0.00571610
v -0.00672762 -0.01666872 0.00589641
v -0.00646800 -0.01639179 0.00609493
v -0.00667649 -0.01639179 0.00599457
v -0.00681121 -0.01639179 0.00592233
v -0.00647587 -0.01772109 0.00574312
v -0.00638539 -0.01800094 0.00571500
v -0.00658601 -0.01676347 0.00594659
v -0.00645718 -0.01720074 0.00589476
v -0.00635983 -0.01711183 0.00596810
v -0.00648570 -0.01666872 0.00602048
v -0.00685153 -0.01620959 0.00594439
v -0.00675614 -0.01801260 0.00549994
v -0.00652012 -0.01800094 0.00563945
v -0.00678368 -0.02279488 0.00182363
v -0.00660765 -0.02297416 0.00194660
v -0.00668435 -0.02284590 0.00204641
v -0.00633917 -0.02324090 0.00194329
v -0.00630672 -0.02321175 0.00212250
v -0.00640310 -0.02303538 0.00233094
v -0.00625558 -0.02316948 0.00233094
v -0.00607857 -0.02324819 0.00248534
v -0.00645915 -0.02121196 0.00420356
v -0.00635294 -0.02111139 0.00435906
v -0.00654864 -0.02095398 0.00430006
v -0.00641490 -0.02095398 0.00440538
v -0.00655061 -0.02048610 0.00457521
v -0.00661945 -0.02030681 0.00462594
v -0.00673746 -0.01988266 0.00474836
v -0.00661748 -0.01976752 0.00489173
v -0.00646112 -0.01961447 0.00506873
v -0.00636671 -0.01952702 0.00517020
v -0.00642473 -0.01934336 0.00520659
v -0.00656929 -0.01861895 0.00539738
v -0.00612774 -0.02301935 0.00282060
v -0.00579928 -0.02296979 0.00327221
v -0.00601760 -0.02319863 0.00266455
v -0.00583861 -0.02327005 0.00278531
v -0.00565176 -0.02336334 0.00285644
v -0.00576191 -0.02321175 0.00296397
v -0.00580223 -0.02270451 0.00354296
v -0.00579829 -0.02243195 0.00380874
v -0.00597728 -0.02234887 0.00373540
v -0.00590549 -0.02227453 0.00385671
v -0.00594876 -0.02204424 0.00401056
v -0.00605005 -0.02187953 0.00406515
v -0.00617691 -0.02200342 0.00385947
v -0.00613561 -0.02170171 0.00412967
v -0.00620543 -0.02149619 0.00421514
v -0.00627427 -0.02129067 0.00430061
v -0.00634507 -0.01815399 0.00569294
v -0.00662436 -0.01843967 0.00543157
v -0.00667550 -0.01826913 0.00546190
v -0.00644833 -0.01825456 0.00559975
v -0.00646800 -0.00990124 0.00713159
v -0.00580321 -0.01197390 0.00703068
v -0.00557407 -0.01231060 0.00703840
v -0.00528692 -0.01281491 0.00703399
v -0.00522988 -0.01299274 0.00702462
v -0.00458967 -0.01424333 0.00699319
v -0.00470080 -0.01595743 0.00675608
v -0.00463983 -0.01612359 0.00674450
v -0.00458967 -0.01665998 0.00667061
v -0.00456410 -0.01636555 0.00672409
v -0.00432120 -0.01692817 0.00667888
v -0.00485815 -0.01478117 0.00688456
v -0.00476079 -0.01577815 0.00676876
v -0.00485815 -0.01451298 0.00691875
v -0.00485815 -0.01424333 0.00695018
v -0.00432120 -0.01719782 0.00663091
v -0.00417959 -0.01812775 0.00649029
v -0.00432120 -0.01746456 0.00658238
v -0.00433595 -0.01774587 0.00652779
v -0.00425629 -0.01794847 0.00650739
v -0.00407535 -0.01829246 0.00647761
v -0.00432120 -0.01826913 0.00642688
v -0.00405273 -0.01853878 0.00642633
v -0.00407830 -0.01909995 0.00627800
v -0.00400552 -0.01928069 0.00624436
v -0.00379802 -0.01935940 0.00627028
v -0.00405273 -0.01880698 0.00636181
v -0.00389735 -0.01945997 0.00621844
v -0.00379802 -0.01961884 0.00619473
v -0.00378425 -0.01988121 0.00611202
v -0.00379704 -0.02016543 0.00600946
v -0.00371541 -0.02032576 0.00597196
v -0.00349710 -0.02041613 0.00598905
v -0.00357380 -0.02050504 0.00593667
v -0.00349710 -0.02066392 0.00589035
v -0.00378425 -0.02089567 0.00571941
v -0.00378425 -0.02068578 0.00580819
v -0.00378425 -0.02102977 0.00565930
v -0.00413632 -0.02132274 0.00540069
v -0.00404879 -0.02148016 0.00534886
v -0.00404879 -0.02122946 0.00547789
v -0.00403306 -0.02175855 0.00520107
v -0.00392980 -0.02190139 0.00515365
v -0.00378425 -0.02194221 0.00517792
v -0.00378425 -0.02207630 0.00509631
v -0.00405273 -0.02220894 0.00491323
v -0.00376852 -0.02230223 0.00495018
v -0.00404486 -0.02094231 0.00561905
v -0.00366919 -0.02244070 0.00488787
v -0.00373312 -0.02274095 0.00464469
v -0.00380786 -0.02283132 0.00453882
v -0.00378425 -0.02301206 0.00438773
v -0.00351578 -0.02306745 0.00443681
v -0.00351578 -0.02320155 0.00431108
v -0.00378425 -0.02328317 0.00412470
v -0.00351578 -0.02333127 0.00417654
v -0.00351578 -0.02346537 0.00402765
v -0.00378425 -0.02353096 0.00383907
v -0.00392488 -0.02350764 0.00381040
v -0.00422876 -0.02379040 0.00329372
v -0.00410386 -0.02347557 0.00377014
v -0.00432120 -0.02353970 0.00358486
v -0.00405273 -0.02372335 0.00347182
v -0.00403306 -0.02395657 0.00311340
v -0.00392980 -0.02404548 0.00300808
v -0.00403306 -0.02408775 0.00286857
v -0.00430743 -0.02425099 0.00231550
v -0.00438807 -0.02429181 0.00212912
v -0.00430743 -0.02433553 0.00204861
v -0.00447265 -0.02431659 0.00194991
v -0.00432022 -0.02438801 0.00182363
v -0.00425924 -0.02406588 0.00277979
v -0.00433792 -0.02411544 0.00261933
v -0.00673647 -0.01451298 0.00635299
v -0.00694201 -0.01451298 0.00626035
v -0.00686530 -0.01490215 0.00622065
v -0.00664010 -0.01531756 0.00624105
v -0.00669812 -0.01504937 0.00626752
v -0.00676008 -0.01480012 0.00628847
v -0.00701675 -0.01422876 0.00627414
v -0.00715738 -0.01254964 0.00650132
v -0.00712296 -0.01111685 0.00675497
v -0.00727342 -0.01129030 0.00665848
v -0.00715738 -0.01093902 0.00676821
v -0.00729702 -0.01023356 0.00681563
v -0.00727342 -0.00990124 0.00687463
v -0.00743077 -0.01015485 0.00677207
v -0.00759893 -0.00994788 0.00672134
v -0.00752911 -0.01023356 0.00670976
v -0.00754189 -0.01048572 0.00666178
v -0.00778185 -0.00990124 0.00663477
v -0.00692431 -0.01585540 0.00598354
v -0.00701085 -0.01556097 0.00600174
v -0.00700495 -0.01504937 0.00611533
v -0.00700495 -0.01531756 0.00605743
v -0.00618183 -0.01664832 0.00616220
v -0.00625460 -0.01639179 0.00618977
v -0.00630377 -0.01619210 0.00621072
v -0.00644833 -0.01611048 0.00616385
v -0.00651717 -0.01585540 0.00618646
v -0.00673647 -0.01585540 0.00608059
v -0.00675221 -0.01612068 0.00601607
v -0.00619953 -0.01800094 0.00580819
v -0.00631164 -0.01729111 0.00594439
v -0.00619953 -0.01692817 0.00608555
v -0.00621330 -0.01720074 0.00601221
v -0.00663420 -0.02297708 0.00182363
v -0.00662338 -0.02299020 0.00182363
v -0.00648865 -0.02312429 0.00182363
v -0.00635491 -0.02325693 0.00182363
v -0.00616806 -0.02342601 0.00182363
v -0.00605988 -0.02350035 0.00191020
v -0.00602546 -0.02347411 0.00206295
v -0.00612184 -0.02328463 0.00233094
v -0.00593007 -0.02343330 0.00235079
v -0.00578944 -0.02350035 0.00245335
v -0.00619068 -0.02121051 0.00441199
v -0.00604710 -0.02106767 0.00460058
v -0.00620740 -0.02096855 0.00454709
v -0.00630082 -0.02077907 0.00459010
v -0.00637163 -0.02059979 0.00463973
v -0.00646407 -0.02040447 0.00468164
v -0.00631360 -0.02025580 0.00486747
v -0.00646702 -0.02015960 0.00480681
v -0.00655553 -0.01994680 0.00484817
v -0.00646702 -0.01986663 0.00494797
v -0.00637654 -0.02007652 0.00491048
v -0.00630377 -0.01970484 0.00513160
v -0.00603431 -0.01943519 0.00540124
v -0.00619166 -0.01934482 0.00534610
v -0.00629000 -0.01907517 0.00539242
v -0.00620838 -0.01961447 0.00522644
v -0.00633426 -0.01894107 0.00541778
v -0.00639031 -0.01876179 0.00545197
v -0.00550917 -0.02295522 0.00352421
v -0.00558293 -0.02327588 0.00305495
v -0.00548557 -0.02320883 0.00323416
v -0.00566258 -0.02301498 0.00332790
v -0.00593007 -0.02331378 0.00258459
v -0.00573437 -0.02345954 0.00259948
v -0.00554162 -0.02351346 0.00274836
v -0.00545213 -0.02345516 0.00292702
v -0.00566258 -0.02275990 0.00359755
v -0.00550622 -0.02268265 0.00379220
v -0.00566258 -0.02248588 0.00385561
v -0.00548852 -0.02239988 0.00404971
v -0.00567733 -0.02230514 0.00399843
v -0.00577568 -0.02214335 0.00406184
v -0.00594286 -0.02177167 0.00421789
v -0.00601366 -0.02156907 0.00430888
v -0.00628902 -0.01833327 0.00566261
v -0.00605300 -0.01865393 0.00568026
v -0.00611004 -0.01847465 0.00570948
v -0.00619953 -0.01825456 0.00573430
v -0.00647489 -0.01853295 0.00548561
v -0.00674237 -0.00990124 0.00706101
v -0.00665682 -0.01021607 0.00704612
v -0.00661945 -0.01039535 0.00703454
v -0.00657716 -0.01057317 0.00702296
v -0.00630377 -0.01109936 0.00702241
v -0.00597629 -0.01182814 0.00700918
v -0.00566258 -0.01290091 0.00694963
v -0.00566258 -0.01263272 0.00698216
v -0.00539411 -0.01343875 0.00694301
v -0.00552195 -0.01248988 0.00702793
v -0.00512564 -0.01397514 0.00693198
v -0.00485815 -0.01612359 0.00669652
v -0.00485815 -0.01639179 0.00665462
v -0.00485815 -0.01665998 0.00660554
v -0.00443528 -0.01784352 0.00648754
v -0.00512564 -0.01424333 0.00689945
v -0.00512564 -0.01451298 0.00686471
v -0.00485815 -0.01504937 0.00684816
v -0.00499681 -0.01545894 0.00676159
v -0.00493977 -0.01563822 0.00674891
v -0.00485323 -0.01586269 0.00673567
v -0.00512564 -0.01478117 0.00682776
v -0.00433595 -0.01802281 0.00647540
v -0.00458967 -0.01826913 0.00635575
v -0.00432120 -0.01853878 0.00636236
v -0.00458967 -0.01800094 0.00641530
v -0.00418451 -0.01920635 0.00622285
v -0.00432120 -0.01880698 0.00629509
v -0.00432120 -0.01900666 0.00624215
v -0.00407830 -0.01935940 0.00620356
v -0.00405273 -0.01961155 0.00613297
v -0.00405273 -0.01988121 0.00604254
v -0.00389440 -0.02026600 0.00594880
v -0.00379704 -0.02041613 0.00591516
v -0.00394947 -0.02084320 0.00569680
v -0.00433202 -0.02150639 0.00522975
v -0.00424941 -0.02166818 0.00517461
v -0.00426416 -0.02114346 0.00544646
v -0.00444314 -0.02107933 0.00541337
v -0.00434087 -0.02122946 0.00537312
v -0.00410878 -0.02184746 0.00512057
v -0.00403306 -0.02200634 0.00505054
v -0.00419827 -0.02216959 0.00488566
v -0.00405273 -0.02234304 0.00481563
v -0.00384818 -0.02239551 0.00485534
v -0.00412845 -0.02077469 0.00566647
v -0.00434087 -0.02097584 0.00549939
v -0.00379114 -0.02256896 0.00475001
v -0.00391210 -0.02269723 0.00461106
v -0.00404093 -0.02284298 0.00443350
v -0.00412157 -0.02293918 0.00431715
v -0.00394258 -0.02297854 0.00435465
v -0.00395144 -0.02325110 0.00409052
v -0.00378425 -0.02314616 0.00425925
v -0.00378425 -0.02341727 0.00397306
v -0.00402716 -0.02336334 0.00393060
v -0.00440774 -0.02375396 0.00324299
v -0.00458967 -0.02380498 0.00305054
v -0.00431923 -0.02384725 0.00314649
v -0.00447068 -0.02351201 0.00354792
v -0.00432120 -0.02329775 0.00387215
v -0.00432120 -0.02343184 0.00371886
v -0.00410878 -0.02402070 0.00295845
v -0.00458967 -0.02406880 0.00252669
v -0.00473030 -0.02404402 0.00247045
v -0.00458967 -0.02414751 0.00233094
v -0.00457296 -0.02425099 0.00204861
v -0.00465163 -0.02428452 0.00182363
v -0.00451690 -0.02432970 0.00182363
v -0.00433792 -0.02399592 0.00286857
v -0.00443823 -0.02403673 0.00272134
v -0.00458967 -0.02401195 0.00266124
v -0.00646800 -0.01504937 0.00636512
v -0.00644243 -0.01475640 0.00643074
v -0.00633622 -0.01465145 0.00649305
v -0.00649849 -0.01451298 0.00645059
v -0.00673647 -0.01424333 0.00639821
v -0.00687612 -0.01331632 0.00649415
v -0.00660765 -0.01546477 0.00622616
v -0.00647390 -0.01556680 0.00626311
v -0.00646800 -0.01531756 0.00631384
v -0.00702265 -0.01102502 0.00680405
v -0.00700495 -0.01048572 0.00688897
v -0.00698135 -0.00992893 0.00697830
v -0.00619953 -0.01451298 0.00656529
v -0.00635589 -0.01282366 0.00676931
v -0.00723310 -0.00990124 0.00688952
v -0.00743175 -0.00990124 0.00680846
v -0.00746420 -0.00994788 0.00678806
v -0.00760582 -0.00990124 0.00672520
v -0.00607955 -0.01655066 0.00622947
v -0.00593106 -0.01746456 0.00607011
v -0.00590549 -0.01717159 0.00615338
v -0.00611987 -0.01639179 0.00624657
v -0.00620838 -0.01611048 0.00626697
v -0.00656634 -0.01564405 0.00620797
v -0.00590745 -0.01824727 0.00587656
v -0.00580223 -0.01814233 0.00595762
v -0.00597629 -0.01800094 0.00591406
v -0.00618281 -0.01772400 0.00589090
v -0.00626247 -0.01746456 0.00592178
v -0.00603136 -0.01780709 0.00593943
v -0.00584255 -0.01800094 0.00597582
v -0.00593794 -0.01772400 0.00600284
v -0.00607267 -0.02351055 0.00182363
v -0.00596941 -0.02358489 0.00182363
v -0.00593991 -0.02360529 0.00182363
v -0.00589172 -0.02357468 0.00206295
v -0.00583960 -0.02353533 0.00227469
v -0.00566357 -0.02371898 0.00208280
v -0.00552195 -0.02377000 0.00218536
v -0.00546983 -0.02373939 0.00233094
v -0.00533510 -0.02381810 0.00233094
v -0.00527807 -0.02378457 0.00248644
v -0.00559964 -0.02354699 0.00259948
v -0.00592712 -0.02148453 0.00442137
v -0.00578354 -0.02134315 0.00460499
v -0.00586812 -0.02116386 0.00465682
v -0.00592515 -0.02094669 0.00474395
v -0.00599891 -0.02068578 0.00484100
v -0.00612184 -0.02088838 0.00465186
v -0.00621428 -0.02015960 0.00497444
v -0.00621428 -0.02044091 0.00483328
v -0.00606087 -0.02054586 0.00487849
v -0.00613462 -0.02036803 0.00492371
v -0.00620838 -0.01990015 0.00509906
v -0.00605497 -0.02000218 0.00514373
v -0.00612479 -0.01982290 0.00518398
v -0.00593991 -0.01934482 0.00548561
v -0.00609725 -0.01925591 0.00543653
v -0.00593991 -0.01963196 0.00537201
v -0.00578748 -0.01973399 0.00541337
v -0.00585533 -0.01955617 0.00544866
v -0.00615626 -0.01907517 0.00547182
v -0.00622608 -0.01883321 0.00552035
v -0.00519743 -0.02292752 0.00376794
v -0.00541771 -0.02285173 0.00369074
v -0.00530658 -0.02326714 0.00330695
v -0.00533019 -0.02301352 0.00358872
v -0.00527315 -0.02351201 0.00301359
v -0.00519448 -0.02373939 0.00266565
v -0.00537542 -0.02354845 0.00284982
v -0.00540788 -0.02257625 0.00395046
v -0.00532724 -0.02274824 0.00385120
v -0.00538329 -0.02228765 0.00420466
v -0.00559669 -0.02222060 0.00412250
v -0.00530954 -0.02246839 0.00410761
v -0.00566848 -0.02203403 0.00421403
v -0.00573929 -0.02184163 0.00430612
v -0.00583468 -0.02166235 0.00437064
v -0.00619953 -0.01855336 0.00563504
v -0.00599989 -0.01880698 0.00565434
v -0.00581206 -0.01896002 0.00569349
v -0.00586517 -0.01880698 0.00571886
v -0.00595072 -0.01855336 0.00576021
v -0.00677679 -0.00990124 0.00705054
v -0.00683580 -0.01000472 0.00701745
v -0.00672074 -0.01048426 0.00698823
v -0.00673647 -0.01075391 0.00694466
v -0.00619953 -0.01236453 0.00688290
v -0.00619953 -0.01209633 0.00691985
v -0.00593106 -0.01263272 0.00691875
v -0.00593106 -0.01236453 0.00695349
v -0.00625263 -0.01129030 0.00701083
v -0.00631754 -0.01300294 0.00675553
v -0.00566258 -0.01317056 0.00691599
v -0.00539411 -0.01370695 0.00691047
v -0.00539411 -0.01317056 0.00697389
v -0.00523086 -0.01513828 0.00675387
v -0.00512564 -0.01585540 0.00667226
v -0.00512564 -0.01612359 0.00663091
v -0.00512564 -0.01639179 0.00658624
v -0.00513744 -0.01666727 0.00653055
v -0.00539411 -0.01397514 0.00687629
v -0.00541574 -0.01453047 0.00679688
v -0.00533904 -0.01478117 0.00677979
v -0.00528593 -0.01496045 0.00676711
v -0.00539411 -0.01424333 0.00684100
v -0.00486896 -0.01827788 0.00626973
v -0.00460836 -0.01855482 0.00627745
v -0.00445691 -0.01894253 0.00622396
v -0.00485815 -0.01800094 0.00633865
v -0.00523480 -0.01676201 0.00648533
v -0.00432120 -0.01934336 0.00614014
v -0.00432120 -0.01961155 0.00605577
v -0.00429563 -0.01986080 0.00597858
v -0.00418942 -0.02001676 0.00595597
v -0.00405273 -0.02007069 0.00597472
v -0.00405273 -0.02020479 0.00592619
v -0.00405273 -0.02041759 0.00584182
v -0.00404486 -0.02068578 0.00573264
v -0.00424351 -0.02059541 0.00570562
v -0.00442839 -0.02160551 0.00513821
v -0.00433202 -0.02175855 0.00508528
v -0.00442249 -0.02052545 0.00567530
v -0.00458967 -0.02068578 0.00553799
v -0.00458967 -0.02088255 0.00544756
v -0.00458967 -0.02101665 0.00538304
v -0.00485815 -0.02116532 0.00519060
v -0.00472243 -0.02135626 0.00514869
v -0.00454345 -0.02142623 0.00518619
v -0.00458967 -0.02223518 0.00466510
v -0.00443331 -0.02241883 0.00460334
v -0.00425433 -0.02246985 0.00464083
v -0.00430153 -0.02202383 0.00493364
v -0.00437725 -0.02210983 0.00484762
v -0.00432808 -0.02068578 0.00563670
v -0.00405273 -0.02265787 0.00458238
v -0.00432120 -0.02275407 0.00439049
v -0.00432120 -0.02288817 0.00427304
v -0.00449920 -0.02299020 0.00409824
v -0.00432120 -0.02303247 0.00413904
v -0.00413042 -0.02321175 0.00405137
v -0.00403699 -0.02309514 0.00420411
v -0.00458967 -0.02371607 0.00318453
v -0.00457197 -0.02357031 0.00340621
v -0.00479717 -0.02353824 0.00331688
v -0.00472735 -0.02377583 0.00300477
v -0.00458967 -0.02390847 0.00286802
v -0.00457296 -0.02336479 0.00366427
v -0.00464966 -0.02347265 0.00349609
v -0.00432120 -0.02316656 0.00400615
v -0.00449625 -0.02325693 0.00382859
v -0.00479324 -0.02407026 0.00233094
v -0.00483454 -0.02395657 0.00257577
v -0.00492797 -0.02401778 0.00233094
v -0.00486110 -0.02420144 0.00182363
v -0.00498992 -0.02404111 0.00219308
v -0.00488372 -0.02411544 0.00208721
v -0.00619953 -0.01585540 0.00632046
v -0.00619953 -0.01558575 0.00637174
v -0.00617691 -0.01530007 0.00643460
v -0.00607267 -0.01519950 0.00649470
v -0.00610807 -0.01504937 0.00650849
v -0.00620248 -0.01475640 0.00652448
v -0.00683875 -0.01349560 0.00647982
v -0.00673647 -0.01102211 0.00690496
v -0.00695381 -0.00990124 0.00699208
v -0.00698725 -0.00990124 0.00697995
v -0.00593106 -0.01478117 0.00661216
v -0.00593106 -0.01451298 0.00665406
v -0.00747207 -0.00990124 0.00679137
v -0.00579829 -0.01706518 0.00622396
v -0.00593597 -0.01664832 0.00626421
v -0.00593106 -0.01639179 0.00632156
v -0.00566258 -0.01880698 0.00581315
v -0.00565570 -0.01854024 0.00590027
v -0.00566258 -0.01800094 0.00605026
v -0.00556129 -0.01845133 0.00596920
v -0.00565570 -0.01824727 0.00598850
v -0.00574126 -0.02374085 0.00182363
v -0.00557506 -0.02380206 0.00200670
v -0.00541673 -0.02386474 0.00208280
v -0.00512564 -0.02392741 0.00233094
v -0.00511285 -0.02382247 0.00258514
v -0.00568127 -0.02150931 0.00456474
v -0.00551212 -0.02160988 0.00460389
v -0.00560456 -0.02143206 0.00465627
v -0.00566160 -0.02122217 0.00474615
v -0.00571864 -0.02100499 0.00483604
v -0.00580321 -0.02082717 0.00488456
v -0.00599793 -0.02014940 0.00511009
v -0.00593401 -0.02042050 0.00501690
v -0.00580616 -0.02029515 0.00515531
v -0.00586320 -0.02014940 0.00518784
v -0.00595171 -0.01990015 0.00524850
v -0.00591335 -0.01905914 0.00560637
v -0.00558981 -0.01988121 0.00544756
v -0.00539411 -0.01988121 0.00554130
v -0.00568422 -0.01963196 0.00550380
v -0.00572355 -0.01988121 0.00538139
v -0.00545213 -0.02019604 0.00538084
v -0.00565766 -0.01934482 0.00562622
v -0.00574322 -0.01913930 0.00566096
v -0.00501943 -0.02298291 0.00382418
v -0.00510105 -0.02281821 0.00392730
v -0.00512564 -0.02345516 0.00320383
v -0.00497616 -0.02349743 0.00325953
v -0.00510695 -0.02330795 0.00340014
v -0.00518366 -0.02319280 0.00348616
v -0.00500566 -0.02324381 0.00354737
v -0.00510105 -0.02308786 0.00365765
v -0.00501648 -0.02378603 0.00275553
v -0.00490633 -0.02373356 0.00293419
v -0.00512564 -0.02354845 0.00306929
v -0.00518464 -0.02264767 0.00403041
v -0.00527708 -0.02217687 0.00435465
v -0.00545606 -0.02210254 0.00430116
v -0.00500664 -0.02270889 0.00408390
v -0.00510695 -0.02256167 0.00414842
v -0.00497714 -0.02242029 0.00433645
v -0.00512564 -0.02236636 0.00429454
v -0.00556031 -0.02192326 0.00436512
v -0.00565471 -0.02175564 0.00442027
v -0.00556424 -0.01925591 0.00570342
v -0.00565766 -0.01905914 0.00573044
v -0.00621723 -0.01290820 0.00679964
v -0.00565766 -0.01453047 0.00673237
v -0.00556424 -0.01445176 0.00677097
v -0.00561439 -0.01424333 0.00678585
v -0.00593106 -0.01290091 0.00688290
v -0.00566258 -0.01343875 0.00688125
v -0.00551900 -0.01463104 0.00675828
v -0.00539411 -0.01558575 0.00664304
v -0.00539411 -0.01585540 0.00660003
v -0.00535182 -0.01639179 0.00652172
v -0.00529577 -0.01658273 0.00650408
v -0.00496534 -0.01837262 0.00621514
v -0.00503614 -0.01819334 0.00623885
v -0.00485815 -0.01880698 0.00613077
v -0.00456410 -0.01904893 0.00615668
v -0.00458967 -0.01934336 0.00605633
v -0.00512564 -0.01773275 0.00631108
v -0.00512465 -0.01798637 0.00625649
v -0.00446871 -0.01975877 0.00595983
v -0.00457099 -0.01959406 0.00598133
v -0.00429563 -0.02012316 0.00588042
v -0.00432808 -0.02042925 0.00574808
v -0.00480799 -0.02168859 0.00492040
v -0.00459361 -0.02177021 0.00496507
v -0.00450707 -0.02193055 0.00490386
v -0.00461524 -0.02150639 0.00511230
v -0.00452772 -0.02034617 0.00571334
v -0.00460639 -0.02042925 0.00564772
v -0.00472735 -0.02082279 0.00541944
v -0.00483356 -0.02066683 0.00544756
v -0.00483356 -0.02092920 0.00532128
v -0.00500763 -0.02110265 0.00515696
v -0.00485815 -0.02129942 0.00511726
v -0.00488175 -0.02151514 0.00498602
v -0.00475390 -0.02218271 0.00462705
v -0.00458967 -0.02236927 0.00456749
v -0.00457591 -0.02256750 0.00442137
v -0.00447756 -0.02271180 0.00435465
v -0.00433497 -0.02256167 0.00453661
v -0.00468605 -0.02186787 0.00486361
v -0.00459361 -0.02202383 0.00480516
v -0.00457787 -0.02282695 0.00420521
v -0.00467818 -0.02294356 0.00405192
v -0.00458672 -0.02310097 0.00394053
v -0.00483356 -0.02381518 0.00285423
v -0.00485815 -0.02328463 0.00359258
v -0.00467523 -0.02321175 0.00378117
v -0.00487585 -0.02343184 0.00340621
v -0.00504991 -0.02406734 0.00201387
v -0.00517874 -0.02406151 0.00182363
v -0.00513350 -0.02400904 0.00208721
v -0.00593106 -0.01612359 0.00637339
v -0.00566258 -0.01614692 0.00646383
v -0.00579928 -0.01572568 0.00649305
v -0.00593401 -0.01530007 0.00652338
v -0.00593106 -0.01504937 0.00656749
v -0.00566258 -0.01478117 0.00669322
v -0.00566258 -0.01531756 0.00660719
v -0.00566258 -0.01504937 0.00665076
v -0.00566258 -0.01665998 0.00636126
v -0.00537444 -0.01798637 0.00616551
v -0.00527217 -0.01788579 0.00622782
v -0.00566258 -0.01639179 0.00641751
v -0.00539411 -0.01907517 0.00584127
v -0.00540198 -0.01882593 0.00592123
v -0.00549638 -0.01863061 0.00594273
v -0.00539411 -0.01826913 0.00608500
v -0.00514727 -0.01882593 0.00602048
v -0.00561046 -0.02382684 0.00182363
v -0.00538132 -0.02395657 0.00182363
v -0.00530462 -0.02399884 0.00182363
v -0.00522791 -0.02402799 0.00186719
v -0.00541181 -0.02177021 0.00455481
v -0.00533314 -0.02168859 0.00465407
v -0.00538919 -0.02148744 0.00474450
v -0.00553965 -0.02109973 0.00488787
v -0.00564291 -0.02093211 0.00491985
v -0.00564685 -0.02067121 0.00505274
v -0.00563701 -0.02012316 0.00531853
v -0.00554654 -0.02057063 0.00515917
v -0.00564685 -0.02039718 0.00519005
v -0.00537542 -0.02012316 0.00544866
v -0.00527315 -0.02029661 0.00542440
v -0.00523971 -0.01972379 0.00567805
v -0.00540001 -0.01962467 0.00564111
v -0.00549343 -0.01943519 0.00567088
v -0.00485815 -0.02288963 0.00400339
v -0.00485815 -0.02316219 0.00372658
v -0.00485815 -0.02302809 0.00386885
v -0.00512564 -0.02223226 0.00439711
v -0.00493289 -0.02211857 0.00458349
v -0.00513252 -0.02202820 0.00453661
v -0.00537837 -0.02201946 0.00440538
v -0.00465655 -0.02265933 0.00431219
v -0.00487585 -0.02256750 0.00427083
v -0.00485815 -0.02275553 0.00412470
v -0.00486503 -0.02230223 0.00448313
v -0.00479816 -0.02248005 0.00438277
v -0.00540001 -0.01934482 0.00574422
v -0.00541869 -0.01614692 0.00654323
v -0.00566258 -0.01558575 0.00656198
v -0.00557309 -0.01607258 0.00650684
v -0.00552490 -0.01625040 0.00649084
v -0.00548557 -0.01639179 0.00647761
v -0.00538919 -0.01666727 0.00645390
v -0.00512465 -0.01827788 0.00618260
v -0.00512564 -0.01853878 0.00610926
v -0.00521414 -0.01806507 0.00620686
v -0.00485815 -0.01907517 0.00605026
v -0.00473719 -0.01949349 0.00596038
v -0.00464769 -0.01967277 0.00592950
v -0.00457099 -0.01986080 0.00588594
v -0.00498697 -0.02162008 0.00487849
v -0.00488175 -0.02177021 0.00483273
v -0.00460639 -0.02016543 0.00575580
v -0.00470670 -0.02026600 0.00567971
v -0.00485815 -0.02041759 0.00555067
v -0.00500468 -0.02056335 0.00542385
v -0.00490633 -0.02074263 0.00538139
v -0.00510793 -0.02093940 0.00519115
v -0.00528003 -0.02083883 0.00515917
v -0.00518562 -0.02101811 0.00511340
v -0.00537149 -0.02120322 0.00491930
v -0.00526626 -0.02136355 0.00488456
v -0.00523873 -0.02403236 0.00182363
v -0.00566258 -0.01583062 0.00652007
v -0.00531445 -0.01954451 0.00571059
v -0.00510007 -0.01931858 0.00587767
v -0.00525053 -0.01892796 0.00595156
v -0.00505385 -0.01907517 0.00597913
v -0.00522594 -0.02186641 0.00459451
v -0.00512564 -0.02156032 0.00484265
v -0.00504795 -0.02193929 0.00464194
v -0.00513252 -0.02177021 0.00470700
v -0.00537936 -0.02093940 0.00505715
v -0.00545901 -0.02074992 0.00511450
v -0.00537936 -0.02067121 0.00519280
v -0.00537542 -0.02039864 0.00532570
v -0.00512564 -0.02014940 0.00555123
v -0.00518267 -0.02047589 0.00538194
v -0.00510597 -0.02039864 0.00545252
v -0.00479422 -0.02008818 0.00571555
v -0.00506171 -0.01981561 0.00571445
v -0.00487388 -0.01989578 0.00575911
v -0.00483946 -0.01959406 0.00588539
v -0.00514039 -0.01962467 0.00575415
v -0.00487388 -0.02016543 0.00565158
v -0.00491617 -0.01939146 0.00592564
v -0.00499484 -0.01921218 0.00595597
v -0.00510597 -0.02066683 0.00532625
v -0.00518759 -0.01907517 0.00592619
f 9 10 5
f 9 16 17
f 41 42 27
f 17 16 27
f 64 42 41
f 10 9 19
f 65 64 95
f 42 64 65
f 123 95 132
f 132 168 123
f 26 40 41
f 41 27 26
f 26 27 16
f 18 9 17
f 18 19 9
f 257 196 256
f 282 222 281
f 361 362 282
f 95 64 94
f 94 122 95
f 95 130 131
f 131 132 95
f 41 40 62
f 40 61 62
f 195 196 151
f 321 257 256
f 201 258 259
f 259 260 201
f 253 405 319
f 196 195 255
f 152 116 151
f 201 153 152
f 152 153 116
f 151 196 197
f 196 257 197
f 222 282 283
f 283 282 362
f 452 362 451
f 451 362 361
f 125 170 171
f 124 125 95
f 124 170 125
f 169 170 124
f 124 95 123
f 220 170 169
f 279 357 358
f 129 130 95
f 95 128 129
f 95 122 126
f 168 216 217
f 165 216 168
f 215 216 165
f 86 116 117
f 116 157 117
f 116 155 156
f 156 157 116
f 206 208 207
f 207 156 206
f 157 156 207
f 154 155 116
f 116 153 154
f 89 63 88
f 89 90 63
f 85 63 93
f 60 61 40
f 40 59 60
f 40 63 58
f 58 59 40
f 58 63 85
f 604 500 499
f 501 500 604
f 499 500 410
f 410 500 501
f 253 195 252
f 405 404 495
f 405 406 320
f 256 196 320
f 196 255 320
f 320 321 256
f 320 406 321
f 254 195 253
f 254 255 195
f 319 255 254
f 253 319 254
f 151 199 200
f 200 152 151
f 200 199 201
f 201 152 200
f 198 197 257
f 198 257 258
f 198 199 151
f 151 197 198
f 198 258 201
f 201 199 198
f 335 263 334
f 1936 1926 2087
f 2255 2100 2258
f 1883 2031 1885
f 711 718 833
f 711 833 834
f 926 954 1054
f 926 1054 1055
f 956 1092 957
f 1096 1090 956
f 956 1090 954
f 954 834 956
f 1770 1731 1771
f 1771 1731 1730
f 1299 1300 1181
f 1452 1300 1299
f 1591 1582 1705
f 1729 1879 1734
f 1734 1596 1729
f 1729 1596 1595
f 1730 1731 1595
f 450 451 361
f 222 171 221
f 281 222 221
f 221 171 170
f 170 220 221
f 445 357 436
f 444 551 538
f 538 437 444
f 358 357 444
f 219 220 167
f 167 220 169
f 167 124 123
f 169 124 167
f 127 128 95
f 95 126 127
f 357 279 354
f 215 165 214
f 214 165 213
f 87 63 86
f 86 117 87
f 120 121 87
f 87 121 88
f 88 63 87
f 63 90 91
f 502 604 499
f 501 604 502
f 726 605 728
f 728 605 606
f 607 853 730
f 501 502 413
f 262 263 201
f 1099 962 1098
f 1640 1641 1639
f 194 195 151
f 194 252 195
f 257 321 322
f 321 329 322
f 330 329 321
f 331 330 420
f 420 330 419
f 987 866 865
f 865 866 742
f 861 735 860
f 863 735 862
f 735 861 862
f 858 735 863
f 858 976 854
f 621 516 622
f 613 511 510
f 615 511 613
f 510 612 613
f 425 337 424
f 510 511 424
f 424 513 510
f 422 337 336
f 336 337 263
f 263 335 336
f 334 328 336
f 336 335 334
f 164 165 120
f 213 165 164
f 203 153 201
f 201 204 203
f 203 204 153
f 265 341 267
f 202 154 153
f 153 204 202
f 202 204 154
f 155 154 205
f 154 204 205
f 206 156 205
f 205 156 155
f 205 208 206
f 205 204 208
f 1372 1521 1522
f 1367 1516 1514
f 1514 1372 1367
f 1521 1372 1514
f 1923 1924 1775
f 2093 1933 2092
f 2085 2092 2087
f 2243 2092 2085
f 1924 1923 2085
f 2258 2100 2102
f 1729 1595 1728
f 1770 1751 1901
f 1901 1751 1900
f 1880 1731 1770
f 1770 1918 1880
f 1770 1901 1919
f 1919 1901 2055
f 1921 1918 1770
f 2136 1981 1984
f 2384 2386 2257
f 2257 2255 2384
f 1885 2031 2032
f 2030 1883 2029
f 2031 1883 2030
f 1318 1471 1472
f 1322 1323 1195
f 1886 1885 2033
f 2033 2032 2181
f 1885 2032 2033
f 2294 2361 2360
f 2294 2293 2354
f 2354 2361 2294
f 1981 2135 1985
f 1981 2136 2133
f 1627 1495 1626
f 181 179 140
f 295 235 233
f 181 235 236
f 953 834 833
f 719 718 711
f 718 719 597
f 711 594 597
f 597 719 711
f 369 289 305
f 954 926 836
f 1054 954 1091
f 954 1090 1091
f 1094 1090 1096
f 1750 1751 1615
f 1752 1615 1751
f 943 956 957
f 1040 915 914
f 1990 1991 1839
f 314 250 251
f 370 289 369
f 455 456 365
f 145 146 111
f 111 144 145
f 33 22 32
f 32 47 33
f 181 140 180
f 2458 2371 2349
f 1580 1459 1582
f 1455 1584 1585
f 1455 1300 1454
f 1454 1584 1455
f 2435 2425 2424
f 2319 2167 2169
f 2424 2425 2309
f 2429 2431 2379
f 2316 2431 2429
f 2379 2431 2380
f 2380 2431 2381
f 2249 2248 2383
f 2249 2102 2091
f 2089 2248 2090
f 2090 2249 2091
f 2248 2249 2090
f 2247 2248 2089
f 2381 2248 2247
f 2247 2380 2381
f 2247 2246 2379
f 2379 2380 2247
f 1861 1734 1879
f 1879 1862 1861
f 1594 1595 1465
f 1720 1861 1862
f 1596 1734 1720
f 1734 1861 1720
f 1720 1721 1591
f 1291 1174 1173
f 1045 1173 1046
f 1173 1174 1046
f 1456 1300 1455
f 1172 1173 1045
f 1300 1288 1440
f 591 487 489
f 369 305 393
f 367 456 368
f 286 367 368
f 452 451 556
f 786 908 790
f 907 908 786
f 906 907 786
f 1033 907 906
f 360 450 361
f 360 282 281
f 361 282 360
f 449 450 359
f 359 360 281
f 450 360 359
f 281 356 359
f 359 356 443
f 451 450 555
f 555 554 668
f 555 450 449
f 449 554 555
f 538 551 651
f 539 437 538
f 538 651 539
f 539 651 652
f 355 356 279
f 355 279 358
f 358 437 355
f 446 357 445
f 446 444 357
f 445 551 446
f 551 444 446
f 447 437 358
f 358 444 447
f 447 444 437
f 166 167 123
f 217 167 166
f 123 168 166
f 168 217 166
f 219 167 218
f 218 167 217
f 280 356 281
f 279 356 280
f 281 221 280
f 280 221 220
f 280 220 219
f 219 279 280
f 277 218 217
f 118 117 157
f 118 87 117
f 92 93 63
f 63 91 92
f 606 605 503
f 503 502 499
f 503 413 502
f 603 503 499
f 606 503 603
f 847 728 724
f 727 605 726
f 727 607 605
f 726 728 727
f 847 607 727
f 608 607 730
f 423 337 422
f 611 513 508
f 508 509 611
f 508 423 509
f 513 424 508
f 508 424 337
f 337 423 508
f 332 262 328
f 263 262 332
f 1100 962 1099
f 1099 1221 1100
f 1220 1221 1099
f 1099 1098 1097
f 1097 1098 960
f 961 842 960
f 961 1098 962
f 960 1098 961
f 1506 1639 1508
f 1508 1639 1512
f 1512 1639 1641
f 1512 1366 1508
f 1641 1366 1512
f 1775 1924 1777
f 1513 1641 1640
f 1513 1366 1641
f 419 330 407
f 407 420 419
f 406 420 407
f 321 406 407
f 407 330 321
f 497 420 406
f 493 599 600
f 318 405 253
f 318 404 405
f 317 318 253
f 317 403 404
f 404 318 317
f 494 601 499
f 493 600 494
f 494 600 601
f 499 410 494
f 410 495 494
f 494 495 404
f 404 403 494
f 494 403 493
f 842 843 722
f 722 843 723
f 866 987 988
f 1113 974 1112
f 1113 987 974
f 1112 988 1113
f 1113 988 987
f 1109 1110 974
f 1109 1231 1110
f 865 742 745
f 747 859 745
f 745 742 621
f 621 622 745
f 745 622 747
f 983 984 863
f 863 862 983
f 863 984 979
f 979 858 863
f 984 985 979
f 857 612 733
f 733 612 735
f 733 856 857
f 855 856 733
f 854 855 733
f 733 858 854
f 735 858 733
f 857 859 734
f 734 612 857
f 734 613 612
f 735 612 614
f 510 513 614
f 614 612 510
f 512 615 425
f 512 511 615
f 425 424 512
f 512 424 511
f 615 622 620
f 620 622 516
f 746 859 747
f 747 622 746
f 418 336 328
f 426 427 339
f 425 427 426
f 514 427 425
f 425 615 514
f 744 623 621
f 339 427 428
f 428 429 339
f 340 263 339
f 340 341 263
f 208 204 209
f 209 204 267
f 162 160 209
f 161 162 120
f 161 160 162
f 266 204 201
f 201 265 266
f 267 204 266
f 266 265 267
f 263 341 264
f 341 265 264
f 201 263 264
f 264 265 201
f 1523 1372 1522
f 1373 1372 1523
f 1230 1231 1107
f 1107 1229 1230
f 1106 976 1119
f 1521 1514 1643
f 1522 1521 1643
f 1643 1650 1522
f 1782 1650 1643
f 1926 1927 1779
f 1779 1777 1926
f 1369 1519 1515
f 1519 1517 1515
f 1515 1517 1646
f 1515 1516 1367
f 1367 1369 1515
f 1787 1779 1927
f 1926 1936 1787
f 1787 1927 1926
f 2096 2097 1934
f 1924 2085 2086
f 2087 1926 2086
f 1926 1924 2086
f 2084 2085 1923
f 2250 2243 2242
f 2250 2254 2093
f 2093 2092 2250
f 2250 2092 2243
f 2098 1934 2093
f 2251 2254 2379
f 2379 2252 2251
f 2093 2254 2251
f 2251 2252 2093
f 2379 2246 2253
f 2253 2252 2379
f 2093 2252 2253
f 2253 2098 2093
f 2088 2097 2096
f 2088 2247 2089
f 2246 2247 2088
f 2089 1931 2088
f 2088 1934 2097
f 1377 1231 1230
f 1930 1931 2089
f 2089 2090 1930
f 1930 2090 2091
f 2169 2167 2017
f 2017 2168 2169
f 2026 2168 2017
f 2017 2167 2018
f 1878 2026 2017
f 2023 1879 1871
f 1727 1728 1595
f 2258 2102 2259
f 2259 2249 2383
f 2102 2249 2259
f 2384 2255 2385
f 2385 2390 2480
f 2385 2255 2258
f 2258 2390 2385
f 2480 2439 2385
f 2326 2324 2174
f 2326 2439 2324
f 2482 2521 2520
f 2054 1901 1900
f 2055 1901 2054
f 2208 2209 2050
f 2211 2073 2227
f 2076 1919 2055
f 2076 1921 1919
f 2055 2211 2076
f 1770 1919 1920
f 1920 1921 1770
f 1919 1921 1920
f 2075 2024 1918
f 2229 2322 2230
f 2230 2073 2229
f 2322 2231 2230
f 2230 2231 2073
f 2349 2371 2350
f 2350 2371 2229
f 2350 2209 2349
f 2372 2322 2229
f 2229 2371 2372
f 2436 2322 2372
f 2372 2371 2436
f 2206 2050 2205
f 2205 2050 2209
f 1817 1684 1821
f 552 551 445
f 2224 2222 2364
f 1971 1818 1970
f 2100 2255 2256
f 2256 2257 2100
f 2255 2257 2256
f 1737 1887 1738
f 1886 1887 1737
f 1737 1885 1886
f 1737 1883 1885
f 1472 1471 1600
f 1340 1341 1208
f 1340 1487 1490
f 1472 1322 1319
f 1319 1322 1320
f 1319 1318 1472
f 1601 1737 1602
f 1472 1600 1601
f 1490 1604 1622
f 1739 1604 1738
f 1738 1887 1739
f 1627 1756 1757
f 1907 1756 1906
f 2328 2444 2329
f 2302 2330 2304
f 1886 2033 2034
f 2034 2033 2184
f 2184 2033 2183
f 2186 2184 2328
f 2190 2062 2191
f 1906 2062 2063
f 1906 1756 1905
f 1905 2062 1906
f 1993 1841 1987
f 1984 1981 1827
f 2291 2293 2294
f 2291 2133 2293
f 2134 2135 1981
f 1981 2133 2134
f 2294 2295 2134
f 2134 2295 2135
f 2134 2291 2294
f 2133 2291 2134
f 2292 2136 2293
f 2293 2133 2292
f 2292 2133 2136
f 1187 1188 1064
f 1189 1312 1313
f 1064 1188 1189
f 1320 1312 1189
f 1316 1317 1189
f 1189 1319 1320
f 1189 1317 1318
f 1318 1319 1189
f 1064 1189 1190
f 1190 1189 1313
f 1492 1626 1495
f 1625 1756 1627
f 1627 1626 1625
f 1626 1492 1625
f 1343 1495 1496
f 1496 1488 1343
f 1343 1339 1208
f 1488 1339 1343
f 1633 1769 1742
f 1633 1634 1496
f 1496 1632 1633
f 1628 1495 1627
f 1496 1634 1497
f 295 372 373
f 373 374 295
f 241 229 290
f 231 179 181
f 231 229 179
f 231 290 229
f 230 183 179
f 291 285 363
f 234 235 181
f 181 233 234
f 234 233 235
f 484 485 387
f 387 485 486
f 298 381 382
f 181 236 237
f 237 236 298
f 297 236 235
f 297 377 380
f 380 298 297
f 298 236 297
f 239 301 302
f 1060 1061 929
f 955 953 957
f 834 953 955
f 957 1092 955
f 955 956 834
f 1092 956 955
f 475 577 578
f 582 478 584
f 578 700 701
f 183 230 185
f 185 230 179
f 185 229 241
f 179 229 185
f 186 185 241
f 144 185 186
f 487 393 395
f 289 311 246
f 246 311 249
f 835 834 954
f 954 836 835
f 711 834 835
f 835 836 711
f 1055 1054 1185
f 1054 1091 1185
f 1185 1091 1090
f 1090 1094 1185
f 808 686 711
f 711 836 808
f 808 836 926
f 1096 956 1095
f 1095 1094 1096
f 956 1094 1095
f 1214 1094 1093
f 1093 1094 956
f 1620 1747 1748
f 1748 1615 1620
f 1749 1615 1748
f 1749 1898 1750
f 1750 1615 1749
f 1772 1752 1751
f 1197 1204 1081
f 1081 1089 1197
f 1198 1074 1197
f 1080 1204 1197
f 1197 1074 1080
f 1080 1081 1204
f 947 1081 1080
f 1075 1074 1077
f 1077 943 1075
f 956 943 1076
f 943 1079 1076
f 1076 1093 956
f 1078 943 1077
f 1078 1079 943
f 1214 1334 1350
f 2144 2145 1991
f 2144 2143 2303
f 1991 2143 2144
f 1839 1991 1992
f 1991 2145 1992
f 1989 1990 1837
f 1991 1990 1989
f 1989 2143 1991
f 1837 1988 1989
f 2143 1989 2142
f 2142 1988 2141
f 2142 1989 1988
f 1434 1435 1280
f 1280 1435 1436
f 1838 1696 1837
f 1839 1696 1838
f 1837 1990 1838
f 1838 1990 1839
f 1840 1696 1839
f 2135 2295 2146
f 2146 2147 1993
f 2295 2147 2146
f 2294 2360 2417
f 2417 2295 2294
f 2148 2147 2295
f 25 39 38
f 75 101 102
f 75 102 103
f 138 139 103
f 314 251 316
f 286 368 316
f 193 251 250
f 286 289 364
f 364 365 286
f 289 365 364
f 289 370 371
f 371 365 289
f 366 365 456
f 366 367 286
f 286 365 366
f 288 249 289
f 137 138 103
f 103 102 137
f 102 111 137
f 144 111 143
f 183 144 143
f 143 141 183
f 35 32 22
f 3 7 8
f 23 22 33
f 33 24 23
f 14 24 25
f 77 51 70
f 135 140 105
f 140 107 105
f 363 285 284
f 284 285 223
f 174 140 135
f 174 180 140
f 223 285 232
f 181 180 232
f 285 291 232
f 232 233 181
f 135 134 173
f 173 174 135
f 223 174 173
f 97 134 135
f 135 105 97
f 77 69 97
f 2399 2484 2487
f 2346 2458 2349
f 2346 2209 2208
f 2349 2209 2346
f 2208 2345 2346
f 2456 2346 2345
f 1966 1964 2118
f 1966 2118 2119
f 1298 1299 1181
f 1453 1454 1300
f 1584 1454 1453
f 1453 1300 1452
f 1452 1584 1453
f 1583 1584 1452
f 1717 1585 1584
f 1859 1860 1717
f 1711 1712 1582
f 1582 1710 1711
f 1850 1851 1711
f 1714 1715 1582
f 1706 1582 1591
f 1706 1707 1582
f 1844 1707 1706
f 1591 1721 1706
f 2002 1996 1995
f 1995 1996 1843
f 1843 1996 1844
f 1843 1706 1721
f 1844 1706 1843
f 2383 2248 2382
f 2382 2248 2381
f 2476 2435 2383
f 2383 2382 2476
f 2476 2382 2475
f 2476 2475 2425
f 2425 2435 2476
f 2433 2319 2324
f 2433 2439 2480
f 2324 2439 2433
f 2321 2435 2424
f 2480 2390 2434
f 2434 2433 2480
f 2319 2433 2434
f 2477 2390 2383
f 2477 2434 2390
f 2151 2309 2310
f 2308 2309 2151
f 2150 2151 1995
f 1995 2149 2150
f 2019 2171 2156
f 2156 1998 2155
f 2379 2254 2375
f 2316 2429 2317
f 1850 2002 2003
f 2241 2317 2373
f 2314 2159 2235
f 2081 2082 1922
f 1922 1923 1775
f 1922 2082 1923
f 2013 1862 1879
f 2013 1879 2023
f 1730 1595 1724
f 1186 1177 1055
f 1055 1185 1186
f 1186 1185 1307
f 1292 1177 1186
f 1638 1771 1730
f 1505 1638 1594
f 1503 1638 1505
f 1589 1705 1582
f 1591 1705 1589
f 1591 1592 1461
f 1721 1720 1864
f 1465 1595 1466
f 1466 1595 1596
f 1468 1469 1309
f 1309 1470 1445
f 1309 1469 1470
f 1465 1466 1309
f 1293 1177 1292
f 1293 1178 1177
f 1292 1186 1293
f 1293 1309 1445
f 1177 1178 1052
f 1296 1304 1181
f 1290 1291 1173
f 1457 1456 1586
f 1300 1456 1457
f 1457 1443 1300
f 1444 1443 1577
f 1443 1457 1577
f 1289 1443 1444
f 1288 1443 1289
f 1444 1290 1289
f 1289 1290 1173
f 1173 1172 1289
f 1289 1172 1288
f 1300 1443 1442
f 1442 1443 1288
f 1168 1170 1043
f 1043 917 916
f 679 565 678
f 922 1046 923
f 923 800 922
f 1045 1046 922
f 919 920 799
f 799 918 919
f 917 918 799
f 799 800 676
f 711 591 598
f 489 594 598
f 598 591 489
f 487 591 592
f 454 456 455
f 455 365 454
f 369 393 463
f 463 393 487
f 680 565 679
f 564 565 458
f 458 456 564
f 458 368 456
f 458 567 491
f 564 456 563
f 563 565 564
f 563 678 565
f 452 556 557
f 557 556 670
f 908 913 912
f 669 556 668
f 669 792 670
f 670 556 669
f 1164 1163 1280
f 1280 1163 1282
f 1282 1163 1281
f 1282 1434 1280
f 1166 1040 1039
f 1039 1040 914
f 1038 1163 1039
f 1163 1164 1039
f 914 913 1039
f 1039 913 1038
f 1035 913 908
f 908 907 1035
f 1033 906 905
f 449 359 448
f 448 359 443
f 448 550 449
f 443 550 448
f 785 906 786
f 553 554 449
f 449 550 553
f 897 898 778
f 778 787 897
f 652 651 775
f 441 356 440
f 356 355 440
f 219 218 278
f 278 279 219
f 278 354 279
f 218 277 278
f 276 217 216
f 276 277 217
f 276 216 215
f 215 214 276
f 351 436 357
f 277 276 351
f 157 207 158
f 158 118 157
f 504 503 605
f 413 503 504
f 605 607 504
f 607 608 504
f 725 728 606
f 606 603 725
f 730 853 740
f 740 853 852
f 852 864 740
f 848 728 847
f 847 727 848
f 848 727 728
f 261 330 331
f 329 330 261
f 328 262 261
f 261 322 329
f 201 260 261
f 261 262 201
f 260 259 261
f 257 322 261
f 258 257 261
f 261 259 258
f 501 413 412
f 611 509 610
f 334 263 333
f 263 332 333
f 333 328 334
f 333 332 328
f 1120 1240 1236
f 1120 979 985
f 1219 1220 1099
f 965 843 964
f 964 850 965
f 845 843 965
f 852 853 729
f 847 724 729
f 729 607 847
f 853 607 729
f 1357 1506 1507
f 1508 1357 1507
f 1507 1506 1508
f 1776 1639 1775
f 1775 1777 1776
f 1776 1777 1639
f 1925 1924 1926
f 1926 1777 1925
f 1925 1777 1924
f 1640 1639 1778
f 1639 1777 1778
f 1778 1779 1640
f 1777 1779 1778
f 1508 1366 1365
f 1366 1225 1365
f 1221 1220 1222
f 1222 1100 1221
f 1362 1225 1366
f 496 406 405
f 496 497 406
f 410 409 496
f 492 599 493
f 721 841 842
f 842 722 721
f 720 841 721
f 721 722 601
f 721 600 720
f 601 600 721
f 865 745 868
f 868 745 859
f 868 856 865
f 978 859 857
f 857 856 978
f 978 868 859
f 865 856 975
f 975 856 855
f 854 974 975
f 975 855 854
f 982 983 862
f 982 861 864
f 982 862 861
f 864 985 982
f 982 985 984
f 984 983 982
f 976 858 981
f 860 735 738
f 735 614 738
f 738 861 860
f 513 617 618
f 859 746 736
f 615 613 736
f 736 622 615
f 736 746 622
f 338 337 425
f 425 426 338
f 263 337 338
f 339 263 338
f 338 426 339
f 516 427 515
f 427 514 515
f 515 514 615
f 615 620 515
f 515 620 516
f 743 742 866
f 621 742 743
f 743 744 621
f 624 744 743
f 743 748 624
f 518 428 427
f 518 744 624
f 623 744 518
f 429 428 520
f 267 341 269
f 341 340 269
f 269 340 339
f 1226 1107 1106
f 1226 1369 1367
f 1368 1369 1226
f 1229 1107 1228
f 1373 1374 1228
f 1228 1372 1373
f 1107 1226 1228
f 1367 1372 1228
f 1228 1226 1367
f 1118 1119 976
f 1106 1119 1227
f 1227 1226 1106
f 1368 1226 1227
f 1368 1517 1518
f 1518 1517 1519
f 1642 1514 1645
f 1642 1643 1514
f 1782 1643 1781
f 1781 1930 1782
f 1931 1930 1781
f 1643 1642 1781
f 1649 1787 1646
f 1649 1517 1640
f 1646 1517 1649
f 1640 1779 1649
f 1779 1787 1649
f 1935 1787 1936
f 1935 2092 1933
f 1935 1936 2087
f 2087 2092 1935
f 2094 1933 2093
f 2093 1934 2094
f 2094 1934 1933
f 1931 1781 1929
f 1929 2088 1931
f 1786 1645 1785
f 1933 1934 1785
f 1785 1784 1933
f 1644 1514 1516
f 1645 1514 1644
f 1516 1515 1647
f 1647 1515 1646
f 2244 2085 2087
f 2087 2086 2244
f 2244 2086 2085
f 1923 2082 2083
f 2083 2084 1923
f 2083 2239 2242
f 2082 2239 2083
f 2242 2243 2083
f 2243 2085 2083
f 2085 2084 2083
f 2095 2253 2096
f 2098 2253 2095
f 2096 1934 2095
f 1934 2098 2095
f 2245 2253 2246
f 2246 2088 2245
f 2096 2253 2245
f 2245 2088 2096
f 1230 1229 1375
f 1375 1376 1230
f 1375 1374 1376
f 1229 1228 1375
f 1375 1228 1374
f 1522 1650 1651
f 1373 1523 1524
f 2168 2180 2179
f 2169 2168 2179
f 2174 2324 2179
f 2179 2319 2169
f 2324 2319 2179
f 1729 1728 1872
f 1728 1871 1872
f 1872 1879 1729
f 1872 1871 1879
f 2021 2020 2019
f 1873 1728 1869
f 1728 1727 1869
f 1875 1876 1728
f 2383 2390 2389
f 2389 2259 2383
f 2389 2390 2258
f 2258 2259 2389
f 2384 2385 2478
f 2478 2385 2439
f 2387 2257 2386
f 2386 2481 2387
f 2387 2481 2482
f 2051 2050 2206
f 2229 2073 2228
f 2210 2051 2206
f 2206 2228 2210
f 2055 2054 2210
f 2210 2211 2055
f 2073 2211 2210
f 2210 2228 2073
f 1876 1875 1874
f 1874 2025 1876
f 1874 1728 1873
f 1874 1875 1728
f 1918 2024 1874
f 2024 2025 1874
f 1881 1880 1918
f 1918 1874 1881
f 1881 1874 1866
f 1732 1595 1731
f 1731 1880 1732
f 1880 1881 1732
f 1732 1881 1866
f 1726 1727 1595
f 1726 1732 1866
f 2072 2211 2227
f 2072 2076 2211
f 1921 2076 2072
f 1918 1921 2072
f 2227 2073 2072
f 2072 2073 1918
f 1918 2073 2074
f 2074 2075 1918
f 2073 2231 2074
f 2174 2024 2173
f 2024 2075 2173
f 2075 2074 2173
f 2173 2074 2231
f 2173 2323 2174
f 2173 2231 2322
f 2322 2323 2173
f 2209 2350 2343
f 2343 2205 2209
f 2343 2350 2229
f 2229 2228 2343
f 2206 2205 2343
f 2343 2228 2206
f 1147 1017 1146
f 537 536 649
f 435 536 537
f 537 436 435
f 445 436 537
f 551 552 663
f 663 651 551
f 663 775 651
f 663 787 778
f 778 775 663
f 789 897 787
f 1409 1557 1410
f 433 348 346
f 2367 2463 2462
f 2364 2222 2221
f 2222 2067 2221
f 1909 1910 1760
f 2121 1970 1968
f 1813 1968 1815
f 1815 1968 1970
f 1684 1682 1819
f 1819 1818 1971
f 1819 1682 1818
f 2414 2286 2410
f 1983 2136 1984
f 1983 1982 2136
f 1984 1827 1983
f 1983 1827 1982
f 2136 1982 2138
f 2357 2351 2358
f 2357 2356 2355
f 2355 2354 2357
f 2293 2136 2297
f 2297 2354 2293
f 2351 2357 2460
f 2460 2357 2418
f 2208 2348 2344
f 2344 2345 2208
f 2208 2342 2341
f 2342 2204 2341
f 2347 2348 2208
f 2347 2451 2348
f 2496 2495 2448
f 2049 2044 2198
f 2198 2044 2201
f 2048 2044 2049
f 1742 1769 1768
f 1769 1633 1768
f 2340 2453 2348
f 2348 2451 2340
f 2451 2347 2340
f 2340 2341 2204
f 2208 2341 2340
f 2340 2347 2208
f 1743 1608 1742
f 2100 2257 2101
f 1603 1737 1738
f 1602 1737 1603
f 1738 1604 1603
f 2029 1883 2028
f 1883 1882 2028
f 1736 1882 1883
f 1737 1601 1736
f 1736 1601 1600
f 1735 1882 1736
f 1736 1600 1735
f 1599 1600 1471
f 1735 1600 1599
f 1337 1340 1208
f 1474 1487 1337
f 1487 1340 1337
f 1195 1325 1206
f 1325 1337 1206
f 1323 1322 1473
f 1473 1322 1472
f 1472 1601 1473
f 1475 1474 1323
f 1475 1487 1474
f 1323 1473 1475
f 1475 1473 1601
f 1490 1487 1475
f 1475 1601 1602
f 1475 1604 1490
f 1602 1603 1475
f 1475 1603 1604
f 1753 1622 1740
f 1740 1739 1753
f 1740 1622 1604
f 1604 1739 1740
f 1888 1887 1886
f 1888 1739 1887
f 1627 1757 1758
f 1758 1757 1760
f 2444 2497 2422
f 2328 2441 2442
f 2328 2329 2187
f 2187 2186 2328
f 2303 2304 2421
f 2421 2422 2303
f 2444 2422 2421
f 2303 2143 2305
f 2305 2304 2303
f 2143 2304 2305
f 2423 2329 2444
f 2444 2421 2423
f 2423 2421 2304
f 2330 2329 2423
f 2423 2304 2330
f 2182 2033 2181
f 2182 2183 2033
f 2184 2183 2327
f 2327 2441 2328
f 2328 2184 2327
f 1902 1756 1753
f 1981 1985 1828
f 1828 1827 1981
f 1313 1312 1321
f 1195 1194 1321
f 1321 1312 1320
f 1321 1190 1313
f 1194 1190 1321
f 1321 1322 1195
f 1320 1322 1321
f 929 1061 1062
f 1069 1070 937
f 937 1070 938
f 832 708 831
f 1084 949 1083
f 700 699 820
f 820 819 700
f 578 577 696
f 576 696 577
f 578 696 576
f 929 1064 1059
f 1059 931 929
f 1064 931 1059
f 1066 931 1064
f 1067 931 1066
f 1066 1192 1067
f 933 1069 937
f 1493 1492 1495
f 1341 1492 1493
f 1491 1340 1490
f 1341 1340 1491
f 1491 1492 1341
f 1623 1622 1753
f 1490 1622 1623
f 1623 1491 1490
f 1492 1491 1623
f 1753 1756 1755
f 1755 1625 1753
f 1756 1625 1755
f 1208 1339 1209
f 1210 1084 1209
f 1209 1083 1208
f 1209 1084 1083
f 1208 1341 1342
f 1342 1343 1208
f 1341 1343 1342
f 1495 1630 1631
f 1630 1633 1631
f 1631 1633 1632
f 1496 1495 1631
f 1631 1632 1496
f 1634 1633 1605
f 1608 1606 1605
f 1605 1497 1634
f 1742 1608 1741
f 1741 1633 1742
f 1608 1605 1741
f 1741 1605 1633
f 1347 1212 1346
f 1327 1212 1347
f 1479 1327 1478
f 76 78 53
f 76 51 77
f 179 183 182
f 182 141 179
f 183 141 182
f 179 141 142
f 142 141 107
f 142 140 179
f 142 107 140
f 78 107 108
f 107 141 108
f 141 143 108
f 379 377 296
f 296 235 295
f 296 297 235
f 377 297 296
f 233 291 293
f 310 304 388
f 389 388 390
f 484 387 386
f 397 310 396
f 310 387 396
f 298 382 299
f 299 237 298
f 385 386 299
f 299 386 387
f 302 304 303
f 469 573 575
f 574 469 575
f 929 928 1058
f 1058 1060 929
f 929 931 930
f 930 816 929
f 931 816 930
f 829 943 837
f 718 715 839
f 718 597 717
f 380 377 473
f 473 475 380
f 383 298 380
f 380 475 383
f 383 381 298
f 488 485 484
f 488 594 489
f 488 597 594
f 385 381 476
f 703 708 585
f 831 708 824
f 184 144 183
f 183 185 184
f 184 185 144
f 249 192 191
f 248 246 191
f 191 246 249
f 289 249 313
f 313 311 289
f 144 189 190
f 190 189 248
f 248 191 190
f 145 144 190
f 144 186 187
f 187 186 244
f 244 246 187
f 187 246 189
f 489 487 490
f 490 395 489
f 487 395 490
f 248 189 247
f 247 246 248
f 189 246 247
f 1056 926 1055
f 1055 1057 1056
f 1056 1057 926
f 926 1057 1049
f 1049 1057 1055
f 1616 1615 1617
f 1617 1485 1616
f 1616 1485 1615
f 1615 1485 1621
f 1621 1620 1615
f 1485 1620 1621
f 1752 1772 1637
f 1197 1089 1213
f 1213 1212 1197
f 1089 1212 1213
f 1326 1327 1197
f 1197 1212 1326
f 1326 1212 1327
f 1497 1605 1498
f 1496 1497 1348
f 1497 1498 1348
f 952 1081 947
f 1089 1081 952
f 947 832 952
f 952 951 1089
f 832 951 952
f 1077 1074 1200
f 1074 1075 942
f 942 1075 943
f 941 1074 942
f 942 829 941
f 942 943 829
f 1481 1482 1334
f 1481 1479 1478
f 1486 1350 1334
f 1486 1485 1619
f 1334 1485 1486
f 1215 1094 1214
f 2143 2142 2300
f 2302 2304 2300
f 2300 2304 2143
f 2300 2141 2302
f 2300 2142 2141
f 1435 1434 1437
f 1437 1282 1281
f 1434 1282 1437
f 1576 1701 1575
f 1575 1435 1576
f 1575 1436 1435
f 1702 1701 1576
f 1576 1696 1702
f 1696 1840 1702
f 1837 1696 1836
f 1842 1988 1837
f 1837 1836 1842
f 1842 1836 1698
f 1841 1988 1842
f 1842 1698 1841
f 1841 1698 1835
f 2139 1985 2135
f 2135 2146 2139
f 1993 1987 2139
f 2139 2146 1993
f 2190 2330 2331
f 2216 2360 2361
f 2062 2218 2216
f 2216 2063 2062
f 2216 2354 2353
f 2361 2354 2216
f 2295 2417 2301
f 2301 2148 2295
f 2141 2148 2301
f 2302 2141 2301
f 2301 2330 2302
f 2301 2331 2330
f 2147 2148 1994
f 1994 1988 1841
f 1994 1841 1993
f 1993 2147 1994
f 1277 1157 1276
f 1277 1278 1157
f 1827 1828 1687
f 1832 1987 1841
f 1841 1835 1832
f 1159 1156 1276
f 1033 1156 1159
f 1276 1157 1159
f 1159 1157 1033
f 1276 1156 1275
f 1275 1156 1274
f 653 775 778
f 652 775 653
f 99 75 103
f 99 114 82
f 56 83 81
f 82 83 56
f 56 84 82
f 39 36 49
f 33 47 49
f 49 24 33
f 49 36 24
f 25 24 37
f 24 36 37
f 37 39 25
f 37 36 39
f 102 101 80
f 72 73 47
f 47 75 72
f 75 99 72
f 74 75 47
f 101 75 74
f 74 80 101
f 53 80 74
f 115 114 150
f 82 114 115
f 136 139 150
f 150 114 136
f 114 99 136
f 103 139 136
f 136 99 103
f 177 138 176
f 286 316 287
f 287 316 251
f 401 400 491
f 401 316 400
f 178 193 150
f 177 226 178
f 178 138 177
f 150 139 178
f 139 138 178
f 453 371 370
f 365 371 453
f 370 454 453
f 453 454 365
f 457 456 367
f 367 366 457
f 457 366 456
f 286 287 225
f 225 287 251
f 225 226 177
f 251 226 225
f 149 137 111
f 110 78 109
f 109 111 110
f 109 143 111
f 78 108 109
f 109 108 143
f 69 70 44
f 54 35 53
f 53 74 54
f 54 74 47
f 1 3 4
f 4 3 8
f 2 3 1
f 2 6 7
f 7 3 2
f 11 20 12
f 12 6 11
f 22 23 12
f 7 6 12
f 12 23 24
f 8 7 12
f 15 14 25
f 8 14 15
f 13 14 8
f 24 14 13
f 8 12 13
f 13 12 24
f 98 69 77
f 77 70 98
f 98 70 69
f 224 174 223
f 180 174 224
f 223 232 224
f 224 232 180
f 292 291 233
f 233 232 292
f 292 232 291
f 172 134 133
f 172 173 134
f 96 97 69
f 133 134 96
f 134 97 96
f 77 97 104
f 104 97 105
f 104 76 77
f 105 76 104
f 2262 2108 2261
f 2484 2483 2514
f 2514 2487 2484
f 2514 2456 2519
f 2515 2456 2514
f 2458 2456 2499
f 2482 2520 2517
f 2517 2483 2482
f 2458 2346 2457
f 2457 2456 2458
f 2346 2456 2457
f 2124 2125 1971
f 2121 2125 2124
f 1971 1970 2124
f 2124 1970 2121
f 2410 2286 2285
f 2285 2125 2284
f 2120 2125 2121
f 2120 2119 2125
f 2284 2125 2280
f 2125 2119 2280
f 2164 2318 2165
f 2008 2164 2165
f 2165 2318 2166
f 1449 1450 1299
f 1580 1450 1449
f 1452 1299 1451
f 1299 1450 1451
f 1451 1583 1452
f 1451 1450 1582
f 1582 1583 1451
f 1581 1580 1582
f 1582 1450 1581
f 1581 1450 1580
f 1719 1585 1718
f 1585 1717 1718
f 1718 1860 1719
f 1718 1717 1860
f 1716 1717 1584
f 1584 1583 1716
f 1859 1717 1716
f 1582 1715 1716
f 1716 1583 1582
f 1715 1714 1857
f 1857 1716 1715
f 1582 1712 1713
f 1713 1714 1582
f 2023 1871 2022
f 1871 2021 2022
f 1844 1996 1845
f 1996 1846 1845
f 1845 1707 1844
f 1845 1846 1707
f 1582 1707 1708
f 1707 1846 1708
f 2430 2431 2316
f 2381 2431 2430
f 2430 2473 2381
f 2316 2310 2428
f 2428 2310 2309
f 2428 2430 2316
f 2473 2430 2428
f 2472 2382 2381
f 2381 2473 2472
f 2426 2309 2425
f 2167 2319 2320
f 2320 2321 2167
f 2435 2321 2432
f 2432 2320 2319
f 2321 2320 2432
f 2383 2435 2432
f 2432 2477 2383
f 2319 2434 2432
f 2434 2477 2432
f 2167 2321 2170
f 2170 2321 2171
f 2170 2171 2019
f 2019 2018 2170
f 2018 2167 2170
f 2306 2156 2171
f 2306 2321 2424
f 2171 2321 2306
f 2424 2309 2306
f 1999 2149 1995
f 1999 1998 2149
f 1843 1998 1999
f 2236 2241 2373
f 2373 2317 2236
f 2242 2239 2378
f 2378 2375 2254
f 2378 2250 2242
f 2254 2250 2378
f 2151 2003 2152
f 1995 2151 2152
f 2152 2153 1995
f 2235 2159 2158
f 2159 2003 2158
f 2158 2313 2235
f 2317 2241 2161
f 2316 2317 2161
f 2161 2003 2151
f 2161 2310 2316
f 2232 2314 2233
f 2233 2314 2235
f 2160 2003 2159
f 2159 2314 2160
f 2160 2005 2003
f 2232 2233 2079
f 1595 1594 1722
f 1722 1724 1595
f 1354 1503 1355
f 1503 1505 1355
f 1730 1724 1774
f 1774 1638 1730
f 1582 1459 1590
f 1590 1589 1582
f 1446 1461 1304
f 1446 1295 1445
f 1304 1296 1446
f 1446 1296 1295
f 1445 1470 1578
f 1578 1446 1445
f 1461 1446 1578
f 1578 1703 1591
f 1591 1461 1578
f 1704 1703 1578
f 1304 1461 1458
f 1458 1461 1589
f 1589 1590 1458
f 1459 1304 1458
f 1458 1590 1459
f 1593 1461 1592
f 1589 1461 1593
f 1593 1592 1591
f 1591 1589 1593
f 1862 2013 1863
f 1863 1720 1862
f 1863 1864 1720
f 1863 2013 2014
f 2014 1864 1863
f 1865 1843 1721
f 1721 1864 1865
f 1467 1466 1596
f 1468 1309 1467
f 1467 1309 1466
f 1308 1186 1307
f 1308 1309 1186
f 1445 1295 1294
f 1294 1293 1445
f 1186 1309 1310
f 1310 1293 1186
f 1309 1293 1310
f 1167 1168 1041
f 1179 1052 1178
f 1295 1296 1179
f 1179 1294 1295
f 1178 1293 1179
f 1293 1294 1179
f 1048 1047 923
f 923 1046 1048
f 1048 1046 1174
f 1588 1577 1457
f 1441 1288 1300
f 1300 1442 1441
f 1441 1442 1288
f 1171 1170 1288
f 1171 1172 1045
f 1288 1172 1171
f 1288 1170 1287
f 1287 1170 1168
f 1182 1052 1181
f 1181 1300 1301
f 1041 1168 1042
f 1168 1043 1042
f 1042 916 1041
f 1042 1043 916
f 800 678 677
f 678 563 677
f 921 920 1045
f 1045 922 921
f 921 922 800
f 921 799 920
f 800 799 921
f 713 594 711
f 711 598 713
f 713 598 594
f 712 591 711
f 917 799 798
f 916 917 797
f 917 798 797
f 559 560 456
f 456 454 559
f 559 454 558
f 462 370 369
f 461 462 369
f 569 462 461
f 369 463 459
f 681 680 679
f 399 458 491
f 368 458 399
f 491 400 399
f 400 316 399
f 399 316 368
f 456 560 561
f 561 559 676
f 560 559 561
f 793 790 908
f 908 912 794
f 794 793 908
f 669 793 794
f 794 913 914
f 794 912 913
f 914 915 794
f 792 669 794
f 791 669 668
f 668 666 791
f 666 790 791
f 790 793 791
f 791 793 669
f 1157 1278 1161
f 1281 1163 1279
f 1279 1278 1281
f 1166 1039 1165
f 1165 1039 1164
f 1038 913 1037
f 913 1035 1037
f 1032 1156 1033
f 1033 905 1032
f 784 785 661
f 783 905 784
f 784 905 906
f 906 785 784
f 662 785 786
f 661 785 662
f 666 553 662
f 786 790 662
f 662 790 666
f 661 662 548
f 548 662 553
f 667 666 668
f 667 553 666
f 668 554 667
f 554 553 667
f 547 546 659
f 659 548 547
f 350 349 435
f 435 436 350
f 436 351 350
f 350 351 276
f 357 354 352
f 352 351 357
f 354 278 352
f 277 351 352
f 275 276 214
f 275 350 276
f 275 348 349
f 349 350 275
f 211 269 270
f 347 273 346
f 118 158 119
f 160 161 119
f 87 118 119
f 120 87 119
f 119 161 120
f 602 725 603
f 602 603 499
f 602 724 728
f 728 725 602
f 499 601 602
f 602 722 723
f 601 722 602
f 731 608 730
f 730 740 731
f 864 861 741
f 741 740 864
f 741 618 740
f 327 415 328
f 328 261 327
f 414 325 413
f 414 415 325
f 413 505 414
f 414 505 415
f 325 261 324
f 413 325 324
f 324 412 413
f 501 412 324
f 422 336 421
f 336 418 421
f 840 841 720
f 840 958 841
f 959 958 960
f 960 842 959
f 842 841 959
f 841 958 959
f 963 843 962
f 962 964 963
f 963 964 843
f 970 964 962
f 962 1100 970
f 964 970 851
f 850 964 851
f 852 729 851
f 851 729 850
f 844 845 724
f 844 602 723
f 724 602 844
f 723 843 844
f 843 845 844
f 966 845 965
f 724 845 846
f 846 729 724
f 1508 1365 1364
f 1364 1365 1225
f 1220 1219 1360
f 1219 1359 1360
f 1104 1222 1225
f 1100 1222 1104
f 1104 970 1100
f 1105 970 1104
f 1223 1104 1225
f 498 408 331
f 331 420 498
f 420 497 498
f 497 496 498
f 403 317 402
f 856 868 977
f 977 978 856
f 868 978 977
f 986 975 974
f 986 987 865
f 865 975 986
f 858 979 980
f 980 981 858
f 619 614 513
f 513 618 619
f 867 743 866
f 1129 998 1001
f 1001 998 880
f 624 748 749
f 749 518 624
f 623 518 517
f 517 516 621
f 621 623 517
f 517 427 516
f 517 518 427
f 428 518 519
f 519 520 428
f 519 627 520
f 626 627 519
f 750 871 872
f 872 751 750
f 750 751 626
f 431 432 344
f 270 269 342
f 429 343 342
f 342 343 270
f 339 429 342
f 342 269 339
f 268 209 267
f 267 269 268
f 1115 1107 1231
f 1115 1108 1107
f 1231 1109 1115
f 1115 1109 974
f 974 1108 1115
f 972 1108 974
f 1107 1108 972
f 854 976 972
f 972 976 1106
f 1106 1107 972
f 1117 1118 976
f 1235 1118 1117
f 1236 1240 1238
f 1238 1118 1235
f 1119 1118 1238
f 1371 1227 1370
f 1371 1517 1368
f 1368 1227 1371
f 1240 1363 1383
f 1383 1363 1510
f 1520 1510 1517
f 1520 1371 1370
f 1517 1371 1520
f 1370 1383 1520
f 1520 1383 1510
f 1780 1645 1786
f 1780 1642 1645
f 1780 1781 1642
f 1780 1929 1781
f 1786 1785 1928
f 1928 1785 1934
f 1928 1780 1786
f 1929 1780 1928
f 1934 2088 1928
f 2088 1929 1928
f 1648 1644 1516
f 1516 1647 1648
f 1787 1935 1788
f 1788 1935 1933
f 1646 1787 1788
f 1788 1647 1646
f 1940 1930 2091
f 1943 2102 2100
f 2100 2101 1943
f 1522 1651 1652
f 1789 1650 1782
f 1789 1937 1792
f 1373 1524 1525
f 1129 1001 1134
f 2020 2021 1870
f 1870 2021 1871
f 1870 1728 1878
f 1870 1871 1728
f 1878 2017 1870
f 1870 2017 2018
f 1870 2018 2019
f 2019 2020 1870
f 2172 2021 2019
f 2019 2156 2172
f 2172 2156 2155
f 2155 2022 2172
f 2172 2022 2021
f 1728 1876 1877
f 1876 2025 1877
f 1878 1728 1877
f 1877 2026 1878
f 2388 2261 2257
f 2257 2387 2388
f 2388 2387 2482
f 2482 2392 2388
f 2388 2392 2261
f 2502 2501 2521
f 2502 2521 2482
f 2482 2481 2502
f 2500 2520 2521
f 2500 2501 2436
f 2436 2499 2500
f 2500 2517 2520
f 2384 2478 2479
f 2479 2478 2439
f 2437 2322 2436
f 2436 2501 2437
f 1899 1898 2049
f 2050 2051 1899
f 1750 1898 1899
f 1899 1751 1750
f 1900 1751 1899
f 2052 2210 2054
f 2051 2210 2052
f 2052 1899 2051
f 2052 2054 1900
f 1900 1899 2052
f 1595 1732 1733
f 1733 1726 1595
f 1732 1726 1733
f 1868 1869 1727
f 1727 1726 1868
f 1873 1869 1868
f 1868 1874 1873
f 1681 1684 1817
f 1681 1558 1684
f 1556 1557 1409
f 1409 1417 1556
f 1414 1557 1556
f 1556 1416 1414
f 1417 1416 1556
f 1266 1416 1417
f 1148 1146 1266
f 1821 1974 1975
f 650 537 649
f 649 774 650
f 650 552 445
f 445 537 650
f 893 774 892
f 649 536 648
f 536 647 648
f 552 650 664
f 664 650 774
f 665 663 552
f 552 664 665
f 787 663 665
f 665 789 787
f 893 892 1018
f 1018 1017 1147
f 1018 892 1017
f 1140 1257 1258
f 1258 1257 1404
f 1553 1558 1409
f 1551 1550 1407
f 349 348 434
f 348 433 434
f 435 349 434
f 434 433 435
f 435 433 533
f 1255 1399 1400
f 1255 1402 1403
f 1403 1257 1255
f 1404 1257 1403
f 1253 1399 1255
f 1398 1399 1253
f 1398 1253 1252
f 1252 1253 1138
f 1254 1253 1255
f 1138 1253 1254
f 1540 1399 1398
f 1965 1966 1813
f 1965 1964 1966
f 1810 1675 1814
f 1401 1402 1255
f 1255 1400 1401
f 2369 2224 2364
f 2369 2225 2224
f 2224 2225 2069
f 2222 2224 2069
f 2069 1912 1911
f 1911 1909 2069
f 2223 2221 2067
f 2366 2367 2223
f 2366 2223 2365
f 2365 2223 2362
f 2365 2367 2366
f 2068 2067 2222
f 2068 1909 2067
f 2222 2069 2068
f 2068 2069 1909
f 2065 2067 2066
f 2066 1909 2065
f 2067 1909 2066
f 1816 1970 1818
f 1816 1815 1970
f 1818 1682 1816
f 1813 1815 1679
f 1550 1678 1679
f 1679 1675 1813
f 1678 1675 1679
f 1683 1682 1684
f 1684 1558 1683
f 1683 1558 1682
f 2287 2414 2415
f 2286 2414 2287
f 2289 2287 2298
f 2288 2287 2289
f 2129 2290 2289
f 2420 2357 2354
f 2418 2357 2420
f 2354 2297 2420
f 2420 2297 2418
f 2298 2287 2299
f 2454 2344 2348
f 2345 2344 2454
f 2115 2272 2273
f 2519 2489 2488
f 2488 2514 2519
f 2399 2487 2488
f 2487 2514 2488
f 2277 2269 2115
f 2117 1964 1963
f 2117 2118 1964
f 2117 2119 2118
f 2395 2485 2486
f 2486 2485 2463
f 2269 2277 2276
f 2276 2115 2275
f 2276 2277 2115
f 2208 2050 2207
f 2207 2342 2208
f 2207 2204 2342
f 2049 2198 2202
f 2049 1898 2047
f 2047 2048 2049
f 2201 2044 2200
f 2044 2199 2200
f 2257 2261 2260
f 2260 2103 2257
f 2261 2103 2260
f 2257 2103 2105
f 2107 2103 2261
f 2261 2108 2107
f 2107 1951 1950
f 2108 1951 2107
f 761 882 762
f 762 882 763
f 1248 1394 1395
f 1247 1246 1248
f 1132 1246 1247
f 1248 1395 1249
f 1249 1395 1250
f 1127 1002 997
f 1883 1737 1884
f 1884 1736 1883
f 1737 1736 1884
f 1474 1337 1324
f 1324 1337 1325
f 1324 1325 1195
f 1195 1323 1324
f 1323 1474 1324
f 1208 1083 1207
f 1083 1206 1207
f 1908 1909 1760
f 2065 2056 2213
f 2213 2056 2212
f 2213 2220 2065
f 2212 2220 2213
f 2212 2056 2215
f 2215 2357 2358
f 2356 2357 2215
f 2358 2351 2215
f 2351 2212 2215
f 2443 2497 2444
f 2443 2444 2328
f 2328 2442 2443
f 2188 2187 2189
f 2189 2330 2190
f 2189 2329 2330
f 2189 2187 2329
f 2037 2191 2062
f 2186 2187 2037
f 2037 2187 2188
f 2190 2191 2037
f 2037 2189 2190
f 2188 2189 2037
f 929 1062 1063
f 1063 1064 929
f 1063 1187 1064
f 1316 1189 1315
f 1189 1314 1315
f 1311 1189 1188
f 1311 1314 1189
f 1070 1069 1068
f 1067 1192 1068
f 1068 933 1067
f 1069 933 1068
f 1068 1194 1195
f 1083 949 1082
f 708 832 830
f 937 938 821
f 938 939 821
f 700 819 821
f 1071 938 949
f 949 939 1071
f 1071 939 938
f 935 939 949
f 935 821 939
f 936 821 935
f 698 820 699
f 698 576 697
f 699 576 698
f 697 818 698
f 819 820 698
f 698 818 819
f 697 576 690
f 690 576 574
f 690 812 697
f 694 812 690
f 574 575 690
f 690 575 694
f 578 576 695
f 695 576 699
f 695 700 578
f 695 699 700
f 1194 1068 1193
f 1193 1068 1192
f 934 933 937
f 819 933 934
f 937 821 934
f 934 821 819
f 819 818 817
f 817 933 819
f 817 818 697
f 697 816 817
f 817 816 931
f 1065 931 1067
f 1067 933 1065
f 1494 1343 1341
f 1341 1493 1494
f 1495 1343 1494
f 1494 1493 1495
f 1753 1625 1754
f 1754 1623 1753
f 1629 1630 1495
f 1495 1628 1629
f 1629 1633 1630
f 1760 1761 1629
f 1760 1910 1762
f 1762 1761 1760
f 1762 1909 1911
f 1910 1909 1762
f 1911 1912 1762
f 1762 1629 1761
f 106 107 78
f 78 76 106
f 106 105 107
f 106 76 105
f 53 35 52
f 52 76 53
f 52 35 51
f 51 76 52
f 379 296 378
f 233 293 294
f 294 372 295
f 295 233 294
f 302 301 391
f 391 304 302
f 391 390 304
f 392 388 304
f 304 390 392
f 392 390 388
f 237 299 238
f 301 239 238
f 181 237 238
f 238 239 181
f 384 381 385
f 385 299 384
f 384 382 381
f 384 299 382
f 240 239 302
f 302 303 240
f 181 239 240
f 240 303 290
f 240 231 181
f 290 231 240
f 815 816 697
f 815 928 929
f 929 816 815
f 693 812 694
f 694 575 693
f 471 377 379
f 379 474 471
f 577 475 472
f 472 474 577
f 472 471 474
f 475 473 472
f 472 473 377
f 377 471 472
f 295 374 375
f 374 468 375
f 467 468 374
f 467 573 469
f 469 468 467
f 941 829 827
f 584 706 707
f 705 706 584
f 825 837 715
f 715 707 825
f 825 707 706
f 825 706 829
f 829 837 825
f 715 837 838
f 838 839 715
f 957 953 838
f 718 839 838
f 838 943 957
f 838 837 943
f 838 833 718
f 838 953 833
f 716 715 718
f 477 478 381
f 381 383 477
f 477 383 478
f 584 478 482
f 478 383 482
f 381 478 479
f 479 476 381
f 708 703 702
f 702 824 708
f 309 393 305
f 309 395 393
f 310 308 245
f 245 304 310
f 241 304 245
f 245 186 241
f 148 191 192
f 148 149 111
f 137 149 148
f 138 137 148
f 249 311 312
f 312 313 249
f 311 313 312
f 188 189 144
f 144 187 188
f 188 187 189
f 307 305 289
f 307 306 305
f 289 246 307
f 926 1049 925
f 925 804 926
f 1051 1052 925
f 1050 1052 1051
f 1050 1049 1052
f 1051 925 1050
f 1050 925 1049
f 1176 1049 1055
f 1052 1049 1176
f 1055 1177 1176
f 1177 1052 1176
f 1752 1637 1618
f 1617 1615 1618
f 1615 1752 1618
f 1619 1485 1618
f 1618 1485 1617
f 1771 1638 1636
f 1636 1638 1503
f 1770 1771 1636
f 1636 1637 1770
f 1770 1637 1773
f 1773 1637 1772
f 1773 1751 1770
f 1773 1772 1751
f 1088 1212 1089
f 1089 951 1088
f 1344 1212 1345
f 1344 1348 1212
f 1489 1339 1488
f 1489 1488 1496
f 1496 1348 1489
f 1489 1344 1339
f 1348 1344 1489
f 1346 1212 1349
f 1212 1348 1349
f 1203 1078 1077
f 1077 1202 1203
f 1079 1078 1203
f 1077 1200 1199
f 1199 1202 1077
f 1198 1202 1199
f 1074 1198 1199
f 1199 1200 1074
f 1334 1202 1333
f 1613 1610 1747
f 1747 1612 1613
f 1613 1612 1482
f 1895 1747 1746
f 1747 1610 1746
f 1746 1745 1895
f 1746 1610 1745
f 1478 1608 1609
f 1609 1610 1478
f 1608 1610 1609
f 1334 1482 1483
f 1482 1612 1483
f 1502 1636 1503
f 1637 1636 1502
f 1502 1618 1637
f 1353 1503 1354
f 1353 1502 1503
f 1501 1502 1353
f 1350 1501 1351
f 1214 1350 1351
f 1351 1215 1214
f 1278 1277 1431
f 1281 1278 1431
f 1431 1437 1281
f 2217 2218 2062
f 2217 2062 2190
f 2190 2331 2217
f 2359 2301 2417
f 2331 2301 2359
f 2359 2217 2331
f 2359 2417 2360
f 2360 2216 2359
f 2359 2216 2218
f 2218 2217 2359
f 2141 1988 2140
f 1988 1994 2140
f 2140 2148 2141
f 2140 1994 2148
f 1430 1277 1276
f 1432 1277 1430
f 1565 1566 1567
f 1833 1828 1985
f 1695 1835 1700
f 1695 1832 1835
f 1274 1156 1273
f 1273 1428 1274
f 1427 1428 1273
f 437 539 540
f 894 900 895
f 100 84 73
f 73 72 100
f 100 72 99
f 82 84 100
f 100 99 82
f 55 56 81
f 55 38 39
f 39 56 55
f 57 56 39
f 39 49 57
f 73 84 57
f 84 56 57
f 47 73 57
f 57 49 47
f 113 111 102
f 102 80 113
f 110 111 79
f 79 78 110
f 53 78 79
f 79 80 53
f 316 401 398
f 228 178 226
f 193 178 228
f 228 226 251
f 251 193 228
f 286 225 227
f 227 289 286
f 227 288 289
f 227 225 177
f 177 192 227
f 227 192 249
f 249 288 227
f 43 44 30
f 30 44 31
f 68 44 67
f 69 44 68
f 51 35 50
f 32 35 48
f 35 54 48
f 47 32 48
f 48 54 47
f 2391 2483 2484
f 2482 2483 2391
f 2391 2392 2482
f 2261 2392 2391
f 2391 2262 2261
f 2108 2262 2263
f 2262 2391 2263
f 2436 2371 2471
f 2471 2499 2436
f 2371 2458 2471
f 2458 2499 2471
f 2516 2514 2483
f 2483 2517 2516
f 2515 2514 2516
f 2516 2456 2515
f 2516 2517 2456
f 1967 2120 2121
f 2119 2120 1967
f 2121 1968 1967
f 1966 2119 1967
f 1813 1966 1967
f 1967 1968 1813
f 2410 2285 2411
f 2411 2285 2284
f 2284 2280 2411
f 2279 2280 2119
f 2279 2411 2280
f 2410 2411 2279
f 2407 2282 2413
f 2269 2397 2270
f 1299 1298 1448
f 1448 1449 1299
f 1580 1449 1448
f 1448 1447 1580
f 1298 1447 1448
f 1459 1580 1579
f 1580 1447 1579
f 1460 1304 1459
f 1460 1447 1304
f 1459 1579 1460
f 1460 1579 1447
f 1304 1447 1297
f 1297 1447 1298
f 1181 1304 1297
f 1297 1298 1181
f 2009 2166 2012
f 2008 2165 2009
f 2009 2165 2166
f 1709 1710 1582
f 1582 1708 1709
f 1709 1848 1710
f 1709 1708 1846
f 1996 2002 2001
f 2001 1848 1996
f 2002 1848 2001
f 1847 1846 1996
f 1996 1848 1847
f 1847 1709 1846
f 1848 1709 1847
f 1710 1848 1849
f 1850 1711 1849
f 1849 1711 1710
f 1849 2002 1850
f 1849 1848 2002
f 2473 2428 2498
f 2498 2472 2473
f 2498 2426 2425
f 2149 2306 2307
f 2307 2150 2149
f 2309 2308 2307
f 2307 2306 2309
f 2307 2308 2151
f 2151 2150 2307
f 2157 2306 2149
f 2156 2306 2157
f 2149 1998 2157
f 1998 2156 2157
f 1995 1843 2000
f 2000 1999 1995
f 1843 1999 2000
f 2375 2236 2374
f 2374 2236 2317
f 2379 2375 2374
f 2374 2429 2379
f 2374 2317 2429
f 2238 2378 2239
f 2237 2377 2238
f 2238 2377 2378
f 1850 2003 2004
f 2003 1853 2004
f 1854 2005 2006
f 1854 1853 2003
f 2003 2005 1854
f 1854 1855 1712
f 1712 1853 1854
f 2008 2009 1854
f 2154 2152 2003
f 2154 2003 2002
f 1995 2153 2154
f 2154 2002 1995
f 2162 2158 2003
f 2003 2161 2162
f 2162 2161 2241
f 2313 2158 2162
f 2235 2313 2162
f 2151 2310 2311
f 2311 2161 2151
f 2310 2161 2311
f 2006 2005 2007
f 2007 2164 2008
f 2008 1854 2007
f 2007 1854 2006
f 2232 2079 2077
f 2081 1922 2080
f 1922 2079 2080
f 2080 2238 2239
f 2237 2238 2080
f 2080 2236 2237
f 2241 2236 2080
f 2080 2162 2241
f 2080 2079 2235
f 2235 2162 2080
f 2234 2233 2235
f 2235 2079 2234
f 2234 2079 2233
f 1594 1724 1725
f 1725 1722 1594
f 1724 1722 1725
f 1504 1355 1505
f 1504 1505 1594
f 1307 1185 1306
f 1185 1305 1306
f 1306 1305 1356
f 1356 1305 1218
f 1094 1217 1218
f 1218 1185 1094
f 1218 1305 1185
f 1723 1724 1594
f 1723 1774 1724
f 1594 1638 1723
f 1638 1774 1723
f 1843 1865 1997
f 2014 2013 1997
f 1997 2013 2023
f 2023 2022 1997
f 1997 2022 2155
f 2155 1998 1997
f 1997 1998 1843
f 2015 1865 1864
f 2015 1997 1865
f 1470 1469 1597
f 1597 1469 1468
f 1468 1467 1597
f 1596 1720 1597
f 1597 1467 1596
f 1309 1308 1464
f 1464 1504 1594
f 1464 1594 1465
f 1465 1309 1464
f 1181 1052 1180
f 1052 1179 1180
f 1180 1296 1181
f 1180 1179 1296
f 1174 1047 1175
f 1175 1048 1174
f 1047 1048 1175
f 1577 1588 1587
f 1587 1457 1586
f 1587 1588 1457
f 1044 1171 1045
f 1170 1171 1044
f 1044 1043 1170
f 917 1043 1044
f 1044 918 917
f 919 918 1044
f 1045 920 1044
f 1044 920 919
f 1168 1284 1285
f 1300 1440 1439
f 1439 1440 1288
f 1288 1287 1439
f 1181 1284 1303
f 1303 1182 1181
f 924 800 923
f 676 800 801
f 801 677 676
f 800 677 801
f 675 799 676
f 676 559 675
f 675 559 674
f 675 798 799
f 675 674 798
f 671 797 672
f 672 559 671
f 464 462 569
f 569 461 464
f 370 462 464
f 680 681 566
f 567 458 566
f 565 680 566
f 566 458 565
f 562 563 456
f 456 561 562
f 562 677 563
f 676 677 562
f 562 561 676
f 911 794 915
f 792 794 911
f 1038 1161 1162
f 1162 1163 1038
f 1162 1279 1163
f 1162 1161 1278
f 1278 1279 1162
f 1157 1161 1158
f 1033 1157 1158
f 1034 1035 907
f 1034 1037 1035
f 1034 1158 1037
f 1034 907 1033
f 1033 1158 1034
f 904 905 783
f 904 1032 905
f 660 784 661
f 661 548 660
f 660 548 659
f 549 548 553
f 549 550 443
f 549 553 550
f 442 356 441
f 443 356 442
f 441 545 442
f 442 549 443
f 546 547 442
f 442 545 546
f 442 547 548
f 548 549 442
f 353 278 277
f 277 352 353
f 353 352 278
f 274 275 214
f 348 275 274
f 346 348 274
f 274 347 346
f 273 347 274
f 271 273 272
f 271 343 344
f 270 343 271
f 271 211 270
f 272 211 271
f 345 433 346
f 346 273 345
f 344 432 345
f 432 433 345
f 345 271 344
f 273 271 345
f 163 211 164
f 120 162 163
f 163 164 120
f 269 211 210
f 162 209 210
f 210 163 162
f 211 163 210
f 209 268 210
f 210 268 269
f 160 119 159
f 208 209 159
f 159 209 160
f 159 119 158
f 159 207 208
f 159 158 207
f 739 731 740
f 739 618 617
f 740 618 739
f 608 731 732
f 610 609 732
f 325 415 326
f 415 327 326
f 326 261 325
f 326 327 261
f 331 408 323
f 323 261 331
f 323 324 261
f 408 409 323
f 323 409 410
f 410 324 323
f 411 410 501
f 501 324 411
f 411 324 410
f 509 423 507
f 507 610 509
f 507 423 422
f 505 609 506
f 506 609 610
f 610 507 506
f 968 1104 1101
f 852 851 969
f 969 864 852
f 969 985 864
f 969 968 1103
f 851 968 969
f 850 729 849
f 729 846 849
f 965 850 849
f 849 966 965
f 845 966 849
f 849 846 845
f 1508 1364 1358
f 1358 1364 1225
f 1358 1357 1508
f 1358 1360 1359
f 1358 1219 1357
f 1358 1359 1219
f 1225 1222 1358
f 1358 1222 1220
f 1220 1360 1358
f 1225 1362 1361
f 1361 1223 1225
f 1101 1104 1102
f 1104 1223 1102
f 1102 968 1101
f 1102 1223 1103
f 1103 968 1102
f 1103 1223 1224
f 1224 1120 1103
f 1240 1120 1224
f 1224 1363 1240
f 1362 1363 1224
f 1224 1361 1362
f 1223 1361 1224
f 1509 1363 1362
f 1509 1362 1366
f 1509 1513 1640
f 1366 1513 1509
f 974 987 1114
f 1114 986 974
f 987 986 1114
f 737 619 618
f 618 741 737
f 737 738 614
f 614 619 737
f 861 738 737
f 737 741 861
f 877 998 999
f 989 988 1112
f 866 988 989
f 989 867 866
f 879 1001 880
f 872 871 879
f 429 520 521
f 520 627 521
f 522 525 632
f 628 521 627
f 518 749 625
f 625 519 518
f 626 519 625
f 526 431 524
f 880 998 878
f 878 998 877
f 877 759 878
f 872 879 760
f 760 879 880
f 760 751 872
f 880 878 760
f 760 878 759
f 973 974 854
f 854 972 973
f 973 972 974
f 981 980 1116
f 976 981 1116
f 1116 1117 976
f 1116 980 979
f 1116 1120 1236
f 979 1120 1116
f 1235 1117 1116
f 1382 1238 1240
f 1382 1383 1370
f 1240 1383 1382
f 1370 1227 1239
f 1239 1227 1119
f 1119 1238 1239
f 1933 1784 1783
f 1783 1788 1933
f 1784 1644 1783
f 1644 1648 1783
f 2091 2102 2099
f 2102 1943 2099
f 1930 1940 1939
f 1939 1937 1930
f 1522 1652 1653
f 1653 1523 1522
f 1653 1524 1523
f 1526 1525 1653
f 1653 1525 1524
f 1932 1789 1782
f 1937 1789 1932
f 1782 1930 1932
f 1930 1937 1932
f 1376 1374 1378
f 1378 1525 1526
f 1378 1374 1373
f 1373 1525 1378
f 870 749 748
f 870 991 871
f 870 750 749
f 871 750 870
f 1000 1134 1001
f 1001 879 1000
f 2027 2025 2179
f 2027 1877 2025
f 2027 2179 2180
f 2026 1877 2027
f 2027 2168 2026
f 2027 2180 2168
f 2175 2024 2174
f 2175 2176 2024
f 2025 2176 2178
f 2174 2179 2178
f 2179 2025 2178
f 2178 2175 2174
f 2176 2175 2178
f 2177 2025 2024
f 2024 2176 2177
f 2177 2176 2025
f 2501 2502 2440
f 2440 2481 2386
f 2440 2502 2481
f 2440 2386 2384
f 2384 2479 2440
f 2440 2479 2439
f 2521 2501 2523
f 2523 2500 2521
f 2501 2500 2523
f 2518 2499 2456
f 2518 2500 2499
f 2456 2517 2518
f 2517 2500 2518
f 2438 2323 2322
f 2322 2437 2438
f 2438 2437 2501
f 2501 2440 2438
f 2053 1899 2049
f 2050 1899 2053
f 2053 2207 2050
f 2049 2204 2053
f 2204 2207 2053
f 1867 1726 1866
f 1867 1868 1726
f 1866 1874 1867
f 1874 1868 1867
f 1413 1557 1414
f 1414 1264 1413
f 1412 1557 1413
f 1413 1264 1412
f 1263 1264 1146
f 1146 1264 1265
f 1265 1266 1146
f 1416 1266 1265
f 1409 1558 1554
f 1558 1681 1554
f 1268 1150 1149
f 1555 1554 1681
f 1555 1417 1409
f 1409 1554 1555
f 1973 1975 1974
f 2286 2287 2127
f 2127 2287 2288
f 2288 2289 2127
f 2127 2289 2290
f 2127 2285 2286
f 1149 1150 1024
f 773 892 774
f 773 648 647
f 788 774 893
f 788 664 774
f 789 665 788
f 788 665 664
f 897 789 910
f 910 1022 897
f 789 788 910
f 1023 1146 1148
f 1023 1022 1146
f 1148 1149 1023
f 1149 1024 1023
f 1023 1024 898
f 1147 1146 1036
f 1146 1022 1036
f 1011 1010 1140
f 1255 1257 1256
f 1256 1257 1140
f 765 884 885
f 764 884 765
f 887 766 886
f 886 1011 887
f 1010 1011 886
f 886 1008 1010
f 886 765 885
f 766 765 886
f 1408 1407 1550
f 1408 1553 1409
f 1412 1261 1411
f 1411 1557 1412
f 1411 1410 1557
f 1262 1261 1412
f 1412 1264 1262
f 1264 1263 1262
f 1262 1263 1146
f 769 644 643
f 535 647 536
f 535 536 435
f 1404 1403 1548
f 1548 1403 1402
f 1402 1401 1548
f 1548 1401 1547
f 1137 1252 1138
f 1136 1250 1251
f 1251 1137 1136
f 1252 1137 1251
f 1964 1965 1812
f 1963 1964 1812
f 1813 1675 1812
f 1812 1965 1813
f 1814 1969 1962
f 1962 1810 1814
f 1675 1810 1811
f 1963 1812 1811
f 1811 1812 1675
f 2113 2117 1963
f 2269 2270 2113
f 2119 2117 2113
f 2113 2270 2119
f 1541 1401 1542
f 1542 1400 1541
f 1541 1400 1399
f 1399 1540 1541
f 1543 1400 1542
f 1542 1401 1543
f 1543 1401 1400
f 2038 2071 2039
f 1744 1743 1742
f 1895 1745 1744
f 1745 1610 1744
f 1608 1743 1744
f 1744 1610 1608
f 2469 2470 2407
f 2367 2470 2469
f 2407 2463 2469
f 2463 2367 2469
f 2221 2223 2363
f 2364 2221 2363
f 2462 2463 2363
f 2459 2351 2415
f 2459 2365 2351
f 2352 2212 2351
f 2351 2365 2352
f 2352 2365 2362
f 2362 2220 2352
f 2352 2220 2212
f 2467 2470 2367
f 2367 2365 2467
f 1550 1679 1552
f 1558 1553 1552
f 1552 1408 1550
f 1553 1408 1552
f 2362 2223 2219
f 2219 2220 2362
f 2065 2220 2219
f 2219 2067 2065
f 2219 2223 2067
f 2129 2131 1976
f 1976 2131 1978
f 1978 1977 1976
f 1976 1975 2129
f 1821 1975 1976
f 1976 1977 1821
f 1978 2131 1980
f 1980 1979 1978
f 1980 2132 1982
f 1982 1827 1980
f 1980 2131 2129
f 2129 2132 1980
f 1978 1979 1825
f 2419 2460 2418
f 2351 2460 2419
f 2136 2138 2296
f 2138 2299 2296
f 2296 2297 2136
f 2299 2419 2296
f 2418 2297 2296
f 2296 2419 2418
f 2137 2289 2298
f 2298 2299 2137
f 2137 2299 2138
f 2129 2289 2137
f 2137 2132 2129
f 2137 2138 1982
f 1982 2132 2137
f 2511 2489 2519
f 2519 2456 2511
f 2271 2272 2115
f 2115 2123 2271
f 2271 2123 2283
f 2271 2394 2399
f 2401 2272 2402
f 2401 2273 2272
f 2275 2403 2404
f 2404 2495 2496
f 2404 2276 2275
f 2405 2276 2404
f 2496 2485 2404
f 2404 2485 2405
f 2348 2453 2455
f 2455 2454 2348
f 2455 2511 2456
f 2455 2456 2345
f 2345 2454 2455
f 2333 2446 2447
f 2447 2448 2333
f 2496 2448 2447
f 2504 2485 2496
f 2504 2446 2485
f 2496 2447 2504
f 2504 2447 2446
f 2463 2485 2505
f 2333 2369 2445
f 2445 2446 2333
f 2405 2485 2406
f 2406 2276 2405
f 2395 2269 2398
f 2269 2276 2398
f 2276 2406 2398
f 2398 2485 2395
f 2398 2406 2485
f 2338 2202 2198
f 2338 2198 2201
f 2201 2340 2338
f 1895 2044 2045
f 2045 2046 1895
f 2044 2048 2045
f 2048 2046 2045
f 2048 2047 1897
f 1897 2046 2048
f 1898 1749 1897
f 1897 2047 1898
f 1897 1749 1748
f 1895 2046 1897
f 2339 2340 2201
f 2201 2200 2339
f 1949 2107 1950
f 1800 1949 1950
f 1945 2105 2103
f 1945 1798 1948
f 1948 2101 2104
f 2104 1945 1948
f 2105 1945 2104
f 2104 2101 2257
f 2257 2105 2104
f 1950 1951 1801
f 1801 1800 1950
f 1663 1800 1801
f 1801 1951 1803
f 1952 2108 2109
f 1952 1951 2108
f 2109 1953 1952
f 1952 1953 1803
f 1803 1951 1952
f 882 761 881
f 997 1002 881
f 881 1004 882
f 526 524 636
f 636 524 633
f 883 763 882
f 883 884 764
f 764 763 883
f 882 1004 883
f 883 1007 1005
f 522 632 630
f 630 632 755
f 1392 1534 1536
f 1536 1394 1392
f 1536 1395 1394
f 1391 1534 1392
f 1392 1246 1391
f 1393 1394 1248
f 1248 1246 1393
f 1392 1394 1393
f 1393 1246 1392
f 1124 1125 1133
f 1133 1247 1248
f 1132 1247 1133
f 1248 1249 1133
f 1133 999 1132
f 1125 999 1133
f 1338 1206 1337
f 1338 1207 1206
f 1338 1337 1208
f 1208 1207 1338
f 2056 1908 1903
f 1903 1757 1756
f 1756 1907 1903
f 1760 1757 1903
f 1903 1908 1760
f 2064 2056 2065
f 2064 1908 2056
f 2065 1909 2064
f 1909 1908 2064
f 2214 2216 2353
f 2214 2058 2216
f 2355 2356 2214
f 2056 2058 2214
f 2353 2354 2214
f 2214 2354 2355
f 2356 2215 2214
f 2214 2215 2056
f 1889 1902 1753
f 1753 1739 1889
f 1739 1888 1889
f 2062 1905 2061
f 2061 2037 2062
f 2185 2034 2184
f 2184 2186 2185
f 2186 2037 2185
f 1072 938 1070
f 1070 1068 1072
f 1072 1068 1195
f 1195 1196 1072
f 1196 1082 1072
f 949 938 1073
f 1073 1082 949
f 938 1072 1073
f 1073 1072 1082
f 1205 1206 1083
f 1083 1082 1205
f 1195 1206 1205
f 1205 1196 1195
f 1205 1082 1196
f 941 830 946
f 946 1074 941
f 946 832 947
f 947 1080 946
f 946 1080 1074
f 708 830 709
f 585 708 709
f 949 832 948
f 948 935 949
f 832 935 948
f 936 935 940
f 831 824 940
f 940 824 936
f 940 832 831
f 940 935 832
f 1191 1193 1192
f 1064 1190 1191
f 1191 1190 1194
f 1194 1193 1191
f 1191 1066 1064
f 1192 1066 1191
f 933 817 932
f 932 1065 933
f 932 817 931
f 931 1065 932
f 1624 1625 1492
f 1624 1754 1625
f 1492 1623 1624
f 1623 1754 1624
f 1760 1629 1759
f 1627 1758 1759
f 1759 1758 1760
f 1759 1628 1627
f 1759 1629 1628
f 1766 1762 1913
f 1913 1762 1912
f 1912 2069 1913
f 1328 1198 1197
f 1328 1329 1198
f 1197 1327 1328
f 1327 1479 1328
f 1330 1202 1198
f 1198 1329 1330
f 1330 1329 1202
f 470 469 574
f 379 378 470
f 470 474 379
f 577 474 470
f 574 576 470
f 470 576 577
f 376 378 296
f 376 375 468
f 376 470 378
f 376 296 295
f 295 375 376
f 376 468 469
f 469 470 376
f 300 391 301
f 301 238 300
f 300 238 299
f 300 388 389
f 389 390 300
f 390 391 300
f 310 388 300
f 300 387 310
f 300 299 387
f 697 812 814
f 814 815 697
f 928 815 814
f 812 693 813
f 928 814 813
f 813 814 812
f 692 575 691
f 692 693 575
f 689 688 691
f 691 575 689
f 573 688 689
f 689 575 573
f 829 706 828
f 828 827 829
f 706 827 828
f 826 827 706
f 826 830 941
f 941 827 826
f 480 383 475
f 385 476 483
f 483 488 484
f 483 590 488
f 483 386 385
f 484 386 483
f 488 590 595
f 478 582 583
f 583 479 478
f 582 479 583
f 700 821 822
f 822 821 936
f 936 824 822
f 824 702 822
f 305 306 242
f 242 309 305
f 306 307 242
f 308 309 242
f 186 245 242
f 242 245 308
f 489 395 394
f 395 309 394
f 394 488 489
f 486 485 394
f 485 488 394
f 394 387 486
f 394 309 308
f 394 396 387
f 397 396 394
f 394 310 397
f 394 308 310
f 147 190 191
f 191 148 147
f 145 190 147
f 147 146 145
f 147 111 146
f 147 148 111
f 175 148 192
f 175 192 177
f 177 176 175
f 175 176 138
f 138 148 175
f 686 808 809
f 809 804 686
f 809 808 926
f 926 804 809
f 1053 1052 1041
f 1041 925 1053
f 1053 925 1052
f 1041 916 927
f 927 925 1041
f 1619 1618 1500
f 1500 1618 1501
f 1500 1486 1619
f 1350 1486 1500
f 1500 1501 1350
f 1212 1088 1087
f 1476 1347 1346
f 1346 1349 1476
f 1327 1347 1476
f 1476 1605 1606
f 1476 1349 1348
f 1214 1093 1201
f 1093 1076 1201
f 1201 1076 1079
f 1079 1203 1201
f 1331 1334 1214
f 1214 1201 1331
f 1331 1201 1203
f 1331 1203 1202
f 1202 1329 1332
f 1332 1333 1202
f 1329 1328 1332
f 1332 1481 1334
f 1334 1333 1332
f 1611 1613 1482
f 1610 1613 1611
f 1478 1610 1611
f 1611 1481 1478
f 1482 1481 1611
f 1614 1483 1612
f 1614 1620 1485
f 1747 1620 1614
f 1614 1612 1747
f 1501 1618 1635
f 1635 1502 1501
f 1618 1502 1635
f 1501 1353 1352
f 1352 1351 1501
f 1215 1351 1352
f 1216 1353 1354
f 1354 1355 1216
f 1216 1352 1353
f 1216 1355 1356
f 1216 1217 1094
f 1356 1218 1216
f 1216 1218 1217
f 1094 1215 1216
f 1215 1352 1216
f 1568 1566 1693
f 1427 1566 1568
f 1426 1566 1427
f 1427 1273 1426
f 1426 1273 1271
f 1567 1566 1426
f 1426 1565 1567
f 1274 1428 1429
f 1429 1275 1274
f 1276 1275 1429
f 1429 1430 1276
f 1688 1565 1687
f 1424 1426 1271
f 1565 1426 1424
f 1829 1687 1828
f 1828 1833 1829
f 1986 2139 1987
f 1987 1832 1986
f 1985 2139 1986
f 1986 1833 1985
f 1573 1695 1700
f 1832 1695 1694
f 438 355 437
f 1155 1273 1156
f 1271 1273 1155
f 1028 901 1026
f 1026 1029 1028
f 902 901 1028
f 1272 1153 1270
f 1271 1153 1272
f 1270 1424 1272
f 1026 900 1027
f 1027 1153 1026
f 1152 1029 1026
f 1026 1153 1152
f 1152 1153 1271
f 779 653 778
f 776 894 895
f 653 779 776
f 776 779 778
f 778 898 896
f 898 894 896
f 896 776 778
f 894 776 896
f 111 113 112
f 112 113 80
f 112 79 111
f 80 79 112
f 315 250 314
f 314 316 315
f 316 398 315
f 21 28 29
f 21 29 30
f 22 12 21
f 21 31 22
f 30 31 21
f 20 28 21
f 21 12 20
f 67 44 66
f 44 43 66
f 34 35 22
f 22 31 34
f 34 31 35
f 45 31 44
f 2109 2108 2264
f 2264 2263 2109
f 2108 2263 2264
f 2393 2394 2266
f 2399 2394 2393
f 2393 2484 2399
f 2393 2391 2484
f 2393 2263 2391
f 2266 2394 2267
f 2267 2111 2266
f 1969 2111 2122
f 2283 2123 2122
f 2122 2123 1969
f 2122 2271 2283
f 2110 1953 2109
f 2109 2266 2110
f 2266 2111 2110
f 1957 2111 1959
f 1959 1969 1814
f 1959 2111 1969
f 1803 1953 1954
f 1954 1804 1803
f 1953 1804 1954
f 2278 2279 2119
f 2278 2282 2407
f 2119 2282 2278
f 2407 2470 2408
f 2408 2278 2407
f 2279 2278 2408
f 2470 2467 2466
f 2466 2467 2365
f 2466 2414 2410
f 2415 2414 2466
f 2396 2269 2395
f 2396 2397 2269
f 2407 2413 2412
f 2412 2396 2395
f 2397 2396 2412
f 2412 2413 2282
f 2282 2397 2412
f 2395 2486 2412
f 2412 2463 2407
f 2412 2486 2463
f 2281 2282 2119
f 2119 2270 2281
f 2281 2397 2282
f 2281 2270 2397
f 1858 2009 2012
f 1857 2009 1858
f 2012 1859 1858
f 1859 1716 1858
f 1716 1857 1858
f 2427 2428 2309
f 2427 2498 2428
f 2309 2426 2427
f 2426 2498 2427
f 2472 2498 2474
f 2475 2382 2474
f 2382 2472 2474
f 2425 2475 2474
f 2474 2498 2425
f 2375 2378 2376
f 2378 2377 2376
f 2376 2377 2237
f 2237 2236 2376
f 2376 2236 2375
f 1852 1851 1850
f 1850 2004 1852
f 1852 2004 1853
f 1852 1853 1712
f 1712 1711 1852
f 1852 1711 1851
f 1856 1857 1714
f 1855 1854 1856
f 1714 1713 1856
f 1712 1855 1856
f 1856 1713 1712
f 2153 2152 2312
f 2312 2154 2153
f 2152 2154 2312
f 2005 2160 2163
f 2163 2007 2005
f 1922 2077 2078
f 2078 2079 1922
f 2078 2077 2079
f 2081 2080 2240
f 2240 2080 2239
f 2240 2082 2081
f 2240 2239 2082
f 1462 1355 1307
f 1307 1306 1462
f 1356 1355 1462
f 1462 1306 1356
f 2014 1997 2016
f 1997 2015 2016
f 2016 1864 2014
f 2016 2015 1864
f 1704 1578 1598
f 1598 1703 1704
f 1598 1578 1470
f 1470 1597 1598
f 1598 1597 1720
f 1598 1720 1591
f 1591 1703 1598
f 1355 1504 1463
f 1504 1464 1463
f 1463 1464 1308
f 1307 1355 1463
f 1463 1308 1307
f 1302 1439 1287
f 1300 1439 1302
f 1302 1301 1300
f 1302 1284 1181
f 1181 1301 1302
f 1283 1284 1168
f 1052 1182 1183
f 802 924 803
f 800 924 802
f 802 803 678
f 802 678 800
f 671 687 795
f 674 559 673
f 559 672 673
f 798 674 673
f 673 797 798
f 673 672 797
f 572 559 558
f 572 683 687
f 671 559 572
f 572 687 671
f 460 459 463
f 369 459 460
f 460 461 369
f 460 464 461
f 1160 1158 1161
f 1037 1158 1160
f 1160 1161 1038
f 1038 1037 1160
f 659 546 658
f 658 660 659
f 546 657 658
f 783 784 658
f 784 660 658
f 782 658 657
f 782 902 783
f 783 658 782
f 212 214 213
f 212 274 214
f 213 164 212
f 164 211 212
f 212 211 272
f 272 273 212
f 273 274 212
f 616 739 617
f 731 739 616
f 616 732 731
f 610 732 616
f 611 610 616
f 616 513 611
f 616 617 513
f 505 506 416
f 328 415 416
f 415 505 416
f 417 421 418
f 417 418 328
f 417 506 507
f 328 416 417
f 417 416 506
f 422 421 417
f 417 507 422
f 1105 1104 971
f 1104 968 971
f 971 970 1105
f 971 851 970
f 1511 1509 1640
f 1363 1509 1511
f 1640 1517 1511
f 1517 1510 1511
f 1510 1363 1511
f 1112 1121 992
f 992 989 1112
f 869 870 748
f 991 870 869
f 867 989 869
f 989 992 869
f 430 521 525
f 430 525 522
f 430 343 429
f 429 521 430
f 430 524 431
f 344 343 430
f 430 431 344
f 626 751 752
f 752 627 626
f 752 628 627
f 753 628 752
f 634 525 629
f 629 753 634
f 629 628 753
f 525 521 629
f 521 628 629
f 523 430 522
f 524 430 523
f 631 756 633
f 633 524 631
f 524 523 631
f 631 523 522
f 522 630 631
f 527 431 526
f 527 528 431
f 995 1125 1124
f 1124 994 995
f 877 999 995
f 995 999 1125
f 996 994 1124
f 996 1127 997
f 635 760 759
f 635 759 755
f 755 632 635
f 635 525 634
f 635 632 525
f 1237 1116 1236
f 1235 1116 1237
f 1236 1238 1237
f 1237 1238 1235
f 1381 1382 1370
f 1370 1239 1381
f 1238 1382 1381
f 1381 1239 1238
f 1110 1231 1232
f 1231 1377 1232
f 1232 1377 1230
f 1230 1376 1232
f 1376 1378 1232
f 1527 1378 1526
f 1527 1652 1651
f 1526 1653 1527
f 1527 1653 1652
f 871 991 993
f 991 1000 993
f 993 879 871
f 993 1000 879
f 1134 1000 1123
f 1123 1000 991
f 2325 2326 2174
f 2174 2323 2325
f 2323 2438 2325
f 2439 2326 2325
f 2325 2440 2439
f 2325 2438 2440
f 642 768 769
f 769 643 642
f 767 766 887
f 887 768 767
f 767 642 766
f 768 642 767
f 887 1011 1012
f 1414 1416 1415
f 1416 1265 1415
f 1415 1264 1414
f 1415 1265 1264
f 1421 1268 1420
f 1420 1268 1266
f 1267 1149 1148
f 1267 1268 1149
f 1148 1266 1267
f 1266 1268 1267
f 1820 1973 1974
f 1820 1819 1971
f 1684 1819 1820
f 1820 1821 1684
f 1820 1974 1821
f 2129 1975 2130
f 2130 1973 2129
f 1975 1973 2130
f 2128 2127 2290
f 2128 2290 2129
f 2129 1973 2128
f 769 768 770
f 645 770 771
f 771 770 890
f 891 771 890
f 892 773 891
f 1021 1023 898
f 1022 1023 1021
f 898 897 1021
f 897 1022 1021
f 909 1018 1147
f 1147 1036 909
f 893 1018 909
f 909 1036 1022
f 909 788 893
f 1022 910 909
f 909 910 788
f 1139 1008 1005
f 1005 1138 1139
f 1138 1254 1139
f 1139 1254 1255
f 1255 1256 1139
f 1010 1008 1139
f 1140 1010 1139
f 1139 1256 1140
f 1410 1411 1259
f 1409 1410 1259
f 1259 1408 1409
f 1259 1405 1407
f 1407 1408 1259
f 1140 1258 1259
f 1258 1405 1259
f 639 763 764
f 639 638 763
f 1009 886 885
f 1008 886 1009
f 885 884 1009
f 884 1008 1009
f 1140 1261 1143
f 1261 1262 1143
f 1143 1145 1140
f 531 642 643
f 532 643 644
f 532 644 645
f 645 533 532
f 532 433 432
f 532 533 433
f 432 531 532
f 532 531 643
f 435 533 534
f 534 535 435
f 1549 1548 1547
f 1551 1407 1549
f 1407 1405 1549
f 1810 1962 1960
f 1961 1811 1810
f 1810 1960 1961
f 1961 1960 2113
f 1963 1811 1961
f 1961 2113 1963
f 1544 1674 1675
f 1401 1541 1544
f 1544 1545 1401
f 1677 1675 1678
f 2225 2369 2226
f 1917 2071 2038
f 2337 2200 2196
f 2337 2448 2449
f 2337 2339 2200
f 2449 2450 2337
f 2337 2450 2340
f 2340 2339 2337
f 2196 2200 2197
f 2197 2039 2196
f 2197 2200 2199
f 2197 2199 2044
f 2332 2226 2333
f 2368 2223 2367
f 2368 2363 2223
f 2368 2367 2462
f 2462 2363 2368
f 2468 2459 2415
f 2365 2459 2468
f 2415 2466 2468
f 2468 2466 2365
f 1680 1552 1679
f 1680 1679 1815
f 1682 1558 1680
f 1558 1552 1680
f 1680 1816 1682
f 1815 1816 1680
f 1687 1825 1826
f 1826 1825 1979
f 1979 1980 1826
f 1827 1687 1826
f 1826 1980 1827
f 1687 1565 1692
f 1421 1422 1269
f 1269 1422 1270
f 1269 1268 1421
f 1150 1268 1269
f 1423 1422 1563
f 1565 1424 1423
f 1270 1422 1423
f 1423 1424 1270
f 1562 1422 1421
f 1563 1422 1562
f 1821 1822 1685
f 1817 1821 1685
f 1822 1686 1685
f 1685 1681 1817
f 2415 2351 2461
f 2461 2419 2415
f 2351 2419 2461
f 2416 2299 2287
f 2416 2419 2299
f 2416 2287 2415
f 2415 2419 2416
f 2272 2271 2400
f 2400 2488 2489
f 2399 2488 2400
f 2400 2271 2399
f 2402 2272 2400
f 2400 2489 2402
f 2274 2401 2403
f 2275 2115 2274
f 2274 2403 2275
f 2115 2273 2274
f 2273 2401 2274
f 2493 2404 2492
f 2507 2448 2495
f 2453 2340 2452
f 2340 2450 2452
f 2402 2489 2490
f 2490 2401 2402
f 2485 2446 2506
f 2506 2505 2485
f 2446 2505 2506
f 2503 2505 2446
f 2446 2445 2503
f 2465 2445 2369
f 2465 2369 2364
f 2364 2363 2465
f 2465 2503 2445
f 2203 2340 2204
f 2203 2338 2340
f 2202 2338 2203
f 2203 2204 2049
f 2049 2202 2203
f 1895 1897 1896
f 1896 1897 1748
f 1896 1747 1895
f 1748 1747 1896
f 2103 2107 2106
f 2106 1949 2103
f 2107 1949 2106
f 2103 1949 1946
f 1949 1800 1946
f 1946 1945 2103
f 1798 1945 1946
f 1663 1801 1664
f 633 756 757
f 757 636 633
f 761 636 757
f 1136 1137 1003
f 1003 883 1004
f 1007 883 1003
f 1003 1137 1138
f 1003 1138 1005
f 1005 1007 1003
f 1003 881 1002
f 1004 881 1003
f 1006 883 1005
f 884 883 1006
f 1005 1008 1006
f 1006 1008 884
f 1665 1664 1666
f 1666 1534 1665
f 1666 1536 1534
f 1124 1133 1243
f 2059 2058 2056
f 2056 1903 2059
f 2059 1903 2058
f 2058 1903 2057
f 2063 2216 2057
f 2216 2058 2057
f 2057 1903 1907
f 2057 1907 1906
f 1906 2063 2057
f 1902 1889 1904
f 1904 1889 2037
f 1904 1905 1756
f 1756 1902 1904
f 1904 2061 1905
f 2035 1889 1888
f 1886 2034 2035
f 2035 1888 1886
f 944 830 832
f 832 946 944
f 710 709 830
f 710 826 706
f 830 826 710
f 706 705 710
f 2070 2069 2225
f 2070 1913 2069
f 2225 2226 2070
f 2070 1915 1913
f 2070 2226 2071
f 2071 1915 2070
f 1766 1633 1765
f 1765 1764 1766
f 1633 1764 1765
f 1914 1762 1766
f 1766 1764 1914
f 1914 1764 1762
f 1629 1762 1763
f 1762 1764 1763
f 1633 1629 1763
f 1763 1764 1633
f 588 710 705
f 588 705 584
f 709 710 588
f 585 480 580
f 578 701 580
f 580 703 585
f 580 702 703
f 580 701 700
f 700 702 580
f 580 480 475
f 584 482 481
f 481 482 383
f 383 480 481
f 597 488 596
f 488 595 596
f 596 717 597
f 715 716 596
f 718 717 596
f 596 716 718
f 581 582 584
f 581 479 582
f 476 479 581
f 581 483 476
f 590 483 581
f 581 595 590
f 823 702 700
f 700 822 823
f 823 822 702
f 243 307 246
f 243 242 307
f 186 242 243
f 244 186 243
f 243 246 244
f 1345 1212 1211
f 1212 1087 1211
f 1210 1209 1211
f 1211 1084 1210
f 1211 1087 1084
f 1211 1209 1339
f 1211 1344 1345
f 1339 1344 1211
f 950 832 949
f 950 951 832
f 950 1088 951
f 950 1087 1088
f 1478 1327 1477
f 1327 1476 1477
f 1607 1476 1606
f 1607 1608 1478
f 1607 1606 1608
f 1478 1477 1607
f 1607 1477 1476
f 1605 1476 1499
f 1499 1476 1348
f 1499 1498 1605
f 1499 1348 1498
f 1334 1331 1336
f 1336 1331 1202
f 1480 1328 1479
f 1480 1332 1328
f 1479 1481 1480
f 1481 1332 1480
f 1334 1483 1484
f 1483 1614 1484
f 1484 1485 1334
f 1484 1614 1485
f 1696 1571 1699
f 1699 1571 1698
f 1699 1836 1696
f 1698 1836 1699
f 1437 1431 1572
f 1431 1571 1572
f 1435 1437 1572
f 1572 1571 1696
f 1576 1435 1572
f 1572 1696 1576
f 1700 1835 1697
f 1697 1835 1698
f 1698 1571 1697
f 1569 1428 1427
f 1427 1568 1569
f 1569 1694 1695
f 1569 1568 1693
f 1693 1694 1569
f 1693 1688 1831
f 1831 1688 1687
f 1690 1688 1693
f 1693 1566 1690
f 1566 1565 1690
f 1830 1829 1833
f 1830 1694 1693
f 1833 1694 1830
f 1693 1831 1830
f 1687 1829 1830
f 1830 1831 1687
f 1570 1573 1432
f 1432 1430 1570
f 1430 1429 1570
f 1695 1573 1570
f 1570 1429 1428
f 1428 1569 1570
f 1570 1569 1695
f 1433 1571 1431
f 1433 1431 1277
f 1433 1277 1432
f 1432 1573 1433
f 1834 1986 1832
f 1832 1694 1834
f 1833 1986 1834
f 1834 1694 1833
f 777 776 895
f 653 776 777
f 780 777 895
f 895 900 780
f 439 440 355
f 355 438 439
f 438 542 439
f 1156 1032 1031
f 1031 1155 1156
f 1032 904 1031
f 902 1028 903
f 783 902 903
f 903 904 783
f 903 1028 1029
f 1425 1424 1271
f 1271 1272 1425
f 1425 1272 1424
f 898 1024 1025
f 1025 1024 1150
f 1154 1152 1271
f 1029 1152 1154
f 1271 1155 1154
f 71 45 44
f 50 45 71
f 71 44 70
f 71 70 51
f 51 50 71
f 35 31 46
f 31 45 46
f 46 50 35
f 46 45 50
f 2265 2393 2266
f 2263 2393 2265
f 2265 2266 2109
f 2109 2263 2265
f 2271 2122 2268
f 2394 2271 2268
f 2268 2267 2394
f 2111 2267 2268
f 2268 2122 2111
f 1957 1807 1958
f 1958 2111 1957
f 1958 2110 2111
f 1250 1395 1396
f 1804 1807 1670
f 1671 1670 1673
f 1673 1670 1807
f 1674 1544 1673
f 1675 1674 1673
f 1673 1809 1675
f 2410 2279 2409
f 2409 2466 2410
f 2279 2408 2409
f 2409 2408 2470
f 2470 2466 2409
f 2011 1856 1854
f 2011 2009 1857
f 1857 1856 2011
f 2315 2160 2314
f 2315 2163 2160
f 1438 1285 1284
f 1284 1302 1438
f 1438 1302 1285
f 1286 1302 1287
f 1285 1302 1286
f 1286 1287 1168
f 1168 1285 1286
f 1041 1052 1169
f 1169 1167 1041
f 1182 1303 1184
f 1184 1183 1182
f 1167 1169 1184
f 1168 1167 1184
f 1184 1283 1168
f 1052 1183 1184
f 1184 1169 1052
f 806 810 807
f 807 810 687
f 807 683 806
f 687 683 807
f 925 927 811
f 806 925 811
f 811 810 806
f 811 927 916
f 811 795 687
f 687 810 811
f 805 925 806
f 804 925 805
f 686 804 685
f 466 572 558
f 464 572 466
f 466 454 370
f 558 454 466
f 571 572 464
f 967 968 851
f 851 971 967
f 967 971 968
f 637 761 762
f 637 636 761
f 526 636 637
f 637 527 526
f 637 638 528
f 528 527 637
f 754 630 755
f 756 631 754
f 754 631 630
f 875 996 997
f 756 754 875
f 875 754 873
f 875 873 994
f 994 996 875
f 874 759 877
f 877 995 874
f 755 759 874
f 994 873 874
f 874 995 994
f 874 754 755
f 873 754 874
f 751 760 758
f 760 635 758
f 758 752 751
f 753 752 758
f 634 753 758
f 758 635 634
f 1233 1232 1378
f 1122 1241 1242
f 1242 1123 1122
f 1134 1123 1242
f 1129 1134 1130
f 1130 998 1129
f 1134 1242 1130
f 1130 1242 1245
f 1385 1384 1530
f 1241 1384 1385
f 1244 1246 1132
f 1790 1939 1940
f 1792 1937 1790
f 1937 1939 1790
f 1654 1789 1792
f 1792 1790 1654
f 1654 1790 1791
f 1654 1527 1651
f 1654 1651 1650
f 1650 1789 1654
f 991 869 990
f 990 1123 991
f 990 869 992
f 1122 1123 990
f 1121 1122 990
f 990 992 1121
f 888 768 887
f 887 1012 888
f 888 1012 1013
f 1141 1011 1140
f 1141 1012 1011
f 1140 1145 1141
f 1419 1420 1266
f 1421 1420 1419
f 1419 1562 1421
f 1972 1820 1971
f 1973 1820 1972
f 1972 2128 1973
f 1971 2125 1972
f 2127 2128 1972
f 889 770 768
f 889 888 1013
f 768 888 889
f 890 770 889
f 645 771 646
f 646 533 645
f 646 534 533
f 771 891 772
f 647 646 772
f 772 646 771
f 772 773 647
f 772 891 773
f 1260 1411 1261
f 1260 1259 1411
f 1260 1261 1140
f 1140 1259 1260
f 1013 1012 1142
f 1012 1141 1142
f 1142 1141 1145
f 1014 1143 1262
f 1014 889 1013
f 1013 1142 1014
f 1145 1143 1014
f 1014 1142 1145
f 764 765 640
f 640 639 764
f 432 431 529
f 431 528 529
f 528 638 529
f 638 639 529
f 639 640 529
f 1406 1258 1404
f 1406 1405 1258
f 1406 1549 1405
f 2115 1960 2114
f 2114 1960 1962
f 2114 1962 1969
f 2114 2123 2115
f 1969 2123 2114
f 2113 1960 2112
f 2115 2269 2112
f 2269 2113 2112
f 1676 1544 1675
f 1545 1544 1676
f 1675 1677 1676
f 1676 1677 1545
f 1545 1677 1546
f 1401 1545 1546
f 1546 1677 1678
f 1547 1401 1546
f 1546 1550 1551
f 1546 1678 1550
f 1551 1549 1546
f 1546 1549 1547
f 2370 2369 2333
f 2333 2226 2370
f 2370 2226 2369
f 2192 2039 2071
f 2071 2226 2192
f 1891 1893 1744
f 1891 1917 2038
f 2038 2039 1891
f 2196 2039 2195
f 2195 2337 2196
f 2333 2448 2334
f 1824 1825 1687
f 1687 1692 1824
f 1978 1825 1823
f 1823 1686 1822
f 1823 1977 1978
f 1821 1977 1823
f 1823 1822 1821
f 1564 1423 1563
f 1565 1423 1564
f 1563 1686 1564
f 1564 1686 1565
f 1563 1562 1561
f 1561 1686 1563
f 1561 1419 1560
f 1562 1419 1561
f 1560 1685 1561
f 1561 1685 1686
f 1559 1555 1681
f 1681 1685 1559
f 1559 1685 1560
f 2494 2404 2493
f 2493 2507 2494
f 2495 2404 2494
f 2494 2507 2495
f 2508 2507 2493
f 2493 2509 2508
f 2508 2509 2452
f 2449 2448 2508
f 2448 2507 2508
f 2508 2450 2449
f 2508 2452 2450
f 2513 2490 2489
f 2455 2490 2513
f 2489 2511 2513
f 2511 2455 2513
f 2403 2401 2491
f 2401 2490 2491
f 2491 2404 2403
f 2491 2492 2404
f 2464 2363 2463
f 2463 2505 2464
f 2505 2503 2464
f 2464 2465 2363
f 2503 2465 2464
f 1947 1800 1798
f 1798 1946 1947
f 1947 1946 1800
f 1662 1532 1661
f 1662 1800 1663
f 1798 1800 1662
f 1662 1661 1798
f 1660 1532 1530
f 1661 1532 1660
f 1663 1664 1533
f 1533 1662 1663
f 1532 1662 1533
f 1537 1396 1395
f 1538 1396 1537
f 1395 1536 1537
f 1536 1666 1537
f 1802 1664 1801
f 1802 1666 1664
f 1802 1801 1803
f 1803 1666 1802
f 1127 996 1126
f 1126 1243 1127
f 1126 996 1124
f 1124 1243 1126
f 1127 1243 1135
f 1002 1127 1135
f 1135 1250 1136
f 1136 1003 1135
f 1135 1003 1002
f 1135 1243 1133
f 1135 1249 1250
f 1135 1133 1249
f 2037 2061 2060
f 2060 1904 2037
f 2061 1904 2060
f 2037 1889 2036
f 1889 2035 2036
f 2036 2185 2037
f 2034 2185 2036
f 2036 2035 2034
f 945 946 830
f 830 944 945
f 945 944 946
f 1766 1913 1767
f 1913 1915 1767
f 1767 1633 1766
f 1767 1768 1633
f 1767 1891 1768
f 1917 1891 1767
f 586 480 585
f 579 475 578
f 578 580 579
f 579 580 475
f 480 588 589
f 589 481 480
f 589 588 584
f 584 481 589
f 714 596 595
f 595 581 704
f 704 714 595
f 584 707 704
f 704 581 584
f 704 707 715
f 715 596 704
f 596 714 704
f 949 1084 1085
f 1085 950 949
f 1084 1087 1086
f 1087 950 1086
f 1086 1085 1084
f 950 1085 1086
f 1335 1202 1334
f 1334 1336 1335
f 1335 1336 1202
f 1565 1688 1689
f 1689 1690 1565
f 1688 1690 1689
f 1574 1697 1571
f 1571 1433 1574
f 1574 1433 1573
f 1574 1573 1700
f 1700 1697 1574
f 899 900 1026
f 899 780 900
f 1026 901 899
f 654 540 653
f 653 777 654
f 440 439 544
f 544 657 546
f 546 545 544
f 656 782 657
f 1155 1031 1030
f 1029 1154 1030
f 1030 1154 1155
f 1030 903 1029
f 1030 1031 904
f 904 903 1030
f 1020 894 898
f 898 1025 1020
f 1153 1027 1151
f 1027 1025 1151
f 1270 1153 1151
f 1151 1025 1150
f 1151 1269 1270
f 1150 1269 1151
f 2110 1958 1955
f 1955 1804 1953
f 1953 2110 1955
f 1397 1251 1250
f 1250 1396 1397
f 1397 1396 1538
f 1397 1538 1398
f 1398 1252 1397
f 1252 1251 1397
f 1671 1673 1672
f 1672 1673 1544
f 1672 1541 1671
f 1672 1544 1541
f 1809 1673 1808
f 1675 1809 1808
f 1808 1673 1807
f 1814 1675 1808
f 1808 1959 1814
f 1957 1959 1808
f 1808 1807 1957
f 2010 1854 2009
f 2009 2011 2010
f 2010 2011 1854
f 916 797 796
f 796 811 916
f 796 797 671
f 671 795 796
f 795 811 796
f 804 805 682
f 682 685 804
f 806 683 682
f 682 805 806
f 370 464 465
f 465 466 370
f 464 466 465
f 997 881 876
f 876 875 997
f 876 881 761
f 761 757 876
f 876 757 756
f 756 875 876
f 1112 974 1111
f 974 1110 1111
f 1111 1121 1112
f 1110 1232 1111
f 1232 1233 1111
f 1386 1242 1241
f 1245 1242 1386
f 1241 1385 1386
f 1132 999 1128
f 1128 999 998
f 1128 1244 1132
f 1245 1244 1128
f 1531 1385 1530
f 2091 2099 1938
f 1791 1790 1938
f 1938 2099 1943
f 1655 1654 1791
f 1655 1793 1656
f 1791 1793 1655
f 1944 1793 1943
f 1944 2101 1948
f 1944 1943 2101
f 1799 1797 1795
f 1948 1798 1799
f 1798 1661 1799
f 1661 1797 1799
f 1799 1944 1948
f 1793 1944 1799
f 1418 1419 1266
f 1560 1419 1418
f 1418 1559 1560
f 1418 1266 1417
f 1417 1555 1418
f 1555 1559 1418
f 2126 1972 2125
f 2127 1972 2126
f 2125 2285 2126
f 2285 2127 2126
f 1144 1014 1262
f 1144 1146 1017
f 1144 1262 1146
f 531 640 641
f 766 642 641
f 642 531 641
f 530 640 531
f 530 529 640
f 530 531 432
f 432 529 530
f 2116 1960 2115
f 2115 2112 2116
f 2116 2112 1960
f 1742 1768 1890
f 1890 1891 1742
f 1768 1891 1890
f 1892 1744 1742
f 1742 1891 1892
f 1892 1891 1744
f 2039 2197 2040
f 2040 1891 2039
f 2337 2195 2194
f 2194 2195 2039
f 2043 2044 1895
f 1895 2042 2043
f 2043 2042 2044
f 1894 2042 1895
f 1895 1744 1894
f 1744 1893 1894
f 1686 1823 1691
f 1691 1692 1565
f 1565 1686 1691
f 1691 1824 1692
f 1825 1824 1691
f 1691 1823 1825
f 2510 2509 2455
f 2452 2509 2510
f 2510 2455 2453
f 2453 2452 2510
f 2512 2490 2455
f 2455 2509 2512
f 1391 1533 1535
f 1535 1533 1664
f 1534 1391 1535
f 1665 1534 1535
f 1535 1664 1665
f 1389 1533 1391
f 1389 1391 1246
f 1246 1244 1389
f 1532 1533 1389
f 1917 1767 1916
f 1916 1767 1915
f 2071 1917 1916
f 1916 1915 2071
f 587 588 480
f 480 586 587
f 709 588 587
f 585 709 587
f 587 586 585
f 540 654 541
f 541 654 542
f 541 542 438
f 437 540 541
f 541 438 437
f 655 654 777
f 542 654 655
f 777 780 655
f 780 656 655
f 543 544 439
f 543 655 656
f 657 544 543
f 543 656 657
f 543 439 542
f 542 655 543
f 782 656 781
f 781 901 902
f 902 782 781
f 781 656 780
f 781 899 901
f 780 899 781
f 894 1020 1019
f 1019 1020 1025
f 900 894 1019
f 1019 1027 900
f 1019 1025 1027
f 1956 1958 1807
f 1956 1955 1958
f 1956 1807 1804
f 1804 1955 1956
f 1804 1670 1806
f 1806 1669 1804
f 1670 1669 1806
f 1538 1669 1539
f 1539 1669 1670
f 1539 1670 1671
f 1671 1541 1539
f 1539 1541 1540
f 1539 1540 1398
f 1398 1538 1539
f 1538 1537 1668
f 1668 1669 1538
f 568 460 463
f 464 460 568
f 568 571 464
f 568 682 683
f 572 571 568
f 1121 1111 1234
f 1234 1122 1121
f 1234 1241 1122
f 1234 1111 1233
f 998 1130 1131
f 1131 1128 998
f 1131 1130 1245
f 1245 1128 1131
f 1387 1244 1245
f 1941 1790 1940
f 1941 1938 1790
f 1941 1940 2091
f 2091 1938 1941
f 1942 1793 1791
f 1791 1938 1942
f 1943 1793 1942
f 1942 1938 1943
f 1527 1654 1528
f 1654 1655 1528
f 1528 1655 1656
f 1656 1793 1794
f 1793 1799 1794
f 1794 1795 1656
f 1794 1799 1795
f 1530 1529 1658
f 1795 1797 1659
f 1659 1796 1795
f 1659 1797 1661
f 1530 1658 1659
f 1659 1658 1796
f 1659 1660 1530
f 1661 1660 1659
f 1014 1144 1015
f 890 889 1015
f 889 1014 1015
f 1017 892 1016
f 1016 1144 1017
f 892 891 1016
f 1016 891 890
f 890 1015 1016
f 1016 1015 1144
f 1893 1891 2041
f 1891 2040 2041
f 2041 1894 1893
f 2042 1894 2041
f 2041 2040 2197
f 2041 2197 2044
f 2044 2042 2041
f 2448 2337 2336
f 2337 2194 2336
f 2193 2336 2194
f 2193 2332 2333
f 2333 2334 2193
f 2193 2194 2039
f 2039 2192 2193
f 2226 2332 2193
f 2193 2192 2226
f 2490 2512 2522
f 2493 2492 2522
f 2522 2509 2493
f 2522 2512 2509
f 2492 2491 2522
f 2522 2491 2490
f 1532 1389 1388
f 1530 1532 1388
f 1388 1531 1530
f 1388 1389 1244
f 1244 1387 1388
f 1667 1668 1537
f 1667 1537 1666
f 1803 1804 1667
f 1667 1666 1803
f 570 463 487
f 570 568 463
f 686 685 570
f 685 682 570
f 682 568 570
f 683 572 684
f 684 568 683
f 572 568 684
f 1380 1384 1241
f 1241 1234 1380
f 1380 1234 1233
f 1530 1384 1380
f 1380 1529 1530
f 1390 1387 1245
f 1385 1531 1390
f 1531 1388 1390
f 1390 1388 1387
f 1245 1386 1390
f 1390 1386 1385
f 1378 1527 1379
f 1527 1528 1379
f 1379 1528 1529
f 1379 1233 1378
f 1379 1380 1233
f 1529 1380 1379
f 1657 1528 1656
f 1529 1528 1657
f 1656 1795 1657
f 1795 1796 1657
f 1657 1658 1529
f 1796 1658 1657
f 2335 2334 2448
f 2335 2193 2334
f 2448 2336 2335
f 2336 2193 2335
f 1805 1667 1804
f 1668 1667 1805
f 1804 1669 1805
f 1669 1668 1805
f 487 592 593
f 593 570 487
f 593 592 591
f 591 712 593
f 686 570 593
f 711 686 593
f 593 712 711
f 320 255 319
f 320 319 405
f 555 556 451
f 668 556 555
f 92 64 41
f 92 94 64
f 92 165 168
f 88 121 92
f 92 131 130
f 61 60 92
f 168 132 92
f 41 62 92
f 130 129 92
f 122 94 92
f 92 126 122
f 132 131 92
f 92 89 88
f 92 62 61
f 85 93 92
f 92 129 128
f 92 58 85
f 120 165 92
f 92 121 120
f 90 89 92
f 128 127 92
f 92 60 59
f 59 58 92
f 92 127 126
f 92 91 90
f 842 961 843
f 843 961 962
f 505 504 608
f 413 504 505
f 496 495 410
f 405 495 496
f 613 734 736
f 736 734 859
f 1518 1519 1369
f 1518 1369 1368
f 1784 1785 1644
f 1644 1785 1645
f 303 304 241
f 241 290 303
f 498 496 409
f 498 409 408
f 493 403 402
f 402 492 493
f 652 653 540
f 540 539 652
f 732 505 608
f 732 609 505
f 969 1120 985
f 1103 1120 969
f 749 750 625
f 625 750 626
f 1647 1788 1783
f 1783 1648 1647
f 649 648 773
f 773 774 649
f 66 1317 1316
f 1 5 66
f 5 10 66
f 66 2 1
f 66 362 452
f 17 27 66
f 66 65 95
f 66 18 17
f 95 125 66
f 915 1040 66
f 66 27 42
f 10 19 66
f 66 692 691
f 66 1164 1280
f 30 29 66
f 66 20 11
f 222 283 66
f 42 65 66
f 19 18 66
f 66 171 222
f 66 68 67
f 66 373 372
f 1061 1060 66
f 1839 1992 66
f 66 28 20
f 66 283 362
f 125 171 66
f 2181 2032 66
f 66 2030 2029
f 66 1599 1471
f 66 1311 1188
f 66 1062 1061
f 372 294 66
f 363 284 66
f 452 557 66
f 66 2032 2031
f 2031 2030 66
f 2029 2028 66
f 1471 1318 66
f 66 2442 2441
f 2441 2327 66
f 66 291 363
f 66 1040 1166
f 66 2144 2303
f 1280 1436 66
f 66 1840 1839
f 66 172 133
f 66 1882 1735
f 1318 1317 66
f 2303 2422 66
f 66 2182 2181
f 1188 1187 66
f 374 373 66
f 1187 1063 66
f 928 813 66
f 2145 2144 66
f 66 1992 2145
f 66 1058 928
f 66 1575 1701
f 1701 1702 66
f 11 6 66
f 66 284 223
f 223 173 66
f 66 557 670
f 670 792 66
f 133 96 66
f 66 2028 1882
f 1735 1599 66
f 66 2422 2497
f 1166 1165 66
f 2183 2182 66
f 66 2327 2183
f 2497 2443 66
f 1316 1315 66
f 66 293 291
f 691 688 66
f 1060 1058 66
f 1436 1575 66
f 66 1702 1840
f 66 467 374
f 6 2 66
f 173 172 66
f 66 96 69
f 66 1165 1164
f 66 2443 2442
f 66 1063 1062
f 66 1315 1314
f 1314 1311 66
f 66 294 293
f 66 911 915
f 66 688 573
f 573 467 66
f 29 28 66
f 66 43 30
f 69 68 66
f 792 911 66
f 66 813 693
f 693 692 66
f 743 867 869
f 748 743 869
f 645 644 770
f 770 644 769
f 2315 5 1
f 86 63 2315
f 2315 9 5
f 491 567 2315
f 2315 116 86
f 81 83 2315
f 2315 26 16
f 16 9 2315
f 2315 1922 1775
f 151 116 2315
f 720 600 2315
f 2315 194 151
f 2315 1290 1444
f 2315 63 40
f 40 26 2315
f 2315 1456 1455
f 1455 1585 2315
f 2315 115 150
f 1444 1577 2315
f 2315 2318 2164
f 253 252 2315
f 2315 317 253
f 2315 401 491
f 2315 1219 1099
f 2315 15 25
f 1775 1639 2315
f 599 492 2315
f 1 4 2315
f 150 193 2315
f 567 566 2315
f 923 1047 2315
f 2315 1587 1586
f 1099 1097 2315
f 252 194 2315
f 2315 1506 1357
f 2315 83 82
f 2315 402 317
f 2012 2166 2315
f 2315 1859 2012
f 2315 1585 1719
f 1719 1860 2315
f 1174 1291 2315
f 1586 1456 2315
f 2315 1097 960
f 1639 1506 2315
f 2315 600 599
f 2315 681 679
f 25 38 2315
f 2315 193 250
f 2166 2318 2315
f 2315 1860 1859
f 2315 2314 2232
f 2164 2007 2315
f 1291 1290 2315
f 2315 1047 1174
f 2232 2077 2315
f 679 678 2315
f 1357 1219 2315
f 960 958 2315
f 2315 840 720
f 82 115 2315
f 2315 55 81
f 2315 4 8
f 8 15 2315
f 678 803 2315
f 2315 924 923
f 958 840 2315
f 492 402 2315
f 38 55 2315
f 2315 398 401
f 250 315 2315
f 2315 2077 1922
f 1577 1587 2315
f 803 924 2315
f 2315 566 681
f 2315 315 398
f 2007 2163 2315
f 1284 1283 1184
f 1184 1303 1284
f 763 638 637
f 762 763 637
f 535 534 646
f 647 535 646
f 1548 1549 1406
f 1404 1548 1406
f 544 545 441
f 441 440 544
f 641 640 765
f 641 765 766

