# https://github.com/mikedh/trimesh
v -0.00056299 -0.00538426 0.00768413
v -0.00029380 -0.00538426 0.00766769
v -0.00029380 -0.00511591 0.00766022
v -0.00056299 -0.00511591 0.00767517
v -0.00271046 -0.00511591 0.00767517
v -0.00244228 -0.00538426 0.00768264
v -0.00083117 -0.00592096 0.00766470
v -0.00056299 -0.00592096 0.00766470
v -0.00029380 -0.00592096 0.00765125
v -0.00029380 -0.00565261 0.00766022
v -0.00012241 -0.00538426 0.00760940
v -0.00012544 -0.00511591 0.00760641
v -0.00012947 -0.00618931 0.00759745
v -0.00012544 -0.00592096 0.00760193
v -0.00013955 -0.00495170 0.00758997
v -0.00029380 -0.00492967 0.00760791
v -0.00056299 -0.00492166 0.00761389
v -0.00324783 -0.00511591 0.00767367
v -0.00432156 -0.00538426 0.00767815
v -0.00324783 -0.00492166 0.00761389
v -0.00432156 -0.00492366 0.00761239
v -0.00512711 -0.00492567 0.00761090
v -0.00163672 -0.00592096 0.00766321
v -0.00271046 -0.00618931 0.00764976
v -0.00163672 -0.00618931 0.00765125
v -0.00056299 -0.00618931 0.00765125
v -0.00029380 -0.00618931 0.00764079
v -0.00015871 -0.00741089 0.00756606
v -0.00015467 -0.00726470 0.00757054
v -0.00014056 -0.00672600 0.00758399
v -0.00008107 -0.00538426 0.00743155
v -0.00012342 -0.00565261 0.00760492
v -0.00008511 -0.00592096 0.00743155
v -0.00008511 -0.00511591 0.00743155
v -0.00013451 -0.01156028 0.00732244
v -0.00012947 -0.01129193 0.00732842
v -0.00012544 -0.01102158 0.00733440
v -0.00012241 -0.01075323 0.00733888
v -0.00012443 -0.00489563 0.00743155
v -0.00019500 -0.00471940 0.00716252
v -0.00028171 -0.00478148 0.00740913
v -0.00056299 -0.00478749 0.00744500
v -0.00485893 -0.00511591 0.00766919
v -0.00485893 -0.00538426 0.00767517
v -0.00405338 -0.00565261 0.00766769
v -0.00351601 -0.00592096 0.00765872
v -0.00324783 -0.00478749 0.00744500
v -0.00458974 -0.00478949 0.00744350
v -0.00539428 -0.00479149 0.00744350
v -0.00593165 -0.00479349 0.00744350
v -0.00539428 -0.00492567 0.00760940
v -0.00593165 -0.00492767 0.00760791
v -0.00566246 -0.00492767 0.00760940
v -0.00324783 -0.00618931 0.00764826
v -0.00297864 -0.00645766 0.00763631
v -0.00136854 -0.01102158 0.00740315
v -0.00109936 -0.01075323 0.00741660
v -0.00083117 -0.01102158 0.00740166
v -0.00056299 -0.01102158 0.00740016
v -0.00029380 -0.01182863 0.00734486
v -0.00015871 -0.01251752 0.00729853
v -0.00014661 -0.01209698 0.00730899
v -0.00014661 -0.00699435 0.00757652
v -0.00006595 -0.00753305 0.00688602
v -0.00006595 -0.00699836 0.00686211
v -0.00007906 -0.00511591 0.00716252
v -0.00008007 -0.01048488 0.00716252
v -0.00007906 -0.01021653 0.00716252
v -0.00006595 -0.00830806 0.00686660
v -0.00006595 -0.00780140 0.00688602
v -0.00008511 -0.01102158 0.00716252
v -0.00008208 -0.01075323 0.00716252
v -0.00006595 -0.00453115 0.00554837
v -0.00012544 -0.01504681 0.00706537
v -0.00012140 -0.01477846 0.00707434
v -0.00008914 -0.01129193 0.00716252
v -0.00036236 -0.00470939 0.00730600
v -0.00056299 -0.00470738 0.00731049
v -0.00512711 -0.00511591 0.00766769
v -0.00566246 -0.00511591 0.00766470
v -0.00566246 -0.00538426 0.00766919
v -0.00405338 -0.00592096 0.00765573
v -0.00512711 -0.00470738 0.00731049
v -0.00646801 -0.00470738 0.00730899
v -0.00619983 -0.00479750 0.00744350
v -0.00673720 -0.00470738 0.00730600
v -0.00619983 -0.00493167 0.00760492
v -0.00593165 -0.00511591 0.00766171
v -0.00351601 -0.00618931 0.00764677
v -0.00324783 -0.00645766 0.00763481
v -0.00163672 -0.01075323 0.00741660
v -0.00163672 -0.01102158 0.00740166
v -0.00136854 -0.01129193 0.00738671
v -0.00109936 -0.01156028 0.00737176
v -0.00056299 -0.01209698 0.00734038
v -0.00083117 -0.01129193 0.00738671
v -0.00056299 -0.01129193 0.00738522
v -0.00040269 -0.01279188 0.00729853
v -0.00030590 -0.01261765 0.00730301
v -0.00029380 -0.01477846 0.00713861
v -0.00029380 -0.01504681 0.00711769
v -0.00016274 -0.01598602 0.00702801
v -0.00015165 -0.01580579 0.00703548
v -0.00014157 -0.01558550 0.00704595
v -0.00013249 -0.01531716 0.00705641
v -0.00006595 -0.00672600 0.00675301
v -0.00008007 -0.01477846 0.00689499
v -0.00007906 -0.01451211 0.00689499
v -0.00006595 -0.00856639 0.00685464
v -0.00006595 -0.00453115 -0.00318447
v -0.00021617 -0.00453115 0.00558723
v -0.00008511 -0.01504681 0.00689499
v -0.00012342 -0.01746394 0.00680083
v -0.00011939 -0.01719559 0.00681279
v -0.00593165 -0.00538426 0.00766470
v -0.00271046 -0.01102158 0.00739119
v -0.00271046 -0.01075323 0.00740614
v -0.00217409 -0.01075323 0.00741212
v -0.00190491 -0.01075323 0.00741511
v -0.00027566 -0.00453115 0.00558723
v -0.00832310 -0.00453115 0.00558574
v -0.00646801 -0.00480551 0.00744201
v -0.00691061 -0.00470939 0.00730152
v -0.00859128 -0.00453115 0.00557229
v -0.00969223 -0.00453115 0.00551250
v -0.00995840 -0.00453115 0.00549756
v -0.00646801 -0.00493969 0.00759894
v -0.00619983 -0.00511591 0.00765573
v -0.00244228 -0.01102158 0.00739418
v -0.00190491 -0.01129193 0.00738223
v -0.00136854 -0.01156028 0.00737027
v -0.00056299 -0.01263367 0.00730899
v -0.00056299 -0.01317037 0.00727462
v -0.00056299 -0.01370707 0.00723875
v -0.00056299 -0.01424376 0.00719989
v -0.00056299 -0.01451211 0.00717896
v -0.00029380 -0.01531716 0.00709527
v -0.00026860 -0.01587989 0.00704445
v -0.00034119 -0.01604210 0.00703399
v -0.00056299 -0.01665890 0.00697869
v -0.00029380 -0.01773229 0.00682624
v -0.00015770 -0.01815284 0.00676197
v -0.00014762 -0.01800064 0.00677094
v -0.00013249 -0.01773229 0.00678738
v -0.00008309 -0.01746394 0.00662597
v -0.00007906 -0.01719559 0.00662597
v -0.00007906 -0.01880568 0.00635694
v -0.00006595 -0.01902397 0.00496250
v -0.00019500 -0.00471940 -0.00706590
v -0.00036236 -0.00470939 -0.00720789
v -0.00056299 -0.00470738 -0.00721237
v -0.00619983 -0.00470738 -0.00721237
v -0.00646801 -0.00470738 -0.00721088
v -0.00673720 -0.00470738 -0.00720789
v -0.00969021 -0.00453115 -0.00287659
v -0.00006595 -0.00515597 -0.00487783
v -0.00007906 -0.00511591 -0.00706590
v -0.00008511 -0.00511591 -0.00733343
v -0.00011939 -0.00485357 -0.00706590
v -0.00012241 -0.01907403 0.00653779
v -0.00009216 -0.01773229 0.00662597
v -0.00619983 -0.00538426 0.00765573
v -0.00324783 -0.01102158 0.00737774
v -0.00297864 -0.01102158 0.00738671
v -0.00244228 -0.01209698 0.00732543
v -0.00244228 -0.01156028 0.00735981
v -0.01020540 -0.00453115 0.00545720
v -0.00770205 -0.00470939 0.00703548
v -0.00708906 -0.00471740 0.00725369
v -0.00727356 -0.00487360 0.00739568
v -0.00700337 -0.00484556 0.00742856
v -0.00673720 -0.00495571 0.00758549
v -0.00646801 -0.00511591 0.00764228
v -0.00217409 -0.01156028 0.00736280
v -0.00109936 -0.01209698 0.00733888
v -0.00077270 -0.01277786 0.00729853
v -0.00136854 -0.01397541 0.00721633
v -0.00136854 -0.01424376 0.00719839
v -0.00109936 -0.01424376 0.00719989
v -0.00083117 -0.01451211 0.00718046
v -0.00056299 -0.01477846 0.00715655
v -0.00056299 -0.01558550 0.00708181
v -0.00056299 -0.01639055 0.00700709
v -0.00083117 -0.01665890 0.00697869
v -0.00056299 -0.01692725 0.00694581
v -0.00029380 -0.01818888 0.00676795
v -0.00029380 -0.01907403 0.00660056
v -0.00015467 -0.01949458 0.00649594
v -0.00013955 -0.01934438 0.00651387
v -0.00008208 -0.01907403 0.00635694
v -0.00007906 -0.01988108 0.00608941
v -0.00007906 -0.02068613 0.00582039
v -0.00006595 -0.01957068 0.00470543
v -0.00012443 -0.00489563 -0.00733343
v -0.00013955 -0.00495170 -0.00749186
v -0.00028171 -0.00478148 -0.00731251
v -0.00056299 -0.00478749 -0.00734688
v -0.00351601 -0.00478749 -0.00734688
v -0.00458974 -0.00478949 -0.00734688
v -0.00539428 -0.00479149 -0.00734688
v -0.00593165 -0.00479349 -0.00734688
v -0.00619983 -0.00479550 -0.00734539
v -0.00691464 -0.00470939 -0.00720490
v -0.00996041 -0.00453115 -0.00285118
v -0.00006595 -0.00600707 -0.00617364
v -0.00008208 -0.00538426 -0.00733343
v -0.00006595 -0.00626541 -0.00645163
v -0.00006595 -0.00676606 -0.00675802
v -0.00012241 -0.00538426 -0.00750979
v -0.00012544 -0.00511591 -0.00750830
v -0.00012443 -0.02014943 0.00626727
v -0.00008410 -0.02014943 0.00608941
v -0.00329723 -0.01218509 0.00729405
v -0.00324783 -0.01156028 0.00734038
v -0.00646801 -0.00538426 0.00763929
v -0.00297864 -0.01424376 0.00715804
v -0.00297864 -0.01240337 0.00729106
v -0.00271046 -0.01209698 0.00731945
v -0.00244832 -0.01238535 0.00730600
v -0.00271046 -0.01290202 0.00726415
v -0.00217409 -0.01209698 0.00732842
v -0.00217409 -0.01290202 0.00727611
v -0.00163672 -0.01370707 0.00723127
v -0.00822933 -0.00470939 0.00676795
v -0.01034252 -0.00453115 0.00527188
v -0.01020641 -0.00457922 0.00545720
v -0.00904396 -0.00511591 0.00651537
v -0.00889172 -0.00511591 0.00664988
v -0.00875259 -0.00497974 0.00676197
v -0.00826462 -0.00495170 0.00705491
v -0.00807911 -0.00490164 0.00710573
v -0.00780892 -0.00484156 0.00715953
v -0.00754275 -0.00491766 0.00735233
v -0.00691666 -0.00497173 0.00757353
v -0.00673720 -0.00511591 0.00761389
v -0.00163672 -0.01258161 0.00730301
v -0.00163672 -0.01424376 0.00719540
v -0.00136854 -0.01451211 0.00717896
v -0.00109936 -0.01451211 0.00718046
v -0.00136854 -0.01477846 0.00715655
v -0.00109936 -0.01558550 0.00708181
v -0.00136854 -0.01619630 0.00702353
v -0.00109936 -0.01639055 0.00700559
v -0.00109936 -0.01665890 0.00697719
v -0.00136854 -0.01639055 0.00700410
v -0.00109936 -0.01692725 0.00694282
v -0.00109936 -0.01719559 0.00690695
v -0.00083117 -0.01821091 0.00677094
v -0.00056299 -0.01773229 0.00683670
v -0.00056299 -0.01834909 0.00675301
v -0.00056299 -0.01853734 0.00672162
v -0.00056299 -0.01880568 0.00667080
v -0.00056299 -0.01907403 0.00661700
v -0.00029380 -0.01934438 0.00654526
v -0.00029380 -0.01952061 0.00650341
v -0.00029380 -0.02039975 0.00626129
v -0.00013955 -0.02035369 0.00624485
v -0.00008309 -0.02149117 0.00555136
v -0.00007906 -0.02175952 0.00528383
v -0.00006595 -0.01983903 0.00443640
v -0.00007906 -0.02229622 0.00501481
v -0.00007906 -0.02337161 0.00394170
v -0.00029380 -0.00492967 -0.00750979
v -0.00029380 -0.00511591 -0.00756210
v -0.00056299 -0.00492166 -0.00751727
v -0.00297864 -0.00492166 -0.00751727
v -0.00351601 -0.00492166 -0.00751577
v -0.00458974 -0.00492366 -0.00751428
v -0.00539428 -0.00492567 -0.00751129
v -0.00593165 -0.00492767 -0.00750979
v -0.00619983 -0.00492967 -0.00750830
v -0.00646801 -0.00480351 -0.00734539
v -0.00709310 -0.00471740 -0.00716006
v -0.00770507 -0.00470939 -0.00693886
v -0.00646801 -0.00493768 -0.00750232
v -0.00673720 -0.00495370 -0.00748887
v -0.00700841 -0.00484356 -0.00733194
v -0.00727356 -0.00487160 -0.00730055
v -0.01023162 -0.00453115 -0.00274506
v -0.00008612 -0.00592096 -0.00733343
v -0.00006595 -0.00702439 -0.00677147
v -0.00006595 -0.00753305 -0.00678492
v -0.00006595 -0.00780140 -0.00678492
v -0.00007906 -0.01021653 -0.00706590
v -0.00008007 -0.01048488 -0.00706590
v -0.00029380 -0.00538426 -0.00756808
v -0.00012443 -0.00565261 -0.00750680
v -0.00012846 -0.02095447 0.00599525
v -0.00008813 -0.02095447 0.00582039
v -0.00271046 -0.01424376 0.00717000
v -0.00297864 -0.01263367 0.00727462
v -0.00673720 -0.00538426 0.00760940
v -0.00646801 -0.00565261 0.00761538
v -0.00351601 -0.01424376 0.00712067
v -0.00351601 -0.01397541 0.00714309
v -0.00324783 -0.01424376 0.00714010
v -0.00297864 -0.01451211 0.00713562
v -0.00271046 -0.01451211 0.00714907
v -0.00217409 -0.01370707 0.00722081
v -0.00190491 -0.01370707 0.00722679
v -0.00217409 -0.01424376 0.00718345
v -0.01036067 -0.00453115 0.00504769
v -0.01036268 -0.00465932 0.00517024
v -0.01034454 -0.00457321 0.00526889
v -0.00920023 -0.00672600 0.00612977
v -0.00922342 -0.00645766 0.00615517
v -0.00924560 -0.00618931 0.00617759
v -0.00926677 -0.00592096 0.00620001
v -0.00928089 -0.00574072 0.00621496
v -0.00929298 -0.00556049 0.00622990
v -0.00917099 -0.00538426 0.00637637
v -0.00903690 -0.00538426 0.00650790
v -0.00927584 -0.01108967 0.00513288
v -0.00919116 -0.01100956 0.00525992
v -0.00910647 -0.01128592 0.00530326
v -0.00902581 -0.01119380 0.00542582
v -0.00904194 -0.01102158 0.00544375
v -0.00928996 -0.00848429 0.00568886
v -0.00920830 -0.00806975 0.00586672
v -0.00923249 -0.00780140 0.00589213
v -0.00907421 -0.00806975 0.00601169
v -0.00875763 -0.00528814 0.00676496
v -0.00875763 -0.00511591 0.00676496
v -0.00861648 -0.00511591 0.00686809
v -0.00843097 -0.00511591 0.00699662
v -0.00829688 -0.00511591 0.00707434
v -0.00807911 -0.00511591 0.00719241
v -0.00790570 -0.00511591 0.00728059
v -0.00773532 -0.00495571 0.00731945
v -0.00727356 -0.00511591 0.00750329
v -0.00708604 -0.00511591 0.00755410
v -0.00695195 -0.00511591 0.00758101
v -0.00163672 -0.01451211 0.00717597
v -0.00163672 -0.01477846 0.00715206
v -0.00163672 -0.01603809 0.00703399
v -0.00163672 -0.01639055 0.00699961
v -0.00136854 -0.01665890 0.00697420
v -0.00136854 -0.01692725 0.00693983
v -0.00136854 -0.01719559 0.00690396
v -0.00109936 -0.01800064 0.00679785
v -0.00109936 -0.01833908 0.00675151
v -0.00109936 -0.01853734 0.00671714
v -0.00083117 -0.01880568 0.00666931
v -0.00083117 -0.01907403 0.00661551
v -0.00056299 -0.01934438 0.00655572
v -0.00056299 -0.01953864 0.00650790
v -0.00056299 -0.01988108 0.00641822
v -0.00056299 -0.02014943 0.00634499
v -0.00056299 -0.02040777 0.00626577
v -0.00056299 -0.02054194 0.00621944
v -0.00056299 -0.02068613 0.00616863
v -0.00029380 -0.02115473 0.00598180
v -0.00014560 -0.02112670 0.00596985
v -0.00012342 -0.02149117 0.00574416
v -0.00011434 -0.02176553 0.00556033
v -0.00008612 -0.02202787 0.00528383
v -0.00006595 -0.02009736 0.00388939
v -0.00007906 -0.02363996 0.00367267
v -0.00007906 -0.02390831 0.00313612
v -0.00007906 -0.02417666 0.00259807
v -0.00009216 -0.02283291 0.00474578
v -0.00008712 -0.02310326 0.00447825
v -0.00056299 -0.00511591 -0.00757705
v -0.00056299 -0.00538426 -0.00758452
v -0.00297864 -0.00511591 -0.00757705
v -0.00405338 -0.00492366 -0.00751577
v -0.00485893 -0.00492567 -0.00751428
v -0.00512711 -0.00492567 -0.00751278
v -0.00566246 -0.00492767 -0.00751129
v -0.00458974 -0.00511591 -0.00757257
v -0.00593165 -0.00511591 -0.00756210
v -0.00619983 -0.00511591 -0.00755912
v -0.00788453 -0.00472541 -0.00687011
v -0.00822732 -0.00470939 -0.00666984
v -0.00754275 -0.00491565 -0.00725721
v -0.00781093 -0.00483956 -0.00706291
v -0.00807911 -0.00489963 -0.00701060
v -0.00646801 -0.00511591 -0.00754566
v -0.00692372 -0.00496972 -0.00747691
v -0.01025783 -0.00453115 -0.00270322
v -0.00878889 -0.00470939 -0.00615720
v -0.00904396 -0.00470939 -0.00589564
v -0.00929903 -0.00470939 -0.00561466
v -0.00955814 -0.00471139 -0.00532471
v -0.00008914 -0.00618931 -0.00733343
v -0.00008208 -0.01075323 -0.00706590
v -0.00006595 -0.00806975 -0.00677446
v -0.00006595 -0.00833409 -0.00676101
v -0.00007906 -0.01451211 -0.00679688
v -0.00008007 -0.01477846 -0.00679688
v -0.00012644 -0.00592096 -0.00750232
v -0.00013451 -0.00645766 -0.00749335
v -0.00015971 -0.00740488 -0.00746795
v -0.00029380 -0.00618931 -0.00754118
v -0.00013854 -0.02167741 0.00571128
v -0.00244228 -0.01451211 0.00715655
v -0.00693078 -0.00538426 0.00757802
v -0.00688843 -0.00555448 0.00756905
v -0.00683399 -0.00573271 0.00756008
v -0.00659605 -0.00604912 0.00756457
v -0.00405237 -0.01451011 0.00704296
v -0.00378419 -0.01451211 0.00707135
v -0.00351601 -0.01451211 0.00709676
v -0.00324783 -0.01451211 0.00711769
v -0.00297864 -0.01477846 0.00711021
v -0.00271046 -0.01477846 0.00712516
v -0.01036067 -0.00453115 -0.00250145
v -0.01036369 -0.00463329 0.00501481
v -0.01036268 -0.00471740 0.00517024
v -0.00956016 -0.01198884 0.00435271
v -0.00939885 -0.01263367 0.00447825
v -0.00929500 -0.01280990 0.00462472
v -0.00930307 -0.01177856 0.00490421
v -0.00925770 -0.01129193 0.00510598
v -0.00951882 -0.01265770 0.00420175
v -0.00904093 -0.00699435 0.00624485
v -0.00908933 -0.00645766 0.00629268
v -0.00911151 -0.00618931 0.00631360
v -0.00886248 -0.00538026 0.00666184
v -0.00896935 -0.00618931 0.00644811
v -0.00907118 -0.01182863 0.00521508
v -0.00909739 -0.01156028 0.00524796
v -0.00900766 -0.01137203 0.00540489
v -0.00885341 -0.01156028 0.00552446
v -0.00876267 -0.01120982 0.00569783
v -0.00891592 -0.01102158 0.00557827
v -0.00899557 -0.01021653 0.00566047
v -0.00901170 -0.01004631 0.00567840
v -0.00904698 -0.00967984 0.00571577
v -0.00909639 -0.00914314 0.00577107
v -0.00902984 -0.00853035 0.00596686
v -0.00893608 -0.00806975 0.00614621
v -0.00898952 -0.00753305 0.00619553
v -0.00902480 -0.00716257 0.00622990
v -0.00863665 -0.00538026 0.00684119
v -0.00842089 -0.00538426 0.00699065
v -0.00883526 -0.00618931 0.00656469
v -0.00881207 -0.00645766 0.00654377
v -0.00869512 -0.00592096 0.00671863
v -0.00828680 -0.00538426 0.00706986
v -0.00807911 -0.00538426 0.00718345
v -0.00789159 -0.00538426 0.00727462
v -0.00775750 -0.00538426 0.00732992
v -0.00777161 -0.00511591 0.00733440
v -0.00754275 -0.00511591 0.00741810
v -0.00727356 -0.00538426 0.00749731
v -0.00706487 -0.00538426 0.00754962
v -0.00217409 -0.01477846 0.00714010
v -0.00217409 -0.01531716 0.00708929
v -0.00217409 -0.01639055 0.00698168
v -0.00163672 -0.01665890 0.00696823
v -0.00163672 -0.01719559 0.00689649
v -0.00136854 -0.01773229 0.00683072
v -0.00136854 -0.01832306 0.00674852
v -0.00136854 -0.01818888 0.00676795
v -0.00136854 -0.01853734 0.00671116
v -0.00109936 -0.01880568 0.00666632
v -0.00109936 -0.01907403 0.00661252
v -0.00109936 -0.01934438 0.00655273
v -0.00109936 -0.01953663 0.00650640
v -0.00109936 -0.01967081 0.00647352
v -0.00083117 -0.01967281 0.00647352
v -0.00083117 -0.01988108 0.00641822
v -0.00109936 -0.01988108 0.00641673
v -0.00109936 -0.02014943 0.00633901
v -0.00109936 -0.02039575 0.00626129
v -0.00109936 -0.02052992 0.00621645
v -0.00109936 -0.02068613 0.00615966
v -0.00056299 -0.02095447 0.00606849
v -0.00056299 -0.02116074 0.00598479
v -0.00056299 -0.02129492 0.00592800
v -0.00056299 -0.02149117 0.00584131
v -0.00029380 -0.02171346 0.00572922
v -0.00012644 -0.02202787 0.00547663
v -0.00011737 -0.02229021 0.00528383
v -0.00006595 -0.02011138 0.00363381
v -0.00007906 -0.02444501 0.00179249
v -0.00007906 -0.02471335 0.00018282
v -0.00009116 -0.02337161 0.00420923
v -0.00008410 -0.02390831 0.00340365
v -0.00008309 -0.02417666 0.00286709
v -0.00008107 -0.02444501 0.00206151
v -0.00011132 -0.02258259 0.00503125
v -0.00012846 -0.02308324 0.00473233
v -0.00012745 -0.02335759 0.00446032
v -0.00297864 -0.00538426 -0.00758303
v -0.00056299 -0.00618931 -0.00755164
v -0.00244228 -0.00618931 -0.00755164
v -0.00297864 -0.00592096 -0.00756210
v -0.00405338 -0.00511591 -0.00757406
v -0.00432156 -0.00538426 -0.00757705
v -0.00458974 -0.00538426 -0.00757555
v -0.00485893 -0.00538426 -0.00757257
v -0.00619983 -0.00538426 -0.00755762
v -0.00869210 -0.00472340 -0.00633505
v -0.00896734 -0.00472140 -0.00607499
v -0.00833520 -0.00484556 -0.00678791
v -0.00860741 -0.00478949 -0.00650992
v -0.00773733 -0.00495571 -0.00722134
v -0.00826462 -0.00494970 -0.00695979
v -0.00673720 -0.00511591 -0.00751727
v -0.00646801 -0.00538426 -0.00754267
v -0.00696102 -0.00511591 -0.00748438
v -0.00709511 -0.00511591 -0.00745898
v -0.00727356 -0.00511591 -0.00741115
v -0.00981321 -0.00471339 -0.00477172
v -0.00922342 -0.00472741 -0.00579252
v -0.00942506 -0.00482754 -0.00573273
v -0.00960855 -0.00492967 -0.00567295
v -0.00967308 -0.00485558 -0.00542784
v -0.00984044 -0.00496171 -0.00535162
v -0.00988076 -0.00492166 -0.00518572
v -0.00996646 -0.00488561 -0.00490175
v -0.00008511 -0.01102158 -0.00706590
v -0.00012241 -0.01075323 -0.00724226
v -0.00006595 -0.01880568 -0.00487036
v -0.00007906 -0.01880568 -0.00626032
v -0.00007906 -0.01719559 -0.00652785
v -0.00008208 -0.01746394 -0.00652785
v -0.00008511 -0.01504681 -0.00679688
v -0.00012140 -0.01477846 -0.00697772
v -0.00008914 -0.01129193 -0.00706590
v -0.00012544 -0.01102158 -0.00723628
v -0.00014056 -0.00672600 -0.00748588
v -0.00012947 -0.01129193 -0.00723031
v -0.00013451 -0.01156028 -0.00722433
v -0.00014056 -0.01182863 -0.00721835
v -0.00029380 -0.00645766 -0.00752922
v -0.00014762 -0.00699435 -0.00747841
v -0.00015467 -0.01236532 -0.00720490
v -0.00015871 -0.01251752 -0.00720042
v -0.00014257 -0.02219809 0.00543777
v -0.00700538 -0.00618931 0.00747190
v -0.00673720 -0.00645766 0.00749731
v -0.00673720 -0.00618931 0.00752720
v -0.00431148 -0.01451011 0.00700858
v -0.00421469 -0.01441799 0.00703249
v -0.00414210 -0.01459822 0.00702353
v -0.00396264 -0.01469235 0.00703399
v -0.00378419 -0.01478046 0.00704296
v -0.00351601 -0.01477846 0.00706986
v -0.00324783 -0.01477846 0.00709228
v -0.00297864 -0.01504681 0.00708331
v -0.00280321 -0.01569965 0.00702652
v -0.00271247 -0.01559952 0.00704146
v -0.00262375 -0.01574171 0.00703100
v -0.00244228 -0.01639055 0.00697271
v -0.00244228 -0.01531716 0.00708032
v -0.01036268 -0.00465932 -0.00263745
v -0.01036369 -0.00463329 -0.00250145
v -0.01012072 -0.00494770 -0.00464916
v -0.01027900 -0.00511591 -0.00411261
v -0.01031631 -0.00511591 -0.00384358
v -0.01034454 -0.00511591 -0.00357456
v -0.01036571 -0.00538426 -0.00062126
v -0.01036369 -0.00471940 0.00501481
v -0.01036268 -0.00528213 0.00340365
v -0.01034252 -0.00618931 0.00259807
v -0.01033950 -0.00618931 0.00286709
v -0.01033345 -0.00645766 0.00259807
v -0.01032941 -0.00645766 0.00286709
v -0.01030925 -0.00672600 0.00313612
v -0.01029413 -0.00699435 0.00313612
v -0.01027094 -0.00753305 0.00286709
v -0.01025481 -0.00780140 0.00286709
v -0.01024372 -0.00780140 0.00313612
v -0.01023061 -0.00780140 0.00340365
v -0.01020944 -0.00806975 0.00340365
v -0.01016205 -0.00860644 0.00340365
v -0.01009954 -0.00934540 0.00333639
v -0.01001082 -0.01048488 0.00313612
v -0.00995940 -0.01102158 0.00313612
v -0.00993319 -0.01129193 0.00313612
v -0.00993117 -0.01102158 0.00340365
v -0.00990294 -0.01129193 0.00340365
v -0.00987371 -0.01156028 0.00340365
v -0.00982935 -0.01173250 0.00356058
v -0.00982128 -0.01140408 0.00379373
v -0.00976079 -0.01156028 0.00394170
v -0.00972348 -0.01182863 0.00394170
v -0.00955512 -0.01276184 0.00407173
v -0.00947648 -0.01290202 0.00420923
v -0.00933130 -0.01317037 0.00442893
v -0.00934541 -0.01290002 0.00449469
v -0.00927887 -0.01299014 0.00459632
v -0.00921334 -0.01290002 0.00472785
v -0.00922644 -0.01263367 0.00478464
v -0.00925064 -0.01236532 0.00482201
v -0.00902783 -0.01227320 0.00515978
v -0.00906715 -0.01290202 0.00494606
v -0.00909235 -0.01263367 0.00498193
v -0.00899254 -0.01263367 0.00511494
v -0.00892096 -0.00672600 0.00640327
v -0.00894616 -0.00645766 0.00642719
v -0.00879594 -0.01209698 0.00546318
v -0.00883022 -0.01290202 0.00523601
v -0.00875057 -0.01249950 0.00541834
v -0.00874150 -0.01138806 0.00567840
v -0.00855398 -0.01182863 0.00575164
v -0.00848239 -0.01115776 0.00595490
v -0.00866185 -0.01075323 0.00587718
v -0.00869210 -0.01048488 0.00590259
v -0.00875965 -0.00986007 0.00596387
v -0.00880703 -0.00941149 0.00600721
v -0.00901271 -0.00870858 0.00594892
v -0.00875561 -0.00849630 0.00622841
v -0.00880199 -0.00806975 0.00626727
v -0.00885543 -0.00753305 0.00631659
v -0.00856002 -0.00592096 0.00681727
v -0.00858725 -0.00565261 0.00683670
v -0.00850558 -0.00645766 0.00677692
v -0.00838863 -0.00565261 0.00697122
v -0.00833116 -0.00593498 0.00696524
v -0.00823034 -0.00585688 0.00703847
v -0.00878586 -0.00672600 0.00652135
v -0.00863967 -0.00645766 0.00667828
v -0.00807911 -0.00565261 0.00714758
v -0.00781093 -0.00645766 0.00716701
v -0.00781093 -0.00618931 0.00720288
v -0.00784723 -0.00565261 0.00725818
v -0.00762845 -0.00618931 0.00727910
v -0.00754275 -0.00538426 0.00741062
v -0.00749436 -0.00618931 0.00732992
v -0.00754275 -0.00565261 0.00737774
v -0.00727356 -0.00592096 0.00743304
v -0.00700538 -0.00645766 0.00744051
v -0.00217409 -0.01665890 0.00695029
v -0.00217409 -0.01692725 0.00691442
v -0.00163672 -0.01773229 0.00682325
v -0.00163672 -0.01815684 0.00676347
v -0.00163672 -0.01829102 0.00674255
v -0.00163672 -0.01800064 0.00678589
v -0.00163672 -0.01853734 0.00669920
v -0.00136854 -0.01880568 0.00665885
v -0.00136854 -0.01907403 0.00660504
v -0.00136854 -0.01934438 0.00654526
v -0.00136854 -0.01965479 0.00646904
v -0.00136854 -0.01988108 0.00640776
v -0.00136854 -0.02014943 0.00632855
v -0.00136854 -0.02037973 0.00625531
v -0.00136854 -0.02051390 0.00621047
v -0.00136854 -0.02068613 0.00614770
v -0.00109936 -0.02095447 0.00605952
v -0.00083117 -0.02115674 0.00598330
v -0.00083117 -0.02129091 0.00592650
v -0.00083117 -0.02149117 0.00583832
v -0.00056299 -0.02172147 0.00573370
v -0.00056299 -0.02185564 0.00566645
v -0.00029380 -0.02222212 0.00545272
v -0.00013249 -0.02250248 0.00519565
v -0.00006595 -0.02011138 -0.00330703
v -0.00008007 -0.02471335 0.00045035
v -0.00011939 -0.02489759 0.00018282
v -0.00007906 -0.02471335 -0.00008471
v -0.00013148 -0.02357788 0.00420923
v -0.00011132 -0.02366199 0.00396412
v -0.00011535 -0.02390831 0.00366819
v -0.00012544 -0.02410456 0.00340365
v -0.00012443 -0.02436090 0.00286709
v -0.00009821 -0.02444501 0.00233054
v -0.00012140 -0.02463125 0.00206151
v -0.00008813 -0.02471335 0.00098840
v -0.00008208 -0.02471335 0.00071938
v -0.00013249 -0.02283291 0.00494307
v -0.00015064 -0.02298110 0.00489225
v -0.00014459 -0.02325746 0.00463369
v -0.00014963 -0.02351780 0.00435869
v -0.00056299 -0.00645766 -0.00753968
v -0.00109936 -0.00645766 -0.00753968
v -0.00297864 -0.00645766 -0.00753819
v -0.00324783 -0.00592096 -0.00756061
v -0.00324783 -0.00645766 -0.00753670
v -0.00271046 -0.01075323 -0.00730952
v -0.00297864 -0.01075323 -0.00730504
v -0.00297864 -0.01102158 -0.00728860
v -0.00324783 -0.01102158 -0.00727963
v -0.00351601 -0.01102158 -0.00726917
v -0.00351601 -0.01129193 -0.00724974
v -0.00297864 -0.01424376 -0.00705843
v -0.00888063 -0.00476946 -0.00625135
v -0.00914175 -0.00477347 -0.00598681
v -0.00861648 -0.00493568 -0.00671318
v -0.00885946 -0.00492366 -0.00650992
v -0.00754275 -0.00511591 -0.00732297
v -0.00777464 -0.00511591 -0.00723778
v -0.00790873 -0.00511591 -0.00718397
v -0.00807911 -0.00511591 -0.00709729
v -0.00829688 -0.00511591 -0.00697922
v -0.00843097 -0.00511591 -0.00689851
v -0.00875360 -0.00497974 -0.00666535
v -0.00673720 -0.00538426 -0.00751278
v -0.00646801 -0.00565261 -0.00751876
v -0.00297864 -0.01451211 -0.00703751
v -0.00324783 -0.01451211 -0.00701957
v -0.00351601 -0.01451211 -0.00699865
v -0.00693481 -0.00538426 -0.00747990
v -0.00706991 -0.00538426 -0.00745449
v -0.00727356 -0.00538426 -0.00740218
v -0.00754275 -0.00538426 -0.00731699
v -0.00936053 -0.00491565 -0.00599130
v -0.00929903 -0.00496972 -0.00613926
v -0.00955209 -0.00506985 -0.00585081
v -0.00977591 -0.00511591 -0.00550855
v -0.00985354 -0.00511591 -0.00537403
v -0.00994630 -0.00511591 -0.00518572
v -0.01009954 -0.00497373 -0.00480161
v -0.00006595 -0.01907403 -0.00477471
v -0.00007906 -0.02068613 -0.00572227
v -0.00007906 -0.01988108 -0.00599130
v -0.00008309 -0.01907403 -0.00626032
v -0.00009216 -0.01773229 -0.00652785
v -0.00012342 -0.01746394 -0.00670571
v -0.00012544 -0.01504681 -0.00696875
v -0.00014661 -0.01209698 -0.00721088
v -0.00029380 -0.01129193 -0.00727365
v -0.00056299 -0.01075323 -0.00731699
v -0.00013249 -0.01531716 -0.00695829
v -0.00014257 -0.01558550 -0.00694634
v -0.00015266 -0.01579778 -0.00693737
v -0.00017585 -0.01597601 -0.00692840
v -0.00029380 -0.01504681 -0.00701957
v -0.00029380 -0.01477846 -0.00704050
v -0.00056299 -0.01424376 -0.00710327
v -0.00056299 -0.01397541 -0.00712270
v -0.00032002 -0.01261765 -0.00720340
v -0.00029380 -0.01182863 -0.00724525
v -0.00029380 -0.02235629 0.00536603
v -0.00029380 -0.02255055 0.00523152
v -0.00539428 -0.01343872 0.00694282
v -0.00539428 -0.01317037 0.00697420
v -0.00512711 -0.01370707 0.00696225
v -0.00485893 -0.01451211 0.00691891
v -0.00485893 -0.01397541 0.00697869
v -0.00458974 -0.01451211 0.00696374
v -0.00432156 -0.01477846 0.00697570
v -0.00405338 -0.01531716 0.00694880
v -0.00378419 -0.01612220 0.00688752
v -0.00378419 -0.01558550 0.00695179
v -0.00359767 -0.01513292 0.00702353
v -0.00351601 -0.01585385 0.00695179
v -0.00351097 -0.01530915 0.00701306
v -0.00341821 -0.01521703 0.00703249
v -0.00323069 -0.01530915 0.00703847
v -0.00297864 -0.01551141 0.00703548
v -0.00271046 -0.01612220 0.00698766
v -0.00271046 -0.01639055 0.00695926
v -0.00244228 -0.01665890 0.00693983
v -0.01035663 -0.00513794 -0.00333094
v -0.01036168 -0.00524007 -0.00325920
v -0.01036268 -0.00521805 -0.00303800
v -0.01036369 -0.00519001 -0.00276898
v -0.01036470 -0.00517599 -0.00250145
v -0.01022859 -0.00511591 -0.00438014
v -0.01028505 -0.00538426 -0.00411261
v -0.01032135 -0.00538426 -0.00384358
v -0.01034756 -0.00538426 -0.00357456
v -0.01036470 -0.00538426 0.00179249
v -0.01036470 -0.00516398 0.00206151
v -0.01036470 -0.00538426 -0.00223242
v -0.01035361 -0.00592096 -0.00196340
v -0.01035361 -0.00592096 0.00179249
v -0.01036168 -0.00553245 0.00179249
v -0.01036369 -0.00533019 0.00286709
v -0.01034756 -0.00618931 0.00179249
v -0.01035966 -0.00545235 0.00313612
v -0.01033950 -0.00645766 0.00179249
v -0.01033546 -0.00645766 0.00233054
v -0.01032336 -0.00672600 0.00233054
v -0.01032034 -0.00672600 0.00259807
v -0.01030118 -0.00699435 0.00286709
v -0.01028606 -0.00726470 0.00286709
v -0.01026287 -0.00780140 0.00259807
v -0.01024573 -0.00806975 0.00259807
v -0.01023666 -0.00806975 0.00286709
v -0.01022456 -0.00806975 0.00313612
v -0.01018020 -0.00860644 0.00313612
v -0.01009047 -0.00978598 0.00295228
v -0.01008442 -0.00968985 0.00314807
v -0.01006123 -0.00994819 0.00313612
v -0.00998461 -0.01102158 0.00286709
v -0.00995840 -0.01129193 0.00286709
v -0.00990496 -0.01156028 0.00313612
v -0.00982128 -0.01220512 0.00324223
v -0.00984245 -0.01182462 0.00340514
v -0.00981826 -0.01191274 0.00349631
v -0.00975272 -0.01209698 0.00367267
v -0.00979406 -0.01182462 0.00365922
v -0.00981120 -0.01156028 0.00374591
v -0.00964686 -0.01236532 0.00394170
v -0.00959847 -0.01265770 0.00396561
v -0.00956621 -0.01310428 0.00384305
v -0.00955310 -0.01328251 0.00379373
v -0.00954403 -0.01290202 0.00403287
v -0.00931718 -0.01451211 0.00388789
v -0.00928189 -0.01434990 0.00406126
v -0.00943010 -0.01317037 0.00420923
v -0.00929198 -0.01359692 0.00435271
v -0.00906916 -0.01451211 0.00443192
v -0.00900968 -0.01433388 0.00459632
v -0.00902783 -0.01415565 0.00462622
v -0.00914780 -0.01317037 0.00474578
v -0.00902380 -0.01332657 0.00488777
v -0.00903993 -0.01317037 0.00491019
v -0.00896431 -0.01290202 0.00508057
v -0.00874553 -0.00710850 0.00648847
v -0.00876973 -0.01343872 0.00517024
v -0.00875259 -0.01358491 0.00515231
v -0.00870117 -0.01290202 0.00537052
v -0.00860035 -0.01263367 0.00552894
v -0.00849752 -0.01229523 0.00570082
v -0.00836040 -0.01126389 0.00602066
v -0.00800551 -0.01129193 0.00626577
v -0.00820010 -0.01083534 0.00621346
v -0.00822329 -0.01065711 0.00622990
v -0.00836847 -0.00968384 0.00630613
v -0.00849449 -0.00959573 0.00623289
v -0.00857918 -0.00887479 0.00629865
v -0.00871327 -0.00887479 0.00619254
v -0.00825353 -0.01317037 0.00572025
v -0.00822933 -0.01336462 0.00569933
v -0.00814666 -0.01263367 0.00590857
v -0.00863564 -0.00806975 0.00640178
v -0.00869815 -0.00753305 0.00644961
v -0.00834729 -0.00645766 0.00687706
v -0.00834729 -0.00618931 0.00691741
v -0.00848743 -0.00661786 0.00676347
v -0.00818800 -0.00618931 0.00701456
v -0.00805391 -0.00618931 0.00708630
v -0.00864068 -0.00701037 0.00658412
v -0.00856406 -0.00753305 0.00655273
v -0.00859329 -0.00671399 0.00666931
v -0.00801862 -0.00645766 0.00706687
v -0.00797930 -0.00672600 0.00704744
v -0.00795510 -0.00689622 0.00703399
v -0.00782706 -0.00698834 0.00708032
v -0.00776153 -0.00726470 0.00706836
v -0.00771717 -0.00753305 0.00704744
v -0.00758308 -0.00645766 0.00726266
v -0.00744899 -0.00645766 0.00731198
v -0.00727356 -0.00645766 0.00736728
v -0.00700538 -0.00672600 0.00740763
v -0.00244228 -0.01692725 0.00690396
v -0.00217409 -0.01719559 0.00687706
v -0.00187970 -0.01801065 0.00677393
v -0.00217409 -0.01807273 0.00675151
v -0.00217409 -0.01826899 0.00672013
v -0.00217409 -0.01853734 0.00667379
v -0.00244228 -0.01803068 0.00674553
v -0.00163672 -0.01880568 0.00664689
v -0.00163672 -0.01907403 0.00659309
v -0.00190491 -0.01932636 0.00651985
v -0.00166092 -0.01937042 0.00652284
v -0.00176678 -0.01947656 0.00649145
v -0.00166092 -0.01959671 0.00646754
v -0.00190491 -0.01961273 0.00644961
v -0.00163672 -0.01988108 0.00639281
v -0.00190491 -0.02014943 0.00629566
v -0.00163672 -0.02035369 0.00624784
v -0.00217409 -0.01988108 0.00635993
v -0.00190491 -0.02046384 0.00619254
v -0.00163672 -0.02068613 0.00613126
v -0.00217409 -0.02030363 0.00622990
v -0.00136854 -0.02095447 0.00604607
v -0.00136854 -0.02113471 0.00597433
v -0.00109936 -0.02114873 0.00598031
v -0.00109936 -0.02128290 0.00592351
v -0.00109936 -0.02149117 0.00583085
v -0.00083117 -0.02171546 0.00573221
v -0.00083117 -0.02184964 0.00566346
v -0.00083117 -0.02202787 0.00556780
v -0.00056299 -0.02202787 0.00557229
v -0.00056299 -0.02223013 0.00545720
v -0.00056299 -0.02236430 0.00537650
v -0.00006595 -0.02010137 -0.00357456
v -0.00012039 -0.02489359 0.00045035
v -0.00011939 -0.02489759 -0.00008471
v -0.00029380 -0.02496969 0.00018282
v -0.00008007 -0.02471335 -0.00035373
v -0.00007906 -0.02444501 -0.00169587
v -0.00013249 -0.02382019 0.00389088
v -0.00014056 -0.02406451 0.00357702
v -0.00013955 -0.02433286 0.00305392
v -0.00013854 -0.02460321 0.00233054
v -0.00015366 -0.02485354 0.00142183
v -0.00014257 -0.02486555 0.00125593
v -0.00012846 -0.02487957 0.00098840
v -0.00010124 -0.02471335 0.00125593
v -0.00012241 -0.02488958 0.00071938
v -0.00029380 -0.02299512 0.00490271
v -0.00029380 -0.02312930 0.00478464
v -0.00029380 -0.02327549 0.00465013
v -0.00029380 -0.02268472 0.00513437
v -0.00029380 -0.02340966 0.00450665
v -0.00029380 -0.02352982 0.00437214
v -0.00019097 -0.02376813 0.00406874
v -0.00083117 -0.01075323 -0.00731849
v -0.00109936 -0.01048488 -0.00733343
v -0.00136854 -0.01075323 -0.00731998
v -0.00163672 -0.01048488 -0.00733343
v -0.00190491 -0.01075323 -0.00731699
v -0.00244228 -0.01102158 -0.00729607
v -0.00271046 -0.01102158 -0.00729308
v -0.00271046 -0.01129193 -0.00727514
v -0.00163672 -0.01451211 -0.00707786
v -0.00244228 -0.01424376 -0.00707786
v -0.00271046 -0.01343872 -0.00712718
v -0.00271046 -0.01424376 -0.00707039
v -0.00271046 -0.01451211 -0.00705096
v -0.00913571 -0.00491766 -0.00624089
v -0.00903388 -0.00496772 -0.00640829
v -0.00776153 -0.00538426 -0.00723479
v -0.00789562 -0.00538426 -0.00717800
v -0.00807911 -0.00538426 -0.00708832
v -0.00828781 -0.00538426 -0.00697473
v -0.00861648 -0.00511591 -0.00677147
v -0.00842190 -0.00538426 -0.00689403
v -0.00875864 -0.00529615 -0.00666984
v -0.00875965 -0.00511591 -0.00666984
v -0.00889374 -0.00511591 -0.00655475
v -0.00904698 -0.00511591 -0.00642024
v -0.00660009 -0.00605313 -0.00746795
v -0.00665655 -0.00587490 -0.00747691
v -0.00674224 -0.00564660 -0.00748588
v -0.00688843 -0.00555248 -0.00747093
v -0.00378419 -0.01451211 -0.00697174
v -0.00405136 -0.01450811 -0.00694484
v -0.00297864 -0.01477846 -0.00701210
v -0.00324783 -0.01477846 -0.00699416
v -0.00351601 -0.01477846 -0.00697174
v -0.00683500 -0.00573071 -0.00746197
v -0.00673720 -0.00618931 -0.00743058
v -0.00673720 -0.00645766 -0.00740069
v -0.00700538 -0.00618931 -0.00737528
v -0.00700538 -0.00645766 -0.00734390
v -0.00727356 -0.00565261 -0.00737080
v -0.00754275 -0.00565261 -0.00728411
v -0.00769197 -0.00583885 -0.00720639
v -0.00772019 -0.00565261 -0.00721835
v -0.00918107 -0.00511591 -0.00628424
v -0.00931012 -0.00511591 -0.00615122
v -0.00946337 -0.00514195 -0.00596440
v -0.00955612 -0.00524808 -0.00585678
v -0.00962468 -0.00514195 -0.00574619
v -0.00955612 -0.00525009 -0.00585678
v -0.00977390 -0.00538426 -0.00550406
v -0.00985254 -0.00538426 -0.00536955
v -0.00994529 -0.00538426 -0.00518572
v -0.01005216 -0.00511591 -0.00495256
v -0.01010559 -0.00511591 -0.00481805
v -0.01015701 -0.00511591 -0.00464916
v -0.00006595 -0.01934238 -0.00461927
v -0.00007906 -0.02229622 -0.00491669
v -0.00007906 -0.02122282 -0.00545474
v -0.00008410 -0.02014943 -0.00599130
v -0.00008309 -0.02149117 -0.00545474
v -0.00012443 -0.02014943 -0.00617065
v -0.00012342 -0.01907403 -0.00643818
v -0.00013249 -0.01773229 -0.00669076
v -0.00042689 -0.01276785 -0.00719892
v -0.00014661 -0.01800064 -0.00667432
v -0.00015669 -0.01815484 -0.00666535
v -0.00035530 -0.01603409 -0.00693587
v -0.00027666 -0.01587388 -0.00694484
v -0.00029380 -0.01531716 -0.00699566
v -0.00029380 -0.01746394 -0.00676250
v -0.00056299 -0.01692725 -0.00685068
v -0.00056299 -0.01451211 -0.00708234
v -0.00083117 -0.01424376 -0.00710327
v -0.00056299 -0.01343872 -0.00715857
v -0.00136854 -0.01424376 -0.00710028
v -0.00056299 -0.02256056 0.00524198
v -0.00056299 -0.02269473 0.00514633
v -0.00539428 -0.01370707 0.00690994
v -0.00512711 -0.01424376 0.00689948
v -0.00458974 -0.01477846 0.00693236
v -0.00485893 -0.01477846 0.00688453
v -0.00458974 -0.01531716 0.00686361
v -0.00432156 -0.01531716 0.00690844
v -0.00405338 -0.01585385 0.00688303
v -0.00378419 -0.01639055 0.00685464
v -0.00351601 -0.01639055 0.00688901
v -0.00324783 -0.01639055 0.00691741
v -0.00324783 -0.01585385 0.00697719
v -0.00297864 -0.01612220 0.00696972
v -0.00312886 -0.01546335 0.00702950
v -0.00297864 -0.01639055 0.00693983
v -0.00271046 -0.01665890 0.00692638
v -0.01036168 -0.00525810 -0.00325920
v -0.01036268 -0.00529014 -0.00303800
v -0.01036369 -0.00534221 -0.00276898
v -0.01023263 -0.00538426 -0.00438014
v -0.01025884 -0.00592096 -0.00411261
v -0.01028707 -0.00618931 -0.00384358
v -0.01031127 -0.00565261 -0.00384358
v -0.01035764 -0.00536223 -0.00333094
v -0.01032639 -0.00592096 -0.00357456
v -0.01032639 -0.00618931 -0.00330703
v -0.01036168 -0.00552244 0.00194045
v -0.01036369 -0.00540429 -0.00247903
v -0.01036168 -0.00552044 -0.00237441
v -0.01035260 -0.00592096 -0.00223242
v -0.01034756 -0.00618931 -0.00169587
v -0.01033950 -0.00645766 -0.00169587
v -0.01032740 -0.00672600 0.00179249
v -0.01030017 -0.00726470 0.00179249
v -0.01027295 -0.00780140 0.00179249
v -0.01028404 -0.00753305 0.00206151
v -0.01030622 -0.00699435 0.00259807
v -0.01026993 -0.00780140 0.00206151
v -0.01025077 -0.00806975 0.00233054
v -0.01022456 -0.00833810 0.00259807
v -0.01021549 -0.00833810 0.00286709
v -0.01019331 -0.00860644 0.00286709
v -0.01009450 -0.00983804 0.00277293
v -0.01000175 -0.01102158 0.00259807
v -0.01005720 -0.01021653 0.00286709
v -0.00997755 -0.01129193 0.00259807
v -0.00995033 -0.01156028 0.00259807
v -0.00990194 -0.01182863 0.00286709
v -0.00987270 -0.01209698 0.00286709
v -0.00983035 -0.01255157 0.00278788
v -0.00982128 -0.01246946 0.00296723
v -0.00983136 -0.01228923 0.00306288
v -0.00977692 -0.01290202 0.00286709
v -0.00977793 -0.01263367 0.00313612
v -0.00955512 -0.01410158 0.00326017
v -0.00977188 -0.01236532 0.00340365
v -0.00980717 -0.01210699 0.00340514
v -0.00967610 -0.01263367 0.00367267
v -0.00959141 -0.01318439 0.00369210
v -0.00956117 -0.01360694 0.00355759
v -0.00954806 -0.01378517 0.00350080
v -0.00950067 -0.01424376 0.00340365
v -0.00954100 -0.01343872 0.00374441
v -0.00947345 -0.01397541 0.00367267
v -0.00943010 -0.01424376 0.00367267
v -0.00938473 -0.01451211 0.00367267
v -0.00929903 -0.01470636 0.00384007
v -0.00926778 -0.01451211 0.00402240
v -0.00918410 -0.01451211 0.00420923
v -0.00923854 -0.01425378 0.00419727
v -0.00929803 -0.01416967 0.00410012
v -0.00903993 -0.01477846 0.00437961
v -0.00899052 -0.01451211 0.00456643
v -0.00884434 -0.01452613 0.00476970
v -0.00900464 -0.01350681 0.00485937
v -0.00907320 -0.01370707 0.00469497
v -0.00893507 -0.01317037 0.00504320
v -0.00874553 -0.01462626 0.00487432
v -0.00876570 -0.01444603 0.00489972
v -0.00850155 -0.00806975 0.00650640
v -0.00865681 -0.01452613 0.00499986
v -0.00870420 -0.01397541 0.00509850
v -0.00848441 -0.01465630 0.00515231
v -0.00856607 -0.01290202 0.00549756
v -0.00842291 -0.01290202 0.00563058
v -0.00845618 -0.01263367 0.00566196
v -0.00794805 -0.01170447 0.00622542
v -0.00769197 -0.01255357 0.00623289
v -0.00793494 -0.01031666 0.00648548
v -0.00815574 -0.00967984 0.00645409
v -0.00819203 -0.00941149 0.00647800
v -0.00823538 -0.00909107 0.00650640
v -0.00809827 -0.01074923 0.00630015
v -0.00801257 -0.01263367 0.00600123
v -0.00839770 -0.00887479 0.00643317
v -0.00848441 -0.00821193 0.00649295
v -0.00838863 -0.01317037 0.00559919
v -0.00823135 -0.01444803 0.00543479
v -0.00820816 -0.01462626 0.00541237
v -0.00820413 -0.01354285 0.00567840
v -0.00794401 -0.01437593 0.00568588
v -0.00810029 -0.01344673 0.00577256
v -0.00810835 -0.01290202 0.00588167
v -0.00815271 -0.00645766 0.00699513
v -0.00836443 -0.00671399 0.00682624
v -0.00827067 -0.00726470 0.00679635
v -0.00846525 -0.00679609 0.00674852
v -0.00811440 -0.00672600 0.00697420
v -0.00792688 -0.00707446 0.00702054
v -0.00802770 -0.00806975 0.00680681
v -0.00796115 -0.00852634 0.00676945
v -0.00789562 -0.00726470 0.00700559
v -0.00740160 -0.01033469 0.00675749
v -0.00768894 -0.00770327 0.00703399
v -0.00754275 -0.00699435 0.00719989
v -0.00741874 -0.00661786 0.00730152
v -0.00728364 -0.00671599 0.00732992
v -0.00716165 -0.00718059 0.00730451
v -0.00662025 -0.01039477 0.00703399
v -0.00657690 -0.01057500 0.00702203
v -0.00593165 -0.01236532 0.00695328
v -0.00566246 -0.01317037 0.00691592
v -0.00258544 -0.01787247 0.00676048
v -0.00244228 -0.01789650 0.00676496
v -0.00217409 -0.01773229 0.00680083
v -0.00244228 -0.01826899 0.00670667
v -0.00244228 -0.01853734 0.00665885
v -0.00217409 -0.01880568 0.00661999
v -0.00271046 -0.01826899 0.00668725
v -0.00217409 -0.01907403 0.00656320
v -0.00217409 -0.01929432 0.00651238
v -0.00217409 -0.01942849 0.00647950
v -0.00217409 -0.01961273 0.00643317
v -0.00217409 -0.02014943 0.00627773
v -0.00232129 -0.02028761 0.00622542
v -0.00244228 -0.01988108 0.00633751
v -0.00244228 -0.01961273 0.00641224
v -0.00217409 -0.02043780 0.00618357
v -0.00190491 -0.02068613 0.00611333
v -0.00163672 -0.02095447 0.00602813
v -0.00163672 -0.02111268 0.00596536
v -0.00136854 -0.02126888 0.00591604
v -0.00136854 -0.02149117 0.00581740
v -0.00109936 -0.02170745 0.00572772
v -0.00109936 -0.02184163 0.00566047
v -0.00109936 -0.02202787 0.00556033
v -0.00083117 -0.02222612 0.00545571
v -0.00083117 -0.02236030 0.00537351
v -0.00083117 -0.02256056 0.00524049
v -0.00006595 -0.02000925 -0.00384358
v -0.00007906 -0.02417666 -0.00250145
v -0.00012039 -0.02489359 -0.00035373
v -0.00029380 -0.02496969 -0.00008471
v -0.00056299 -0.02498170 0.00045035
v -0.00056299 -0.02498971 0.00018282
v -0.00029380 -0.02495967 0.00045035
v -0.00008208 -0.02471335 -0.00062126
v -0.00008007 -0.02444501 -0.00196340
v -0.00029380 -0.02408253 0.00360392
v -0.00029380 -0.02435088 0.00308979
v -0.00015568 -0.02458318 0.00247402
v -0.00029380 -0.02485954 0.00145770
v -0.00029380 -0.02488958 0.00125593
v -0.00029380 -0.02492563 0.00098840
v -0.00029380 -0.02463926 0.00233054
v -0.00029380 -0.02494766 0.00071938
v -0.00056299 -0.02300113 0.00490869
v -0.00056299 -0.02283291 0.00504022
v -0.00056299 -0.02313531 0.00478913
v -0.00056299 -0.02328150 0.00465461
v -0.00056299 -0.02341567 0.00451263
v -0.00028574 -0.02368201 0.00418681
v -0.00056299 -0.02353382 0.00437961
v -0.00037043 -0.02377814 0.00408069
v -0.00109936 -0.01102158 -0.00730354
v -0.00163672 -0.01102158 -0.00730354
v -0.00056299 -0.01317037 -0.00717501
v -0.00136854 -0.01451211 -0.00708085
v -0.00136854 -0.01477846 -0.00705843
v -0.00163672 -0.01477846 -0.00705395
v -0.00244228 -0.01451211 -0.00705843
v -0.00244228 -0.01477846 -0.00703452
v -0.00271046 -0.01477846 -0.00702555
v -0.00785429 -0.00565261 -0.00716006
v -0.00781093 -0.00618931 -0.00710626
v -0.00801862 -0.00645766 -0.00697025
v -0.00807911 -0.00565261 -0.00705096
v -0.00810331 -0.00593698 -0.00699865
v -0.00823135 -0.00585888 -0.00694185
v -0.00825555 -0.00565261 -0.00695680
v -0.00863766 -0.00538426 -0.00674457
v -0.00839065 -0.00565261 -0.00687460
v -0.00853482 -0.00618931 -0.00669973
v -0.00856305 -0.00592096 -0.00672065
v -0.00859027 -0.00565261 -0.00674008
v -0.00886349 -0.00538426 -0.00656821
v -0.00904093 -0.00538426 -0.00641426
v -0.00872436 -0.00565261 -0.00664294
v -0.00883829 -0.00618931 -0.00646807
v -0.00886248 -0.00592096 -0.00648899
v -0.00917503 -0.00538426 -0.00627975
v -0.00421166 -0.01441599 -0.00693438
v -0.00430946 -0.01450811 -0.00691047
v -0.00458974 -0.01451211 -0.00686563
v -0.00396062 -0.01468834 -0.00693587
v -0.00414008 -0.01459422 -0.00692541
v -0.00271046 -0.01504681 -0.00699865
v -0.00270542 -0.01559552 -0.00694335
v -0.00271046 -0.01639055 -0.00686114
v -0.00297864 -0.01639055 -0.00684172
v -0.00341216 -0.01521502 -0.00693438
v -0.00485893 -0.01451211 -0.00681930
v -0.00512711 -0.01397541 -0.00683275
v -0.00512711 -0.01424376 -0.00680136
v -0.00539428 -0.01370707 -0.00681182
v -0.00700538 -0.00672600 -0.00731101
v -0.00727356 -0.00618931 -0.00730504
v -0.00749940 -0.00618931 -0.00723180
v -0.00756090 -0.00592496 -0.00724376
v -0.00763349 -0.00618931 -0.00718397
v -0.00766374 -0.00601708 -0.00719444
v -0.00930508 -0.00538426 -0.00614524
v -0.00945631 -0.00535823 -0.00596440
v -0.00954503 -0.00543032 -0.00584184
v -0.00957931 -0.00645766 -0.00562214
v -0.00959544 -0.00618931 -0.00564455
v -0.00962569 -0.00565261 -0.00568939
v -0.00962267 -0.00535823 -0.00574021
v -0.00975978 -0.00565261 -0.00548164
v -0.00982229 -0.00602910 -0.00531575
v -0.01005115 -0.00538426 -0.00494658
v -0.00992109 -0.00565261 -0.00518572
v -0.00988177 -0.00618931 -0.00516629
v -0.00999671 -0.00618931 -0.00491669
v -0.01010358 -0.00538426 -0.00481207
v -0.01015701 -0.00538426 -0.00464916
v -0.00006595 -0.01959871 -0.00438014
v -0.00007906 -0.02310326 -0.00411261
v -0.00008813 -0.02310326 -0.00438014
v -0.00009116 -0.02283291 -0.00464916
v -0.00008612 -0.02202787 -0.00518572
v -0.00006595 -0.01961073 -0.00436818
v -0.00008813 -0.02095447 -0.00572227
v -0.00012644 -0.02202787 -0.00537852
v -0.00012443 -0.02149117 -0.00564754
v -0.00012846 -0.02095447 -0.00589863
v -0.00013955 -0.02035369 -0.00614673
v -0.00013955 -0.01934438 -0.00641576
v -0.00029380 -0.01819089 -0.00666984
v -0.00029380 -0.01800064 -0.00669525
v -0.00029380 -0.01773229 -0.00672962
v -0.00015366 -0.01950259 -0.00639932
v -0.00029380 -0.01907403 -0.00650095
v -0.00029380 -0.01558550 -0.00697174
v -0.00056299 -0.01665890 -0.00688057
v -0.00056299 -0.01619029 -0.00692541
v -0.00056299 -0.01477846 -0.00705843
v -0.00109936 -0.01692725 -0.00684620
v -0.00136854 -0.01665890 -0.00687759
v -0.00083117 -0.01665890 -0.00688057
v -0.00056299 -0.01773229 -0.00674008
v -0.00083117 -0.01834509 -0.00665489
v -0.00109936 -0.01820490 -0.00667283
v -0.00109936 -0.01451211 -0.00708234
v -0.00083117 -0.02269473 0.00514484
v -0.00083117 -0.02283291 0.00504022
v -0.00539428 -0.01397541 0.00687556
v -0.00512711 -0.01451211 0.00686361
v -0.00512711 -0.01477846 0.00682774
v -0.00470064 -0.01595599 0.00675600
v -0.00458974 -0.01558550 0.00682774
v -0.00432156 -0.01585385 0.00683969
v -0.00405338 -0.01639055 0.00681428
v -0.00378419 -0.01665890 0.00681578
v -0.00351601 -0.01665890 0.00685165
v -0.00324783 -0.01665890 0.00688154
v -0.00297864 -0.01665890 0.00690545
v -0.01034353 -0.00618931 -0.00250145
v -0.01035865 -0.00562658 -0.00247903
v -0.01021649 -0.00565261 -0.00438014
v -0.01024372 -0.00618931 -0.00411261
v -0.01027094 -0.00645766 -0.00384358
v -0.01030118 -0.00645766 -0.00357456
v -0.01031429 -0.00618931 -0.00357456
v -0.01032236 -0.00645766 -0.00303800
v -0.01032840 -0.00645766 -0.00276898
v -0.01033849 -0.00618931 -0.00276898
v -0.01031530 -0.00645766 -0.00330703
v -0.01034554 -0.00618931 -0.00223242
v -0.01033849 -0.00645766 -0.00196340
v -0.01032740 -0.00672600 -0.00169587
v -0.01031429 -0.00699435 0.00152496
v -0.01028707 -0.00753305 0.00152496
v -0.01027295 -0.00780140 -0.00169587
v -0.01025682 -0.00806975 0.00179249
v -0.01023363 -0.00833810 0.00206151
v -0.01022960 -0.00833810 0.00233054
v -0.01011366 -0.00967984 0.00259807
v -0.01001889 -0.01102158 0.00206151
v -0.01001082 -0.01102158 0.00233054
v -0.00998763 -0.01129193 0.00233054
v -0.00996142 -0.01156028 0.00233054
v -0.00992210 -0.01182863 0.00259807
v -0.00982027 -0.01272980 0.00266831
v -0.00981019 -0.01263768 0.00287307
v -0.00976986 -0.01317037 0.00259807
v -0.00962267 -0.01424376 0.00259807
v -0.00962771 -0.01397541 0.00286709
v -0.00970332 -0.01317037 0.00313612
v -0.00955512 -0.01436993 0.00299264
v -0.00951277 -0.01451211 0.00313612
v -0.00945732 -0.01451211 0.00340365
v -0.00940893 -0.01477846 0.00340365
v -0.00932827 -0.01478847 0.00368612
v -0.00924560 -0.01478847 0.00393422
v -0.00928089 -0.01488259 0.00378477
v -0.00902480 -0.01601606 0.00382064
v -0.00918612 -0.01504681 0.00394170
v -0.00912663 -0.01477846 0.00420923
v -0.00902178 -0.01492665 0.00434972
v -0.00875662 -0.01601406 0.00435420
v -0.00895826 -0.01477846 0.00451412
v -0.00876469 -0.01523705 0.00463219
v -0.00878989 -0.01504681 0.00466508
v -0.00882417 -0.01477846 0.00471290
v -0.00857011 -0.01476043 0.00502676
v -0.00849247 -0.01629042 0.00462622
v -0.00849147 -0.01548337 0.00489076
v -0.00826361 -0.00887479 0.00652583
v -0.00829789 -0.00860644 0.00654974
v -0.00834729 -0.00806975 0.00660953
v -0.00840476 -0.00726470 0.00670966
v -0.00844005 -0.00699435 0.00673208
v -0.00818397 -0.01477846 0.00539144
v -0.00826563 -0.01612220 0.00493261
v -0.00816380 -0.01585385 0.00510448
v -0.00824748 -0.01531716 0.00518071
v -0.00781093 -0.01290202 0.00608642
v -0.00779278 -0.01263968 0.00614920
v -0.00766474 -0.01273180 0.00621645
v -0.00766978 -0.01113573 0.00648847
v -0.00769902 -0.01095750 0.00650341
v -0.00790772 -0.01048488 0.00647203
v -0.00796015 -0.01013843 0.00650042
v -0.00793393 -0.00870457 0.00675450
v -0.00819203 -0.00785947 0.00674703
v -0.00821724 -0.00768124 0.00676197
v -0.00797426 -0.01290202 0.00597433
v -0.00804988 -0.01477846 0.00550503
v -0.00810230 -0.01452813 0.00552297
v -0.00794502 -0.01544933 0.00541834
v -0.00792284 -0.01451211 0.00567093
v -0.00778875 -0.01451211 0.00576359
v -0.00771717 -0.01370707 0.00598330
v -0.00795107 -0.01305622 0.00595938
v -0.00783110 -0.00861245 0.00682176
v -0.00773028 -0.00914314 0.00678738
v -0.00769801 -0.00934340 0.00677094
v -0.00752965 -0.01023456 0.00670966
v -0.00754275 -0.01048488 0.00666184
v -0.00756493 -0.01103760 0.00655871
v -0.00750948 -0.01129193 0.00654377
v -0.00743084 -0.01176054 0.00650341
v -0.00723828 -0.01209698 0.00653928
v -0.00719089 -0.01236532 0.00651686
v -0.00727356 -0.01129193 0.00665735
v -0.00737337 -0.01048488 0.00674553
v -0.00712334 -0.01111770 0.00675450
v -0.00715762 -0.01093947 0.00676795
v -0.00741370 -0.00849029 0.00703100
v -0.00716468 -0.00907105 0.00703847
v -0.00690557 -0.00967984 0.00704146
v -0.00687532 -0.00982603 0.00703100
v -0.00673720 -0.01075323 0.00694431
v -0.00619983 -0.01209698 0.00691891
v -0.00619983 -0.01182863 0.00695478
v -0.00631779 -0.01300415 0.00675450
v -0.00621697 -0.01291003 0.00679934
v -0.00619983 -0.01263367 0.00684418
v -0.00556467 -0.01445203 0.00677094
v -0.00297864 -0.01692725 0.00686660
v -0.00276389 -0.01782041 0.00675301
v -0.00268928 -0.01797661 0.00673507
v -0.00271046 -0.01853734 0.00663643
v -0.00244228 -0.01880568 0.00660355
v -0.00297864 -0.01826899 0.00665885
v -0.00297864 -0.01800064 0.00670369
v -0.00244228 -0.01907403 0.00654526
v -0.00244228 -0.01925627 0.00650341
v -0.00242312 -0.02015944 0.00625382
v -0.00271046 -0.02007934 0.00624335
v -0.00271046 -0.02021351 0.00620001
v -0.00271046 -0.02041778 0.00612977
v -0.00242312 -0.02039375 0.00617460
v -0.00244228 -0.02068613 0.00606550
v -0.00217409 -0.02068613 0.00609390
v -0.00271046 -0.01988108 0.00630613
v -0.00271046 -0.01961273 0.00638385
v -0.00261266 -0.01922623 0.00649594
v -0.00191297 -0.02097850 0.00599974
v -0.00182929 -0.02109866 0.00595789
v -0.00163672 -0.02124685 0.00590707
v -0.00190491 -0.02149117 0.00578003
v -0.00190491 -0.02165739 0.00570232
v -0.00136854 -0.02169343 0.00572025
v -0.00136854 -0.02182761 0.00565150
v -0.00136854 -0.02202787 0.00554389
v -0.00136854 -0.02220610 0.00544375
v -0.00109936 -0.02221811 0.00545123
v -0.00109936 -0.02235229 0.00536902
v -0.00109936 -0.02255455 0.00523451
v -0.00109936 -0.02268873 0.00514185
v -0.00006595 -0.01985104 -0.00411111
v -0.00007906 -0.02363996 -0.00357456
v -0.00008410 -0.02417666 -0.00276898
v -0.00012342 -0.02488958 -0.00062126
v -0.00056299 -0.02498971 -0.00008471
v -0.00056299 -0.02498170 -0.00035373
v -0.00029380 -0.02495967 -0.00035373
v -0.00083117 -0.02497770 0.00045035
v -0.00056299 -0.02496568 0.00071938
v -0.00083117 -0.02496368 0.00071938
v -0.00109936 -0.02497770 0.00018282
v -0.00008914 -0.02471335 -0.00089029
v -0.00012140 -0.02463325 -0.00196340
v -0.00009721 -0.02444501 -0.00223242
v -0.00056299 -0.02400243 0.00374740
v -0.00056299 -0.02408854 0.00361289
v -0.00056299 -0.02420670 0.00340365
v -0.00056299 -0.02429281 0.00323327
v -0.00056299 -0.02435689 0.00309875
v -0.00056299 -0.02445702 0.00286709
v -0.00029380 -0.02458919 0.00249046
v -0.00056299 -0.02486355 0.00147863
v -0.00056299 -0.02489960 0.00125593
v -0.00056299 -0.02473138 0.00206151
v -0.00056299 -0.02479746 0.00179249
v -0.00056299 -0.02483952 0.00161314
v -0.00056299 -0.02493564 0.00098840
v -0.00056299 -0.02465328 0.00233054
v -0.00083117 -0.02300113 0.00490869
v -0.00083117 -0.02313531 0.00478614
v -0.00083117 -0.02327749 0.00465162
v -0.00083117 -0.02341166 0.00451412
v -0.00083117 -0.02353583 0.00437961
v -0.00056299 -0.02378014 0.00408518
v -0.00056299 -0.02387627 0.00394170
v -0.00109936 -0.01558550 -0.00698370
v -0.00109936 -0.01606413 -0.00693886
v -0.00136854 -0.01619229 -0.00692541
v -0.00163672 -0.01616225 -0.00692242
v -0.00163672 -0.01639055 -0.00690000
v -0.00244228 -0.01531716 -0.00698071
v -0.00261266 -0.01573770 -0.00693289
v -0.00781093 -0.00645766 -0.00706889
v -0.00781093 -0.00672600 -0.00703003
v -0.00797930 -0.00672600 -0.00694932
v -0.00815271 -0.00645766 -0.00689701
v -0.00818901 -0.00618931 -0.00691794
v -0.00820917 -0.00603911 -0.00692840
v -0.00834729 -0.00645766 -0.00678044
v -0.00834729 -0.00618931 -0.00682079
v -0.00833116 -0.00593698 -0.00686862
v -0.00848743 -0.00661386 -0.00666685
v -0.00850558 -0.00645766 -0.00667881
v -0.00866992 -0.00618931 -0.00660258
v -0.00899657 -0.00592096 -0.00637391
v -0.00902682 -0.00556450 -0.00640081
v -0.00881308 -0.00645766 -0.00644565
v -0.00894717 -0.00645766 -0.00633057
v -0.00911151 -0.00618931 -0.00621847
v -0.00929298 -0.00555649 -0.00613179
v -0.00432156 -0.01477846 -0.00687609
v -0.00458974 -0.01477846 -0.00683275
v -0.00324783 -0.01639055 -0.00681930
v -0.00351601 -0.01612220 -0.00682079
v -0.00351601 -0.01639055 -0.00678940
v -0.00378419 -0.01639055 -0.00675503
v -0.00405338 -0.01639055 -0.00671617
v -0.00244228 -0.01639055 -0.00687310
v -0.00244228 -0.01665890 -0.00684172
v -0.00271046 -0.01665890 -0.00682826
v -0.00297864 -0.01665890 -0.00680734
v -0.00324783 -0.01612220 -0.00684919
v -0.00485893 -0.01477846 -0.00678492
v -0.00512711 -0.01451211 -0.00676699
v -0.00539428 -0.01424376 -0.00674307
v -0.00657791 -0.01057500 -0.00692541
v -0.00662025 -0.01039477 -0.00693737
v -0.00712233 -0.00736283 -0.00719444
v -0.00727356 -0.00645766 -0.00727066
v -0.00741874 -0.00661987 -0.00720340
v -0.00745000 -0.00645766 -0.00721387
v -0.00758409 -0.00645766 -0.00716454
v -0.00754275 -0.00753305 -0.00702256
v -0.00936255 -0.00618931 -0.00594646
v -0.00937868 -0.00564861 -0.00601372
v -0.00953092 -0.00565261 -0.00582390
v -0.00968921 -0.00645766 -0.00545474
v -0.00949664 -0.00618931 -0.00577907
v -0.00947849 -0.00645766 -0.00575665
v -0.00956621 -0.00666593 -0.00560271
v -0.00971945 -0.00618931 -0.00545474
v -0.00981422 -0.00618931 -0.00530080
v -0.00988379 -0.00593297 -0.00520963
v -0.01004913 -0.00565662 -0.00489726
v -0.00986867 -0.00645766 -0.00513939
v -0.00997150 -0.00645766 -0.00491669
v -0.01006123 -0.00645766 -0.00469699
v -0.01007232 -0.00618931 -0.00472688
v -0.01008946 -0.00574874 -0.00477471
v -0.01008341 -0.00592096 -0.00475528
v -0.01011971 -0.00618931 -0.00459237
v -0.01018222 -0.00618931 -0.00438014
v -0.00012846 -0.02308524 -0.00463422
v -0.00009216 -0.02337161 -0.00411261
v -0.00012947 -0.02335559 -0.00436071
v -0.00013148 -0.02283291 -0.00484944
v -0.00011132 -0.02258459 -0.00493612
v -0.00011737 -0.02229021 -0.00518721
v -0.00014257 -0.02219809 -0.00533966
v -0.00013854 -0.02167741 -0.00561317
v -0.00014560 -0.02112670 -0.00587173
v -0.00029380 -0.02039975 -0.00616317
v -0.00056299 -0.01880568 -0.00657418
v -0.00056299 -0.01853734 -0.00662351
v -0.00056299 -0.01834909 -0.00665489
v -0.00029380 -0.02014943 -0.00623342
v -0.00029380 -0.01953063 -0.00640679
v -0.00029380 -0.01934438 -0.00644715
v -0.00083117 -0.01639055 -0.00690748
v -0.00136854 -0.01692725 -0.00684172
v -0.00136854 -0.01773229 -0.00673261
v -0.00163672 -0.01665890 -0.00687011
v -0.00136854 -0.01639055 -0.00690598
v -0.00109936 -0.01639055 -0.00690748
v -0.00083117 -0.01853734 -0.00662201
v -0.00109936 -0.01833908 -0.00665340
v -0.00136854 -0.01818688 -0.00666984
v -0.00109936 -0.02283291 0.00503125
v -0.00109936 -0.02299713 0.00490421
v -0.00541545 -0.01453013 0.00679635
v -0.00539428 -0.01424376 0.00683969
v -0.00528540 -0.01495869 0.00676646
v -0.00504141 -0.01531716 0.00677094
v -0.00493958 -0.01563557 0.00674852
v -0.00485893 -0.01612220 0.00669621
v -0.00464015 -0.01612220 0.00674404
v -0.00445666 -0.01625838 0.00676048
v -0.00432156 -0.01612220 0.00680382
v -0.00421066 -0.01655076 0.00676496
v -0.00404430 -0.01664688 0.00677841
v -0.00394852 -0.01682511 0.00676496
v -0.00377209 -0.01718158 0.00673358
v -0.00367429 -0.01708345 0.00676347
v -0.00351601 -0.01692725 0.00680980
v -0.00324783 -0.01738985 0.00676945
v -0.00324783 -0.01692725 0.00684119
v -0.00299074 -0.01748197 0.00678290
v -0.01033345 -0.00645766 -0.00250145
v -0.01033647 -0.00645766 -0.00223242
v -0.01022658 -0.00645766 -0.00411261
v -0.01025279 -0.00672600 -0.00384358
v -0.01028404 -0.00672600 -0.00357456
v -0.01028404 -0.00699435 -0.00330703
v -0.01030017 -0.00672600 -0.00330703
v -0.01030925 -0.00672600 -0.00303800
v -0.01032135 -0.00672600 -0.00250145
v -0.01032639 -0.00672600 -0.00196340
v -0.01031429 -0.00699435 -0.00169587
v -0.01028707 -0.00753305 -0.00169587
v -0.01027094 -0.00780140 -0.00196340
v -0.01025682 -0.00806975 -0.00169587
v -0.01023767 -0.00833810 0.00152496
v -0.01023666 -0.00833810 0.00179249
v -0.01021246 -0.00860644 0.00206151
v -0.01002393 -0.01102158 0.00179249
v -0.01000175 -0.01129193 0.00179249
v -0.00999570 -0.01129193 0.00206151
v -0.00997049 -0.01156028 0.00206151
v -0.00985858 -0.01263367 0.00206151
v -0.00984850 -0.01263367 0.00233054
v -0.00982632 -0.01278187 0.00248896
v -0.00980717 -0.01288400 0.00258611
v -0.00978599 -0.01317037 0.00233054
v -0.00971441 -0.01370707 0.00233054
v -0.00960553 -0.01451211 0.00233054
v -0.00956419 -0.01469435 0.00253828
v -0.00958032 -0.01453214 0.00261600
v -0.00955411 -0.01463427 0.00271614
v -0.00956721 -0.01445604 0.00281329
v -0.00950672 -0.01477846 0.00286709
v -0.00946639 -0.01477846 0.00313612
v -0.00928895 -0.01518899 0.00354264
v -0.00941598 -0.01504681 0.00313612
v -0.00929601 -0.01549338 0.00330052
v -0.00930912 -0.01529312 0.00339617
v -0.00927080 -0.01536722 0.00347987
v -0.00913671 -0.01612220 0.00340365
v -0.00916696 -0.01558550 0.00367267
v -0.00910949 -0.01585385 0.00367267
v -0.00905303 -0.01611219 0.00367566
v -0.00900464 -0.01619429 0.00376683
v -0.00895221 -0.01611219 0.00392227
v -0.00900363 -0.01565560 0.00404333
v -0.00904396 -0.01531716 0.00412553
v -0.00906614 -0.01502878 0.00421521
v -0.00897540 -0.01531716 0.00426004
v -0.00873444 -0.01619229 0.00431385
v -0.00865984 -0.01611019 0.00445733
v -0.00871932 -0.01558550 0.00456793
v -0.00874150 -0.01541528 0.00459931
v -0.00856002 -0.01638454 0.00449021
v -0.00846425 -0.01647065 0.00458885
v -0.00834931 -0.01639656 0.00474877
v -0.00823538 -0.01632246 0.00490271
v -0.00839972 -0.01612220 0.00478763
v -0.00832310 -0.00778137 0.00667529
v -0.00812146 -0.01612220 0.00506562
v -0.00798737 -0.01612220 0.00518818
v -0.00782505 -0.01315435 0.00602515
v -0.00742681 -0.01470036 0.00596686
v -0.00727356 -0.01451211 0.00608642
v -0.00738951 -0.01352283 0.00621346
v -0.00742177 -0.01334259 0.00622990
v -0.00722214 -0.01370707 0.00626577
v -0.00750041 -0.01290202 0.00626876
v -0.00754275 -0.01236532 0.00634200
v -0.00754275 -0.01209698 0.00638833
v -0.00759820 -0.01156028 0.00645260
v -0.00779682 -0.00942351 0.00670667
v -0.00787747 -0.01477846 0.00563954
v -0.00795914 -0.01629643 0.00516277
v -0.00792183 -0.01558550 0.00539892
v -0.00780085 -0.01614423 0.00534063
v -0.00767382 -0.01624836 0.00541536
v -0.00774338 -0.01477846 0.00573221
v -0.00763349 -0.01424376 0.00592650
v -0.00725743 -0.01263768 0.00643616
v -0.00712435 -0.01272980 0.00648548
v -0.00702252 -0.01102559 0.00680382
v -0.00700538 -0.01075323 0.00685016
v -0.00683802 -0.01349679 0.00647950
v -0.00633594 -0.01465029 0.00649295
v -0.00619983 -0.01451211 0.00656469
v -0.00593165 -0.01477846 0.00661252
v -0.00593165 -0.01451211 0.00665287
v -0.00593165 -0.01424376 0.00669173
v -0.00565742 -0.01453013 0.00673208
v -0.00551930 -0.01463227 0.00675749
v -0.00297864 -0.01853734 0.00660654
v -0.00271046 -0.01880568 0.00658113
v -0.00324783 -0.01826899 0.00662597
v -0.00324783 -0.01800064 0.00667230
v -0.00308752 -0.01758210 0.00675749
v -0.00324783 -0.01773229 0.00671564
v -0.00289496 -0.02003929 0.00623140
v -0.00297864 -0.02041778 0.00608941
v -0.00298267 -0.02013741 0.00618507
v -0.00271046 -0.02068613 0.00602963
v -0.00271046 -0.02084834 0.00596686
v -0.00244228 -0.02089239 0.00598479
v -0.00217409 -0.02093044 0.00599824
v -0.00200774 -0.02108264 0.00595191
v -0.00298267 -0.01989510 0.00626428
v -0.00297864 -0.01961273 0.00634947
v -0.00279212 -0.01918418 0.00648548
v -0.00297864 -0.01934438 0.00642121
v -0.00270542 -0.01908605 0.00651836
v -0.00191297 -0.02120079 0.00590707
v -0.00217409 -0.02122282 0.00587419
v -0.00209646 -0.02164137 0.00569335
v -0.00190491 -0.02179156 0.00563356
v -0.00163672 -0.02202787 0.00552595
v -0.00190491 -0.02217606 0.00542582
v -0.00163672 -0.02219208 0.00543479
v -0.00136854 -0.02234027 0.00536155
v -0.00136854 -0.02254454 0.00522704
v -0.00136854 -0.02267871 0.00513437
v -0.00136854 -0.02283291 0.00501630
v -0.00008511 -0.02390831 -0.00330703
v -0.00012544 -0.02410256 -0.00330703
v -0.00012544 -0.02436090 -0.00276898
v -0.00012947 -0.02487957 -0.00089029
v -0.00109936 -0.02497770 -0.00008471
v -0.00083117 -0.02497770 -0.00035373
v -0.00056299 -0.02496368 -0.00062126
v -0.00029380 -0.02494566 -0.00062126
v -0.00083117 -0.02496368 -0.00062126
v -0.00109936 -0.02497169 0.00045035
v -0.00136854 -0.02495166 0.00071938
v -0.00083117 -0.02493564 0.00098840
v -0.00136854 -0.02492763 0.00098840
v -0.00136854 -0.02496969 0.00018282
v -0.00014459 -0.02486155 -0.00115931
v -0.00015568 -0.02485153 -0.00131624
v -0.00013753 -0.02460321 -0.00223242
v -0.00083117 -0.02400443 0.00374740
v -0.00083117 -0.02408854 0.00361289
v -0.00109936 -0.02420469 0.00340365
v -0.00109936 -0.02429281 0.00323327
v -0.00083117 -0.02435689 0.00309875
v -0.00083117 -0.02445902 0.00286709
v -0.00083117 -0.02454714 0.00264291
v -0.00056299 -0.02454514 0.00263992
v -0.00056299 -0.02459320 0.00250540
v -0.00083117 -0.02486555 0.00147863
v -0.00083117 -0.02489960 0.00125593
v -0.00083117 -0.02473338 0.00206151
v -0.00083117 -0.02479746 0.00179249
v -0.00083117 -0.02483752 0.00161164
v -0.00109936 -0.02479546 0.00179249
v -0.00083117 -0.02459520 0.00250839
v -0.00083117 -0.02465528 0.00233054
v -0.00109936 -0.02313130 0.00478165
v -0.00109936 -0.02327348 0.00464714
v -0.00109936 -0.02340766 0.00451113
v -0.00109936 -0.02353382 0.00437662
v -0.00083117 -0.02378014 0.00408368
v -0.00083117 -0.02387627 0.00394170
v -0.00217409 -0.01639055 -0.00688207
v -0.00776153 -0.00726470 -0.00697025
v -0.00782706 -0.00698834 -0.00698221
v -0.00792688 -0.00707446 -0.00692242
v -0.00795510 -0.00689422 -0.00693587
v -0.00762341 -0.00806975 -0.00690897
v -0.00768894 -0.00770327 -0.00693587
v -0.00811339 -0.00672600 -0.00687609
v -0.00819203 -0.00785747 -0.00665041
v -0.00826966 -0.00726470 -0.00669823
v -0.00836443 -0.00671399 -0.00672813
v -0.00863967 -0.00645766 -0.00658016
v -0.00832310 -0.00778137 -0.00657717
v -0.00848441 -0.00821193 -0.00639633
v -0.00850155 -0.00806975 -0.00640829
v -0.00878485 -0.00672600 -0.00642323
v -0.00908933 -0.00645766 -0.00619606
v -0.00900867 -0.00734681 -0.00611684
v -0.00902581 -0.00716858 -0.00613328
v -0.00906614 -0.00672600 -0.00617214
v -0.00880199 -0.00806975 -0.00616915
v -0.00922443 -0.00645766 -0.00605706
v -0.00924560 -0.00618931 -0.00607948
v -0.00926576 -0.00592096 -0.00610190
v -0.00324783 -0.01665890 -0.00678343
v -0.00351601 -0.01665890 -0.00675204
v -0.00378419 -0.01665890 -0.00671766
v -0.00404229 -0.01664688 -0.00668030
v -0.00421066 -0.01654875 -0.00666685
v -0.00440423 -0.01639055 -0.00665340
v -0.00217409 -0.01665890 -0.00685218
v -0.00158228 -0.01816085 -0.00666685
v -0.00244228 -0.01692725 -0.00680435
v -0.00258443 -0.01787247 -0.00666386
v -0.00469762 -0.01595398 -0.00665788
v -0.00528136 -0.01495068 -0.00666834
v -0.00541444 -0.01452813 -0.00669823
v -0.00475811 -0.01577575 -0.00666984
v -0.00551829 -0.01463026 -0.00665938
v -0.00556467 -0.01445003 -0.00667283
v -0.00561407 -0.01424376 -0.00668777
v -0.00566246 -0.01370707 -0.00674606
v -0.00673720 -0.01102158 -0.00680734
v -0.00672006 -0.01048488 -0.00689104
v -0.00635913 -0.01282592 -0.00667133
v -0.00687532 -0.00982603 -0.00693289
v -0.00696102 -0.00941149 -0.00696278
v -0.00720299 -0.00699435 -0.00721984
v -0.00716266 -0.00718460 -0.00720639
v -0.00752158 -0.00671599 -0.00715109
v -0.00727356 -0.00833810 -0.00700761
v -0.00737942 -0.00866853 -0.00692093
v -0.00744092 -0.00833810 -0.00694484
v -0.00934339 -0.00645766 -0.00592255
v -0.00979910 -0.00645766 -0.00527390
v -0.00961359 -0.00726470 -0.00540692
v -0.00959544 -0.00753305 -0.00538001
v -0.00978297 -0.00672600 -0.00524401
v -0.00932323 -0.00672600 -0.00589863
v -0.00930206 -0.00699435 -0.00587472
v -0.00947648 -0.00674403 -0.00570434
v -0.00955310 -0.00684616 -0.00558477
v -0.00957730 -0.00780140 -0.00535162
v -0.00985455 -0.00672600 -0.00510949
v -0.00994428 -0.00672600 -0.00491669
v -0.00999973 -0.00726470 -0.00464916
v -0.01005720 -0.00675004 -0.00463571
v -0.01010962 -0.00645766 -0.00456248
v -0.01010055 -0.00667594 -0.00453707
v -0.01016306 -0.00645766 -0.00438014
v -0.00014862 -0.02298311 -0.00479563
v -0.00014459 -0.02325546 -0.00453408
v -0.00011636 -0.02391031 -0.00357157
v -0.00011132 -0.02366399 -0.00386899
v -0.00013249 -0.02357788 -0.00411261
v -0.00015064 -0.02351580 -0.00425908
v -0.00013249 -0.02250649 -0.00509903
v -0.00029380 -0.02268873 -0.00504074
v -0.00029380 -0.02255455 -0.00513341
v -0.00029380 -0.02235830 -0.00526792
v -0.00029380 -0.02222412 -0.00535610
v -0.00029380 -0.02171346 -0.00563110
v -0.00029380 -0.02115473 -0.00588369
v -0.00029380 -0.02053393 -0.00611385
v -0.00056299 -0.02040777 -0.00616766
v -0.00056299 -0.02014943 -0.00624986
v -0.00056299 -0.01988108 -0.00632608
v -0.00056299 -0.02068613 -0.00607051
v -0.00056299 -0.02054194 -0.00612282
v -0.00056299 -0.01907403 -0.00651889
v -0.00109936 -0.01907403 -0.00651440
v -0.00109936 -0.01880568 -0.00656821
v -0.00056299 -0.01968082 -0.00637839
v -0.00056299 -0.01934438 -0.00645761
v -0.00109936 -0.01853734 -0.00661902
v -0.00136854 -0.01853734 -0.00661304
v -0.00136854 -0.01832106 -0.00665041
v -0.00136854 -0.02298711 0.00489674
v -0.00136854 -0.02312129 0.00477567
v -0.00512711 -0.01585385 0.00667230
v -0.00510291 -0.01556147 0.00672162
v -0.00485893 -0.01639055 0.00665436
v -0.00456353 -0.01636452 0.00672312
v -0.00439011 -0.01643661 0.00674703
v -0.00430845 -0.01664688 0.00672909
v -0.00432156 -0.01692725 0.00667828
v -0.00405338 -0.01746394 0.00663643
v -0.00405338 -0.01719559 0.00668276
v -0.00404430 -0.01691924 0.00673208
v -0.00378419 -0.01746394 0.00668426
v -0.00351601 -0.01800064 0.00663493
v -0.00351601 -0.01773229 0.00667977
v -0.00349383 -0.01744191 0.00673059
v -0.00349383 -0.01718158 0.00677244
v -0.00324783 -0.01752402 0.00674852
v -0.01032437 -0.00672600 -0.00223242
v -0.01020540 -0.00672600 -0.00411261
v -0.01021145 -0.00726470 -0.00384358
v -0.01023263 -0.00699435 -0.00384358
v -0.01020843 -0.00780140 -0.00357456
v -0.01023061 -0.00780140 -0.00330703
v -0.01027799 -0.00726470 -0.00303800
v -0.01024372 -0.00780140 -0.00303800
v -0.01029413 -0.00699435 -0.00303800
v -0.01028606 -0.00726470 -0.00276898
v -0.01030118 -0.00699435 -0.00276898
v -0.01029211 -0.00726470 -0.00250145
v -0.01028203 -0.00753305 -0.00223242
v -0.01029614 -0.00726470 -0.00223242
v -0.01029917 -0.00726470 -0.00196340
v -0.01026287 -0.00780140 -0.00250145
v -0.01025481 -0.00806975 -0.00196340
v -0.01023767 -0.00833810 -0.00169587
v -0.01015197 -0.00941149 0.00179249
v -0.01017415 -0.00914314 -0.00169587
v -0.01009652 -0.01012241 -0.00169587
v -0.01004611 -0.01075323 0.00152496
v -0.01008543 -0.01025058 0.00179249
v -0.01000276 -0.01129193 0.00152496
v -0.00997654 -0.01156028 0.00179249
v -0.00989387 -0.01236532 0.00179249
v -0.00982330 -0.01302418 0.00186124
v -0.00982027 -0.01299414 0.00206151
v -0.00982935 -0.01281190 0.00233054
v -0.00981422 -0.01294608 0.00233054
v -0.00979708 -0.01317037 0.00206151
v -0.00965493 -0.01424376 0.00206151
v -0.00961863 -0.01451211 0.00206151
v -0.00957125 -0.01473640 0.00233054
v -0.00951680 -0.01504681 0.00233054
v -0.00937465 -0.01585385 0.00233054
v -0.00928996 -0.01626639 0.00248000
v -0.00940792 -0.01531716 0.00286709
v -0.00935751 -0.01558550 0.00286709
v -0.00929298 -0.01601406 0.00276546
v -0.00927786 -0.01593796 0.00294332
v -0.00929500 -0.01575973 0.00304345
v -0.00936356 -0.01531716 0.00313612
v -0.00927786 -0.01567162 0.00322131
v -0.00920527 -0.01612220 0.00313612
v -0.00925064 -0.01558350 0.00339617
v -0.00914780 -0.01639055 0.00313612
v -0.00906816 -0.01640257 0.00342009
v -0.00903489 -0.01632246 0.00358748
v -0.00887055 -0.01639055 0.00394170
v -0.00901371 -0.01650069 0.00352023
v -0.00898347 -0.01640257 0.00367566
v -0.00876066 -0.01736582 0.00356207
v -0.00874654 -0.01704941 0.00379822
v -0.00887055 -0.01585385 0.00420923
v -0.00877679 -0.01639055 0.00412703
v -0.00870520 -0.01639055 0.00426154
v -0.00849852 -0.01684514 0.00436765
v -0.00852877 -0.01665890 0.00441100
v -0.00829688 -0.01665890 0.00470692
v -0.00820111 -0.01783042 0.00432730
v -0.00822127 -0.01708345 0.00462024
v -0.00824849 -0.01692725 0.00465312
v -0.00820514 -0.01650069 0.00487282
v -0.00739253 -0.01487658 0.00594593
v -0.00698824 -0.01612020 0.00588914
v -0.00685113 -0.01620831 0.00594444
v -0.00716871 -0.01531716 0.00596985
v -0.00729171 -0.01478446 0.00602066
v -0.00699732 -0.01479848 0.00617311
v -0.00690255 -0.01472238 0.00623887
v -0.00752662 -0.01478446 0.00587868
v -0.00739757 -0.01595999 0.00567990
v -0.00718383 -0.01639055 0.00571427
v -0.00707696 -0.01451211 0.00618955
v -0.00711427 -0.01430785 0.00621047
v -0.00714653 -0.01412961 0.00622691
v -0.00727356 -0.01317037 0.00633452
v -0.00694287 -0.01451211 0.00625979
v -0.00700538 -0.01397541 0.00632406
v -0.00767281 -0.01517297 0.00568438
v -0.00764760 -0.01531716 0.00566645
v -0.00792788 -0.01647466 0.00513288
v -0.00782706 -0.01638855 0.00524647
v -0.00764559 -0.01639055 0.00539593
v -0.00751150 -0.01639055 0.00549008
v -0.00736833 -0.01612220 0.00565897
v -0.00756796 -0.01614423 0.00551549
v -0.00673720 -0.01451211 0.00635246
v -0.00673720 -0.01424376 0.00639730
v -0.00644281 -0.01475643 0.00643018
v -0.00617765 -0.01529913 0.00643466
v -0.00607280 -0.01519700 0.00649444
v -0.00620185 -0.01475643 0.00652434
v -0.00566246 -0.01477846 0.00669322
v -0.00610809 -0.01504681 0.00650790
v -0.00593165 -0.01504681 0.00656768
v -0.00566246 -0.01531716 0.00660654
v -0.00539428 -0.01558550 0.00664241
v -0.00539428 -0.01531716 0.00668426
v -0.00324783 -0.01853734 0.00657216
v -0.00297864 -0.01880568 0.00655124
v -0.00351601 -0.01826899 0.00658711
v -0.00324783 -0.02014943 0.00613574
v -0.00324783 -0.02041778 0.00604009
v -0.00324783 -0.02059601 0.00597283
v -0.00295746 -0.02069013 0.00598928
v -0.00285362 -0.02082431 0.00595639
v -0.00307442 -0.01999523 0.00621645
v -0.00271046 -0.02098251 0.00591006
v -0.00244228 -0.02102657 0.00592800
v -0.00217409 -0.02106462 0.00594444
v -0.00324783 -0.01981499 0.00624634
v -0.00324783 -0.01961273 0.00630613
v -0.00324783 -0.01934438 0.00638086
v -0.00297864 -0.01900394 0.00650640
v -0.00297864 -0.01913812 0.00647352
v -0.00314398 -0.01896189 0.00649594
v -0.00244228 -0.02122282 0.00583982
v -0.00218115 -0.02151320 0.00574267
v -0.00218115 -0.02174150 0.00562908
v -0.00205311 -0.02216605 0.00541984
v -0.00227592 -0.02161733 0.00568139
v -0.00190491 -0.02202787 0.00550653
v -0.00190491 -0.02231023 0.00534063
v -0.00163672 -0.02232625 0.00535109
v -0.00163672 -0.02253453 0.00521807
v -0.00163672 -0.02266870 0.00512690
v -0.00163672 -0.02283291 0.00499986
v -0.00014056 -0.02406451 -0.00347890
v -0.00014056 -0.02433086 -0.00295431
v -0.00136854 -0.02496969 -0.00008471
v -0.00136854 -0.02496368 -0.00035373
v -0.00136854 -0.02495166 -0.00062126
v -0.00056299 -0.02493564 -0.00089029
v -0.00029380 -0.02492162 -0.00089029
v -0.00136854 -0.02492763 -0.00089029
v -0.00083117 -0.02493564 -0.00089029
v -0.00136854 -0.02496368 0.00045035
v -0.00163672 -0.02494165 0.00071938
v -0.00109936 -0.02489759 0.00125593
v -0.00136854 -0.02489159 0.00125593
v -0.00163672 -0.02491762 0.00098840
v -0.00163672 -0.02496168 0.00018282
v -0.00029380 -0.02488558 -0.00115931
v -0.00029380 -0.02485754 -0.00135361
v -0.00029380 -0.02482550 -0.00148812
v -0.00029380 -0.02470935 -0.00196340
v -0.00015568 -0.02458318 -0.00237740
v -0.00109936 -0.02400443 0.00374591
v -0.00109936 -0.02408654 0.00361139
v -0.00136854 -0.02419869 0.00340365
v -0.00136854 -0.02429081 0.00322878
v -0.00109936 -0.02435489 0.00309875
v -0.00109936 -0.02445902 0.00286709
v -0.00109936 -0.02454714 0.00264291
v -0.00109936 -0.02486355 0.00146667
v -0.00136854 -0.02479145 0.00179249
v -0.00109936 -0.02473138 0.00206151
v -0.00109936 -0.02459320 0.00250839
v -0.00109936 -0.02465328 0.00233054
v -0.00136854 -0.02326748 0.00464116
v -0.00136854 -0.02340165 0.00450665
v -0.00136854 -0.02352982 0.00437214
v -0.00109936 -0.02366800 0.00421371
v -0.00109936 -0.02377614 0.00407920
v -0.00109936 -0.02387226 0.00394170
v -0.00785126 -0.00753305 -0.00688655
v -0.00777262 -0.00887479 -0.00671169
v -0.00796115 -0.00852634 -0.00667133
v -0.00802770 -0.00806975 -0.00670870
v -0.00740160 -0.01033469 -0.00665938
v -0.00743084 -0.01015445 -0.00667432
v -0.00816179 -0.00806975 -0.00663247
v -0.00793494 -0.01031666 -0.00638886
v -0.00796015 -0.01013843 -0.00640380
v -0.00821119 -0.00927131 -0.00639334
v -0.00826361 -0.00887479 -0.00642772
v -0.00829789 -0.00860644 -0.00645163
v -0.00872638 -0.00726470 -0.00637541
v -0.00804080 -0.01102158 -0.00619307
v -0.00817590 -0.01102158 -0.00609891
v -0.00831503 -0.00994819 -0.00619755
v -0.00848239 -0.01115776 -0.00585678
v -0.00849449 -0.00959573 -0.00613478
v -0.00854793 -0.00914314 -0.00617663
v -0.00863564 -0.00806975 -0.00630367
v -0.00899052 -0.00753305 -0.00609891
v -0.00907421 -0.00806975 -0.00591358
v -0.00909941 -0.00780140 -0.00593899
v -0.00920124 -0.00672600 -0.00603315
v -0.00877275 -0.00833810 -0.00614524
v -0.00893608 -0.00806975 -0.00604809
v -0.00298469 -0.01772628 -0.00664592
v -0.00307845 -0.01757609 -0.00665938
v -0.00324783 -0.01800064 -0.00657418
v -0.00384468 -0.01700334 -0.00665340
v -0.00394550 -0.01682311 -0.00666834
v -0.00405338 -0.01773229 -0.00648899
v -0.00430845 -0.01664688 -0.00663098
v -0.00458974 -0.01665890 -0.00657269
v -0.00458974 -0.01639055 -0.00661603
v -0.00244228 -0.01802667 -0.00664742
v -0.00244228 -0.01746394 -0.00672813
v -0.00165790 -0.01825697 -0.00664891
v -0.00297864 -0.01800064 -0.00660408
v -0.00244228 -0.01826899 -0.00660856
v -0.00271046 -0.01826899 -0.00658913
v -0.00485893 -0.01639055 -0.00655625
v -0.00485893 -0.01612220 -0.00659660
v -0.00593165 -0.01451211 -0.00655475
v -0.00565742 -0.01452813 -0.00663397
v -0.00512711 -0.01612220 -0.00653234
v -0.00541949 -0.01614423 -0.00644416
v -0.00593165 -0.01424376 -0.00659361
v -0.00683903 -0.01182863 -0.00665190
v -0.00690658 -0.01150821 -0.00667582
v -0.00700538 -0.01075323 -0.00675204
v -0.00619983 -0.01424376 -0.00650842
v -0.00646801 -0.01317037 -0.00658016
v -0.00653355 -0.01263367 -0.00663845
v -0.00716468 -0.00907105 -0.00694036
v -0.00728364 -0.00859042 -0.00696726
v -0.00733809 -0.00887479 -0.00690598
v -0.00715762 -0.01093947 -0.00666984
v -0.00981926 -0.00735081 -0.00504074
v -0.00967812 -0.00780140 -0.00518572
v -0.00971340 -0.00753305 -0.00518572
v -0.00975978 -0.00726270 -0.00516479
v -0.00927484 -0.00732478 -0.00584333
v -0.00928996 -0.00714655 -0.00585977
v -0.00934743 -0.00780140 -0.00566249
v -0.00936961 -0.00724668 -0.00574170
v -0.00952285 -0.00726470 -0.00554143
v -0.00956419 -0.00798564 -0.00533219
v -0.00987673 -0.00726270 -0.00493762
v -0.00985758 -0.00780140 -0.00485093
v -0.00994529 -0.00780140 -0.00464916
v -0.01009249 -0.00685417 -0.00451316
v -0.01013181 -0.00675004 -0.00440555
v -0.01016104 -0.00726470 -0.00411261
v -0.01010055 -0.00753305 -0.00427103
v -0.00029380 -0.02327348 -0.00455201
v -0.00029380 -0.02313130 -0.00468653
v -0.00029380 -0.02299713 -0.00480908
v -0.00013249 -0.02382220 -0.00379576
v -0.00029380 -0.02352781 -0.00427253
v -0.00029380 -0.02340766 -0.00440704
v -0.00017282 -0.02377013 -0.00397511
v -0.00056299 -0.02269874 -0.00505121
v -0.00056299 -0.02256456 -0.00514536
v -0.00056299 -0.02236430 -0.00527838
v -0.00056299 -0.02223013 -0.00536058
v -0.00056299 -0.02202787 -0.00547417
v -0.00056299 -0.02185364 -0.00556833
v -0.00056299 -0.02171947 -0.00563559
v -0.00056299 -0.02149117 -0.00574469
v -0.00056299 -0.02129692 -0.00583138
v -0.00056299 -0.02116274 -0.00588817
v -0.00056299 -0.02095447 -0.00597037
v -0.00083117 -0.02040376 -0.00616616
v -0.00109936 -0.02014943 -0.00624089
v -0.00109936 -0.01988108 -0.00632011
v -0.00083117 -0.01967682 -0.00637690
v -0.00083117 -0.02068613 -0.00606752
v -0.00083117 -0.02053793 -0.00612133
v -0.00109936 -0.01934438 -0.00645462
v -0.00136854 -0.01907403 -0.00650693
v -0.00136854 -0.01880568 -0.00656073
v -0.00083117 -0.01954264 -0.00640978
v -0.00163672 -0.01853734 -0.00660109
v -0.00178493 -0.02297109 0.00488328
v -0.00163672 -0.02311127 0.00476820
v -0.00512711 -0.01612220 0.00663045
v -0.00512711 -0.01639055 0.00658561
v -0.00485893 -0.01665890 0.00660504
v -0.00458974 -0.01665890 0.00666931
v -0.00432156 -0.01746394 0.00658262
v -0.00405338 -0.01773229 0.00658860
v -0.00378419 -0.01800064 0.00659159
v -0.01016911 -0.00780140 -0.00384358
v -0.01018625 -0.00806975 -0.00357456
v -0.01020843 -0.00806975 -0.00330703
v -0.01022254 -0.00806975 -0.00303800
v -0.01025481 -0.00780140 -0.00276898
v -0.01027094 -0.00753305 -0.00276898
v -0.01023565 -0.00806975 -0.00276898
v -0.01024573 -0.00806975 -0.00250145
v -0.01025077 -0.00806975 -0.00223242
v -0.01023464 -0.00833810 -0.00196340
v -0.01012878 -0.00967984 -0.00196340
v -0.01004611 -0.01075323 -0.00169587
v -0.01000276 -0.01129193 -0.00142684
v -0.00997755 -0.01156028 0.00152496
v -0.00986867 -0.01263367 0.00152496
v -0.00982531 -0.01304020 0.00168338
v -0.00973558 -0.01370707 0.00179249
v -0.00962972 -0.01451211 0.00179249
v -0.00958839 -0.01477846 0.00179249
v -0.00957427 -0.01479648 0.00204956
v -0.00955310 -0.01489661 0.00213026
v -0.00940288 -0.01585385 0.00179249
v -0.00934138 -0.01612220 0.00206151
v -0.00932625 -0.01612220 0.00233054
v -0.00929500 -0.01628842 0.00233054
v -0.00901875 -0.01759611 0.00191654
v -0.00901371 -0.01757409 0.00206151
v -0.00897641 -0.01773229 0.00206151
v -0.00903388 -0.01739185 0.00233054
v -0.00895221 -0.01773229 0.00233054
v -0.00902380 -0.01735180 0.00249345
v -0.00924963 -0.01637052 0.00258163
v -0.00919922 -0.01639055 0.00286709
v -0.00927584 -0.01619429 0.00265935
v -0.00925871 -0.01611019 0.00285962
v -0.00925971 -0.01585185 0.00313313
v -0.00931214 -0.01558350 0.00313313
v -0.00913571 -0.01665890 0.00286709
v -0.00901775 -0.01705541 0.00299114
v -0.00904093 -0.01687718 0.00308829
v -0.00907118 -0.01668493 0.00316153
v -0.00901875 -0.01679107 0.00326764
v -0.00904093 -0.01661084 0.00334088
v -0.00879695 -0.01664087 0.00394170
v -0.00877376 -0.01686917 0.00385202
v -0.00893608 -0.01692725 0.00340365
v -0.00873545 -0.01754405 0.00349332
v -0.00860438 -0.01773229 0.00367267
v -0.00851062 -0.01773229 0.00386248
v -0.00872839 -0.01671898 0.00403137
v -0.00846727 -0.01755206 0.00404781
v -0.00852171 -0.01719559 0.00414496
v -0.00846929 -0.01702337 0.00432431
v -0.00794603 -0.01787047 0.00461276
v -0.00826261 -0.01800064 0.00414795
v -0.00823034 -0.01817687 0.00410012
v -0.00816783 -0.01800064 0.00428246
v -0.00797729 -0.01826899 0.00438260
v -0.00801661 -0.01797661 0.00448124
v -0.00811944 -0.01773630 0.00446480
v -0.00789260 -0.01665890 0.00510149
v -0.00780186 -0.01775031 0.00479211
v -0.00798737 -0.01692725 0.00491915
v -0.00700538 -0.01639055 0.00581590
v -0.00681080 -0.01639055 0.00592202
v -0.00663235 -0.01658280 0.00597134
v -0.00667671 -0.01639055 0.00599376
v -0.00675132 -0.01612020 0.00601618
v -0.00692372 -0.01585385 0.00598330
v -0.00686524 -0.01490062 0.00622094
v -0.00700538 -0.01531716 0.00605653
v -0.00676039 -0.01479848 0.00628819
v -0.00731792 -0.01639055 0.00562310
v -0.00715157 -0.01655076 0.00569335
v -0.00775750 -0.01665890 0.00521957
v -0.00745403 -0.01665890 0.00544973
v -0.00767785 -0.01706543 0.00515081
v -0.00742479 -0.01764017 0.00516277
v -0.00741874 -0.01681710 0.00542582
v -0.00725441 -0.01664688 0.00559321
v -0.00646801 -0.01531716 0.00631360
v -0.00619983 -0.01558550 0.00637189
v -0.00593165 -0.01612220 0.00637338
v -0.00590645 -0.01582982 0.00643616
v -0.00579958 -0.01572368 0.00649295
v -0.00593468 -0.01529913 0.00652284
v -0.00566246 -0.01582982 0.00651985
v -0.00566246 -0.01558550 0.00656170
v -0.00539428 -0.01585385 0.00659907
v -0.00352710 -0.01855336 0.00652583
v -0.00323875 -0.01880769 0.00651537
v -0.00380738 -0.01829302 0.00653181
v -0.00373277 -0.01847325 0.00650790
v -0.00351097 -0.01986706 0.00617909
v -0.00351601 -0.02014943 0.00608044
v -0.00341821 -0.01976693 0.00622990
v -0.00349685 -0.02041577 0.00598928
v -0.00339502 -0.02055996 0.00595789
v -0.00324783 -0.02073018 0.00591903
v -0.00303207 -0.02078225 0.00593995
v -0.00295746 -0.02093044 0.00589213
v -0.00298569 -0.02124285 0.00574566
v -0.00271046 -0.02122282 0.00579946
v -0.00351097 -0.01961874 0.00625681
v -0.00351601 -0.01934438 0.00633303
v -0.00323875 -0.01906001 0.00645558
v -0.00351601 -0.01907403 0.00640477
v -0.00332344 -0.01889780 0.00648249
v -0.00244228 -0.02145512 0.00573221
v -0.00215494 -0.02204189 0.00547215
v -0.00244228 -0.02197580 0.00546318
v -0.00223156 -0.02214202 0.00540489
v -0.00278506 -0.02241637 0.00514035
v -0.00215494 -0.02227218 0.00533465
v -0.00217409 -0.02249047 0.00518818
v -0.00190491 -0.02251650 0.00520611
v -0.00244228 -0.02175952 0.00557976
v -0.00271046 -0.02154324 0.00564702
v -0.00297965 -0.02177955 0.00548112
v -0.00190491 -0.02265068 0.00511494
v -0.00029380 -0.02435088 -0.00299167
v -0.00029380 -0.02408253 -0.00350730
v -0.00163672 -0.02496168 -0.00008471
v -0.00163672 -0.02495367 -0.00035373
v -0.00163672 -0.02494165 -0.00062126
v -0.00083117 -0.02489960 -0.00115931
v -0.00056299 -0.02489759 -0.00115931
v -0.00163672 -0.02491762 -0.00089029
v -0.00136854 -0.02489159 -0.00115931
v -0.00109936 -0.02489759 -0.00115931
v -0.00163672 -0.02495367 0.00045035
v -0.00190491 -0.02490160 0.00098840
v -0.00217409 -0.02488357 0.00098840
v -0.00217409 -0.02490560 0.00071938
v -0.00190491 -0.02493965 0.00045035
v -0.00136854 -0.02485954 0.00144873
v -0.00163672 -0.02485354 0.00142781
v -0.00183736 -0.02484953 0.00140689
v -0.00163672 -0.02488157 0.00125593
v -0.00191801 -0.02486555 0.00127835
v -0.00217409 -0.02485954 0.00121110
v -0.00190491 -0.02494566 0.00018282
v -0.00056299 -0.02486355 -0.00137902
v -0.00056299 -0.02483952 -0.00151353
v -0.00056299 -0.02479746 -0.00169587
v -0.00056299 -0.02473138 -0.00196340
v -0.00029380 -0.02464126 -0.00223242
v -0.00029380 -0.02458919 -0.00239683
v -0.00136854 -0.02400243 0.00373993
v -0.00136854 -0.02408253 0.00360691
v -0.00163672 -0.02418867 0.00340365
v -0.00163672 -0.02428680 0.00322131
v -0.00136854 -0.02435289 0.00309427
v -0.00136854 -0.02445302 0.00286709
v -0.00136854 -0.02454514 0.00263543
v -0.00136854 -0.02459119 0.00250241
v -0.00136854 -0.02483351 0.00158325
v -0.00136854 -0.02472537 0.00206151
v -0.00163672 -0.02478144 0.00179249
v -0.00163672 -0.02482950 0.00156232
v -0.00136854 -0.02464527 0.00233054
v -0.00163672 -0.02458719 0.00249046
v -0.00163672 -0.02325746 0.00463369
v -0.00163672 -0.02352381 0.00436466
v -0.00142299 -0.02377013 0.00407173
v -0.00124454 -0.02377413 0.00407621
v -0.00134737 -0.02384823 0.00396561
v -0.00766878 -0.00952163 -0.00665938
v -0.00790671 -0.00887479 -0.00664294
v -0.00712334 -0.01111770 -0.00665639
v -0.00725743 -0.01102559 -0.00661155
v -0.00727356 -0.01129193 -0.00656073
v -0.00727356 -0.01156028 -0.00651590
v -0.00746411 -0.01156028 -0.00642323
v -0.00750948 -0.01129193 -0.00644565
v -0.00756493 -0.01103760 -0.00646060
v -0.00754275 -0.01048488 -0.00656372
v -0.00794906 -0.01170647 -0.00612880
v -0.00800551 -0.01129193 -0.00616766
v -0.00786437 -0.00914314 -0.00662052
v -0.00769902 -0.01095750 -0.00640530
v -0.00766374 -0.01273180 -0.00611983
v -0.00769197 -0.01255357 -0.00613478
v -0.00813961 -0.01129193 -0.00607350
v -0.00852171 -0.01209698 -0.00562512
v -0.00858624 -0.01156028 -0.00568192
v -0.00876166 -0.01120982 -0.00559972
v -0.00863161 -0.01102158 -0.00575216
v -0.00849752 -0.01102158 -0.00587024
v -0.00829386 -0.01156028 -0.00591358
v -0.00818497 -0.01236532 -0.00583736
v -0.00814767 -0.01263367 -0.00581195
v -0.00828882 -0.01290202 -0.00565053
v -0.00847634 -0.01247547 -0.00558328
v -0.00871327 -0.00887479 -0.00609442
v -0.00875561 -0.00849630 -0.00613029
v -0.00904799 -0.00833810 -0.00588668
v -0.00902581 -0.01119380 -0.00532770
v -0.00920830 -0.00806975 -0.00576860
v -0.00923350 -0.00780140 -0.00579551
v -0.00351601 -0.01800064 -0.00653533
v -0.00297864 -0.01826899 -0.00656073
v -0.00324783 -0.01826899 -0.00652785
v -0.00378419 -0.01773229 -0.00653831
v -0.00378419 -0.01800064 -0.00649198
v -0.00407455 -0.01802067 -0.00643369
v -0.00443347 -0.01784043 -0.00638886
v -0.00485893 -0.01665890 -0.00650842
v -0.00190491 -0.01826899 -0.00663546
v -0.00217409 -0.01826899 -0.00662201
v -0.00244228 -0.01853734 -0.00656073
v -0.00271046 -0.01853734 -0.00653682
v -0.00512711 -0.01639055 -0.00648750
v -0.00593165 -0.01477846 -0.00651141
v -0.00619983 -0.01451211 -0.00646657
v -0.00535194 -0.01639055 -0.00642323
v -0.00552535 -0.01624836 -0.00639334
v -0.00708705 -0.01129193 -0.00664294
v -0.00646801 -0.01370707 -0.00649647
v -0.00673720 -0.01290202 -0.00652187
v -0.00980817 -0.00753305 -0.00501832
v -0.00984144 -0.00806975 -0.00481805
v -0.00979103 -0.00780140 -0.00498544
v -0.00961964 -0.00833810 -0.00515433
v -0.00977289 -0.00806975 -0.00495256
v -0.00932525 -0.00806975 -0.00563409
v -0.00948152 -0.00780140 -0.00548613
v -0.00928996 -0.01090543 -0.00505569
v -0.00927584 -0.01108566 -0.00503476
v -0.00955007 -0.00816387 -0.00531126
v -0.00935247 -0.01100556 -0.00493463
v -0.00956520 -0.00906905 -0.00506615
v -0.00983035 -0.00824798 -0.00479563
v -0.00991403 -0.00806975 -0.00464916
v -0.01001284 -0.00806975 -0.00438014
v -0.01005115 -0.00777937 -0.00435622
v -0.01009349 -0.00767724 -0.00425011
v -0.01013785 -0.00753305 -0.00411261
v -0.00056299 -0.02327949 -0.00455799
v -0.00056299 -0.02341367 -0.00441601
v -0.00056299 -0.02313731 -0.00469251
v -0.00056299 -0.02300313 -0.00481357
v -0.00056299 -0.02283291 -0.00494658
v -0.00027465 -0.02368402 -0.00409019
v -0.00056299 -0.02353583 -0.00428150
v -0.00035127 -0.02377814 -0.00398557
v -0.00083117 -0.02269674 -0.00504971
v -0.00083117 -0.02300313 -0.00481207
v -0.00083117 -0.02256256 -0.00514237
v -0.00083117 -0.02236030 -0.00527689
v -0.00083117 -0.02222612 -0.00535909
v -0.00083117 -0.02202787 -0.00547118
v -0.00083117 -0.02184964 -0.00556684
v -0.00083117 -0.02171546 -0.00563409
v -0.00083117 -0.02149117 -0.00574021
v -0.00083117 -0.02129091 -0.00582988
v -0.00083117 -0.02115674 -0.00588668
v -0.00083117 -0.02095447 -0.00596738
v -0.00109936 -0.02039575 -0.00616317
v -0.00136854 -0.02014943 -0.00623043
v -0.00136854 -0.01988108 -0.00630964
v -0.00136854 -0.01965278 -0.00637242
v -0.00109936 -0.01967081 -0.00637541
v -0.00109936 -0.02068613 -0.00606304
v -0.00109936 -0.02052992 -0.00611834
v -0.00136854 -0.01934438 -0.00644715
v -0.00109936 -0.01953663 -0.00640829
v -0.00190491 -0.01907403 -0.00648003
v -0.00217409 -0.01880568 -0.00652187
v -0.00163672 -0.01880568 -0.00654878
v -0.00217409 -0.01853734 -0.00657418
v -0.00188676 -0.02285294 0.00496250
v -0.00217409 -0.02293705 0.00485489
v -0.00244228 -0.02307322 0.00470095
v -0.00244228 -0.02320740 0.00458586
v -0.00217409 -0.02322742 0.00460380
v -0.00185853 -0.02324745 0.00462323
v -0.00535093 -0.01639055 0.00652135
v -0.00529548 -0.01658080 0.00650341
v -0.00513820 -0.01666491 0.00653031
v -0.00443548 -0.01784243 0.00648697
v -0.00458974 -0.01692725 0.00661999
v -0.00433567 -0.01774431 0.00652733
v -0.00418041 -0.01812680 0.00648996
v -0.00407556 -0.01802267 0.00653181
v -0.00400095 -0.01821892 0.00650939
v -0.01014592 -0.00806975 -0.00384358
v -0.01009753 -0.00878067 -0.00372850
v -0.01016104 -0.00833810 -0.00357456
v -0.01009954 -0.00907505 -0.00349086
v -0.00995739 -0.01129193 -0.00276898
v -0.00997755 -0.01129193 -0.00250145
v -0.01002393 -0.01075323 -0.00250145
v -0.01022456 -0.00833810 -0.00250145
v -0.01011366 -0.00967984 -0.00250145
v -0.01023061 -0.00833810 -0.00223242
v -0.01018826 -0.00887479 -0.00223242
v -0.01009349 -0.01008637 -0.00210837
v -0.01009450 -0.01010439 -0.00196340
v -0.01004208 -0.01075323 -0.00196340
v -0.01000175 -0.01129193 -0.00169587
v -0.00997755 -0.01156028 -0.00142684
v -0.00986867 -0.01263367 -0.00142684
v -0.00982531 -0.01304020 -0.00158676
v -0.00973861 -0.01370707 -0.00142684
v -0.00970332 -0.01397541 0.00152496
v -0.00963275 -0.01451211 0.00152496
v -0.00959242 -0.01477846 0.00152496
v -0.00955713 -0.01492064 0.00195241
v -0.00956318 -0.01495268 0.00152496
v -0.00945530 -0.01558550 0.00152496
v -0.00949563 -0.01531716 0.00179249
v -0.00936255 -0.01612220 0.00152496
v -0.00935549 -0.01612220 0.00179249
v -0.00930307 -0.01632246 0.00206151
v -0.00902480 -0.01762015 0.00173868
v -0.00899557 -0.01771827 0.00181341
v -0.00892096 -0.01800064 0.00179249
v -0.00890382 -0.01800064 0.00206151
v -0.00887861 -0.01800064 0.00233054
v -0.00891289 -0.01773229 0.00259807
v -0.00886551 -0.01773229 0.00286709
v -0.00876872 -0.01792855 0.00305989
v -0.00879594 -0.01773830 0.00314359
v -0.00874049 -0.01783042 0.00323924
v -0.00876570 -0.01765219 0.00331397
v -0.00871125 -0.01773830 0.00340365
v -0.00863161 -0.01800064 0.00340365
v -0.00850155 -0.01818888 0.00357702
v -0.00852675 -0.01798462 0.00366968
v -0.00848743 -0.01788249 0.00381765
v -0.00844005 -0.01773229 0.00399550
v -0.00790671 -0.01804870 0.00457241
v -0.00781497 -0.01797661 0.00469347
v -0.00767079 -0.01785245 0.00487581
v -0.00839770 -0.01798462 0.00392077
v -0.00827874 -0.01826899 0.00394618
v -0.00819304 -0.01835710 0.00404034
v -0.00792284 -0.01942449 0.00376833
v -0.00793797 -0.01892584 0.00406575
v -0.00811944 -0.01826899 0.00419727
v -0.00794704 -0.01840717 0.00434523
v -0.00768592 -0.01895988 0.00435420
v -0.00646801 -0.01639055 0.00609390
v -0.00701244 -0.01664688 0.00574416
v -0.00673720 -0.01692725 0.00581889
v -0.00665554 -0.01746394 0.00571577
v -0.00647608 -0.01772028 0.00574267
v -0.00638534 -0.01800064 0.00571427
v -0.00631174 -0.01728972 0.00594444
v -0.00636013 -0.01711149 0.00596686
v -0.00640853 -0.01692725 0.00599077
v -0.00648515 -0.01666691 0.00601917
v -0.00651741 -0.01585385 0.00618656
v -0.00673720 -0.01585385 0.00608044
v -0.00660815 -0.01546335 0.00622542
v -0.00663941 -0.01531716 0.00624037
v -0.00669788 -0.01504681 0.00626727
v -0.00712032 -0.01755406 0.00540489
v -0.00690154 -0.01793055 0.00543777
v -0.00671805 -0.01772028 0.00560816
v -0.00683903 -0.01726769 0.00566794
v -0.00688440 -0.01708745 0.00569335
v -0.00754779 -0.01774631 0.00502079
v -0.00738648 -0.01781840 0.00513288
v -0.00728768 -0.01773029 0.00523152
v -0.00737942 -0.01699734 0.00539742
v -0.00728364 -0.01691523 0.00549008
v -0.00647406 -0.01556548 0.00626278
v -0.00619983 -0.01585385 0.00631958
v -0.00593165 -0.01639055 0.00632107
v -0.00566246 -0.01639055 0.00641673
v -0.00566246 -0.01614423 0.00646306
v -0.00552535 -0.01625037 0.00648996
v -0.00541949 -0.01614423 0.00654227
v -0.00362388 -0.01865349 0.00648697
v -0.00352710 -0.01880769 0.00646904
v -0.00391223 -0.01839715 0.00648996
v -0.00380738 -0.01855336 0.00647501
v -0.00359767 -0.01971086 0.00621346
v -0.00378419 -0.01988108 0.00611183
v -0.00371563 -0.02032566 0.00597134
v -0.00349685 -0.02066410 0.00589063
v -0.00324783 -0.02095447 0.00582487
v -0.00324783 -0.02117476 0.00572623
v -0.00307946 -0.02134498 0.00568139
v -0.00378419 -0.01907403 0.00635246
v -0.00379830 -0.01936040 0.00627026
v -0.00371765 -0.01953263 0.00623887
v -0.00378419 -0.01880568 0.00641972
v -0.00271046 -0.02193575 0.00544076
v -0.00244228 -0.02210997 0.00538845
v -0.00270138 -0.02231424 0.00521807
v -0.00297864 -0.02225216 0.00520761
v -0.00297864 -0.02238834 0.00511943
v -0.00292520 -0.02272477 0.00489972
v -0.00270138 -0.02254254 0.00506861
v -0.00244228 -0.02245843 0.00516726
v -0.00217409 -0.02262464 0.00509701
v -0.00298569 -0.02147515 0.00563356
v -0.00306937 -0.02187967 0.00540938
v -0.00289092 -0.02190771 0.00542582
v -0.00324783 -0.02149117 0.00557378
v -0.00324783 -0.02170945 0.00546318
v -0.00217409 -0.02280087 0.00496250
v -0.00056299 -0.02445702 -0.00276898
v -0.00056299 -0.02435689 -0.00300213
v -0.00056299 -0.02429281 -0.00313665
v -0.00056299 -0.02420670 -0.00330703
v -0.00056299 -0.02408854 -0.00351776
v -0.00056299 -0.02400443 -0.00365078
v -0.00190491 -0.02494566 -0.00008471
v -0.00190491 -0.02493965 -0.00035373
v -0.00190491 -0.02492563 -0.00062126
v -0.00217409 -0.02488558 -0.00089029
v -0.00083117 -0.02486555 -0.00138051
v -0.00217409 -0.02485954 -0.00111448
v -0.00191499 -0.02486555 -0.00118024
v -0.00163672 -0.02488157 -0.00115931
v -0.00163672 -0.02485354 -0.00132969
v -0.00136854 -0.02485954 -0.00135361
v -0.00109936 -0.02486355 -0.00137154
v -0.00236464 -0.02485354 0.00115878
v -0.00244933 -0.02486355 0.00099737
v -0.00217409 -0.02491962 0.00045035
v -0.00244228 -0.02488558 0.00071938
v -0.00191801 -0.02482950 0.00150852
v -0.00201682 -0.02484553 0.00138297
v -0.00217409 -0.02484152 0.00134561
v -0.00217409 -0.02492363 0.00018282
v -0.00083117 -0.02483752 -0.00151353
v -0.00083117 -0.02479746 -0.00169587
v -0.00056299 -0.02465328 -0.00223242
v -0.00109936 -0.02473138 -0.00196340
v -0.00056299 -0.02454514 -0.00254180
v -0.00056299 -0.02459320 -0.00240729
v -0.00163672 -0.02386225 0.00392825
v -0.00163672 -0.02399642 0.00373246
v -0.00163672 -0.02407653 0.00359794
v -0.00190491 -0.02406852 0.00358449
v -0.00190491 -0.02417065 0.00340365
v -0.00190491 -0.02427679 0.00320337
v -0.00190491 -0.02434287 0.00306886
v -0.00163672 -0.02434888 0.00308680
v -0.00163672 -0.02444501 0.00286709
v -0.00163672 -0.02454113 0.00262497
v -0.00163672 -0.02463525 0.00233054
v -0.00184542 -0.02458318 0.00247850
v -0.00163672 -0.02471335 0.00206151
v -0.00190491 -0.02476943 0.00179249
v -0.00183937 -0.02351380 0.00435271
v -0.00191902 -0.02360191 0.00423464
v -0.00217409 -0.02374209 0.00403137
v -0.00190491 -0.02375411 0.00404781
v -0.00163672 -0.02364797 0.00420923
v -0.00163672 -0.02376412 0.00406276
v -0.00687835 -0.01332457 -0.00639782
v -0.00743084 -0.01175854 -0.00640530
v -0.00718787 -0.01236532 -0.00641875
v -0.00759820 -0.01156028 -0.00635448
v -0.00766978 -0.01113573 -0.00639035
v -0.00810331 -0.01156028 -0.00604809
v -0.00779278 -0.01263968 -0.00605258
v -0.00801257 -0.01263367 -0.00590461
v -0.00694086 -0.01451211 -0.00616168
v -0.00727356 -0.01451211 -0.00598831
v -0.00742681 -0.01470036 -0.00586874
v -0.00766172 -0.01406553 -0.00584782
v -0.00775851 -0.01343872 -0.00591358
v -0.00781093 -0.01290202 -0.00598831
v -0.00874150 -0.01138806 -0.00558029
v -0.00866185 -0.01075323 -0.00577757
v -0.00882518 -0.01182863 -0.00539645
v -0.00888466 -0.01128993 -0.00545474
v -0.00891491 -0.01102158 -0.00548015
v -0.00797426 -0.01290202 -0.00587771
v -0.00810835 -0.01290202 -0.00578505
v -0.00822933 -0.01336462 -0.00560121
v -0.00825454 -0.01317037 -0.00562214
v -0.00845618 -0.01263367 -0.00556534
v -0.00860035 -0.01263367 -0.00543083
v -0.00862455 -0.01239737 -0.00546222
v -0.00900766 -0.01137203 -0.00530678
v -0.00902884 -0.01227921 -0.00506316
v -0.00907219 -0.01182863 -0.00511846
v -0.00910647 -0.01128592 -0.00520515
v -0.00919015 -0.01100556 -0.00516180
v -0.00351601 -0.01826899 -0.00648750
v -0.00297864 -0.01853734 -0.00650842
v -0.00324783 -0.01853734 -0.00647405
v -0.00380637 -0.01829102 -0.00643369
v -0.00399994 -0.01821692 -0.00641128
v -0.00417839 -0.01812480 -0.00639185
v -0.00433466 -0.01802067 -0.00637690
v -0.00458974 -0.01800064 -0.00631861
v -0.00468249 -0.01754605 -0.00638437
v -0.00485893 -0.01692725 -0.00645761
v -0.00513921 -0.01666691 -0.00643369
v -0.00244228 -0.01880568 -0.00650543
v -0.00271046 -0.01880568 -0.00648152
v -0.00529649 -0.01658280 -0.00640530
v -0.00607280 -0.01519700 -0.00639633
v -0.00636518 -0.01451211 -0.00640679
v -0.00642163 -0.01424376 -0.00642921
v -0.00620084 -0.01475643 -0.00642622
v -0.00633594 -0.01465029 -0.00639483
v -0.00548603 -0.01639055 -0.00637989
v -0.00566246 -0.01639055 -0.00632011
v -0.00673720 -0.01317037 -0.00647853
v -0.00955209 -0.01032468 -0.00477620
v -0.00925770 -0.01129193 -0.00500786
v -0.00932323 -0.01156028 -0.00483748
v -0.00934541 -0.01129193 -0.00487335
v -0.00983338 -0.00907505 -0.00453408
v -0.00987270 -0.00833609 -0.00466710
v -0.00956016 -0.01118579 -0.00452362
v -0.00964384 -0.01102158 -0.00438014
v -0.00971441 -0.01129193 -0.00411261
v -0.00974667 -0.01102158 -0.00411261
v -0.00982834 -0.01065911 -0.00399155
v -0.00980817 -0.01102158 -0.00391831
v -0.01007434 -0.00806975 -0.00417090
v -0.01008543 -0.00785547 -0.00421573
v -0.01011467 -0.00777937 -0.00412008
v -0.01010660 -0.00806975 -0.00403638
v -0.00083117 -0.02327749 -0.00455500
v -0.00083117 -0.02313731 -0.00468952
v -0.00083117 -0.02341166 -0.00441601
v -0.00083117 -0.02353583 -0.00428150
v -0.00056299 -0.02367000 -0.00412307
v -0.00056299 -0.02387827 -0.00384358
v -0.00056299 -0.02378214 -0.00398856
v -0.00109936 -0.02268873 -0.00504373
v -0.00109936 -0.02255455 -0.00513789
v -0.00109936 -0.02299512 -0.00480759
v -0.00109936 -0.02283291 -0.00493313
v -0.00109936 -0.02313130 -0.00468354
v -0.00109936 -0.02235229 -0.00527091
v -0.00109936 -0.02221811 -0.00535461
v -0.00109936 -0.02202787 -0.00546222
v -0.00109936 -0.02184163 -0.00556235
v -0.00109936 -0.02170745 -0.00562961
v -0.00109936 -0.02149117 -0.00573273
v -0.00109936 -0.02128490 -0.00582540
v -0.00109936 -0.02115073 -0.00588369
v -0.00109936 -0.02095447 -0.00596141
v -0.00136854 -0.02037973 -0.00615720
v -0.00163672 -0.02014943 -0.00621399
v -0.00217409 -0.01988108 -0.00626182
v -0.00163672 -0.01988108 -0.00629470
v -0.00163672 -0.02035369 -0.00614972
v -0.00190491 -0.01961273 -0.00635149
v -0.00217409 -0.01929232 -0.00641426
v -0.00136854 -0.02068613 -0.00605108
v -0.00136854 -0.02051390 -0.00611236
v -0.00217409 -0.01907403 -0.00646508
v -0.00244228 -0.02277684 0.00494157
v -0.00244228 -0.02291101 0.00483546
v -0.00271046 -0.02288498 0.00481154
v -0.00271046 -0.02304519 0.00467703
v -0.00271046 -0.02317936 0.00456045
v -0.00271046 -0.02331153 0.00442594
v -0.00244228 -0.02333757 0.00445135
v -0.00217409 -0.02335759 0.00446929
v -0.00193818 -0.02337562 0.00448274
v -0.00548603 -0.01639055 0.00647651
v -0.00566246 -0.01665890 0.00636143
v -0.00512610 -0.01798462 0.00625681
v -0.00512711 -0.01773229 0.00631061
v -0.00523499 -0.01676103 0.00648398
v -0.00458974 -0.01800064 0.00641523
v -0.00433567 -0.01802267 0.00647501
v -0.00432156 -0.01826899 0.00642719
v -0.01009753 -0.00824598 -0.00399752
v -0.01011769 -0.00833609 -0.00385554
v -0.01010660 -0.00860644 -0.00377334
v -0.01008744 -0.00896090 -0.00367021
v -0.01010862 -0.00887279 -0.00357755
v -0.00983237 -0.01122384 -0.00374046
v -0.00991807 -0.01075323 -0.00357456
v -0.00990194 -0.01129193 -0.00330703
v -0.00992916 -0.01102158 -0.00330703
v -0.00993218 -0.01129193 -0.00303800
v -0.00993017 -0.01156028 -0.00276898
v -0.00995134 -0.01156028 -0.00250145
v -0.00998864 -0.01129193 -0.00223242
v -0.01001183 -0.01102158 -0.00223242
v -0.01009047 -0.01005432 -0.00228772
v -0.01014491 -0.00941149 -0.00223242
v -0.01001990 -0.01102158 -0.00196340
v -0.00999671 -0.01129193 -0.00196340
v -0.00997654 -0.01156028 -0.00169587
v -0.00986665 -0.01263367 -0.00169587
v -0.00992210 -0.01209698 -0.00169587
v -0.00983640 -0.01292205 -0.00168391
v -0.00982330 -0.01302418 -0.00176611
v -0.00966602 -0.01424376 -0.00169587
v -0.00963275 -0.01451211 -0.00142684
v -0.00959242 -0.01477846 -0.00142684
v -0.00953999 -0.01508686 -0.00142684
v -0.00950067 -0.01531716 -0.00142684
v -0.00940893 -0.01585385 -0.00142684
v -0.00936255 -0.01612220 -0.00142684
v -0.00931315 -0.01637453 0.00125593
v -0.00931315 -0.01637253 0.00152496
v -0.00931012 -0.01635450 0.00179249
v -0.00918914 -0.01692725 0.00152496
v -0.00906715 -0.01746394 0.00152496
v -0.00902783 -0.01763617 0.00152496
v -0.00899557 -0.01777034 0.00152496
v -0.00893306 -0.01800064 0.00152496
v -0.00878384 -0.01851731 0.00152496
v -0.00862152 -0.01907403 0.00152496
v -0.00860438 -0.01907403 0.00179249
v -0.00882417 -0.01826899 0.00206151
v -0.00875864 -0.01843120 0.00225431
v -0.00883829 -0.01800064 0.00259807
v -0.00879090 -0.01828901 0.00233801
v -0.00874654 -0.01838914 0.00243366
v -0.00878687 -0.01801065 0.00286560
v -0.00874150 -0.01810678 0.00295378
v -0.00850357 -0.01873559 0.00306288
v -0.00863463 -0.01826899 0.00313612
v -0.00871629 -0.01801065 0.00314359
v -0.00853885 -0.01854735 0.00314508
v -0.00850357 -0.01846324 0.00332593
v -0.00853684 -0.01827500 0.00341112
v -0.00845517 -0.01806272 0.00375637
v -0.00846828 -0.01836912 0.00350528
v -0.00822026 -0.01895988 0.00355161
v -0.00842089 -0.01827500 0.00366968
v -0.00742278 -0.01950659 0.00435869
v -0.00768390 -0.01841918 0.00462024
v -0.00772120 -0.01826899 0.00465461
v -0.00763853 -0.01800064 0.00484592
v -0.00750444 -0.01800064 0.00496549
v -0.00825051 -0.01880568 0.00360691
v -0.00812751 -0.01906001 0.00365324
v -0.00800753 -0.01933838 0.00367566
v -0.00797224 -0.01953864 0.00358898
v -0.00788554 -0.01962074 0.00367566
v -0.00775851 -0.01988509 0.00368164
v -0.00765769 -0.01997921 0.00377729
v -0.00770205 -0.01979897 0.00384007
v -0.00773229 -0.01958670 0.00393422
v -0.00785025 -0.01933838 0.00392675
v -0.00767684 -0.01947856 0.00407621
v -0.00770810 -0.01934438 0.00411357
v -0.00775649 -0.01906001 0.00421371
v -0.00764357 -0.01914012 0.00430488
v -0.00625427 -0.01639055 0.00618955
v -0.00644785 -0.01611019 0.00616414
v -0.00618168 -0.01664688 0.00616115
v -0.00661521 -0.01762415 0.00569335
v -0.00656984 -0.01780238 0.00566794
v -0.00651943 -0.01800064 0.00563954
v -0.00634501 -0.01815484 0.00569185
v -0.00619983 -0.01800064 0.00580843
v -0.00626234 -0.01746394 0.00592202
v -0.00608187 -0.01762816 0.00596237
v -0.00612825 -0.01746394 0.00598330
v -0.00621294 -0.01719760 0.00601169
v -0.00619983 -0.01692725 0.00608493
v -0.00630368 -0.01619029 0.00621047
v -0.00725945 -0.01746595 0.00533465
v -0.00708100 -0.01773229 0.00537650
v -0.00699631 -0.01801266 0.00534511
v -0.00685818 -0.01811078 0.00540938
v -0.00675535 -0.01801266 0.00549905
v -0.00734313 -0.01800064 0.00510000
v -0.00720904 -0.01800064 0.00519864
v -0.00634501 -0.01601206 0.00622841
v -0.00620790 -0.01611019 0.00626577
v -0.00612018 -0.01639055 0.00624634
v -0.00607986 -0.01654875 0.00622841
v -0.00593568 -0.01664688 0.00626428
v -0.00405338 -0.01853734 0.00642569
v -0.00405338 -0.01880568 0.00636143
v -0.00379830 -0.01961874 0.00619403
v -0.00405338 -0.01988108 0.00604159
v -0.00389408 -0.02026558 0.00594892
v -0.00379629 -0.02016545 0.00600870
v -0.00405338 -0.01961273 0.00613276
v -0.00379629 -0.02041577 0.00591455
v -0.00378419 -0.02068613 0.00580843
v -0.00352911 -0.02097450 0.00575014
v -0.00344947 -0.02112470 0.00570381
v -0.00324783 -0.02130893 0.00566346
v -0.00407757 -0.01910007 0.00627773
v -0.00389711 -0.01946053 0.00621795
v -0.00418444 -0.01920620 0.00622243
v -0.00271046 -0.02206992 0.00536603
v -0.00324783 -0.02220610 0.00517772
v -0.00297965 -0.02200984 0.00535258
v -0.00324783 -0.02234027 0.00508655
v -0.00310365 -0.02269674 0.00487880
v -0.00299981 -0.02259060 0.00497595
v -0.00299981 -0.02282290 0.00479959
v -0.00297864 -0.02300914 0.00464714
v -0.00271046 -0.02275081 0.00492065
v -0.00244228 -0.02259260 0.00507609
v -0.00324783 -0.02184363 0.00538845
v -0.00324783 -0.02202787 0.00528234
v -0.00352911 -0.02121882 0.00563805
v -0.00345753 -0.02166139 0.00543777
v -0.00083117 -0.02454714 -0.00254180
v -0.00109936 -0.02445702 -0.00276898
v -0.00083117 -0.02435689 -0.00299914
v -0.00109936 -0.02429281 -0.00313216
v -0.00109936 -0.02420269 -0.00330703
v -0.00083117 -0.02408854 -0.00351477
v -0.00109936 -0.02400243 -0.00364630
v -0.00217409 -0.02492162 -0.00008471
v -0.00217409 -0.02491762 -0.00035373
v -0.00244228 -0.02488558 -0.00062126
v -0.00217409 -0.02490560 -0.00062126
v -0.00244732 -0.02486355 -0.00089627
v -0.00236061 -0.02485354 -0.00106216
v -0.00109936 -0.02483551 -0.00150606
v -0.00217409 -0.02484152 -0.00124749
v -0.00201177 -0.02484553 -0.00128486
v -0.00183332 -0.02484953 -0.00130877
v -0.00163672 -0.02482950 -0.00146421
v -0.00136854 -0.02483351 -0.00148812
v -0.00136854 -0.02479145 -0.00169587
v -0.00244933 -0.02483151 0.00125145
v -0.00271046 -0.02480347 0.00125593
v -0.00254410 -0.02484352 0.00109302
v -0.00262375 -0.02485354 0.00091367
v -0.00244228 -0.02489559 0.00045035
v -0.00267719 -0.02486155 0.00071938
v -0.00217409 -0.02480948 0.00152496
v -0.00271046 -0.02476142 0.00152496
v -0.00244228 -0.02489759 0.00018282
v -0.00244228 -0.02489359 -0.00035373
v -0.00109936 -0.02479546 -0.00169587
v -0.00083117 -0.02465328 -0.00223242
v -0.00109936 -0.02459320 -0.00240878
v -0.00136854 -0.02472537 -0.00196340
v -0.00109936 -0.02465127 -0.00223242
v -0.00190491 -0.02385224 0.00391479
v -0.00190491 -0.02398641 0.00371900
v -0.00217409 -0.02405850 0.00356506
v -0.00217409 -0.02414462 0.00340365
v -0.00217409 -0.02426277 0.00318095
v -0.00217409 -0.02433286 0.00304644
v -0.00190491 -0.02443099 0.00286709
v -0.00192305 -0.02454113 0.00258013
v -0.00202387 -0.02457718 0.00246057
v -0.00217409 -0.02461523 0.00230812
v -0.00192305 -0.02461523 0.00235445
v -0.00217409 -0.02468532 0.00206151
v -0.00217409 -0.02475140 0.00179249
v -0.00217409 -0.02349177 0.00433029
v -0.00217409 -0.02360792 0.00419578
v -0.00244228 -0.02358990 0.00417336
v -0.00244228 -0.02372407 0.00400596
v -0.00217409 -0.02383822 0.00389686
v -0.00659000 -0.01407955 -0.00638886
v -0.00673720 -0.01424376 -0.00630217
v -0.00673720 -0.01451211 -0.00625584
v -0.00690154 -0.01472038 -0.00614225
v -0.00752662 -0.01478446 -0.00578056
v -0.00774338 -0.01477846 -0.00563409
v -0.00778875 -0.01451211 -0.00566548
v -0.00759115 -0.01451211 -0.00579999
v -0.00729171 -0.01478446 -0.00592255
v -0.00685012 -0.01620431 -0.00584632
v -0.00698723 -0.01611820 -0.00579102
v -0.00739253 -0.01487658 -0.00584782
v -0.00718383 -0.01639055 -0.00561616
v -0.00742983 -0.01577976 -0.00560420
v -0.00751251 -0.01531716 -0.00566099
v -0.00783715 -0.01426980 -0.00568491
v -0.00782505 -0.01315635 -0.00592703
v -0.00877074 -0.01231926 -0.00534115
v -0.00875057 -0.01249950 -0.00532023
v -0.00898851 -0.01156028 -0.00528436
v -0.00820413 -0.01354285 -0.00558178
v -0.00797124 -0.01419770 -0.00560719
v -0.00838863 -0.01317037 -0.00550257
v -0.00842291 -0.01290202 -0.00553396
v -0.00856708 -0.01290202 -0.00539944
v -0.00901069 -0.01245744 -0.00504074
v -0.00906816 -0.01290202 -0.00484944
v -0.00909336 -0.01263367 -0.00488531
v -0.00352508 -0.01855336 -0.00642622
v -0.00373075 -0.01847325 -0.00640978
v -0.00297864 -0.01900394 -0.00640978
v -0.00314297 -0.01896189 -0.00639932
v -0.00391021 -0.01839515 -0.00639185
v -0.00432156 -0.01826899 -0.00632907
v -0.00485893 -0.01800064 -0.00624239
v -0.00485893 -0.01773229 -0.00629769
v -0.00492950 -0.01724566 -0.00637690
v -0.00499604 -0.01706543 -0.00639483
v -0.00458974 -0.01826899 -0.00625883
v -0.00523599 -0.01676103 -0.00638736
v -0.00244228 -0.01907403 -0.00644715
v -0.00270441 -0.01908605 -0.00642024
v -0.00538924 -0.01666691 -0.00635747
v -0.00593165 -0.01639055 -0.00622296
v -0.00620790 -0.01610618 -0.00616766
v -0.00644281 -0.01475643 -0.00633206
v -0.00649927 -0.01451211 -0.00635299
v -0.00655573 -0.01424376 -0.00637541
v -0.00566246 -0.01665890 -0.00626630
v -0.00952084 -0.01075323 -0.00471642
v -0.00928794 -0.01196480 -0.00478367
v -0.00930004 -0.01182863 -0.00480161
v -0.00943312 -0.01156028 -0.00464916
v -0.00950067 -0.01102158 -0.00467905
v -0.00948958 -0.01128192 -0.00462674
v -0.00954705 -0.01136402 -0.00449522
v -0.00959242 -0.01156028 -0.00432932
v -0.00960250 -0.01128192 -0.00439508
v -0.00967711 -0.01156028 -0.00411261
v -0.00955512 -0.01276384 -0.00397511
v -0.00976079 -0.01156028 -0.00384358
v -0.00979708 -0.01130395 -0.00383611
v -0.00984447 -0.01102158 -0.00378380
v -0.00136854 -0.02326547 -0.00454305
v -0.00109936 -0.02340566 -0.00441302
v -0.00136854 -0.02339965 -0.00440853
v -0.00136854 -0.02352982 -0.00427402
v -0.00083117 -0.02367000 -0.00412008
v -0.00083117 -0.02378014 -0.00398557
v -0.00136854 -0.02267871 -0.00503626
v -0.00163672 -0.02266670 -0.00502879
v -0.00136854 -0.02254454 -0.00512892
v -0.00136854 -0.02298711 -0.00479862
v -0.00136854 -0.02312129 -0.00467756
v -0.00163672 -0.02325746 -0.00453557
v -0.00136854 -0.02233827 -0.00526344
v -0.00163672 -0.02219008 -0.00533816
v -0.00136854 -0.02202787 -0.00544578
v -0.00136854 -0.02182761 -0.00555488
v -0.00136854 -0.02169343 -0.00562363
v -0.00136854 -0.02149117 -0.00571928
v -0.00136854 -0.02126888 -0.00581942
v -0.00136854 -0.02113471 -0.00587621
v -0.00136854 -0.02095447 -0.00594945
v -0.00232028 -0.02028761 -0.00612730
v -0.00217409 -0.02014943 -0.00617961
v -0.00244228 -0.01988108 -0.00623940
v -0.00244228 -0.01961273 -0.00631413
v -0.00217409 -0.01961273 -0.00633505
v -0.00217409 -0.01942649 -0.00638138
v -0.00244228 -0.01925427 -0.00640530
v -0.00217409 -0.02068613 -0.00599578
v -0.00217409 -0.02043580 -0.00608546
v -0.00191196 -0.02097850 -0.00590312
v -0.00297864 -0.02314332 0.00452757
v -0.00318532 -0.02325947 0.00436616
v -0.00297864 -0.02328350 0.00439306
v -0.00297864 -0.02341767 0.00424809
v -0.00271046 -0.02344571 0.00427947
v -0.00244228 -0.02347174 0.00430787
v -0.00579756 -0.01706342 0.00622392
v -0.00527128 -0.01788649 0.00622691
v -0.00521482 -0.01806472 0.00620599
v -0.00503637 -0.01819289 0.00623887
v -0.00485893 -0.01800064 0.00633751
v -0.00485893 -0.01773229 0.00639281
v -0.00458974 -0.01826899 0.00635545
v -0.00432156 -0.01853734 0.00636143
v -0.00982128 -0.01140207 -0.00369412
v -0.00985354 -0.01130395 -0.00359249
v -0.00988883 -0.01102158 -0.00357456
v -0.00987068 -0.01156028 -0.00330703
v -0.00982128 -0.01220512 -0.00314561
v -0.00990496 -0.01156028 -0.00303800
v -0.00990194 -0.01182863 -0.00276898
v -0.00996243 -0.01156028 -0.00223242
v -0.00989387 -0.01209698 -0.00250145
v -0.00982632 -0.01278387 -0.00239533
v -0.00990698 -0.01209698 -0.00223242
v -0.00993521 -0.01182863 -0.00223242
v -0.00997049 -0.01156028 -0.00196340
v -0.00985959 -0.01263367 -0.00196340
v -0.00991605 -0.01209698 -0.00196340
v -0.00983540 -0.01286197 -0.00196340
v -0.00982027 -0.01299614 -0.00196340
v -0.00979809 -0.01317037 -0.00196340
v -0.00969223 -0.01397541 -0.00196340
v -0.00962972 -0.01451211 -0.00169587
v -0.00958839 -0.01477846 -0.00169587
v -0.00953798 -0.01507484 -0.00169587
v -0.00945026 -0.01558550 -0.00169587
v -0.00935650 -0.01612220 -0.00169587
v -0.00931315 -0.01637253 -0.00142684
v -0.00931315 -0.01637453 -0.00115931
v -0.00940389 -0.01585385 -0.00169587
v -0.00928492 -0.01651071 0.00098840
v -0.00928391 -0.01650670 0.00152496
v -0.00924963 -0.01665890 0.00152496
v -0.00913167 -0.01719559 0.00098840
v -0.00906916 -0.01746394 0.00125593
v -0.00902884 -0.01764017 0.00125593
v -0.00899657 -0.01777435 0.00125593
v -0.00893608 -0.01800064 0.00125593
v -0.00886047 -0.01826899 0.00125593
v -0.00874755 -0.01866150 0.00125593
v -0.00862858 -0.01907403 0.00125593
v -0.00853986 -0.01934438 0.00152496
v -0.00851667 -0.01936241 0.00178651
v -0.00858422 -0.01907403 0.00206151
v -0.00863362 -0.01880568 0.00233054
v -0.00849651 -0.01925226 0.00233054
v -0.00877376 -0.01821091 0.00259807
v -0.00875763 -0.01816085 0.00277443
v -0.00873243 -0.01834509 0.00259807
v -0.00858926 -0.01880568 0.00259807
v -0.00850961 -0.01907203 0.00257565
v -0.00849651 -0.01898191 0.00278788
v -0.00852877 -0.01881770 0.00287307
v -0.00847231 -0.01891382 0.00296723
v -0.00835435 -0.01907403 0.00313612
v -0.00844408 -0.01881770 0.00314508
v -0.00847130 -0.01864347 0.00324074
v -0.00822833 -0.01925026 0.00330351
v -0.00814969 -0.01934038 0.00339767
v -0.00818598 -0.01913812 0.00348286
v -0.00759518 -0.01934438 0.00424809
v -0.00752662 -0.01958269 0.00419129
v -0.00745201 -0.01982701 0.00412703
v -0.00737237 -0.01968483 0.00430638
v -0.00713846 -0.02001325 0.00434374
v -0.00719291 -0.01983502 0.00439157
v -0.00725844 -0.01958670 0.00446480
v -0.00714552 -0.01948857 0.00461725
v -0.00731692 -0.01934438 0.00453056
v -0.00737035 -0.01913411 0.00457839
v -0.00740765 -0.01840316 0.00488030
v -0.00754174 -0.01829502 0.00480706
v -0.00745302 -0.01822293 0.00492065
v -0.00802467 -0.01962074 0.00341560
v -0.00797930 -0.01982501 0.00333490
v -0.00794099 -0.02000524 0.00325867
v -0.00793192 -0.01971687 0.00351425
v -0.00771112 -0.02008935 0.00359944
v -0.00766878 -0.02026758 0.00352471
v -0.00762038 -0.02016745 0.00368164
v -0.00739455 -0.02079627 0.00351574
v -0.00744294 -0.02061603 0.00358748
v -0.00749133 -0.02041377 0.00367566
v -0.00742983 -0.02031965 0.00383409
v -0.00747722 -0.02014943 0.00389088
v -0.00763047 -0.01965879 0.00401942
v -0.00755485 -0.01990311 0.00395515
v -0.00593165 -0.01746394 0.00606998
v -0.00597097 -0.01692725 0.00618357
v -0.00602743 -0.01672899 0.00620748
v -0.00644785 -0.01825497 0.00559919
v -0.00628855 -0.01833307 0.00566196
v -0.00605263 -0.01865349 0.00567990
v -0.00611010 -0.01847526 0.00570829
v -0.00619983 -0.01825497 0.00573370
v -0.00590745 -0.01824696 0.00587569
v -0.00580159 -0.01814282 0.00595639
v -0.00597702 -0.01800064 0.00591305
v -0.00618269 -0.01772228 0.00589063
v -0.00584192 -0.01800064 0.00597582
v -0.00716468 -0.01817887 0.00516726
v -0.00665251 -0.01902797 0.00518370
v -0.00660109 -0.01920620 0.00514783
v -0.00662428 -0.01843921 0.00543180
v -0.00667570 -0.01826899 0.00546169
v -0.00713645 -0.01893585 0.00487880
v -0.00432156 -0.01880568 0.00629417
v -0.00432156 -0.01900594 0.00624186
v -0.00432156 -0.01961273 0.00605504
v -0.00429635 -0.01986106 0.00597732
v -0.00418948 -0.02001726 0.00595490
v -0.00405338 -0.02020350 0.00592501
v -0.00405338 -0.02041778 0.00584131
v -0.00407757 -0.01936040 0.00620300
v -0.00432156 -0.01934438 0.00614023
v -0.00394953 -0.02084233 0.00569634
v -0.00378419 -0.02089440 0.00571876
v -0.00362792 -0.02107663 0.00567990
v -0.00445666 -0.01894186 0.00622392
v -0.00340712 -0.02217406 0.00515679
v -0.00324783 -0.02253453 0.00495203
v -0.00324783 -0.02266870 0.00485788
v -0.00351601 -0.02278685 0.00468301
v -0.00333655 -0.02295307 0.00459931
v -0.00315709 -0.02298311 0.00462472
v -0.00363699 -0.02161934 0.00541386
v -0.00109936 -0.02454714 -0.00254180
v -0.00136854 -0.02445302 -0.00276898
v -0.00109936 -0.02435489 -0.00299765
v -0.00136854 -0.02454514 -0.00253732
v -0.00136854 -0.02429081 -0.00312917
v -0.00136854 -0.02419668 -0.00330703
v -0.00109936 -0.02408654 -0.00351179
v -0.00136854 -0.02400043 -0.00364181
v -0.00273566 -0.02486355 -0.00037316
v -0.00268021 -0.02486155 -0.00062126
v -0.00262778 -0.02485354 -0.00081107
v -0.00254007 -0.02484352 -0.00099042
v -0.00244732 -0.02483151 -0.00115483
v -0.00271046 -0.02476142 -0.00142684
v -0.00217409 -0.02480948 -0.00142684
v -0.00191499 -0.02482750 -0.00140891
v -0.00163672 -0.02478344 -0.00169587
v -0.00297864 -0.02477343 0.00125593
v -0.00297864 -0.02480147 0.00098840
v -0.00273566 -0.02486355 0.00046978
v -0.00271046 -0.02486956 0.00018282
v -0.00281128 -0.02484352 0.00071938
v -0.00284152 -0.02484753 0.00057291
v -0.00244228 -0.02473138 0.00179249
v -0.00297864 -0.02473138 0.00152496
v -0.00271046 -0.02470735 0.00179249
v -0.00271046 -0.02486956 -0.00008471
v -0.00136854 -0.02459119 -0.00240430
v -0.00163672 -0.02471536 -0.00196340
v -0.00163672 -0.02463726 -0.00223242
v -0.00136854 -0.02464527 -0.00223242
v -0.00163672 -0.02458919 -0.00239384
v -0.00217409 -0.02397239 0.00369957
v -0.00236263 -0.02404849 0.00354862
v -0.00238582 -0.02432285 0.00302402
v -0.00244832 -0.02410456 0.00342607
v -0.00217409 -0.02441096 0.00286709
v -0.00217409 -0.02451510 0.00259807
v -0.00217409 -0.02457117 0.00244114
v -0.00244228 -0.02455915 0.00240377
v -0.00244228 -0.02460321 0.00226926
v -0.00244228 -0.02466529 0.00206151
v -0.00271046 -0.02356586 0.00414496
v -0.00271046 -0.02370004 0.00397607
v -0.00289798 -0.02378415 0.00382064
v -0.00271046 -0.02379817 0.00384156
v -0.00244228 -0.02381819 0.00387145
v -0.00244832 -0.02396839 0.00365175
v -0.00254108 -0.02403848 0.00353069
v -0.00675938 -0.01479648 -0.00619008
v -0.00660614 -0.01545934 -0.00612730
v -0.00686423 -0.01489861 -0.00612282
v -0.00667570 -0.01639055 -0.00589714
v -0.00770507 -0.01499273 -0.00560868
v -0.00787747 -0.01477846 -0.00554143
v -0.00792284 -0.01451211 -0.00557281
v -0.00681080 -0.01639055 -0.00582390
v -0.00700538 -0.01639055 -0.00571779
v -0.00715157 -0.01655076 -0.00559673
v -0.00731792 -0.01639055 -0.00552648
v -0.00736833 -0.01612220 -0.00556086
v -0.00767382 -0.01624836 -0.00531874
v -0.00794401 -0.01437593 -0.00558776
v -0.00893104 -0.01209698 -0.00522009
v -0.00883123 -0.01290202 -0.00513789
v -0.00870117 -0.01290202 -0.00527240
v -0.00876973 -0.01343872 -0.00507362
v -0.00880098 -0.01317037 -0.00510650
v -0.00833015 -0.01370707 -0.00542784
v -0.00804988 -0.01477846 -0.00540692
v -0.00820816 -0.01462626 -0.00531575
v -0.00825958 -0.01424376 -0.00536208
v -0.00848138 -0.01357289 -0.00532023
v -0.00853280 -0.01317037 -0.00536806
v -0.00896532 -0.01290202 -0.00498395
v -0.00921435 -0.01290202 -0.00462973
v -0.00922745 -0.01263367 -0.00468802
v -0.00925165 -0.01236532 -0.00472688
v -0.00904093 -0.01317037 -0.00481207
v -0.00344241 -0.01871757 -0.00640380
v -0.00352508 -0.01880568 -0.00637092
v -0.00380637 -0.01855336 -0.00637690
v -0.00261064 -0.01922423 -0.00639782
v -0.00278910 -0.01918217 -0.00638736
v -0.00297864 -0.01934438 -0.00632309
v -0.00324783 -0.01934438 -0.00628125
v -0.00323875 -0.01906001 -0.00635747
v -0.00351601 -0.01907403 -0.00630665
v -0.00332243 -0.01889580 -0.00638437
v -0.00378419 -0.01880568 -0.00632160
v -0.00405338 -0.01853734 -0.00632608
v -0.00405338 -0.01880568 -0.00626182
v -0.00432156 -0.01853734 -0.00626331
v -0.00487002 -0.01827700 -0.00617214
v -0.00503637 -0.01819289 -0.00614076
v -0.00512610 -0.01798862 -0.00616019
v -0.00512711 -0.01773229 -0.00621698
v -0.00512711 -0.01746394 -0.00627377
v -0.00445666 -0.01894186 -0.00612581
v -0.00451412 -0.01880568 -0.00614375
v -0.00460889 -0.01855536 -0.00617961
v -0.00539428 -0.01692725 -0.00630068
v -0.00583587 -0.01692725 -0.00614225
v -0.00593468 -0.01664488 -0.00616616
v -0.00607885 -0.01654675 -0.00613179
v -0.00611817 -0.01639055 -0.00614823
v -0.00625327 -0.01639055 -0.00609143
v -0.00630166 -0.01618428 -0.00611236
v -0.00539428 -0.01719559 -0.00624239
v -0.00532371 -0.01773229 -0.00614972
v -0.00566246 -0.01692725 -0.00620652
v -0.00579857 -0.01706342 -0.00612581
v -0.00929500 -0.01281190 -0.00452810
v -0.00931012 -0.01263367 -0.00455351
v -0.00933230 -0.01236532 -0.00459237
v -0.00938876 -0.01182863 -0.00464916
v -0.00953193 -0.01156028 -0.00446234
v -0.00956016 -0.01199084 -0.00425609
v -0.00939985 -0.01263367 -0.00438014
v -0.00963880 -0.01182863 -0.00411261
v -0.00956822 -0.01258561 -0.00400948
v -0.00957830 -0.01290202 -0.00379874
v -0.00959746 -0.01265770 -0.00386899
v -0.00972248 -0.01182863 -0.00384358
v -0.00954705 -0.01217107 -0.00422321
v -0.00951983 -0.01265770 -0.00410364
v -0.00947748 -0.01290202 -0.00411261
v -0.00943111 -0.01317037 -0.00411261
v -0.00929903 -0.01417367 -0.00400350
v -0.00928290 -0.01435190 -0.00396464
v -0.00931617 -0.01451211 -0.00379127
v -0.00929903 -0.01470636 -0.00374195
v -0.00938271 -0.01451211 -0.00357456
v -0.00945631 -0.01451211 -0.00330703
v -0.00949765 -0.01424376 -0.00330703
v -0.00163672 -0.02352381 -0.00426655
v -0.00163672 -0.02339164 -0.00440106
v -0.00136854 -0.02366199 -0.00411261
v -0.00136854 -0.02386625 -0.00383910
v -0.00136854 -0.02377013 -0.00397361
v -0.00163672 -0.02283291 -0.00490175
v -0.00178493 -0.02297109 -0.00478517
v -0.00190491 -0.02265068 -0.00501683
v -0.00163672 -0.02253252 -0.00511996
v -0.00163672 -0.02311127 -0.00467009
v -0.00185450 -0.02324745 -0.00452511
v -0.00190491 -0.02231023 -0.00524251
v -0.00190491 -0.02217606 -0.00532770
v -0.00163672 -0.02202787 -0.00542784
v -0.00190491 -0.02179156 -0.00553545
v -0.00190491 -0.02165739 -0.00560420
v -0.00190491 -0.02149117 -0.00568192
v -0.00191196 -0.02120079 -0.00581045
v -0.00200472 -0.02108264 -0.00585529
v -0.00242312 -0.02039375 -0.00607798
v -0.00249974 -0.02025356 -0.00611684
v -0.00271046 -0.01988108 -0.00620801
v -0.00271046 -0.01961273 -0.00628573
v -0.00244228 -0.02068613 -0.00596738
v -0.00217409 -0.02093044 -0.00590162
v -0.00326093 -0.02310727 0.00448274
v -0.00336377 -0.02323143 0.00433776
v -0.00333957 -0.02349377 0.00406126
v -0.00316112 -0.02351780 0.00408966
v -0.00297864 -0.02353783 0.00411357
v -0.00566246 -0.01800064 0.00604906
v -0.00537412 -0.01798462 0.00616564
v -0.00539428 -0.01826899 0.00608493
v -0.00496580 -0.01837312 0.00621496
v -0.00486901 -0.01827700 0.00626876
v -0.00971139 -0.01236532 -0.00357456
v -0.00974970 -0.01209698 -0.00357456
v -0.00976986 -0.01236532 -0.00330703
v -0.00980515 -0.01210699 -0.00330404
v -0.00955411 -0.01409958 -0.00316205
v -0.00974062 -0.01290202 -0.00303800
v -0.00977793 -0.01263367 -0.00303800
v -0.00982128 -0.01246946 -0.00287061
v -0.00983136 -0.01228923 -0.00296626
v -0.00983035 -0.01255157 -0.00269126
v -0.00987270 -0.01209698 -0.00276898
v -0.00982027 -0.01272980 -0.00257319
v -0.00980717 -0.01288400 -0.00249099
v -0.00976986 -0.01317037 -0.00250145
v -0.00978700 -0.01317037 -0.00223242
v -0.00981422 -0.01295008 -0.00223242
v -0.00984951 -0.01263367 -0.00223242
v -0.00968013 -0.01397541 -0.00223242
v -0.00961964 -0.01451211 -0.00196340
v -0.00975171 -0.01343872 -0.00223242
v -0.00957226 -0.01473840 -0.00223242
v -0.00957427 -0.01479648 -0.00195742
v -0.00955713 -0.01492264 -0.00186326
v -0.00948454 -0.01531716 -0.00196340
v -0.00953495 -0.01502678 -0.00195742
v -0.00934239 -0.01612220 -0.00196340
v -0.00930307 -0.01632446 -0.00196340
v -0.00931012 -0.01635651 -0.00169587
v -0.00939078 -0.01585385 -0.00196340
v -0.00928391 -0.01650670 -0.00142684
v -0.00928492 -0.01651071 -0.00089029
v -0.00925266 -0.01665890 0.00071938
v -0.00919418 -0.01692725 0.00045035
v -0.00919216 -0.01692725 0.00098840
v -0.00913369 -0.01719559 0.00045035
v -0.00902984 -0.01764017 0.00098840
v -0.00899557 -0.01777435 -0.00115931
v -0.00893608 -0.01800064 0.00098840
v -0.00902984 -0.01764017 -0.00089029
v -0.00886148 -0.01826899 0.00098840
v -0.00874957 -0.01866951 0.00071938
v -0.00874856 -0.01866550 0.00098840
v -0.00870823 -0.01880568 0.00098840
v -0.00863060 -0.01907403 0.00098840
v -0.00854692 -0.01934438 0.00125593
v -0.00849348 -0.01951060 0.00125593
v -0.00848945 -0.01949858 0.00152496
v -0.00848441 -0.01948457 0.00169235
v -0.00847735 -0.01946454 0.00187021
v -0.00851264 -0.01930633 0.00206151
v -0.00846929 -0.01944051 0.00206151
v -0.00840879 -0.01961273 0.00206151
v -0.00844912 -0.01938644 0.00233054
v -0.00848340 -0.01921422 0.00247103
v -0.00846425 -0.01916014 0.00265038
v -0.00821824 -0.01975892 0.00274902
v -0.00824647 -0.01960272 0.00285065
v -0.00822530 -0.01950659 0.00303598
v -0.00825756 -0.01934038 0.00313014
v -0.00819506 -0.01942849 0.00321533
v -0.00740362 -0.02000724 0.00407023
v -0.00736632 -0.02014943 0.00402390
v -0.00717678 -0.02034568 0.00411357
v -0.00709713 -0.02014943 0.00430488
v -0.00696304 -0.02014943 0.00442594
v -0.00691464 -0.01981700 0.00464864
v -0.00709310 -0.01966680 0.00457092
v -0.00700437 -0.01959070 0.00468301
v -0.00685516 -0.01944852 0.00486983
v -0.00718283 -0.01934438 0.00465013
v -0.00767281 -0.02054394 0.00326166
v -0.00771919 -0.02036371 0.00334536
v -0.00777363 -0.02016745 0.00342308
v -0.00790167 -0.01990111 0.00341560
v -0.00802366 -0.01990111 0.00315555
v -0.00797527 -0.02008535 0.00307932
v -0.00793595 -0.02026358 0.00297769
v -0.00767079 -0.02081029 0.00298815
v -0.00763651 -0.02043981 0.00342308
v -0.00750343 -0.02069814 0.00341710
v -0.00744697 -0.02088839 0.00333639
v -0.00739555 -0.02106662 0.00324821
v -0.00735119 -0.02096849 0.00341710
v -0.00721105 -0.02121481 0.00339767
v -0.00716064 -0.02112069 0.00356506
v -0.00719996 -0.02093245 0.00366221
v -0.00737640 -0.02049988 0.00376683
v -0.00714351 -0.02082631 0.00381167
v -0.00718585 -0.02068613 0.00386248
v -0.00727659 -0.02042178 0.00394469
v -0.00647507 -0.01853333 0.00548560
v -0.00619983 -0.01855336 0.00563506
v -0.00595081 -0.01855336 0.00576060
v -0.00600021 -0.01880568 0.00565449
v -0.00581167 -0.01895988 0.00569335
v -0.00586511 -0.01880568 0.00571876
v -0.00574009 -0.01832106 0.00592949
v -0.00556063 -0.01845122 0.00596835
v -0.00565540 -0.01824696 0.00598778
v -0.00655875 -0.01934438 0.00511943
v -0.00636719 -0.01952662 0.00517024
v -0.00642466 -0.01934438 0.00520611
v -0.00656883 -0.01861744 0.00539742
v -0.00647507 -0.01883372 0.00537201
v -0.00638937 -0.01876163 0.00545123
v -0.00457159 -0.01959471 0.00598031
v -0.00446875 -0.01975892 0.00595938
v -0.00458974 -0.01934438 0.00605504
v -0.00429635 -0.02012340 0.00588017
v -0.00432861 -0.02042779 0.00574715
v -0.00424292 -0.02059601 0.00570530
v -0.00456353 -0.01904800 0.00615667
v -0.00412798 -0.02077424 0.00566645
v -0.00404430 -0.02094046 0.00561862
v -0.00404934 -0.02122883 0.00547813
v -0.00378419 -0.02102857 0.00565897
v -0.00378419 -0.02122282 0.00556481
v -0.00485893 -0.01907403 0.00605055
v -0.00485893 -0.01880568 0.00612977
v -0.00350492 -0.02203588 0.00520910
v -0.00358658 -0.02213000 0.00512989
v -0.00350492 -0.02227619 0.00505516
v -0.00351601 -0.02247645 0.00491318
v -0.00351601 -0.02261062 0.00481603
v -0.00373378 -0.02274079 0.00464415
v -0.00351601 -0.02292103 0.00457092
v -0.00378419 -0.02157328 0.00538995
v -0.00393038 -0.02190170 0.00515380
v -0.00378419 -0.02194176 0.00517772
v -0.00378419 -0.02143910 0.00545720
v -0.00163672 -0.02444100 -0.00276898
v -0.00163672 -0.02434688 -0.00298719
v -0.00163672 -0.02428680 -0.00312170
v -0.00136854 -0.02435088 -0.00299615
v -0.00163672 -0.02453913 -0.00252686
v -0.00163672 -0.02418667 -0.00330703
v -0.00136854 -0.02408253 -0.00350730
v -0.00163672 -0.02399442 -0.00363285
v -0.00287076 -0.02485153 -0.00008471
v -0.00285866 -0.02484953 -0.00029694
v -0.00284253 -0.02484753 -0.00047479
v -0.00281430 -0.02484352 -0.00062126
v -0.00297864 -0.02480147 -0.00089029
v -0.00271449 -0.02483351 -0.00089627
v -0.00297864 -0.02477143 -0.00115931
v -0.00271046 -0.02480147 -0.00115931
v -0.00297864 -0.02473138 -0.00142684
v -0.00271046 -0.02470735 -0.00169587
v -0.00244228 -0.02473138 -0.00169587
v -0.00217409 -0.02475140 -0.00169587
v -0.00190491 -0.02476943 -0.00169587
v -0.00324783 -0.02473338 0.00125593
v -0.00324783 -0.02476342 0.00098840
v -0.00286269 -0.02484953 0.00039356
v -0.00287378 -0.02485153 0.00018282
v -0.00324783 -0.02478144 0.00071938
v -0.00296251 -0.02483351 0.00046978
v -0.00297864 -0.02467530 0.00179249
v -0.00324783 -0.02469132 0.00152496
v -0.00271046 -0.02463726 0.00206151
v -0.00190491 -0.02470134 -0.00196340
v -0.00192305 -0.02461723 -0.00225783
v -0.00184542 -0.02458318 -0.00238039
v -0.00271046 -0.02422071 0.00313612
v -0.00271046 -0.02429882 0.00297470
v -0.00271046 -0.02436090 0.00284168
v -0.00246143 -0.02437091 0.00289101
v -0.00271046 -0.02409856 0.00337376
v -0.00244228 -0.02449107 0.00259807
v -0.00271046 -0.02454514 0.00235893
v -0.00271046 -0.02458919 0.00222592
v -0.00298469 -0.02368802 0.00392227
v -0.00307744 -0.02376612 0.00379672
v -0.00271046 -0.02402446 0.00350827
v -0.00651237 -0.01585385 -0.00608845
v -0.00646801 -0.01639055 -0.00599578
v -0.00663134 -0.01658080 -0.00587323
v -0.00794502 -0.01545133 -0.00532023
v -0.00796620 -0.01531716 -0.00533816
v -0.00800854 -0.01504681 -0.00537254
v -0.00764559 -0.01639055 -0.00529781
v -0.00751150 -0.01639055 -0.00539197
v -0.00647507 -0.01771827 -0.00564455
v -0.00638433 -0.01800064 -0.00561616
v -0.00656984 -0.01780038 -0.00556983
v -0.00671704 -0.01771827 -0.00551004
v -0.00690154 -0.01793055 -0.00533966
v -0.00711931 -0.01755406 -0.00530678
v -0.00728264 -0.01691523 -0.00539197
v -0.00741874 -0.01681710 -0.00532770
v -0.00745403 -0.01665890 -0.00535162
v -0.00775851 -0.01665890 -0.00512145
v -0.00782706 -0.01638855 -0.00514835
v -0.00795914 -0.01629643 -0.00506466
v -0.00780085 -0.01614423 -0.00524251
v -0.00787546 -0.01585385 -0.00526344
v -0.00866689 -0.01317037 -0.00524102
v -0.00875360 -0.01358491 -0.00505419
v -0.00846425 -0.01370707 -0.00530379
v -0.00839367 -0.01424376 -0.00523952
v -0.00814263 -0.01504681 -0.00525596
v -0.00819506 -0.01565960 -0.00503476
v -0.00835939 -0.01476043 -0.00513939
v -0.00848441 -0.01465630 -0.00505419
v -0.00833217 -0.01452813 -0.00522607
v -0.00850357 -0.01451211 -0.00507213
v -0.00902380 -0.01332857 -0.00478965
v -0.00876670 -0.01444803 -0.00480310
v -0.00914881 -0.01317037 -0.00464916
v -0.00902884 -0.01415765 -0.00452960
v -0.00927887 -0.01299014 -0.00449970
v -0.00908731 -0.01342670 -0.00466411
v -0.00270441 -0.01932636 -0.00636046
v -0.00297864 -0.01961273 -0.00625135
v -0.00351601 -0.01934438 -0.00623491
v -0.00324783 -0.01961273 -0.00620801
v -0.00378419 -0.01907403 -0.00625434
v -0.00432156 -0.01880568 -0.00619606
v -0.00407757 -0.01910007 -0.00617961
v -0.00478735 -0.01847926 -0.00614524
v -0.00496680 -0.01837312 -0.00611684
v -0.00521583 -0.01806873 -0.00610937
v -0.00512610 -0.01827700 -0.00608546
v -0.00527431 -0.01788849 -0.00613179
v -0.00432156 -0.01900594 -0.00614375
v -0.00418243 -0.01920620 -0.00612432
v -0.00432156 -0.01914012 -0.00610489
v -0.00432156 -0.01934438 -0.00604211
v -0.00458974 -0.01934438 -0.00595991
v -0.00456353 -0.01904800 -0.00606005
v -0.00485893 -0.01880568 -0.00603315
v -0.00464821 -0.01880568 -0.00610190
v -0.00584091 -0.01800064 -0.00587771
v -0.00618068 -0.01664488 -0.00606304
v -0.00556467 -0.01738784 -0.00613926
v -0.00565742 -0.01716956 -0.00615421
v -0.00574312 -0.01724366 -0.00610489
v -0.00580159 -0.01814282 -0.00585977
v -0.00934642 -0.01290202 -0.00439807
v -0.00951076 -0.01182863 -0.00441750
v -0.00967207 -0.01263367 -0.00357456
v -0.00956721 -0.01392134 -0.00321735
v -0.00953193 -0.01236532 -0.00418584
v -0.00933130 -0.01317037 -0.00433231
v -0.00930710 -0.01343872 -0.00428448
v -0.00929198 -0.01359692 -0.00425459
v -0.00933230 -0.01369505 -0.00412307
v -0.00927484 -0.01377716 -0.00421872
v -0.00923854 -0.01425578 -0.00410065
v -0.00918410 -0.01451211 -0.00411261
v -0.00926778 -0.01451211 -0.00392578
v -0.00928089 -0.01488259 -0.00368665
v -0.00932827 -0.01478847 -0.00358801
v -0.00924560 -0.01478847 -0.00383611
v -0.00902480 -0.01601606 -0.00372252
v -0.00940893 -0.01477846 -0.00330703
v -0.00951176 -0.01451211 -0.00303800
v -0.00946639 -0.01477846 -0.00303800
v -0.00183635 -0.02351380 -0.00425459
v -0.00163672 -0.02364597 -0.00411261
v -0.00217409 -0.02374209 -0.00393326
v -0.00163672 -0.02386025 -0.00383013
v -0.00163672 -0.02376212 -0.00396315
v -0.00217409 -0.02322742 -0.00450568
v -0.00244228 -0.02320740 -0.00448775
v -0.00244228 -0.02307322 -0.00460283
v -0.00244228 -0.02291101 -0.00473734
v -0.00217409 -0.02280087 -0.00486588
v -0.00188676 -0.02285294 -0.00486438
v -0.00217409 -0.02262464 -0.00499889
v -0.00217409 -0.02249047 -0.00509156
v -0.00190491 -0.02251650 -0.00510800
v -0.00205311 -0.02216605 -0.00532172
v -0.00190491 -0.02202787 -0.00540841
v -0.00209646 -0.02163936 -0.00559673
v -0.00217409 -0.02122282 -0.00577907
v -0.00217409 -0.02106462 -0.00584782
v -0.00271046 -0.02041778 -0.00603165
v -0.00271046 -0.02021151 -0.00610339
v -0.00289395 -0.02003929 -0.00613328
v -0.00298166 -0.01989510 -0.00616616
v -0.00244228 -0.02089440 -0.00588668
v -0.00271046 -0.02084834 -0.00586874
v -0.00271046 -0.02068613 -0.00593151
v -0.00351601 -0.02320139 0.00430936
v -0.00378419 -0.02328350 0.00412404
v -0.00351601 -0.02333156 0.00417635
v -0.00351601 -0.02306722 0.00443640
v -0.00351601 -0.02346573 0.00402689
v -0.00351601 -0.02357187 0.00389238
v -0.00368841 -0.02378415 0.00355460
v -0.00351601 -0.02370805 0.00371900
v -0.00324883 -0.02359791 0.00395963
v -0.00514828 -0.01882571 0.00602066
v -0.00954604 -0.01426579 -0.00305893
v -0.00956721 -0.01418969 -0.00298420
v -0.00958335 -0.01426579 -0.00278990
v -0.00956721 -0.01445404 -0.00271517
v -0.00962670 -0.01397541 -0.00276898
v -0.00977591 -0.01290202 -0.00276898
v -0.00981019 -0.01263768 -0.00277645
v -0.00962267 -0.01424376 -0.00250145
v -0.00964384 -0.01424376 -0.00223242
v -0.00960653 -0.01451211 -0.00223242
v -0.00956419 -0.01469435 -0.00244017
v -0.00947043 -0.01531716 -0.00223242
v -0.00932726 -0.01612220 -0.00223242
v -0.00929500 -0.01629042 -0.00223242
v -0.00927282 -0.01645864 -0.00196340
v -0.00927988 -0.01649068 -0.00169587
v -0.00924963 -0.01665890 -0.00142684
v -0.00942304 -0.01558550 -0.00223242
v -0.00919216 -0.01692725 -0.00089029
v -0.00919418 -0.01692725 -0.00035373
v -0.00925266 -0.01665890 -0.00062126
v -0.00913369 -0.01719559 -0.00035373
v -0.00907118 -0.01746394 0.00071938
v -0.00899557 -0.01777034 -0.00142684
v -0.00893306 -0.01800064 -0.00142684
v -0.00893407 -0.01800064 -0.00115931
v -0.00886148 -0.01826899 0.00071938
v -0.00902884 -0.01764017 -0.00115931
v -0.00907118 -0.01746394 -0.00062126
v -0.00874957 -0.01866951 0.00018282
v -0.00871125 -0.01880568 0.00045035
v -0.00871025 -0.01880568 0.00071938
v -0.00863362 -0.01907403 0.00045035
v -0.00854893 -0.01934438 0.00098840
v -0.00845013 -0.01964878 0.00045035
v -0.00844912 -0.01964678 0.00098840
v -0.00844811 -0.01964477 0.00125593
v -0.00836746 -0.01988108 0.00125593
v -0.00835738 -0.01988108 0.00152496
v -0.00833721 -0.01988108 0.00179249
v -0.00831100 -0.01988108 0.00206151
v -0.00822429 -0.02004129 0.00224535
v -0.00836645 -0.01961273 0.00233054
v -0.00830797 -0.01961273 0.00259807
v -0.00819001 -0.01968683 0.00292837
v -0.00818497 -0.01993916 0.00259807
v -0.00810331 -0.02014943 0.00259807
v -0.00796922 -0.02033567 0.00279984
v -0.00814666 -0.01986106 0.00285065
v -0.00815574 -0.01960272 0.00313014
v -0.00712032 -0.02052392 0.00405529
v -0.00688238 -0.02083632 0.00408667
v -0.00701244 -0.02042779 0.00421670
v -0.00690456 -0.02033167 0.00437363
v -0.00680677 -0.02014943 0.00456045
v -0.00685818 -0.01999523 0.00460230
v -0.00680273 -0.01961273 0.00483247
v -0.00667268 -0.02014943 0.00466358
v -0.00666864 -0.01961273 0.00492812
v -0.00764055 -0.02070615 0.00315704
v -0.00750444 -0.02096849 0.00314957
v -0.00801358 -0.02016345 0.00288054
v -0.00789865 -0.02042178 0.00288054
v -0.00776052 -0.02070615 0.00288652
v -0.00770608 -0.02087637 0.00280880
v -0.00763147 -0.02096248 0.00288652
v -0.00739354 -0.02133297 0.00296723
v -0.00744496 -0.02115473 0.00306886
v -0.00735019 -0.02123484 0.00314957
v -0.00720904 -0.02148516 0.00312864
v -0.00710519 -0.02157128 0.00321384
v -0.00710015 -0.02130092 0.00348286
v -0.00685818 -0.02160732 0.00352321
v -0.00692069 -0.02142909 0.00359645
v -0.00700337 -0.02121882 0.00366968
v -0.00708503 -0.02100654 0.00374441
v -0.00690658 -0.02113871 0.00384604
v -0.00706688 -0.02068613 0.00399700
v -0.00622705 -0.01883372 0.00551998
v -0.00566246 -0.01880568 0.00581291
v -0.00615648 -0.01907403 0.00547066
v -0.00609700 -0.01925627 0.00543628
v -0.00591350 -0.01906001 0.00560666
v -0.00565742 -0.01934438 0.00562609
v -0.00549409 -0.01943450 0.00567093
v -0.00565742 -0.01906001 0.00572922
v -0.00565540 -0.01853934 0.00589960
v -0.00549611 -0.01862946 0.00594145
v -0.00646095 -0.01961474 0.00506861
v -0.00630368 -0.01970485 0.00513138
v -0.00620891 -0.01961474 0.00522554
v -0.00603449 -0.01943450 0.00540041
v -0.00629057 -0.01907403 0.00539144
v -0.00633392 -0.01893986 0.00541685
v -0.00473794 -0.01949258 0.00595938
v -0.00464821 -0.01967281 0.00592949
v -0.00457159 -0.01986106 0.00588465
v -0.00460587 -0.02016545 0.00575612
v -0.00452723 -0.02034568 0.00571278
v -0.00442238 -0.02052592 0.00567541
v -0.00434071 -0.02097650 0.00549905
v -0.00432861 -0.02068412 0.00563655
v -0.00426409 -0.02114272 0.00544525
v -0.00413605 -0.02132295 0.00540041
v -0.00395659 -0.02138303 0.00543030
v -0.00505452 -0.01907403 0.00597881
v -0.00483977 -0.01931835 0.00597881
v -0.00378419 -0.02207593 0.00509551
v -0.00405338 -0.02220810 0.00491318
v -0.00376906 -0.02230222 0.00494905
v -0.00366925 -0.02244040 0.00488777
v -0.00379125 -0.02256857 0.00475027
v -0.00391223 -0.02269674 0.00460978
v -0.00380738 -0.02283091 0.00453804
v -0.00378419 -0.02301315 0.00438708
v -0.00424897 -0.02166740 0.00517473
v -0.00403321 -0.02175752 0.00520014
v -0.00404934 -0.02147916 0.00534810
v -0.00410883 -0.02184763 0.00511943
v -0.00403321 -0.02200584 0.00505068
v -0.00190491 -0.02442698 -0.00276898
v -0.00190491 -0.02434087 -0.00297224
v -0.00190491 -0.02427879 -0.00310675
v -0.00190491 -0.02417065 -0.00330703
v -0.00192305 -0.02453913 -0.00248202
v -0.00217409 -0.02441096 -0.00276898
v -0.00190491 -0.02406852 -0.00348638
v -0.00190491 -0.02398641 -0.00362089
v -0.00300787 -0.02483351 0.00018282
v -0.00324783 -0.02479546 -0.00008471
v -0.00324783 -0.02478945 -0.00035373
v -0.00324783 -0.02478144 -0.00062126
v -0.00324783 -0.02476342 -0.00089029
v -0.00324783 -0.02473338 -0.00115931
v -0.00324783 -0.02469132 -0.00142684
v -0.00297864 -0.02467530 -0.00169587
v -0.00271046 -0.02463726 -0.00196340
v -0.00244228 -0.02466529 -0.00196340
v -0.00217409 -0.02468532 -0.00196340
v -0.00351601 -0.02468331 0.00125593
v -0.00351601 -0.02471335 0.00098840
v -0.00351601 -0.02473138 0.00071938
v -0.00324783 -0.02479145 0.00045035
v -0.00295847 -0.02460521 0.00206749
v -0.00324783 -0.02459119 0.00197034
v -0.00338897 -0.02457918 0.00193148
v -0.00324783 -0.02463325 0.00179249
v -0.00349383 -0.02459520 0.00178203
v -0.00367631 -0.02458318 0.00168338
v -0.00351601 -0.02464126 0.00152496
v -0.00285463 -0.02458118 0.00219901
v -0.00217409 -0.02461523 -0.00221000
v -0.00202387 -0.02457718 -0.00236395
v -0.00217409 -0.02451510 -0.00250145
v -0.00297864 -0.02418066 0.00313612
v -0.00297864 -0.02427879 0.00293285
v -0.00297864 -0.02434087 0.00279984
v -0.00297864 -0.02442698 0.00259807
v -0.00271046 -0.02446103 0.00259807
v -0.00297864 -0.02407853 0.00333191
v -0.00295847 -0.02453312 0.00230513
v -0.00351601 -0.02380417 0.00358599
v -0.00324783 -0.02383421 0.00363232
v -0.00297864 -0.02399642 0.00346642
v -0.00324783 -0.02374610 0.00376683
v -0.00318935 -0.02405850 0.00329604
v -0.00648414 -0.01666691 -0.00592105
v -0.00630872 -0.01728771 -0.00584632
v -0.00634501 -0.01815284 -0.00559523
v -0.00798838 -0.01612220 -0.00509006
v -0.00812247 -0.01612220 -0.00496900
v -0.00758812 -0.01665890 -0.00525596
v -0.00770507 -0.01692725 -0.00507661
v -0.00651842 -0.01800064 -0.00554143
v -0.00675535 -0.01801266 -0.00540094
v -0.00685718 -0.01811078 -0.00531126
v -0.00699631 -0.01801266 -0.00524700
v -0.00707999 -0.01773229 -0.00527838
v -0.00728768 -0.01773029 -0.00513341
v -0.00742479 -0.01764017 -0.00506466
v -0.00792788 -0.01647666 -0.00503626
v -0.00823538 -0.01632246 -0.00480460
v -0.00873142 -0.01376514 -0.00503028
v -0.00857011 -0.01476043 -0.00493014
v -0.00874553 -0.01462626 -0.00477620
v -0.00865681 -0.01452813 -0.00490175
v -0.00870520 -0.01397541 -0.00500188
v -0.00826563 -0.01612220 -0.00483449
v -0.00849147 -0.01548537 -0.00479414
v -0.00851566 -0.01531716 -0.00481954
v -0.00900464 -0.01350881 -0.00476275
v -0.00884434 -0.01452813 -0.00467158
v -0.00893709 -0.01424577 -0.00463123
v -0.00900968 -0.01433588 -0.00449970
v -0.00907017 -0.01451211 -0.00433381
v -0.00926173 -0.01317037 -0.00446682
v -0.00324783 -0.01981499 -0.00614823
v -0.00351097 -0.01961874 -0.00615869
v -0.00371563 -0.01953263 -0.00614225
v -0.00341821 -0.01976693 -0.00613328
v -0.00379729 -0.01935840 -0.00617214
v -0.00487002 -0.01855536 -0.00609891
v -0.00512711 -0.01853734 -0.00601372
v -0.00537613 -0.01798862 -0.00606902
v -0.00539428 -0.01826899 -0.00598831
v -0.00545780 -0.01773229 -0.00609891
v -0.00407757 -0.01935840 -0.00610489
v -0.00405338 -0.01961273 -0.00603464
v -0.00432156 -0.01961273 -0.00595842
v -0.00457159 -0.01959471 -0.00588369
v -0.00473794 -0.01949258 -0.00586276
v -0.00485893 -0.01907403 -0.00595393
v -0.00514828 -0.01882571 -0.00592404
v -0.00635812 -0.01710748 -0.00586874
v -0.00566246 -0.01773229 -0.00601820
v -0.00566246 -0.01800064 -0.00595244
v -0.00565540 -0.01824696 -0.00589116
v -0.00556063 -0.01845122 -0.00587173
v -0.00549712 -0.01863146 -0.00584483
v -0.00566246 -0.01880568 -0.00571480
v -0.00605263 -0.01865349 -0.00558178
v -0.00590745 -0.01824696 -0.00577757
v -0.00619983 -0.01800064 -0.00570882
v -0.00903993 -0.01477846 -0.00428299
v -0.00912663 -0.01477846 -0.00411261
v -0.00918612 -0.01504681 -0.00384358
v -0.00928895 -0.01518899 -0.00344453
v -0.00930307 -0.01504681 -0.00349534
v -0.00900464 -0.01619429 -0.00366872
v -0.00905303 -0.01611219 -0.00357755
v -0.00910949 -0.01585385 -0.00357456
v -0.00916696 -0.01558550 -0.00357456
v -0.00913671 -0.01612220 -0.00330703
v -0.00927080 -0.01536722 -0.00338176
v -0.00904396 -0.01531716 -0.00402742
v -0.00902480 -0.01547536 -0.00399005
v -0.00900363 -0.01565560 -0.00394521
v -0.00895221 -0.01611219 -0.00382415
v -0.00929601 -0.01549338 -0.00320241
v -0.00955411 -0.01463427 -0.00261802
v -0.00954503 -0.01453214 -0.00278990
v -0.00950571 -0.01477846 -0.00276898
v -0.00927786 -0.01567162 -0.00312020
v -0.00931113 -0.01558350 -0.00303352
v -0.00927786 -0.01593396 -0.00284221
v -0.00925871 -0.01611019 -0.00275852
v -0.00927584 -0.01619029 -0.00256123
v -0.00928996 -0.01626639 -0.00238188
v -0.00217409 -0.02360592 -0.00409766
v -0.00217409 -0.02349177 -0.00423217
v -0.00217409 -0.02335759 -0.00437117
v -0.00190491 -0.02375211 -0.00394970
v -0.00244228 -0.02372407 -0.00390934
v -0.00244228 -0.02358990 -0.00407524
v -0.00190491 -0.02385224 -0.00381519
v -0.00217409 -0.02383822 -0.00379874
v -0.00244228 -0.02333757 -0.00435324
v -0.00271046 -0.02331153 -0.00432783
v -0.00271046 -0.02317936 -0.00446234
v -0.00271046 -0.02304519 -0.00457892
v -0.00271046 -0.02288498 -0.00471343
v -0.00271046 -0.02275081 -0.00482403
v -0.00244228 -0.02277684 -0.00484495
v -0.00244228 -0.02259260 -0.00497797
v -0.00270138 -0.02254254 -0.00497050
v -0.00278506 -0.02241637 -0.00504224
v -0.00215494 -0.02227218 -0.00523653
v -0.00223156 -0.02214202 -0.00530827
v -0.00215494 -0.02204189 -0.00537403
v -0.00227491 -0.02161733 -0.00558477
v -0.00218115 -0.02151320 -0.00564605
v -0.00244228 -0.02122282 -0.00574619
v -0.00244228 -0.02102857 -0.00583287
v -0.00297864 -0.02041778 -0.00599130
v -0.00298166 -0.02013741 -0.00608695
v -0.00285261 -0.02082431 -0.00585828
v -0.00271046 -0.02098251 -0.00581344
v -0.00378419 -0.02314732 0.00425855
v -0.00395155 -0.02325146 0.00408966
v -0.00378419 -0.02341767 0.00397159
v -0.00392433 -0.02350779 0.00380868
v -0.00378419 -0.02352982 0.00383857
v -0.00405338 -0.02381819 0.00333639
v -0.00378015 -0.02384623 0.00341710
v -0.00351601 -0.02402246 0.00323476
v -0.00351601 -0.02391832 0.00340365
v -0.00378015 -0.02367601 0.00365474
v -0.00386686 -0.02375611 0.00351425
v -0.00525011 -0.01892784 0.00595042
v -0.00958032 -0.01453214 -0.00251789
v -0.00910344 -0.01719559 -0.00196340
v -0.00902480 -0.01762215 -0.00164655
v -0.00911957 -0.01719559 -0.00169587
v -0.00912865 -0.01719559 -0.00142684
v -0.00913167 -0.01719559 -0.00089029
v -0.00892197 -0.01800064 -0.00169587
v -0.00902783 -0.01763617 -0.00142684
v -0.00899557 -0.01772028 -0.00171978
v -0.00885543 -0.01826899 -0.00142684
v -0.00862657 -0.01907403 -0.00115931
v -0.00863261 -0.01907403 -0.00035373
v -0.00871025 -0.01880568 -0.00008471
v -0.00871125 -0.01880568 0.00018282
v -0.00878687 -0.01853533 0.00018282
v -0.00906916 -0.01746394 -0.00115931
v -0.00863463 -0.01907403 0.00018282
v -0.00854994 -0.01934438 0.00045035
v -0.00849449 -0.01951461 0.00018282
v -0.00837351 -0.01988108 0.00018282
v -0.00837149 -0.01988108 0.00071938
v -0.00836947 -0.01988108 0.00098840
v -0.00827067 -0.02014943 0.00125593
v -0.00821522 -0.02028961 0.00141735
v -0.00825353 -0.02016745 0.00151450
v -0.00825152 -0.02011539 0.00179249
v -0.00823740 -0.02007734 0.00206151
v -0.00818497 -0.02021151 0.00206151
v -0.00810129 -0.02041778 0.00206151
v -0.00805391 -0.02041778 0.00233054
v -0.00816683 -0.02013942 0.00233353
v -0.00820514 -0.01999122 0.00242470
v -0.00795309 -0.02056797 0.00249345
v -0.00799140 -0.02042178 0.00258910
v -0.00792788 -0.02051590 0.00267280
v -0.00681685 -0.02101655 0.00402390
v -0.00673115 -0.02093845 0.00415393
v -0.00660210 -0.02081830 0.00434225
v -0.00674728 -0.02071216 0.00428097
v -0.00684306 -0.02051190 0.00431833
v -0.00673115 -0.02040777 0.00447377
v -0.00661924 -0.02030563 0.00462472
v -0.00655573 -0.01994717 0.00484741
v -0.00661723 -0.01976693 0.00489076
v -0.00646700 -0.01986706 0.00494755
v -0.00773633 -0.02096248 0.00259508
v -0.00765970 -0.02105661 0.00268326
v -0.00748730 -0.02123484 0.00287457
v -0.00743084 -0.02139705 0.00278937
v -0.00737942 -0.02157728 0.00266383
v -0.00734010 -0.02148917 0.00287457
v -0.00715964 -0.02165338 0.00303449
v -0.00701042 -0.02176753 0.00314359
v -0.00686020 -0.02188168 0.00325269
v -0.00692573 -0.02170144 0.00334386
v -0.00680475 -0.02177955 0.00342158
v -0.00661017 -0.02217205 0.00327960
v -0.00666259 -0.02175952 0.00360542
v -0.00659908 -0.02162134 0.00380420
v -0.00539428 -0.01907403 0.00584131
v -0.00540235 -0.01882571 0.00592052
v -0.00593972 -0.01934438 0.00548560
v -0.00585604 -0.01955466 0.00544824
v -0.00568363 -0.01963076 0.00550354
v -0.00540033 -0.01962475 0.00564104
v -0.00523902 -0.01972287 0.00567691
v -0.00531463 -0.01954464 0.00570979
v -0.00540033 -0.01934438 0.00574416
v -0.00556366 -0.01925627 0.00570232
v -0.00637627 -0.02007734 0.00491019
v -0.00631376 -0.02025557 0.00486684
v -0.00621395 -0.02015944 0.00497445
v -0.00620891 -0.01989910 0.00509850
v -0.00599819 -0.02014943 0.00510897
v -0.00605465 -0.02000124 0.00514334
v -0.00612422 -0.01982301 0.00518370
v -0.00593972 -0.01963076 0.00537201
v -0.00578748 -0.01973489 0.00541237
v -0.00491639 -0.01939044 0.00592501
v -0.00483977 -0.01959471 0.00588465
v -0.00487405 -0.01989510 0.00575911
v -0.00470669 -0.02026558 0.00567990
v -0.00458974 -0.02068613 0.00553791
v -0.00444355 -0.02107863 0.00541237
v -0.00433164 -0.02150519 0.00523003
v -0.00518861 -0.01907403 0.00592650
v -0.00510190 -0.01931835 0.00587718
v -0.00384770 -0.02239635 0.00485489
v -0.00419755 -0.02216805 0.00488478
v -0.00405338 -0.02252451 0.00468152
v -0.00405338 -0.02265869 0.00458138
v -0.00432156 -0.02275281 0.00438858
v -0.00404027 -0.02284293 0.00443192
v -0.00412193 -0.02293905 0.00431534
v -0.00394247 -0.02297910 0.00435420
v -0.00433164 -0.02175752 0.00508505
v -0.00430139 -0.02202386 0.00493261
v -0.00442843 -0.02160532 0.00513736
v -0.00217409 -0.02433286 -0.00294982
v -0.00217409 -0.02426477 -0.00308433
v -0.00217409 -0.02414662 -0.00330703
v -0.00217409 -0.02405850 -0.00346844
v -0.00244228 -0.02449107 -0.00250145
v -0.00246446 -0.02437091 -0.00279439
v -0.00238985 -0.02432285 -0.00292591
v -0.00217409 -0.02397239 -0.00360295
v -0.00324783 -0.02479546 0.00018282
v -0.00351601 -0.02474740 0.00018282
v -0.00351601 -0.02474540 -0.00008471
v -0.00351601 -0.02474139 -0.00035373
v -0.00351601 -0.02473338 -0.00062126
v -0.00351601 -0.02471335 -0.00089029
v -0.00351601 -0.02468331 -0.00115931
v -0.00351601 -0.02464126 -0.00142684
v -0.00367631 -0.02458318 -0.00158676
v -0.00349282 -0.02459520 -0.00168391
v -0.00324783 -0.02463325 -0.00169587
v -0.00338797 -0.02457918 -0.00183337
v -0.00324783 -0.02459119 -0.00187223
v -0.00295646 -0.02460521 -0.00196938
v -0.00303106 -0.02456917 -0.00206204
v -0.00271046 -0.02458919 -0.00212631
v -0.00244228 -0.02460321 -0.00217114
v -0.00377310 -0.02459520 0.00150403
v -0.00392433 -0.02458118 0.00139941
v -0.00378419 -0.02462724 0.00125593
v -0.00396062 -0.02458919 0.00125593
v -0.00378419 -0.02465328 0.00098840
v -0.00378419 -0.02467130 0.00071938
v -0.00351601 -0.02474139 0.00045035
v -0.00303409 -0.02456917 0.00216016
v -0.00324783 -0.02455515 0.00210486
v -0.00349383 -0.02453312 0.00203760
v -0.00356843 -0.02456516 0.00186273
v -0.00377310 -0.02454313 0.00178203
v -0.00385577 -0.02456716 0.00157876
v -0.00217409 -0.02457117 -0.00234452
v -0.00326799 -0.02426878 0.00285813
v -0.00326597 -0.02411858 0.00316003
v -0.00319238 -0.02432485 0.00276247
v -0.00324783 -0.02448506 0.00233054
v -0.00326799 -0.02436891 0.00262348
v -0.00336780 -0.02403848 0.00326465
v -0.00619781 -0.01825297 -0.00563559
v -0.00615345 -0.01907403 -0.00537403
v -0.00644785 -0.01825297 -0.00549958
v -0.00667368 -0.01826899 -0.00536208
v -0.00767785 -0.01706543 -0.00505270
v -0.00716468 -0.01817887 -0.00506914
v -0.00720904 -0.01800064 -0.00510053
v -0.00662227 -0.01843520 -0.00533219
v -0.00642466 -0.01934438 -0.00510800
v -0.00660109 -0.01920620 -0.00504971
v -0.00665251 -0.01902797 -0.00508558
v -0.00701647 -0.01826899 -0.00513789
v -0.00738648 -0.01781840 -0.00503476
v -0.00820514 -0.01650069 -0.00477471
v -0.00789260 -0.01665890 -0.00500338
v -0.00803979 -0.01665890 -0.00487036
v -0.00849247 -0.01629042 -0.00452810
v -0.00839972 -0.01612220 -0.00469101
v -0.00846626 -0.01566361 -0.00476574
v -0.00834931 -0.01639656 -0.00465066
v -0.00855297 -0.01504681 -0.00486139
v -0.00882417 -0.01477846 -0.00461628
v -0.00851566 -0.01612220 -0.00455650
v -0.00876570 -0.01523905 -0.00453557
v -0.00899052 -0.01451211 -0.00446832
v -0.00324783 -0.02014943 -0.00603763
v -0.00359767 -0.01971086 -0.00611535
v -0.00379729 -0.01961874 -0.00609592
v -0.00351097 -0.01986706 -0.00608097
v -0.00540235 -0.01853934 -0.00590910
v -0.00378419 -0.01988108 -0.00601372
v -0.00405338 -0.01988108 -0.00594497
v -0.00429635 -0.01986106 -0.00588070
v -0.00446875 -0.01975892 -0.00586127
v -0.00464821 -0.01967281 -0.00583138
v -0.00483977 -0.01959471 -0.00578803
v -0.00491740 -0.01939245 -0.00582839
v -0.00499604 -0.01921422 -0.00585828
v -0.00483977 -0.01931835 -0.00588219
v -0.00505553 -0.01907403 -0.00588219
v -0.00531867 -0.01874961 -0.00588070
v -0.00525011 -0.01892784 -0.00585380
v -0.00540235 -0.01882571 -0.00582241
v -0.00539428 -0.01907403 -0.00574320
v -0.00565641 -0.01906001 -0.00563260
v -0.00581167 -0.01895988 -0.00559523
v -0.00586511 -0.01880568 -0.00562064
v -0.00599920 -0.01880568 -0.00555637
v -0.00895826 -0.01477846 -0.00441750
v -0.00875662 -0.01601406 -0.00425609
v -0.00902178 -0.01492665 -0.00425160
v -0.00906614 -0.01502878 -0.00411709
v -0.00898347 -0.01640257 -0.00357755
v -0.00901371 -0.01650069 -0.00342211
v -0.00903489 -0.01632246 -0.00348937
v -0.00887055 -0.01639055 -0.00384358
v -0.00874755 -0.01705141 -0.00370309
v -0.00876066 -0.01736582 -0.00346396
v -0.00906816 -0.01640257 -0.00332197
v -0.00914780 -0.01639055 -0.00303800
v -0.00920527 -0.01612220 -0.00303800
v -0.00925064 -0.01558350 -0.00329806
v -0.00919216 -0.01585385 -0.00330703
v -0.00897540 -0.01531716 -0.00416193
v -0.00900061 -0.01510488 -0.00421125
v -0.00887055 -0.01585385 -0.00411261
v -0.00880300 -0.01611019 -0.00412157
v -0.00877679 -0.01639055 -0.00403041
v -0.00925971 -0.01584784 -0.00303352
v -0.00919922 -0.01639055 -0.00276898
v -0.00913772 -0.01665890 -0.00276898
v -0.00917805 -0.01665890 -0.00250145
v -0.00904799 -0.01720360 -0.00249846
v -0.00902480 -0.01735580 -0.00240729
v -0.00900262 -0.01753003 -0.00223242
v -0.00903489 -0.01739585 -0.00223242
v -0.00914579 -0.01692725 -0.00223242
v -0.00901371 -0.01757809 -0.00196340
v -0.00244228 -0.02347174 -0.00420976
v -0.00271046 -0.02369804 -0.00387945
v -0.00244228 -0.02382019 -0.00377483
v -0.00289899 -0.02378415 -0.00372252
v -0.00271046 -0.02356386 -0.00404535
v -0.00297864 -0.02328350 -0.00429495
v -0.00271046 -0.02344571 -0.00417837
v -0.00297864 -0.02341767 -0.00414848
v -0.00318532 -0.02325947 -0.00426804
v -0.00297864 -0.02314332 -0.00442946
v -0.00297864 -0.02300914 -0.00454903
v -0.00299981 -0.02282290 -0.00470297
v -0.00292520 -0.02272477 -0.00480310
v -0.00299981 -0.02259060 -0.00487933
v -0.00297864 -0.02238834 -0.00502131
v -0.00297864 -0.02225216 -0.00511099
v -0.00270138 -0.02231424 -0.00512145
v -0.00271046 -0.02206992 -0.00526941
v -0.00244228 -0.02197580 -0.00536507
v -0.00244228 -0.02175952 -0.00548164
v -0.00244228 -0.02159130 -0.00557132
v -0.00244228 -0.02145713 -0.00563708
v -0.00271046 -0.02122282 -0.00570583
v -0.00324783 -0.02041778 -0.00594198
v -0.00295746 -0.02069013 -0.00589116
v -0.00324783 -0.02059601 -0.00587472
v -0.00295746 -0.02093044 -0.00579401
v -0.00324783 -0.02073018 -0.00582092
v -0.00298771 -0.02124285 -0.00564904
v -0.00413101 -0.02321140 0.00405080
v -0.00432156 -0.02329752 0.00387145
v -0.00410379 -0.02347575 0.00376982
v -0.00403725 -0.02309525 0.00420325
v -0.00402918 -0.02357387 0.00367716
v -0.00422880 -0.02379015 0.00329305
v -0.00403321 -0.02395637 0.00311220
v -0.00378419 -0.02398841 0.00317498
v -0.00378419 -0.02406451 0.00304196
v -0.00351601 -0.02409856 0.00310025
v -0.00405338 -0.02372407 0.00347090
v -0.00901875 -0.01759812 -0.00182590
v -0.00897641 -0.01773229 -0.00196340
v -0.00890483 -0.01800064 -0.00196340
v -0.00884434 -0.01826899 -0.00169587
v -0.00874452 -0.01865148 -0.00142684
v -0.00862152 -0.01907403 -0.00142684
v -0.00854692 -0.01934438 -0.00115931
v -0.00854994 -0.01934438 -0.00035373
v -0.00849449 -0.01951461 -0.00008471
v -0.00837351 -0.01988108 -0.00008471
v -0.00827874 -0.02014943 0.00018282
v -0.00827269 -0.02014943 0.00098840
v -0.00822127 -0.02030363 0.00018282
v -0.00817086 -0.02043780 0.00018282
v -0.00821724 -0.02029161 0.00125593
v -0.00820010 -0.02024956 0.00179249
v -0.00816481 -0.02042579 0.00125593
v -0.00806298 -0.02068613 0.00125593
v -0.00804887 -0.02068613 0.00152496
v -0.00813255 -0.02041778 0.00179249
v -0.00794805 -0.02082831 0.00194792
v -0.00798737 -0.02069614 0.00204657
v -0.00793292 -0.02079226 0.00212727
v -0.00797023 -0.02061003 0.00233054
v -0.00791175 -0.02074420 0.00233054
v -0.00781194 -0.02095447 0.00233054
v -0.00787949 -0.02067011 0.00258910
v -0.00663840 -0.02113271 0.00410610
v -0.00654867 -0.02095447 0.00429890
v -0.00635308 -0.02111068 0.00435869
v -0.00641458 -0.02095447 0.00440502
v -0.00655068 -0.02048587 0.00457391
v -0.00646398 -0.02040376 0.00468152
v -0.00646700 -0.02015944 0.00480557
v -0.00768894 -0.02111268 0.00250391
v -0.00746008 -0.02148917 0.00258462
v -0.00741572 -0.02163936 0.00248448
v -0.00730784 -0.02174150 0.00258462
v -0.00714149 -0.02189770 0.00273706
v -0.00718988 -0.02174951 0.00284318
v -0.00690154 -0.02220410 0.00278639
v -0.00684911 -0.02213401 0.00296573
v -0.00691565 -0.02195377 0.00307484
v -0.00680273 -0.02203788 0.00315256
v -0.00665856 -0.02223213 0.00313612
v -0.00659706 -0.02242438 0.00299264
v -0.00654262 -0.02236631 0.00313612
v -0.00634904 -0.02244441 0.00328558
v -0.00643978 -0.02226618 0.00337226
v -0.00635106 -0.02218207 0.00355460
v -0.00660513 -0.02189770 0.00354115
v -0.00633695 -0.02189770 0.00380868
v -0.00640046 -0.02175952 0.00386398
v -0.00631477 -0.02160332 0.00405977
v -0.00649322 -0.02152321 0.00396262
v -0.00539428 -0.01988108 0.00554090
v -0.00506158 -0.01981499 0.00571427
v -0.00514122 -0.01962475 0.00575313
v -0.00512711 -0.02014943 0.00555136
v -0.00514122 -0.01989510 0.00564851
v -0.00621395 -0.02044181 0.00483247
v -0.00606070 -0.02054594 0.00487731
v -0.00613430 -0.02036771 0.00492364
v -0.00620689 -0.02068813 0.00470393
v -0.00580663 -0.02029362 0.00515530
v -0.00595181 -0.01989910 0.00524796
v -0.00572396 -0.01988108 0.00538098
v -0.00553039 -0.02001726 0.00541834
v -0.00558987 -0.01988108 0.00544674
v -0.00487405 -0.02016545 0.00565150
v -0.00485893 -0.02041778 0.00554987
v -0.00472685 -0.02082230 0.00541834
v -0.00458974 -0.02088238 0.00544674
v -0.00483372 -0.02066610 0.00544674
v -0.00458974 -0.02101655 0.00538247
v -0.00461595 -0.02124886 0.00525095
v -0.00454336 -0.02142508 0.00518668
v -0.00437701 -0.02210997 0.00484741
v -0.00431551 -0.02229421 0.00474429
v -0.00447783 -0.02271276 0.00435420
v -0.00443347 -0.02241837 0.00460230
v -0.00433466 -0.02256056 0.00453505
v -0.00432156 -0.02288899 0.00427200
v -0.00449900 -0.02299112 0.00409713
v -0.00432156 -0.02303317 0.00413749
v -0.00459377 -0.02177153 0.00496399
v -0.00461595 -0.02150519 0.00511196
v -0.00480751 -0.02168743 0.00492065
v -0.00246446 -0.02426277 -0.00302455
v -0.00244832 -0.02410456 -0.00332945
v -0.00254209 -0.02403848 -0.00343407
v -0.00236364 -0.02404849 -0.00345200
v -0.00271046 -0.02446103 -0.00250145
v -0.00244228 -0.02455915 -0.00230566
v -0.00271046 -0.02454514 -0.00226082
v -0.00271046 -0.02436090 -0.00274506
v -0.00256931 -0.02430883 -0.00290200
v -0.00271046 -0.02422272 -0.00303800
v -0.00378419 -0.02468732 0.00018282
v -0.00378419 -0.02468732 -0.00008471
v -0.00378419 -0.02468131 -0.00035373
v -0.00378419 -0.02467330 -0.00062126
v -0.00378419 -0.02465528 -0.00089029
v -0.00396062 -0.02458919 -0.00115931
v -0.00378419 -0.02462724 -0.00115931
v -0.00392433 -0.02458118 -0.00130279
v -0.00377310 -0.02459520 -0.00140592
v -0.00385577 -0.02456716 -0.00148065
v -0.00377310 -0.02454313 -0.00168391
v -0.00356742 -0.02456516 -0.00176462
v -0.00349282 -0.02453312 -0.00193948
v -0.00324783 -0.02455515 -0.00200674
v -0.00324783 -0.02448506 -0.00223242
v -0.00295646 -0.02453312 -0.00220701
v -0.00402918 -0.02453512 0.00150403
v -0.00409471 -0.02455515 0.00125593
v -0.00415016 -0.02456917 0.00098840
v -0.00401607 -0.02460121 0.00098840
v -0.00417839 -0.02457718 0.00080457
v -0.00407455 -0.02460521 0.00071639
v -0.00378419 -0.02468131 0.00045035
v -0.00351601 -0.02443499 0.00233054
v -0.00378419 -0.02446503 0.00206151
v -0.00405338 -0.02439895 0.00206151
v -0.00405338 -0.02447104 0.00179249
v -0.00351601 -0.02421671 0.00286709
v -0.00337083 -0.02430883 0.00272810
v -0.00351601 -0.02434888 0.00255921
v -0.00609700 -0.01925627 -0.00533816
v -0.00759518 -0.01746394 -0.00498245
v -0.00767079 -0.01785245 -0.00477770
v -0.00770608 -0.01767422 -0.00481058
v -0.00734313 -0.01800064 -0.00500188
v -0.00711326 -0.01835710 -0.00503327
v -0.00713645 -0.01893585 -0.00478069
v -0.00728566 -0.01829102 -0.00492865
v -0.00636719 -0.01952662 -0.00507213
v -0.00655875 -0.01934438 -0.00502281
v -0.00674023 -0.01910007 -0.00499591
v -0.00750444 -0.01800064 -0.00486737
v -0.00754779 -0.01774631 -0.00492267
v -0.00792083 -0.01726769 -0.00476126
v -0.00794603 -0.01787047 -0.00451614
v -0.00824950 -0.01692725 -0.00455500
v -0.00829688 -0.01665890 -0.00460881
v -0.00846425 -0.01647065 -0.00449074
v -0.00856002 -0.01638454 -0.00439359
v -0.00865984 -0.01611019 -0.00435921
v -0.00868504 -0.01585385 -0.00442049
v -0.00874251 -0.01541929 -0.00450269
v -0.00351601 -0.02014943 -0.00598233
v -0.00379629 -0.02016545 -0.00591059
v -0.00389408 -0.02026558 -0.00585081
v -0.00418948 -0.02001726 -0.00585828
v -0.00436894 -0.01993715 -0.00582839
v -0.00457159 -0.01986106 -0.00578803
v -0.00479541 -0.02008735 -0.00561765
v -0.00487405 -0.01989510 -0.00566099
v -0.00506158 -0.01981700 -0.00561616
v -0.00524003 -0.01972287 -0.00558029
v -0.00514122 -0.01962475 -0.00565651
v -0.00510190 -0.01931835 -0.00578056
v -0.00531463 -0.01954464 -0.00561317
v -0.00540033 -0.01934438 -0.00564605
v -0.00556366 -0.01925427 -0.00560570
v -0.00565641 -0.01934438 -0.00552798
v -0.00591350 -0.01906001 -0.00550855
v -0.00873444 -0.01619229 -0.00421573
v -0.00904093 -0.01661084 -0.00324426
v -0.00873545 -0.01754405 -0.00339521
v -0.00886148 -0.01719559 -0.00330703
v -0.00901875 -0.01679107 -0.00316953
v -0.00875561 -0.01654074 -0.00398706
v -0.00879796 -0.01664087 -0.00384508
v -0.00872839 -0.01672098 -0.00393475
v -0.00851163 -0.01773229 -0.00376586
v -0.00848844 -0.01788449 -0.00372103
v -0.00860438 -0.01773229 -0.00357456
v -0.00872638 -0.01719559 -0.00365527
v -0.00907118 -0.01668493 -0.00306341
v -0.00901875 -0.01706142 -0.00290200
v -0.00870621 -0.01639055 -0.00416342
v -0.00906211 -0.01695328 -0.00279588
v -0.00901170 -0.01729973 -0.00258664
v -0.00891491 -0.01773229 -0.00250145
v -0.00895322 -0.01773229 -0.00223242
v -0.00298469 -0.02368802 -0.00382565
v -0.00271046 -0.02402446 -0.00341015
v -0.00298469 -0.02385224 -0.00359548
v -0.00307845 -0.02376612 -0.00369861
v -0.00297864 -0.02353583 -0.00401397
v -0.00316011 -0.02351780 -0.00399155
v -0.00336377 -0.02323143 -0.00424114
v -0.00326093 -0.02310727 -0.00438462
v -0.00315709 -0.02298311 -0.00452661
v -0.00333856 -0.02349377 -0.00396315
v -0.00310365 -0.02269674 -0.00478069
v -0.00324783 -0.02234027 -0.00498843
v -0.00324783 -0.02220610 -0.00507960
v -0.00324783 -0.02202787 -0.00518572
v -0.00306937 -0.02187967 -0.00531276
v -0.00297965 -0.02200984 -0.00525447
v -0.00297965 -0.02177955 -0.00538300
v -0.00271046 -0.02193575 -0.00534265
v -0.00298771 -0.02147715 -0.00553694
v -0.00290403 -0.02137903 -0.00559822
v -0.00339502 -0.02055996 -0.00585977
v -0.00349685 -0.02041577 -0.00589116
v -0.00324783 -0.02117476 -0.00562961
v -0.00324783 -0.02095447 -0.00572676
v -0.00308349 -0.02134498 -0.00558328
v -0.00432156 -0.02316735 0.00400596
v -0.00449598 -0.02325746 0.00382811
v -0.00432156 -0.02343169 0.00371751
v -0.00447077 -0.02351179 0.00354713
v -0.00432156 -0.02353983 0.00358300
v -0.00431954 -0.02384823 0.00314508
v -0.00440826 -0.02375411 0.00324223
v -0.00410883 -0.02402045 0.00295826
v -0.00392937 -0.02404449 0.00300758
v -0.00378419 -0.02415663 0.00286709
v -0.00887962 -0.01800064 -0.00223242
v -0.00876872 -0.01846524 -0.00196340
v -0.00877780 -0.01849728 -0.00169587
v -0.00860640 -0.01907403 -0.00169587
v -0.00853986 -0.01934438 -0.00142684
v -0.00873848 -0.01863146 -0.00169587
v -0.00849348 -0.01951060 -0.00115931
v -0.00849348 -0.01951461 -0.00062126
v -0.00845013 -0.01964878 -0.00035373
v -0.00837250 -0.01988108 -0.00035373
v -0.00827874 -0.02014943 -0.00008471
v -0.00844912 -0.01964678 -0.00089029
v -0.00822127 -0.02030363 -0.00008471
v -0.00817086 -0.02043780 -0.00008471
v -0.00807206 -0.02068613 0.00018282
v -0.00797829 -0.02089640 0.00098840
v -0.00797729 -0.02089239 0.00125593
v -0.00797023 -0.02087637 0.00152496
v -0.00795712 -0.02084633 0.00179249
v -0.00789461 -0.02098051 0.00179249
v -0.00777867 -0.02122282 0.00179249
v -0.00768390 -0.02137302 0.00196436
v -0.00788151 -0.02093245 0.00204657
v -0.00773229 -0.02123684 0.00205703
v -0.00766474 -0.02133497 0.00214222
v -0.00771112 -0.02115674 0.00233054
v -0.00638736 -0.02142308 0.00412105
v -0.00645995 -0.02121081 0.00420325
v -0.00627444 -0.02129091 0.00429890
v -0.00601432 -0.02156927 0.00430787
v -0.00619076 -0.02121081 0.00441100
v -0.00604659 -0.02106662 0.00459931
v -0.00620689 -0.02096849 0.00454551
v -0.00630065 -0.02077825 0.00458885
v -0.00637122 -0.02060001 0.00463817
v -0.00764256 -0.02129091 0.00233054
v -0.00753670 -0.02149117 0.00233054
v -0.00743689 -0.02167341 0.00233054
v -0.00735119 -0.02180758 0.00233054
v -0.00714754 -0.02217406 0.00222143
v -0.00711830 -0.02213200 0.00240078
v -0.00716972 -0.02193975 0.00259807
v -0.00707898 -0.02207393 0.00259807
v -0.00693279 -0.02229421 0.00257714
v -0.00683197 -0.02238233 0.00265187
v -0.00675132 -0.02231424 0.00288951
v -0.00665251 -0.02248646 0.00281329
v -0.00652649 -0.02257257 0.00288802
v -0.00637828 -0.02274680 0.00286709
v -0.00633392 -0.02270074 0.00300161
v -0.00606372 -0.02296709 0.00299862
v -0.00607582 -0.02270875 0.00328109
v -0.00616959 -0.02253653 0.00337376
v -0.00626335 -0.02236030 0.00346493
v -0.00607280 -0.02217005 0.00381316
v -0.00625125 -0.02207593 0.00373395
v -0.00608490 -0.02244841 0.00355460
v -0.00617765 -0.02200384 0.00385800
v -0.00605062 -0.02187967 0.00406425
v -0.00613531 -0.02170144 0.00412852
v -0.00537512 -0.02012340 0.00544824
v -0.00527330 -0.02029562 0.00542432
v -0.00510694 -0.02039775 0.00545272
v -0.00612220 -0.02088839 0.00465162
v -0.00599920 -0.02068613 0.00483994
v -0.00586511 -0.02068613 0.00492065
v -0.00572497 -0.02047385 0.00510897
v -0.00554652 -0.02056998 0.00515829
v -0.00564633 -0.02039775 0.00518967
v -0.00563726 -0.02012340 0.00531821
v -0.00545175 -0.02019549 0.00537949
v -0.00500512 -0.02056397 0.00542283
v -0.00490631 -0.02074220 0.00538098
v -0.00483372 -0.02092844 0.00532120
v -0.00500814 -0.02110267 0.00515679
v -0.00485893 -0.02116475 0.00518967
v -0.00472181 -0.02135499 0.00514783
v -0.00475307 -0.02218207 0.00462622
v -0.00458974 -0.02223614 0.00466508
v -0.00468552 -0.02186766 0.00486385
v -0.00459377 -0.02202386 0.00480407
v -0.00457562 -0.02256857 0.00441996
v -0.00465628 -0.02265869 0.00431086
v -0.00457764 -0.02282691 0.00420474
v -0.00458974 -0.02237031 0.00456643
v -0.00467846 -0.02294306 0.00405080
v -0.00467544 -0.02321140 0.00378028
v -0.00488212 -0.02151520 0.00498641
v -0.00498697 -0.02162134 0.00487731
v -0.00488212 -0.02177153 0.00483247
v -0.00271046 -0.02409856 -0.00327714
v -0.00297864 -0.02407853 -0.00323529
v -0.00297864 -0.02442498 -0.00250145
v -0.00297864 -0.02434087 -0.00270322
v -0.00297864 -0.02428079 -0.00283623
v -0.00297864 -0.02418266 -0.00303800
v -0.00405338 -0.02462524 0.00018282
v -0.00405338 -0.02462524 -0.00008471
v -0.00405338 -0.02461923 -0.00035373
v -0.00419251 -0.02458118 -0.00052860
v -0.00407455 -0.02460521 -0.00061977
v -0.00417839 -0.02457718 -0.00070795
v -0.00401708 -0.02460121 -0.00089029
v -0.00415117 -0.02456917 -0.00089029
v -0.00409471 -0.02455515 -0.00115931
v -0.00402918 -0.02453512 -0.00140592
v -0.00405338 -0.02446904 -0.00169587
v -0.00405338 -0.02439895 -0.00196340
v -0.00378419 -0.02446503 -0.00196340
v -0.00351601 -0.02443499 -0.00223242
v -0.00351601 -0.02434888 -0.00246259
v -0.00326799 -0.02436891 -0.00252536
v -0.00432156 -0.02439494 0.00179249
v -0.00432156 -0.02444701 0.00152496
v -0.00432156 -0.02448906 0.00125593
v -0.00432156 -0.02451710 0.00098840
v -0.00458974 -0.02442698 0.00098840
v -0.00429736 -0.02454113 0.00071639
v -0.00419251 -0.02458118 0.00062522
v -0.00405338 -0.02461923 0.00045035
v -0.00372773 -0.02432685 0.00250690
v -0.00380435 -0.02436690 0.00235296
v -0.00420864 -0.02431684 0.00221396
v -0.00430744 -0.02433486 0.00204806
v -0.00447279 -0.02431684 0.00194942
v -0.00380435 -0.02427478 0.00259657
v -0.00351601 -0.02429481 0.00269372
v -0.00603449 -0.01943450 -0.00530379
v -0.00780186 -0.01775031 -0.00469400
v -0.00763853 -0.01800064 -0.00474930
v -0.00745302 -0.01822493 -0.00482253
v -0.00700941 -0.01881369 -0.00492118
v -0.00685516 -0.01944852 -0.00477172
v -0.00714552 -0.01948857 -0.00452063
v -0.00718283 -0.01934438 -0.00455351
v -0.00740765 -0.01840316 -0.00478367
v -0.00620891 -0.01961474 -0.00512892
v -0.00630368 -0.01970485 -0.00503327
v -0.00646095 -0.01961474 -0.00497050
v -0.00666864 -0.01961273 -0.00483001
v -0.00675434 -0.01935239 -0.00488232
v -0.00781497 -0.01797661 -0.00459536
v -0.00772120 -0.01826899 -0.00455650
v -0.00790772 -0.01804870 -0.00447430
v -0.00801661 -0.01797661 -0.00438313
v -0.00820111 -0.01783042 -0.00422918
v -0.00811944 -0.01773830 -0.00436669
v -0.00819001 -0.01726368 -0.00448625
v -0.00852978 -0.01665890 -0.00431438
v -0.00823135 -0.01765018 -0.00426954
v -0.00849953 -0.01684514 -0.00427103
v -0.00371462 -0.02032566 -0.00587323
v -0.00405338 -0.02020350 -0.00582839
v -0.00379629 -0.02041577 -0.00581643
v -0.00378419 -0.02068613 -0.00571032
v -0.00405338 -0.02041778 -0.00574320
v -0.00429635 -0.02012340 -0.00578206
v -0.00460688 -0.02016545 -0.00565801
v -0.00470669 -0.02026758 -0.00558178
v -0.00497487 -0.01999523 -0.00558178
v -0.00514122 -0.01989510 -0.00555189
v -0.00512711 -0.02014943 -0.00545325
v -0.00527330 -0.02029562 -0.00532621
v -0.00539428 -0.01988108 -0.00544279
v -0.00578748 -0.01973489 -0.00531575
v -0.00540033 -0.01962475 -0.00554292
v -0.00549409 -0.01943250 -0.00557281
v -0.00593972 -0.01934438 -0.00538749
v -0.00863060 -0.01800064 -0.00330703
v -0.00871125 -0.01773830 -0.00330703
v -0.00878889 -0.01745794 -0.00330703
v -0.00874049 -0.01783042 -0.00314262
v -0.00879594 -0.01773830 -0.00304697
v -0.00876973 -0.01792855 -0.00296327
v -0.00849550 -0.01737583 -0.00400201
v -0.00854591 -0.01746394 -0.00385554
v -0.00844106 -0.01773229 -0.00390038
v -0.00839770 -0.01798462 -0.00382415
v -0.00845618 -0.01806272 -0.00365975
v -0.00850155 -0.01818888 -0.00348040
v -0.00852675 -0.01798462 -0.00357157
v -0.00893709 -0.01746394 -0.00276898
v -0.00900061 -0.01720360 -0.00279588
v -0.00886652 -0.01773229 -0.00276898
v -0.00847029 -0.01702537 -0.00422769
v -0.00878788 -0.01801065 -0.00276748
v -0.00883829 -0.01800064 -0.00250145
v -0.00297864 -0.02399843 -0.00336831
v -0.00324783 -0.02383421 -0.00353570
v -0.00351601 -0.02380618 -0.00348787
v -0.00324783 -0.02374610 -0.00367021
v -0.00324883 -0.02359791 -0.00386152
v -0.00351601 -0.02333156 -0.00407823
v -0.00378419 -0.02328350 -0.00402742
v -0.00351601 -0.02320139 -0.00421274
v -0.00378419 -0.02301315 -0.00429046
v -0.00351601 -0.02306722 -0.00433829
v -0.00351601 -0.02292103 -0.00447280
v -0.00333655 -0.02295307 -0.00450120
v -0.00324682 -0.02285094 -0.00461180
v -0.00351601 -0.02370805 -0.00362238
v -0.00351601 -0.02346573 -0.00392877
v -0.00351601 -0.02278685 -0.00458490
v -0.00324783 -0.02266870 -0.00475976
v -0.00324783 -0.02253453 -0.00485541
v -0.00340712 -0.02217406 -0.00505868
v -0.00363699 -0.02161934 -0.00531724
v -0.00324783 -0.02184363 -0.00529183
v -0.00324783 -0.02170945 -0.00536507
v -0.00324783 -0.02149117 -0.00547716
v -0.00349685 -0.02066410 -0.00579252
v -0.00357347 -0.02050389 -0.00583885
v -0.00324783 -0.02130893 -0.00556534
v -0.00344846 -0.02112470 -0.00560570
v -0.00352911 -0.02097250 -0.00565352
v -0.00457260 -0.02336360 0.00366371
v -0.00465023 -0.02347174 0.00349482
v -0.00479743 -0.02353783 0.00331547
v -0.00457260 -0.02356987 0.00340514
v -0.00458974 -0.02390831 0.00286709
v -0.00433769 -0.02399642 0.00286709
v -0.00458974 -0.02380417 0.00304943
v -0.00458974 -0.02371606 0.00318394
v -0.00425905 -0.02406451 0.00277891
v -0.00403321 -0.02408854 0.00286709
v -0.00405338 -0.02421070 0.00259807
v -0.00874654 -0.01839115 -0.00233854
v -0.00871831 -0.01852933 -0.00224288
v -0.00875864 -0.01843320 -0.00215919
v -0.00872839 -0.01859942 -0.00196340
v -0.00858523 -0.01907403 -0.00196340
v -0.00851365 -0.01930633 -0.00196340
v -0.00851768 -0.01936241 -0.00169138
v -0.00848441 -0.01948657 -0.00159872
v -0.00848945 -0.01950059 -0.00142684
v -0.00844811 -0.01964477 -0.00115931
v -0.00837149 -0.01988108 -0.00062126
v -0.00827672 -0.02014943 -0.00035373
v -0.00827067 -0.02014943 -0.00115931
v -0.00821724 -0.02029161 -0.00115931
v -0.00816481 -0.02042579 -0.00115931
v -0.00806197 -0.02068613 -0.00115931
v -0.00807105 -0.02068613 -0.00008471
v -0.00798031 -0.02089840 0.00018282
v -0.00797930 -0.02089840 0.00071938
v -0.00791881 -0.02103057 0.00098840
v -0.00791679 -0.02102657 0.00125593
v -0.00790772 -0.02101055 0.00152496
v -0.00780690 -0.02122282 0.00152496
v -0.00770910 -0.02142508 0.00152496
v -0.00769499 -0.02139505 0.00179249
v -0.00762845 -0.02152922 0.00179249
v -0.00761131 -0.02147515 0.00205703
v -0.00594274 -0.02177153 0.00421670
v -0.00583486 -0.02166139 0.00436915
v -0.00592762 -0.02148316 0.00441996
v -0.00578345 -0.02134298 0.00460380
v -0.00586813 -0.02116475 0.00465611
v -0.00592459 -0.02094646 0.00474279
v -0.00746915 -0.02172748 0.00206151
v -0.00738749 -0.02186165 0.00206151
v -0.00728364 -0.02202787 0.00206151
v -0.00716972 -0.02220810 0.00206151
v -0.00707797 -0.02234228 0.00206151
v -0.00704369 -0.02227819 0.00231858
v -0.00687532 -0.02243640 0.00247252
v -0.00661924 -0.02271876 0.00249644
v -0.00657085 -0.02266469 0.00267579
v -0.00630670 -0.02294105 0.00268924
v -0.00620991 -0.02289700 0.00289250
v -0.00579857 -0.02296909 0.00327212
v -0.00599819 -0.02290701 0.00313612
v -0.00612724 -0.02301915 0.00281927
v -0.00601836 -0.02319739 0.00266383
v -0.00583890 -0.02326948 0.00278340
v -0.00554148 -0.02351380 0.00274753
v -0.00565137 -0.02336360 0.00285514
v -0.00576127 -0.02321140 0.00296275
v -0.00586410 -0.02301715 0.00313612
v -0.00597702 -0.02234828 0.00373395
v -0.00579857 -0.02243239 0.00380719
v -0.00590544 -0.02227419 0.00385651
v -0.00580159 -0.02270274 0.00354264
v -0.00588931 -0.02253052 0.00363830
v -0.00577538 -0.02214202 0.00406126
v -0.00566851 -0.02203388 0.00421371
v -0.00537512 -0.02039775 0.00532568
v -0.00537916 -0.02067011 0.00519266
v -0.00518357 -0.02047585 0.00538098
v -0.00580260 -0.02082631 0.00488328
v -0.00564331 -0.02093044 0.00491915
v -0.00564633 -0.02067011 0.00505217
v -0.00545881 -0.02075021 0.00511345
v -0.00510694 -0.02066610 0.00532568
v -0.00510896 -0.02093845 0.00519117
v -0.00510896 -0.02120480 0.00505068
v -0.00512711 -0.02142508 0.00491915
v -0.00485893 -0.02129892 0.00511644
v -0.00518659 -0.02101856 0.00511345
v -0.00493253 -0.02211798 0.00458287
v -0.00486498 -0.02230222 0.00448274
v -0.00479743 -0.02248046 0.00438110
v -0.00485893 -0.02275481 0.00412404
v -0.00487607 -0.02256857 0.00427051
v -0.00485893 -0.02288899 0.00400148
v -0.00501923 -0.02298311 0.00382363
v -0.00485893 -0.02302717 0.00386846
v -0.00485893 -0.02316134 0.00372648
v -0.00485893 -0.02328350 0.00359197
v -0.00512711 -0.02155926 0.00484293
v -0.00513316 -0.02176953 0.00470692
v -0.00504746 -0.02193975 0.00464116
v -0.00326698 -0.02411858 -0.00306192
v -0.00318935 -0.02405850 -0.00319942
v -0.00337083 -0.02430883 -0.00263148
v -0.00326799 -0.02426878 -0.00276001
v -0.00419856 -0.02458318 0.00045035
v -0.00420662 -0.02458519 0.00018282
v -0.00420662 -0.02458519 -0.00008471
v -0.00419856 -0.02458318 -0.00035373
v -0.00433265 -0.02453712 -0.00035373
v -0.00483574 -0.02435289 -0.00062126
v -0.00458974 -0.02443900 -0.00062126
v -0.00429736 -0.02454113 -0.00061977
v -0.00458974 -0.02442698 -0.00089029
v -0.00432156 -0.02451710 -0.00089029
v -0.00432156 -0.02448906 -0.00115931
v -0.00432156 -0.02444701 -0.00142684
v -0.00432156 -0.02439294 -0.00169587
v -0.00447279 -0.02431684 -0.00185130
v -0.00430744 -0.02433486 -0.00194995
v -0.00420864 -0.02431684 -0.00211734
v -0.00405338 -0.02433486 -0.00217413
v -0.00380334 -0.02436690 -0.00225484
v -0.00372672 -0.02432685 -0.00240878
v -0.00380334 -0.02427478 -0.00249995
v -0.00351601 -0.02429481 -0.00259561
v -0.00452824 -0.02433286 0.00179249
v -0.00471375 -0.02430683 0.00163855
v -0.00461091 -0.02435489 0.00153990
v -0.00475105 -0.02432084 0.00145920
v -0.00458974 -0.02440095 0.00125593
v -0.00478230 -0.02433286 0.00125593
v -0.00481557 -0.02434688 0.00098840
v -0.00458974 -0.02444100 0.00071938
v -0.00458974 -0.02444901 0.00045035
v -0.00434071 -0.02454113 0.00018282
v -0.00390618 -0.02430683 0.00245608
v -0.00405338 -0.02429081 0.00240527
v -0.00430744 -0.02425075 0.00231410
v -0.00438810 -0.02429081 0.00212877
v -0.00457361 -0.02425075 0.00204806
v -0.00466233 -0.02428880 0.00179249
v -0.00754275 -0.01829702 -0.00470895
v -0.00680273 -0.01961273 -0.00473435
v -0.00691464 -0.01981700 -0.00455052
v -0.00700437 -0.01959070 -0.00458639
v -0.00709310 -0.01966680 -0.00447430
v -0.00742278 -0.01950659 -0.00426057
v -0.00731692 -0.01934438 -0.00443394
v -0.00745403 -0.01880568 -0.00455650
v -0.00768491 -0.01842119 -0.00452212
v -0.00612422 -0.01982301 -0.00508558
v -0.00620891 -0.01989910 -0.00500188
v -0.00631376 -0.02025557 -0.00477022
v -0.00637727 -0.02007734 -0.00481207
v -0.00646700 -0.01986706 -0.00485093
v -0.00661823 -0.01976894 -0.00479414
v -0.00768592 -0.01895988 -0.00425609
v -0.00794704 -0.01840717 -0.00424861
v -0.00797729 -0.01826899 -0.00428448
v -0.00816783 -0.01800064 -0.00418584
v -0.00826261 -0.01800064 -0.00405133
v -0.00829890 -0.01773830 -0.00412905
v -0.00378419 -0.02089440 -0.00562064
v -0.00394953 -0.02084233 -0.00559822
v -0.00432861 -0.02042779 -0.00565053
v -0.00452824 -0.02034568 -0.00561466
v -0.00442238 -0.02052592 -0.00557730
v -0.00460688 -0.02042779 -0.00555040
v -0.00485893 -0.02041778 -0.00545325
v -0.00510694 -0.02039775 -0.00535461
v -0.00500411 -0.02056397 -0.00532621
v -0.00518357 -0.02047585 -0.00528436
v -0.00554652 -0.02057198 -0.00506167
v -0.00545175 -0.02019549 -0.00528287
v -0.00537512 -0.02012340 -0.00535012
v -0.00580663 -0.02029362 -0.00505718
v -0.00586410 -0.02014943 -0.00509006
v -0.00846828 -0.01836912 -0.00340418
v -0.00850256 -0.01873359 -0.00295730
v -0.00871529 -0.01801065 -0.00304697
v -0.00847231 -0.01891182 -0.00286911
v -0.00874150 -0.01810678 -0.00285566
v -0.00823034 -0.01817687 -0.00400201
v -0.00827974 -0.01826899 -0.00384956
v -0.00842291 -0.01827500 -0.00357157
v -0.00822127 -0.01896189 -0.00345649
v -0.00818699 -0.01914212 -0.00338325
v -0.00875864 -0.01816085 -0.00267781
v -0.00877376 -0.01821091 -0.00250145
v -0.00326698 -0.02398240 -0.00329507
v -0.00368841 -0.02378415 -0.00345649
v -0.00351601 -0.02392032 -0.00330703
v -0.00395256 -0.02325146 -0.00399304
v -0.00378419 -0.02314732 -0.00416193
v -0.00378419 -0.02341767 -0.00387497
v -0.00394449 -0.02297910 -0.00425758
v -0.00380838 -0.02283091 -0.00444142
v -0.00373479 -0.02274079 -0.00454604
v -0.00378015 -0.02367601 -0.00355812
v -0.00392433 -0.02350779 -0.00371206
v -0.00351601 -0.02260862 -0.00471941
v -0.00351601 -0.02247445 -0.00481506
v -0.00350492 -0.02227619 -0.00495705
v -0.00358658 -0.02213000 -0.00503178
v -0.00378419 -0.02194176 -0.00507960
v -0.00392836 -0.02189970 -0.00505569
v -0.00403220 -0.02175952 -0.00510202
v -0.00378419 -0.02157328 -0.00529183
v -0.00395659 -0.02138303 -0.00533368
v -0.00378419 -0.02143910 -0.00536058
v -0.00378419 -0.02122282 -0.00546670
v -0.00378419 -0.02102857 -0.00556086
v -0.00362792 -0.02107463 -0.00558328
v -0.00352911 -0.02121882 -0.00553993
v -0.00353415 -0.02151320 -0.00539496
v -0.00345753 -0.02166139 -0.00533966
v -0.00487607 -0.02343169 0.00340514
v -0.00497689 -0.02349778 0.00325867
v -0.00472786 -0.02377413 0.00300459
v -0.00483372 -0.02381419 0.00285364
v -0.00483473 -0.02395637 0.00257415
v -0.00458974 -0.02401244 0.00266084
v -0.00443851 -0.02403648 0.00272062
v -0.00433769 -0.02411658 0.00261750
v -0.00859027 -0.01880568 -0.00250145
v -0.00855196 -0.01907403 -0.00223242
v -0.00863463 -0.01880568 -0.00223242
v -0.00849651 -0.01925226 -0.00223242
v -0.00847029 -0.01944051 -0.00196340
v -0.00847836 -0.01946454 -0.00177807
v -0.00844106 -0.01959070 -0.00169138
v -0.00835838 -0.01988108 -0.00142684
v -0.00836746 -0.01988108 -0.00115931
v -0.00821522 -0.02028961 -0.00132222
v -0.00804988 -0.02068613 -0.00142684
v -0.00797729 -0.02089039 -0.00115931
v -0.00797829 -0.02089239 -0.00089029
v -0.00783715 -0.02122282 0.00018282
v -0.00791982 -0.02103258 0.00071938
v -0.00772725 -0.02146714 0.00018282
v -0.00772624 -0.02146313 0.00045035
v -0.00783009 -0.02122282 0.00098840
v -0.00772221 -0.02145512 0.00098840
v -0.00782505 -0.02122282 0.00125593
v -0.00771919 -0.02144711 0.00125593
v -0.00765466 -0.02158129 0.00125593
v -0.00764357 -0.02155926 0.00152496
v -0.00753267 -0.02175952 0.00152496
v -0.00748226 -0.02178355 0.00181042
v -0.00740564 -0.02188969 0.00191056
v -0.00573908 -0.02184163 0.00430488
v -0.00565540 -0.02175551 0.00441996
v -0.00568162 -0.02150919 0.00456344
v -0.00560399 -0.02143109 0.00465611
v -0.00554047 -0.02110066 0.00488777
v -0.00571892 -0.02100454 0.00483546
v -0.00719795 -0.02225216 0.00179249
v -0.00710721 -0.02238633 0.00179249
v -0.00694287 -0.02252251 0.00206151
v -0.00690154 -0.02247044 0.00233054
v -0.00678963 -0.02260462 0.00233054
v -0.00665554 -0.02276282 0.00233054
v -0.00653758 -0.02289700 0.00233054
v -0.00635913 -0.02299312 0.00250989
v -0.00619277 -0.02309525 0.00258611
v -0.00558281 -0.02327549 0.00305392
v -0.00548603 -0.02320940 0.00323327
v -0.00566246 -0.02301515 0.00332742
v -0.00550922 -0.02295507 0.00352321
v -0.00607885 -0.02324745 0.00248448
v -0.00578949 -0.02349978 0.00245309
v -0.00573404 -0.02345973 0.00259807
v -0.00519567 -0.02374009 0.00266383
v -0.00537512 -0.02354784 0.00284916
v -0.00527330 -0.02351179 0.00301207
v -0.00545175 -0.02345572 0.00292688
v -0.00559995 -0.02354784 0.00259807
v -0.00527834 -0.02378415 0.00248597
v -0.00566246 -0.02262064 0.00373096
v -0.00550619 -0.02268272 0.00379074
v -0.00566246 -0.02248646 0.00385501
v -0.00548905 -0.02240035 0.00404931
v -0.00566246 -0.02275882 0.00359645
v -0.00559693 -0.02222012 0.00412105
v -0.00545679 -0.02210196 0.00430040
v -0.00556063 -0.02192373 0.00436317
v -0.00527935 -0.02083832 0.00515829
v -0.00537916 -0.02093845 0.00505666
v -0.00526624 -0.02136300 0.00488478
v -0.00537109 -0.02120280 0.00491915
v -0.00513316 -0.02202787 0.00453505
v -0.00527733 -0.02217606 0.00435420
v -0.00512711 -0.02223213 0.00439605
v -0.00522591 -0.02186766 0.00459334
v -0.00497689 -0.02242038 0.00433477
v -0.00500612 -0.02270875 0.00408368
v -0.00510795 -0.02256056 0.00414795
v -0.00532976 -0.02301315 0.00358748
v -0.00510190 -0.02308724 0.00365623
v -0.00500512 -0.02324345 0.00354713
v -0.00510190 -0.02281889 0.00392675
v -0.00519768 -0.02292704 0.00376683
v -0.00533379 -0.02168743 0.00465312
v -0.00538924 -0.02148717 0.00474429
v -0.00351601 -0.02409856 -0.00300363
v -0.00336881 -0.02403848 -0.00316803
v -0.00351601 -0.02421671 -0.00276898
v -0.00434071 -0.02453913 -0.00008471
v -0.00458974 -0.02445101 -0.00008471
v -0.00484582 -0.02435489 -0.00035373
v -0.00498798 -0.02430883 -0.00008471
v -0.00497991 -0.02430482 -0.00035373
v -0.00496983 -0.02430082 -0.00062126
v -0.00481658 -0.02434688 -0.00089029
v -0.00458974 -0.02440095 -0.00115931
v -0.00475004 -0.02432084 -0.00136258
v -0.00461091 -0.02435489 -0.00144179
v -0.00471375 -0.02430683 -0.00154043
v -0.00452824 -0.02433286 -0.00169587
v -0.00466233 -0.02428880 -0.00169587
v -0.00457361 -0.02425075 -0.00194995
v -0.00438810 -0.02429081 -0.00203065
v -0.00430744 -0.02425075 -0.00221748
v -0.00405338 -0.02429081 -0.00230715
v -0.00390618 -0.02430683 -0.00235946
v -0.00405338 -0.02421270 -0.00250145
v -0.00378419 -0.02415663 -0.00276898
v -0.00485893 -0.02421070 0.00179249
v -0.00484784 -0.02426878 0.00153990
v -0.00491639 -0.02427879 0.00125593
v -0.00494967 -0.02429281 0.00098840
v -0.00496983 -0.02430082 0.00071938
v -0.00483574 -0.02435289 0.00071938
v -0.00498798 -0.02430883 0.00018282
v -0.00458974 -0.02445302 0.00018282
v -0.00472988 -0.02404449 0.00246953
v -0.00458974 -0.02414862 0.00233054
v -0.00492748 -0.02401845 0.00233054
v -0.00498999 -0.02404048 0.00219154
v -0.00488413 -0.02411658 0.00208692
v -0.00673821 -0.01988308 -0.00465066
v -0.00685818 -0.01999523 -0.00450419
v -0.00702655 -0.01991512 -0.00439957
v -0.00713947 -0.02001525 -0.00424563
v -0.00719291 -0.01983502 -0.00429495
v -0.00737237 -0.01968483 -0.00420976
v -0.00745201 -0.01982901 -0.00403041
v -0.00752662 -0.01958269 -0.00409467
v -0.00759518 -0.01934438 -0.00415147
v -0.00764357 -0.01914012 -0.00420826
v -0.00599819 -0.02014943 -0.00501235
v -0.00621395 -0.02015944 -0.00487634
v -0.00646700 -0.02015944 -0.00470895
v -0.00655573 -0.01994717 -0.00475079
v -0.00613430 -0.02036771 -0.00482552
v -0.00606070 -0.02054594 -0.00478069
v -0.00621395 -0.02044181 -0.00473585
v -0.00612321 -0.02088839 -0.00455351
v -0.00630166 -0.02077825 -0.00449223
v -0.00637223 -0.02060001 -0.00454155
v -0.00646398 -0.02040376 -0.00458340
v -0.00661924 -0.02030563 -0.00452661
v -0.00667268 -0.02014943 -0.00456696
v -0.00770810 -0.01934438 -0.00401695
v -0.00793797 -0.01892584 -0.00396763
v -0.00811944 -0.01826899 -0.00410065
v -0.00412798 -0.02077424 -0.00556833
v -0.00424292 -0.02059601 -0.00560719
v -0.00404934 -0.02122883 -0.00538001
v -0.00404430 -0.02094046 -0.00552050
v -0.00432861 -0.02068412 -0.00553844
v -0.00434071 -0.02097650 -0.00540094
v -0.00444355 -0.02107863 -0.00531575
v -0.00458974 -0.02088238 -0.00535012
v -0.00458974 -0.02068613 -0.00543980
v -0.00483372 -0.02066610 -0.00535012
v -0.00472685 -0.02082230 -0.00532172
v -0.00490631 -0.02074220 -0.00528287
v -0.00500814 -0.02110267 -0.00505868
v -0.00510896 -0.02093845 -0.00509305
v -0.00510694 -0.02066610 -0.00522757
v -0.00527935 -0.02083832 -0.00506167
v -0.00564633 -0.02067011 -0.00495555
v -0.00572497 -0.02047385 -0.00501235
v -0.00564633 -0.02039775 -0.00509156
v -0.00545881 -0.02075021 -0.00501683
v -0.00564331 -0.02093245 -0.00482253
v -0.00580361 -0.02082631 -0.00478666
v -0.00822732 -0.01924826 -0.00320540
v -0.00835234 -0.01907403 -0.00303800
v -0.00819506 -0.01942649 -0.00311722
v -0.00825656 -0.01934038 -0.00303202
v -0.00822530 -0.01950659 -0.00293936
v -0.00821824 -0.01975892 -0.00265240
v -0.00849651 -0.01898191 -0.00268976
v -0.00819304 -0.01835710 -0.00394372
v -0.00820917 -0.01865949 -0.00370010
v -0.00825152 -0.01880568 -0.00351328
v -0.00812852 -0.01906202 -0.00355812
v -0.00800854 -0.01933838 -0.00357904
v -0.00797325 -0.01954064 -0.00349236
v -0.00814969 -0.01934038 -0.00329955
v -0.00378015 -0.02384623 -0.00331898
v -0.00405338 -0.02381819 -0.00323977
v -0.00386787 -0.02375611 -0.00341763
v -0.00351601 -0.02402246 -0.00313814
v -0.00402817 -0.02336360 -0.00383312
v -0.00432156 -0.02329752 -0.00377334
v -0.00413101 -0.02321140 -0.00395269
v -0.00432156 -0.02303317 -0.00404087
v -0.00412294 -0.02293905 -0.00421872
v -0.00404128 -0.02284293 -0.00433530
v -0.00391324 -0.02269674 -0.00451316
v -0.00379024 -0.02256857 -0.00465215
v -0.00410379 -0.02347575 -0.00367171
v -0.00384569 -0.02239635 -0.00475677
v -0.00376705 -0.02230222 -0.00485093
v -0.00405338 -0.02220810 -0.00481506
v -0.00378419 -0.02207593 -0.00499740
v -0.00410681 -0.02184763 -0.00502281
v -0.00403220 -0.02200584 -0.00495256
v -0.00424897 -0.02166740 -0.00507661
v -0.00404934 -0.02147916 -0.00525148
v -0.00413605 -0.02132295 -0.00530230
v -0.00510795 -0.02330753 0.00339916
v -0.00530657 -0.02326748 0.00330650
v -0.00512711 -0.02345372 0.00320337
v -0.00512711 -0.02354784 0.00306886
v -0.00490631 -0.02373408 0.00293285
v -0.00501621 -0.02378615 0.00275500
v -0.00511400 -0.02382220 0.00258462
v -0.00512711 -0.02392833 0.00233054
v -0.00850961 -0.01907203 -0.00247903
v -0.00848340 -0.01921422 -0.00237441
v -0.00844912 -0.01938644 -0.00223242
v -0.00840879 -0.01961273 -0.00196340
v -0.00833822 -0.01988108 -0.00169587
v -0.00825454 -0.02016945 -0.00141788
v -0.00820917 -0.02027159 -0.00150157
v -0.00816683 -0.02039375 -0.00141788
v -0.00802467 -0.02068613 -0.00169587
v -0.00797023 -0.02087637 -0.00142684
v -0.00820111 -0.02025156 -0.00169587
v -0.00813456 -0.02041778 -0.00169587
v -0.00791579 -0.02102657 -0.00115931
v -0.00772624 -0.02146514 -0.00008471
v -0.00766474 -0.02159931 -0.00008471
v -0.00766474 -0.02160131 0.00018282
v -0.00765869 -0.02158930 0.00098840
v -0.00756392 -0.02175952 0.00098840
v -0.00755485 -0.02175952 0.00125593
v -0.00741774 -0.02191172 0.00173270
v -0.00744294 -0.02195377 0.00125593
v -0.00736430 -0.02208795 0.00125593
v -0.00735119 -0.02206792 0.00152496
v -0.00734615 -0.02201185 0.00181042
v -0.00551224 -0.02160932 0.00460230
v -0.00541142 -0.02176953 0.00455448
v -0.00721710 -0.02228220 0.00152496
v -0.00712838 -0.02241637 0.00152496
v -0.00688037 -0.02271075 0.00169833
v -0.00695800 -0.02258259 0.00178950
v -0.00685919 -0.02268472 0.00187618
v -0.00683600 -0.02265668 0.00206151
v -0.00657992 -0.02294306 0.00212429
v -0.00640349 -0.02303518 0.00233054
v -0.00625629 -0.02316935 0.00233054
v -0.00537916 -0.02336160 0.00312267
v -0.00541848 -0.02285094 0.00368911
v -0.00612119 -0.02328350 0.00233054
v -0.00546990 -0.02374009 0.00233054
v -0.00592963 -0.02343169 0.00234997
v -0.00583990 -0.02353583 0.00227374
v -0.00552131 -0.02377013 0.00218407
v -0.00533581 -0.02381819 0.00233054
v -0.00532673 -0.02274880 0.00385053
v -0.00538319 -0.02228821 0.00420325
v -0.00530959 -0.02246844 0.00410610
v -0.00537815 -0.02201986 0.00440352
v -0.00512711 -0.02236631 0.00429292
v -0.00518558 -0.02264667 0.00402988
v -0.00518458 -0.02319138 0.00348436
v -0.00378419 -0.02406451 -0.00294384
v -0.00485389 -0.02435689 -0.00008471
v -0.00512711 -0.02423874 0.00018282
v -0.00512711 -0.02423673 -0.00008471
v -0.00550417 -0.02403047 -0.00062126
v -0.00512711 -0.02423073 -0.00035373
v -0.00512711 -0.02422272 -0.00062126
v -0.00512711 -0.02420870 -0.00089029
v -0.00495067 -0.02429281 -0.00089029
v -0.00491740 -0.02427879 -0.00115931
v -0.00478230 -0.02433286 -0.00115931
v -0.00484683 -0.02426878 -0.00144179
v -0.00485893 -0.02421070 -0.00169587
v -0.00488413 -0.02411658 -0.00198881
v -0.00498999 -0.02404048 -0.00209492
v -0.00492849 -0.02401845 -0.00223242
v -0.00479440 -0.02407052 -0.00223242
v -0.00458974 -0.02414862 -0.00223242
v -0.00472988 -0.02404449 -0.00237291
v -0.00433769 -0.02411658 -0.00252088
v -0.00426006 -0.02406451 -0.00268080
v -0.00403321 -0.02408854 -0.00277047
v -0.00392937 -0.02404449 -0.00290947
v -0.00504948 -0.02406651 0.00201369
v -0.00522793 -0.02402846 0.00186572
v -0.00513417 -0.02409055 0.00178352
v -0.00527330 -0.02404849 0.00168787
v -0.00512711 -0.02414662 0.00152496
v -0.00512711 -0.02418266 0.00125593
v -0.00512711 -0.02420870 0.00098840
v -0.00498092 -0.02430482 0.00045035
v -0.00512711 -0.02422472 0.00071938
v -0.00512711 -0.02423273 0.00045035
v -0.00513417 -0.02400844 0.00208692
v -0.00680677 -0.02014943 -0.00446234
v -0.00690456 -0.02033367 -0.00427701
v -0.00696405 -0.02014943 -0.00432783
v -0.00709814 -0.02014943 -0.00420826
v -0.00717678 -0.02034568 -0.00401695
v -0.00740463 -0.02000925 -0.00397361
v -0.00763147 -0.01965879 -0.00392280
v -0.00767684 -0.01947856 -0.00397809
v -0.00599920 -0.02068613 -0.00474332
v -0.00604659 -0.02106862 -0.00450269
v -0.00620689 -0.02096849 -0.00444889
v -0.00635308 -0.02111268 -0.00426057
v -0.00641559 -0.02095447 -0.00430690
v -0.00648717 -0.02071016 -0.00439508
v -0.00655068 -0.02048587 -0.00447729
v -0.00673115 -0.02040977 -0.00437715
v -0.00660210 -0.02082030 -0.00424563
v -0.00773330 -0.01958670 -0.00383760
v -0.00785025 -0.01933838 -0.00383013
v -0.00792284 -0.01942449 -0.00367021
v -0.00795914 -0.01924626 -0.00373149
v -0.00426409 -0.02114272 -0.00534863
v -0.00461595 -0.02124886 -0.00515284
v -0.00485893 -0.02116475 -0.00509305
v -0.00458974 -0.02101655 -0.00528436
v -0.00434071 -0.02122883 -0.00527539
v -0.00433164 -0.02150519 -0.00513191
v -0.00442843 -0.02160532 -0.00504074
v -0.00483372 -0.02092844 -0.00522308
v -0.00510896 -0.02120480 -0.00495256
v -0.00518659 -0.02101856 -0.00501534
v -0.00485893 -0.02129892 -0.00501982
v -0.00498697 -0.02162134 -0.00478069
v -0.00537916 -0.02093845 -0.00496004
v -0.00554047 -0.02110066 -0.00478965
v -0.00571892 -0.02100654 -0.00473884
v -0.00592459 -0.02094646 -0.00464617
v -0.00815574 -0.01960272 -0.00303202
v -0.00794099 -0.02000524 -0.00316205
v -0.00802366 -0.01990111 -0.00305893
v -0.00814666 -0.01986106 -0.00275254
v -0.00819001 -0.01968683 -0.00283026
v -0.00846425 -0.01916014 -0.00255376
v -0.00796922 -0.02033567 -0.00270172
v -0.00810331 -0.02014943 -0.00250145
v -0.00818598 -0.01994116 -0.00250145
v -0.00788655 -0.01962274 -0.00357904
v -0.00793292 -0.01971887 -0.00341763
v -0.00797930 -0.01982501 -0.00323828
v -0.00802467 -0.01962274 -0.00331898
v -0.00378419 -0.02398841 -0.00307836
v -0.00422880 -0.02379015 -0.00319493
v -0.00403321 -0.02395637 -0.00301409
v -0.00431954 -0.02384823 -0.00304846
v -0.00405338 -0.02372407 -0.00337279
v -0.00449698 -0.02325746 -0.00372999
v -0.00432156 -0.02316735 -0.00390785
v -0.00432156 -0.02343169 -0.00362089
v -0.00449900 -0.02299112 -0.00399902
v -0.00432156 -0.02288899 -0.00417538
v -0.00432156 -0.02275481 -0.00429196
v -0.00405338 -0.02265869 -0.00448476
v -0.00425502 -0.02247044 -0.00454305
v -0.00419856 -0.02217005 -0.00478816
v -0.00405338 -0.02234228 -0.00471791
v -0.00432156 -0.02353983 -0.00348638
v -0.00447077 -0.02351179 -0.00344901
v -0.00433164 -0.02175952 -0.00498694
v -0.00541747 -0.02386425 0.00208094
v -0.00830797 -0.01961273 -0.00250145
v -0.00836645 -0.01961273 -0.00223242
v -0.00822429 -0.02004129 -0.00214873
v -0.00831201 -0.01988108 -0.00196340
v -0.00825252 -0.02011739 -0.00169587
v -0.00794906 -0.02082831 -0.00185130
v -0.00795712 -0.02084633 -0.00169587
v -0.00790873 -0.02101055 -0.00142684
v -0.00818598 -0.02021351 -0.00196340
v -0.00823841 -0.02007934 -0.00196340
v -0.00771818 -0.02144711 -0.00115931
v -0.00765869 -0.02158730 -0.00089029
v -0.00766273 -0.02159531 -0.00035373
v -0.00757905 -0.02175952 -0.00008471
v -0.00757905 -0.02175952 0.00018282
v -0.00745705 -0.02197780 0.00018282
v -0.00745403 -0.02197380 0.00045035
v -0.00744798 -0.02196378 0.00098840
v -0.00737136 -0.02209796 0.00098840
v -0.00724836 -0.02229622 0.00098840
v -0.00721610 -0.02232225 0.00127088
v -0.00713746 -0.02242839 0.00137102
v -0.00690960 -0.02275281 0.00125593
v -0.00689347 -0.02272878 0.00152496
v -0.00678761 -0.02286295 0.00152496
v -0.00662731 -0.02299512 0.00179249
v -0.00677652 -0.02281489 0.00178950
v -0.00660815 -0.02297309 0.00194494
v -0.00668477 -0.02284693 0.00204507
v -0.00645995 -0.02309325 0.00203312
v -0.00630670 -0.02321140 0.00212130
v -0.00602541 -0.02347374 0.00206151
v -0.00589132 -0.02357387 0.00206151
v -0.00566347 -0.02371806 0.00208094
v -0.00557475 -0.02380017 0.00200472
v -0.00550720 -0.02403047 0.00071938
v -0.00538117 -0.02410657 0.00018282
v -0.00538017 -0.02410456 -0.00008471
v -0.00551426 -0.02403447 -0.00008471
v -0.00566246 -0.02394836 -0.00008471
v -0.00566246 -0.02394035 -0.00035373
v -0.00566246 -0.02393234 -0.00062126
v -0.00549409 -0.02402446 -0.00089029
v -0.00536000 -0.02409255 -0.00089029
v -0.00547292 -0.02401445 -0.00115931
v -0.00533883 -0.02408053 -0.00115931
v -0.00512711 -0.02418266 -0.00115931
v -0.00512711 -0.02414662 -0.00142684
v -0.00513618 -0.02409055 -0.00168391
v -0.00522994 -0.02402846 -0.00176611
v -0.00505250 -0.02406852 -0.00191707
v -0.00513618 -0.02400844 -0.00198881
v -0.00512711 -0.02392833 -0.00223242
v -0.00483473 -0.02395637 -0.00247753
v -0.00458974 -0.02401244 -0.00256273
v -0.00443851 -0.02403648 -0.00262251
v -0.00433769 -0.02399642 -0.00277047
v -0.00410883 -0.02402045 -0.00286015
v -0.00537512 -0.02397039 0.00178352
v -0.00543663 -0.02399242 0.00152496
v -0.00530253 -0.02406251 0.00152496
v -0.00533782 -0.02408053 0.00125593
v -0.00536000 -0.02409255 0.00098840
v -0.00549510 -0.02402446 0.00098840
v -0.00684407 -0.02051190 -0.00422171
v -0.00688339 -0.02083832 -0.00398856
v -0.00701345 -0.02042779 -0.00412008
v -0.00712132 -0.02052392 -0.00395867
v -0.00727760 -0.02042178 -0.00384657
v -0.00743084 -0.02032165 -0.00373597
v -0.00736632 -0.02014943 -0.00392728
v -0.00747823 -0.02014943 -0.00379426
v -0.00755485 -0.01990511 -0.00385853
v -0.00770205 -0.01979897 -0.00374345
v -0.00586813 -0.02116475 -0.00455949
v -0.00578345 -0.02134298 -0.00450568
v -0.00592762 -0.02148516 -0.00432334
v -0.00601432 -0.02156927 -0.00421125
v -0.00619076 -0.02121081 -0.00431438
v -0.00627444 -0.02129091 -0.00420228
v -0.00631477 -0.02160332 -0.00396165
v -0.00638836 -0.02142308 -0.00402293
v -0.00645995 -0.02121281 -0.00410513
v -0.00663840 -0.02113471 -0.00400948
v -0.00654968 -0.02095447 -0.00420228
v -0.00673115 -0.02093845 -0.00405731
v -0.00765769 -0.01997921 -0.00368067
v -0.00472282 -0.02135499 -0.00505121
v -0.00461595 -0.02150519 -0.00501384
v -0.00459377 -0.02177153 -0.00486737
v -0.00480751 -0.02168943 -0.00482253
v -0.00512711 -0.02142508 -0.00482104
v -0.00526725 -0.02136300 -0.00478666
v -0.00537109 -0.02120280 -0.00482104
v -0.00488212 -0.02177153 -0.00473435
v -0.00504847 -0.02193975 -0.00454454
v -0.00513316 -0.02177153 -0.00460881
v -0.00533379 -0.02168743 -0.00455650
v -0.00512711 -0.02155926 -0.00474482
v -0.00566145 -0.02122282 -0.00464767
v -0.00539025 -0.02148717 -0.00464617
v -0.00551224 -0.02161133 -0.00450568
v -0.00797527 -0.02008535 -0.00298270
v -0.00801358 -0.02016345 -0.00278243
v -0.00793595 -0.02026358 -0.00288107
v -0.00790268 -0.01990111 -0.00331898
v -0.00777464 -0.02016745 -0.00332496
v -0.00771919 -0.02036571 -0.00324874
v -0.00767281 -0.02054594 -0.00316504
v -0.00767079 -0.02081029 -0.00289004
v -0.00789865 -0.02042178 -0.00278243
v -0.00776052 -0.02070615 -0.00278841
v -0.00792788 -0.02051590 -0.00257468
v -0.00799140 -0.02042178 -0.00249099
v -0.00795309 -0.02056797 -0.00239533
v -0.00805391 -0.02041778 -0.00223242
v -0.00816683 -0.02013942 -0.00223541
v -0.00820514 -0.01999122 -0.00232658
v -0.00826160 -0.01989310 -0.00223541
v -0.00775951 -0.01988509 -0.00358502
v -0.00771213 -0.02008935 -0.00350132
v -0.00766978 -0.02026758 -0.00342809
v -0.00440826 -0.02375411 -0.00314412
v -0.00458974 -0.02390831 -0.00276898
v -0.00458974 -0.02380417 -0.00295281
v -0.00457361 -0.02336360 -0.00356559
v -0.00485893 -0.02328550 -0.00349534
v -0.00467544 -0.02321140 -0.00368217
v -0.00458772 -0.02310126 -0.00384209
v -0.00467846 -0.02294306 -0.00395418
v -0.00457764 -0.02282691 -0.00410663
v -0.00447783 -0.02271276 -0.00425609
v -0.00433567 -0.02256056 -0.00443843
v -0.00443448 -0.02241837 -0.00450568
v -0.00458974 -0.02223614 -0.00456696
v -0.00437701 -0.02210997 -0.00474930
v -0.00430139 -0.02202386 -0.00483599
v -0.00457260 -0.02356987 -0.00330703
v -0.00479743 -0.02353783 -0.00321885
v -0.00465023 -0.02347174 -0.00339820
v -0.00810230 -0.02041778 -0.00196340
v -0.00793292 -0.02079226 -0.00203065
v -0.00788151 -0.02093245 -0.00194995
v -0.00768491 -0.02137302 -0.00186476
v -0.00778069 -0.02122282 -0.00169587
v -0.00789562 -0.02098051 -0.00169587
v -0.00780791 -0.02122282 -0.00142684
v -0.00765466 -0.02158129 -0.00115931
v -0.00756392 -0.02175952 -0.00089029
v -0.00757401 -0.02175952 -0.00035373
v -0.00745705 -0.02197780 -0.00008471
v -0.00737942 -0.02211198 0.00018282
v -0.00737640 -0.02210797 0.00045035
v -0.00726146 -0.02229622 0.00045035
v -0.00725541 -0.02229622 0.00071938
v -0.00715157 -0.02244841 0.00098840
v -0.00714552 -0.02244040 0.00119167
v -0.00706184 -0.02254454 0.00127088
v -0.00691968 -0.02276482 0.00098840
v -0.00681685 -0.02289900 0.00098840
v -0.00680576 -0.02288698 0.00125593
v -0.00665352 -0.02302116 0.00152496
v -0.00652044 -0.02315533 0.00152496
v -0.00649322 -0.02312930 0.00179249
v -0.00633896 -0.02324144 0.00194195
v -0.00605969 -0.02349978 0.00190907
v -0.00575017 -0.02374410 0.00179249
v -0.00561608 -0.02383021 0.00179249
v -0.00566246 -0.02393434 0.00071938
v -0.00566246 -0.02394235 0.00045035
v -0.00566246 -0.02394836 0.00018282
v -0.00551627 -0.02403447 0.00018282
v -0.00586208 -0.02382220 -0.00008471
v -0.00585604 -0.02381619 -0.00035373
v -0.00584797 -0.02381018 -0.00062126
v -0.00566246 -0.02391832 -0.00089029
v -0.00566246 -0.02389429 -0.00115931
v -0.00568162 -0.02384623 -0.00141788
v -0.00543562 -0.02399442 -0.00142684
v -0.00527128 -0.02404849 -0.00158826
v -0.00537412 -0.02397239 -0.00168391
v -0.00541646 -0.02386425 -0.00198283
v -0.00533480 -0.02381819 -0.00223242
v -0.00527834 -0.02378415 -0.00238935
v -0.00511501 -0.02382220 -0.00248800
v -0.00501721 -0.02378615 -0.00265688
v -0.00483372 -0.02381419 -0.00275553
v -0.00547191 -0.02401244 0.00125593
v -0.00567859 -0.02384423 0.00151151
v -0.00566246 -0.02389429 0.00125593
v -0.00566246 -0.02391832 0.00098840
v -0.00681786 -0.02101655 -0.00392728
v -0.00690759 -0.02114072 -0.00374793
v -0.00706789 -0.02068613 -0.00390038
v -0.00714451 -0.02082831 -0.00371505
v -0.00737741 -0.02049988 -0.00367021
v -0.00739455 -0.02079627 -0.00341912
v -0.00744294 -0.02061804 -0.00349086
v -0.00749234 -0.02041377 -0.00357904
v -0.00568162 -0.02150919 -0.00446533
v -0.00583486 -0.02166339 -0.00427253
v -0.00594274 -0.02177153 -0.00412008
v -0.00613631 -0.02170144 -0.00403190
v -0.00620588 -0.02149718 -0.00411709
v -0.00649423 -0.02152321 -0.00386451
v -0.00605062 -0.02187967 -0.00396614
v -0.00621495 -0.02177754 -0.00390934
v -0.00633795 -0.02189770 -0.00371206
v -0.00659908 -0.02162134 -0.00370608
v -0.00762038 -0.02016745 -0.00358502
v -0.00450707 -0.02192974 -0.00480609
v -0.00468653 -0.02186766 -0.00476574
v -0.00493253 -0.02211798 -0.00448476
v -0.00522692 -0.02186766 -0.00449671
v -0.00513316 -0.02202787 -0.00443843
v -0.00541142 -0.02177153 -0.00445636
v -0.00556063 -0.02192373 -0.00426655
v -0.00565540 -0.02175551 -0.00432185
v -0.00750444 -0.02069814 -0.00332048
v -0.00744697 -0.02088839 -0.00323977
v -0.00750444 -0.02096849 -0.00305295
v -0.00764156 -0.02070615 -0.00306042
v -0.00763147 -0.02096048 -0.00278841
v -0.00770608 -0.02087637 -0.00271069
v -0.00744496 -0.02115473 -0.00297224
v -0.00739354 -0.02133297 -0.00286911
v -0.00787949 -0.02067011 -0.00249099
v -0.00773532 -0.02096048 -0.00249696
v -0.00791175 -0.02074420 -0.00223242
v -0.00797023 -0.02061003 -0.00223242
v -0.00458974 -0.02371606 -0.00308732
v -0.00472887 -0.02377614 -0.00290648
v -0.00500612 -0.02324545 -0.00344901
v -0.00501923 -0.02298311 -0.00372551
v -0.00487607 -0.02343169 -0.00330703
v -0.00497689 -0.02349778 -0.00316205
v -0.00485893 -0.02302717 -0.00377035
v -0.00485893 -0.02288899 -0.00390486
v -0.00485893 -0.02275481 -0.00402592
v -0.00465729 -0.02265869 -0.00421424
v -0.00457663 -0.02256857 -0.00432334
v -0.00458974 -0.02237031 -0.00446832
v -0.00475407 -0.02218207 -0.00452810
v -0.00459377 -0.02202386 -0.00470745
v -0.00781093 -0.02095447 -0.00223242
v -0.00771011 -0.02115473 -0.00223242
v -0.00764156 -0.02128891 -0.00223242
v -0.00761030 -0.02147515 -0.00195742
v -0.00762845 -0.02153122 -0.00169587
v -0.00769600 -0.02139705 -0.00169587
v -0.00771011 -0.02142709 -0.00142684
v -0.00764357 -0.02156126 -0.00142684
v -0.00753368 -0.02175952 -0.00142684
v -0.00755485 -0.02175952 -0.00115931
v -0.00744798 -0.02196378 -0.00089029
v -0.00745403 -0.02197380 -0.00035373
v -0.00737942 -0.02211198 -0.00008471
v -0.00726651 -0.02229622 0.00018282
v -0.00716064 -0.02246243 0.00018282
v -0.00715762 -0.02245843 0.00045035
v -0.00715560 -0.02245242 0.00071938
v -0.00706688 -0.02259661 0.00018282
v -0.00706285 -0.02259260 0.00045035
v -0.00692876 -0.02277684 0.00045035
v -0.00705378 -0.02258259 0.00098840
v -0.00682088 -0.02290501 0.00071938
v -0.00668679 -0.02305921 0.00071938
v -0.00668175 -0.02305320 0.00098840
v -0.00667167 -0.02304118 0.00125593
v -0.00654060 -0.02317536 0.00125593
v -0.00640651 -0.02330953 0.00125593
v -0.00638635 -0.02328750 0.00152496
v -0.00635913 -0.02325947 0.00179249
v -0.00618572 -0.02341367 0.00180893
v -0.00608691 -0.02352181 0.00172972
v -0.00595484 -0.02359791 0.00180893
v -0.00580361 -0.02377814 0.00141286
v -0.00583688 -0.02380217 0.00098840
v -0.00584797 -0.02381018 0.00071938
v -0.00585604 -0.02381619 0.00045035
v -0.00586208 -0.02382220 0.00018282
v -0.00599618 -0.02372006 -0.00008471
v -0.00599013 -0.02371606 -0.00035373
v -0.00598206 -0.02371205 -0.00062126
v -0.00583688 -0.02380217 -0.00089029
v -0.00597097 -0.02370605 -0.00089029
v -0.00581873 -0.02379015 -0.00115931
v -0.00580462 -0.02377814 -0.00132222
v -0.00578244 -0.02376412 -0.00150157
v -0.00575219 -0.02374610 -0.00169587
v -0.00561810 -0.02383021 -0.00169587
v -0.00557273 -0.02380017 -0.00190511
v -0.00552031 -0.02376813 -0.00208446
v -0.00546990 -0.02374009 -0.00223242
v -0.00559995 -0.02354784 -0.00250145
v -0.00554148 -0.02351380 -0.00264941
v -0.00519667 -0.02374009 -0.00256721
v -0.00537512 -0.02354784 -0.00275104
v -0.00527330 -0.02351179 -0.00291545
v -0.00490732 -0.02373408 -0.00283623
v -0.00581772 -0.02378815 0.00125593
v -0.00684306 -0.02131895 -0.00367768
v -0.00692170 -0.02142909 -0.00349983
v -0.00700337 -0.02122082 -0.00357306
v -0.00708604 -0.02100654 -0.00364630
v -0.00716064 -0.02112269 -0.00346695
v -0.00720097 -0.02093245 -0.00356410
v -0.00733103 -0.02069814 -0.00357904
v -0.00721206 -0.02121682 -0.00330105
v -0.00735220 -0.02096849 -0.00332048
v -0.00739555 -0.02106862 -0.00315159
v -0.00574009 -0.02184163 -0.00420826
v -0.00577639 -0.02214402 -0.00396315
v -0.00617765 -0.02200384 -0.00376138
v -0.00594879 -0.02204389 -0.00391233
v -0.00607280 -0.02217005 -0.00371505
v -0.00625226 -0.02207593 -0.00363733
v -0.00635106 -0.02218207 -0.00345798
v -0.00660614 -0.02189970 -0.00344453
v -0.00666360 -0.02175952 -0.00350880
v -0.00685818 -0.02160732 -0.00342510
v -0.00676140 -0.02152521 -0.00360295
v -0.00486598 -0.02230222 -0.00438462
v -0.00512711 -0.02223213 -0.00429943
v -0.00527834 -0.02217606 -0.00425609
v -0.00537815 -0.02201986 -0.00430690
v -0.00545679 -0.02210196 -0.00420228
v -0.00559794 -0.02222012 -0.00402443
v -0.00566851 -0.02203388 -0.00411560
v -0.00765869 -0.02105460 -0.00258365
v -0.00748629 -0.02123484 -0.00277496
v -0.00741572 -0.02163936 -0.00238786
v -0.00735119 -0.02123484 -0.00305295
v -0.00715964 -0.02165538 -0.00293787
v -0.00734010 -0.02148717 -0.00277496
v -0.00737942 -0.02157528 -0.00256571
v -0.00742983 -0.02139705 -0.00268976
v -0.00718988 -0.02174951 -0.00274506
v -0.00768894 -0.02111268 -0.00240430
v -0.00512711 -0.02354784 -0.00297075
v -0.00510795 -0.02330953 -0.00330105
v -0.00518558 -0.02319138 -0.00338773
v -0.00533076 -0.02301315 -0.00349086
v -0.00510291 -0.02308724 -0.00355961
v -0.00519869 -0.02292704 -0.00366872
v -0.00510291 -0.02281889 -0.00382864
v -0.00500713 -0.02270875 -0.00398557
v -0.00512711 -0.02345572 -0.00310526
v -0.00530758 -0.02326748 -0.00320838
v -0.00487607 -0.02256857 -0.00417239
v -0.00479844 -0.02248046 -0.00428448
v -0.00753569 -0.02149117 -0.00223242
v -0.00743689 -0.02167141 -0.00223242
v -0.00746915 -0.02172547 -0.00196340
v -0.00740564 -0.02188969 -0.00181394
v -0.00748327 -0.02178355 -0.00171231
v -0.00741874 -0.02191172 -0.00163459
v -0.00743185 -0.02193375 -0.00142684
v -0.00736531 -0.02208795 -0.00115931
v -0.00744294 -0.02195377 -0.00115931
v -0.00737136 -0.02209796 -0.00089029
v -0.00737640 -0.02210797 -0.00035373
v -0.00726146 -0.02229622 -0.00035373
v -0.00726651 -0.02229622 -0.00008471
v -0.00716064 -0.02246243 -0.00008471
v -0.00706688 -0.02259661 -0.00008471
v -0.00693279 -0.02278084 0.00018282
v -0.00682391 -0.02291101 0.00045035
v -0.00682693 -0.02291502 0.00018282
v -0.00669284 -0.02306722 0.00018282
v -0.00657085 -0.02320139 0.00018282
v -0.00656682 -0.02319739 0.00045035
v -0.00656077 -0.02319338 0.00071938
v -0.00655472 -0.02318737 0.00098840
v -0.00642063 -0.02332355 0.00098840
v -0.00628351 -0.02345772 0.00098840
v -0.00626738 -0.02344371 0.00125593
v -0.00624419 -0.02342168 0.00152496
v -0.00611010 -0.02353983 0.00152496
v -0.00595181 -0.02369203 0.00125593
v -0.00597097 -0.02370404 0.00098840
v -0.00598206 -0.02371205 0.00071938
v -0.00599013 -0.02371606 0.00045035
v -0.00599618 -0.02372006 0.00018282
v -0.00616555 -0.02358589 -0.00008471
v -0.00616152 -0.02358188 -0.00035373
v -0.00615648 -0.02357788 -0.00062126
v -0.00614942 -0.02357187 -0.00089029
v -0.00613430 -0.02355986 -0.00115931
v -0.00595282 -0.02369403 -0.00115931
v -0.00590846 -0.02369003 -0.00141788
v -0.00608691 -0.02352181 -0.00163310
v -0.00595484 -0.02359991 -0.00171231
v -0.00605969 -0.02349978 -0.00181244
v -0.00589132 -0.02357387 -0.00196340
v -0.00566246 -0.02371806 -0.00198283
v -0.00568464 -0.02360391 -0.00225185
v -0.00578949 -0.02349978 -0.00235498
v -0.00573404 -0.02345973 -0.00250145
v -0.00583990 -0.02327148 -0.00268827
v -0.00565238 -0.02336360 -0.00275852
v -0.00545175 -0.02345572 -0.00282876
v -0.00558382 -0.02327549 -0.00295730
v -0.00537916 -0.02336160 -0.00302605
v -0.00710015 -0.02130092 -0.00338624
v -0.00716165 -0.02139304 -0.00320689
v -0.00721005 -0.02148516 -0.00303202
v -0.00567758 -0.02230423 -0.00390038
v -0.00579857 -0.02243239 -0.00371056
v -0.00590544 -0.02227419 -0.00375839
v -0.00597803 -0.02234828 -0.00363733
v -0.00608490 -0.02244841 -0.00345798
v -0.00616858 -0.02226618 -0.00354766
v -0.00661017 -0.02217205 -0.00318148
v -0.00653052 -0.02207793 -0.00336083
v -0.00626436 -0.02236030 -0.00336831
v -0.00635005 -0.02244641 -0.00318896
v -0.00643978 -0.02226618 -0.00327564
v -0.00665755 -0.02200384 -0.00328610
v -0.00680576 -0.02177955 -0.00332496
v -0.00692674 -0.02170144 -0.00324724
v -0.00497789 -0.02242038 -0.00423815
v -0.00512711 -0.02236631 -0.00419630
v -0.00531060 -0.02246844 -0.00400948
v -0.00538319 -0.02228821 -0.00410663
v -0.00548905 -0.02240035 -0.00395119
v -0.00730784 -0.02174150 -0.00248650
v -0.00716972 -0.02193975 -0.00250145
v -0.00711830 -0.02213200 -0.00230117
v -0.00714653 -0.02217406 -0.00212332
v -0.00710519 -0.02157128 -0.00311572
v -0.00686020 -0.02188168 -0.00315607
v -0.00691666 -0.02195577 -0.00297822
v -0.00685012 -0.02213401 -0.00286911
v -0.00690154 -0.02220410 -0.00268976
v -0.00714149 -0.02189770 -0.00264044
v -0.00550922 -0.02295507 -0.00342659
v -0.00541848 -0.02285094 -0.00359249
v -0.00532774 -0.02274880 -0.00375391
v -0.00518558 -0.02264667 -0.00393176
v -0.00510896 -0.02256056 -0.00404984
v -0.00548603 -0.02320940 -0.00313665
v -0.00716871 -0.02220610 -0.00196340
v -0.00728163 -0.02202787 -0.00196340
v -0.00719795 -0.02225216 -0.00169587
v -0.00734615 -0.02201185 -0.00171231
v -0.00735220 -0.02206792 -0.00142684
v -0.00721811 -0.02228220 -0.00142684
v -0.00721610 -0.02232225 -0.00117575
v -0.00724836 -0.02229622 -0.00089029
v -0.00725541 -0.02229622 -0.00062126
v -0.00715560 -0.02245242 -0.00062126
v -0.00715762 -0.02245843 -0.00035373
v -0.00706285 -0.02259260 -0.00035373
v -0.00693279 -0.02278084 -0.00008471
v -0.00682693 -0.02291502 -0.00008471
v -0.00669284 -0.02306722 -0.00008471
v -0.00657085 -0.02320139 -0.00008471
v -0.00643676 -0.02334157 0.00018282
v -0.00643273 -0.02333556 0.00045035
v -0.00642668 -0.02333156 0.00071938
v -0.00629057 -0.02346573 0.00071938
v -0.00615648 -0.02357788 0.00071938
v -0.00614841 -0.02356987 0.00098840
v -0.00613329 -0.02355785 0.00125593
v -0.00616152 -0.02358188 0.00045035
v -0.00616555 -0.02358589 0.00018282
v -0.00630065 -0.02347575 -0.00008471
v -0.00629057 -0.02346573 -0.00062126
v -0.00628351 -0.02345973 -0.00089029
v -0.00611010 -0.02354183 -0.00142684
v -0.00626839 -0.02344571 -0.00115931
v -0.00624419 -0.02342168 -0.00142684
v -0.00635711 -0.02325947 -0.00169587
v -0.00618572 -0.02341166 -0.00171231
v -0.00602541 -0.02347174 -0.00196340
v -0.00633695 -0.02323944 -0.00183935
v -0.00630569 -0.02321140 -0.00201870
v -0.00583890 -0.02353583 -0.00217563
v -0.00592963 -0.02343169 -0.00225185
v -0.00612119 -0.02328350 -0.00223242
v -0.00607885 -0.02324745 -0.00238786
v -0.00601836 -0.02319939 -0.00256571
v -0.00606372 -0.02296709 -0.00290200
v -0.00576227 -0.02321140 -0.00286613
v -0.00579857 -0.02296909 -0.00317401
v -0.00566246 -0.02248646 -0.00375839
v -0.00550619 -0.02268272 -0.00369412
v -0.00566246 -0.02262064 -0.00363434
v -0.00566246 -0.02276082 -0.00349983
v -0.00580260 -0.02270475 -0.00344602
v -0.00589031 -0.02253052 -0.00354168
v -0.00598206 -0.02262865 -0.00336382
v -0.00607784 -0.02271075 -0.00318447
v -0.00617059 -0.02253653 -0.00327714
v -0.00680374 -0.02203788 -0.00305594
v -0.00654363 -0.02236631 -0.00303800
v -0.00659706 -0.02242438 -0.00289602
v -0.00665957 -0.02223213 -0.00303800
v -0.00633493 -0.02270074 -0.00290498
v -0.00540840 -0.02257658 -0.00385255
v -0.00707898 -0.02207393 -0.00250145
v -0.00704369 -0.02227619 -0.00222047
v -0.00687532 -0.02243640 -0.00237590
v -0.00690154 -0.02247044 -0.00223242
v -0.00707797 -0.02234027 -0.00196340
v -0.00675132 -0.02231424 -0.00279289
v -0.00665251 -0.02248646 -0.00271667
v -0.00683197 -0.02238233 -0.00255376
v -0.00693279 -0.02229421 -0.00247903
v -0.00566246 -0.02289499 -0.00336382
v -0.00566246 -0.02301515 -0.00322931
v -0.00710822 -0.02238633 -0.00169587
v -0.00712939 -0.02241637 -0.00142684
v -0.00713846 -0.02242839 -0.00127738
v -0.00714552 -0.02244040 -0.00109803
v -0.00715157 -0.02244841 -0.00089029
v -0.00692876 -0.02277684 -0.00035373
v -0.00682391 -0.02291101 -0.00035373
v -0.00668982 -0.02306321 -0.00035373
v -0.00668679 -0.02305921 -0.00062126
v -0.00656682 -0.02319739 -0.00035373
v -0.00643676 -0.02334157 -0.00008471
v -0.00630065 -0.02347575 0.00018282
v -0.00643273 -0.02333556 -0.00035373
v -0.00642668 -0.02333156 -0.00062126
v -0.00642063 -0.02332555 -0.00089029
v -0.00640752 -0.02330953 -0.00115931
v -0.00652145 -0.02315733 -0.00142684
v -0.00638635 -0.02328750 -0.00142684
v -0.00649120 -0.02312930 -0.00169587
v -0.00660714 -0.02297309 -0.00184682
v -0.00645894 -0.02309325 -0.00193351
v -0.00625528 -0.02316935 -0.00223242
v -0.00657992 -0.02294306 -0.00202617
v -0.00640349 -0.02303518 -0.00223242
v -0.00635913 -0.02299112 -0.00241327
v -0.00619277 -0.02309525 -0.00248949
v -0.00612724 -0.02301915 -0.00272265
v -0.00599819 -0.02290901 -0.00303800
v -0.00586410 -0.02301715 -0.00303800
v -0.00630670 -0.02294105 -0.00259112
v -0.00652750 -0.02257257 -0.00279140
v -0.00637828 -0.02274680 -0.00276898
v -0.00661924 -0.02271876 -0.00239982
v -0.00665655 -0.02276282 -0.00223242
v -0.00679064 -0.02260462 -0.00223242
v -0.00683802 -0.02265869 -0.00196340
v -0.00694388 -0.02252451 -0.00196340
v -0.00657186 -0.02266670 -0.00257767
v -0.00695900 -0.02258459 -0.00169587
v -0.00688037 -0.02271276 -0.00160619
v -0.00689448 -0.02273078 -0.00142684
v -0.00691061 -0.02275281 -0.00115931
v -0.00706285 -0.02254454 -0.00117575
v -0.00691968 -0.02276482 -0.00089029
v -0.00705378 -0.02258259 -0.00089029
v -0.00681685 -0.02289900 -0.00089029
v -0.00682088 -0.02290501 -0.00062126
v -0.00668175 -0.02305320 -0.00089029
v -0.00656077 -0.02319338 -0.00062126
v -0.00655472 -0.02318737 -0.00089029
v -0.00654161 -0.02317536 -0.00115931
v -0.00665352 -0.02302316 -0.00142684
v -0.00662731 -0.02299512 -0.00169587
v -0.00668679 -0.02284693 -0.00194696
v -0.00653758 -0.02289700 -0.00223242
v -0.00646600 -0.02282891 -0.00249547
v -0.00686121 -0.02268672 -0.00178554
v -0.00677753 -0.02281489 -0.00169587
v -0.00678761 -0.02286495 -0.00142684
v -0.00680576 -0.02288698 -0.00115931
v -0.00667167 -0.02304118 -0.00115931
f 34 73 39
f 77 73 111
f 66 73 34
f 31 66 34
f 109 68 108
f 148 109 147
f 654 879 874
f 288 257 353
f 204 274 279
f 555 757 758
f 40 73 77
f 40 39 73
f 41 40 77
f 12 31 34
f 73 66 106
f 157 208 206
f 157 156 205
f 110 156 157
f 64 31 70
f 147 109 146
f 109 108 146
f 516 517 388
f 516 707 708
f 148 192 193
f 191 148 147
f 191 192 148
f 212 192 191
f 274 204 203
f 124 86 121
f 384 380 279
f 407 380 384
f 555 550 752
f 2683 2972 2684
f 2684 2390 2683
f 1824 1826 1545
f 1545 1826 1827
f 408 550 555
f 555 752 759
f 759 752 990
f 260 193 358
f 881 895 1130
f 881 1130 1131
f 2391 2390 2684
f 16 41 42
f 42 41 77
f 15 41 16
f 34 39 15
f 15 12 34
f 39 40 15
f 40 41 15
f 65 31 64
f 66 31 65
f 65 106 66
f 206 282 283
f 206 208 281
f 281 282 206
f 207 157 205
f 208 157 207
f 158 157 206
f 210 195 158
f 158 159 110
f 110 157 158
f 210 158 209
f 209 158 206
f 1952 1953 1667
f 69 70 31
f 69 68 109
f 69 31 68
f 147 146 190
f 190 191 147
f 212 191 190
f 388 389 284
f 206 283 284
f 388 517 518
f 518 389 388
f 709 516 708
f 517 516 709
f 708 954 709
f 1223 1495 1499
f 1122 874 879
f 1387 1128 1123
f 1395 1128 1387
f 1123 1124 1387
f 1387 1124 1390
f 654 874 651
f 154 204 155
f 154 203 204
f 154 155 110
f 120 121 83
f 83 121 84
f 84 121 86
f 550 407 549
f 407 553 554
f 554 549 407
f 748 549 554
f 279 274 374
f 407 384 506
f 751 752 550
f 304 313 226
f 226 225 304
f 1828 1829 1545
f 1545 1827 1828
f 1250 990 1249
f 1002 1001 1260
f 1249 1532 1260
f 1260 1250 1249
f 1001 1250 1260
f 760 1001 1002
f 760 1002 555
f 555 759 760
f 1531 1532 1249
f 262 358 193
f 1407 1133 1136
f 1402 1131 1401
f 289 288 354
f 3052 3050 3314
f 4995 4793 4994
f 4996 4793 4995
f 4995 5141 4996
f 4579 4583 4361
f 2420 2421 2140
f 2721 2421 2420
f 3565 3282 3564
f 3001 3000 3299
f 2392 2391 2684
f 78 42 77
f 77 111 78
f 159 158 194
f 194 158 195
f 954 1214 956
f 725 726 531
f 263 363 265
f 2505 2214 2504
f 2211 2214 1940
f 2233 2232 2519
f 1954 2232 2233
f 1667 1953 1954
f 1124 1388 1389
f 1390 1124 1389
f 2504 2214 2503
f 4289 4517 4518
f 4518 4517 4738
f 4451 4443 4228
f 3981 4228 3982
f 4665 4678 4863
f 4227 4443 4451
f 4451 4228 4227
f 4228 3981 4227
f 4863 4678 4885
f 5192 5191 5055
f 145 190 146
f 388 284 387
f 387 284 283
f 517 709 710
f 710 709 954
f 954 956 710
f 720 531 719
f 1405 1409 1678
f 1133 1409 1405
f 1408 1133 1407
f 1408 1409 1133
f 1678 1409 1682
f 1126 877 1125
f 708 707 953
f 707 952 953
f 951 952 707
f 874 1122 1121
f 1385 1384 1121
f 1121 1122 1385
f 878 879 654
f 1123 1128 878
f 1667 1396 1666
f 1395 1387 1655
f 1655 1396 1395
f 1655 1666 1396
f 1655 1387 1390
f 1667 1954 1955
f 1955 1954 2233
f 885 1135 1137
f 2743 2754 3040
f 2146 1867 2140
f 1867 2146 1868
f 2140 1869 1868
f 1868 2146 2140
f 1586 1587 1298
f 1866 1869 2140
f 812 1058 1059
f 110 150 151
f 151 152 110
f 110 152 153
f 153 154 110
f 499 500 377
f 274 203 273
f 273 278 274
f 203 278 273
f 274 278 375
f 277 278 203
f 686 500 499
f 125 86 124
f 125 126 86
f 86 126 123
f 2679 2389 2680
f 2390 2389 2679
f 2682 2683 2390
f 949 706 948
f 753 551 706
f 513 551 407
f 407 506 513
f 706 551 513
f 513 506 384
f 748 554 749
f 749 549 748
f 550 549 749
f 414 413 588
f 414 313 304
f 304 413 414
f 414 421 313
f 229 230 167
f 167 224 168
f 225 226 167
f 168 123 167
f 167 123 126
f 578 409 577
f 409 576 577
f 304 410 411
f 2967 2679 2680
f 2380 2383 2094
f 1824 1544 1823
f 1826 1824 2097
f 2097 1827 1826
f 2097 2383 2384
f 569 777 778
f 1545 1829 1825
f 1009 1006 1266
f 1829 1828 1548
f 1548 1828 1830
f 1830 1549 1548
f 556 763 557
f 557 409 556
f 757 763 556
f 556 758 757
f 555 758 556
f 556 408 555
f 225 302 303
f 304 225 303
f 303 409 304
f 303 302 408
f 999 759 990
f 1000 1250 1001
f 1001 760 1000
f 990 1250 1000
f 1000 999 990
f 1000 760 759
f 759 999 1000
f 261 262 193
f 358 262 362
f 262 261 362
f 881 657 880
f 880 657 655
f 260 360 357
f 260 358 359
f 359 360 260
f 1130 1399 1400
f 1401 1131 1400
f 1400 1131 1130
f 1407 1136 1411
f 3314 3050 3055
f 3055 3017 3314
f 2756 3055 3050
f 2757 3050 2754
f 2451 2756 2757
f 2757 2756 3050
f 2140 2421 2148
f 2140 2148 1870
f 1870 1866 2140
f 1587 1586 1870
f 1586 1866 1870
f 3345 3052 3314
f 3346 3052 3345
f 2754 3050 3051
f 3051 3052 2754
f 3050 3052 3051
f 2754 3052 3053
f 3598 3345 3314
f 3860 3859 3586
f 5379 5380 5271
f 5485 5380 5379
f 5141 4995 5140
f 5273 5274 5140
f 4135 4356 4357
f 4357 4356 4355
f 4361 4583 4584
f 2419 2420 2140
f 2721 2420 2720
f 2420 2419 2720
f 2718 3017 3018
f 3018 3055 3020
f 3314 3017 3313
f 3721 3988 3989
f 2689 2977 2978
f 4095 4316 4314
f 3563 3564 3282
f 3282 3284 3563
f 3835 3564 3563
f 3838 3564 3835
f 4312 4314 4316
f 575 409 574
f 575 576 409
f 1553 1018 1273
f 2684 2972 2685
f 2972 2973 2685
f 5248 5223 5249
f 5110 5223 5248
f 4539 4312 4311
f 4913 5076 4915
f 4315 4096 4095
f 4095 4314 4315
f 67 108 68
f 68 31 67
f 76 71 38
f 31 12 11
f 31 11 33
f 38 71 33
f 33 14 38
f 149 194 195
f 159 194 149
f 110 159 149
f 149 150 110
f 364 363 264
f 264 195 210
f 363 263 264
f 264 263 195
f 966 962 720
f 720 965 966
f 1217 956 1214
f 1218 1495 1223
f 1494 1495 1218
f 1223 1219 1218
f 1219 956 1218
f 1218 1217 1494
f 956 1217 1218
f 393 531 528
f 723 531 722
f 1506 1422 1421
f 197 263 265
f 197 151 150
f 486 491 370
f 370 491 492
f 2499 2211 2210
f 2210 2211 1940
f 2499 2210 2209
f 2826 2823 2520
f 1658 1389 1660
f 1657 1389 1388
f 1940 1660 1657
f 1657 1660 1389
f 2229 2213 2502
f 1952 2213 2229
f 1658 1942 1659
f 1390 1389 1659
f 1659 1389 1658
f 1659 1655 1390
f 1666 1655 1659
f 1659 1942 1667
f 1667 1666 1659
f 1951 1952 1667
f 1667 1942 1951
f 1951 2213 1952
f 2807 2505 2504
f 2521 2522 2792
f 4993 4793 4996
f 4996 5141 5142
f 5142 5274 5275
f 5141 5140 5142
f 5142 5140 5274
f 5275 5167 5166
f 5166 5142 5275
f 5029 5142 5166
f 5297 5384 5408
f 4723 4938 4724
f 4737 4517 4736
f 4289 4288 4516
f 4516 4517 4289
f 4515 4724 4516
f 4724 4725 4516
f 3518 3805 3807
f 4292 4069 4068
f 4068 3807 4067
f 4292 4067 4290
f 4289 4518 4290
f 5413 5416 5304
f 4677 4676 4678
f 5182 5183 5048
f 4509 4282 4508
f 4508 4513 4509
f 4442 4228 4443
f 4442 4223 4228
f 4449 4227 4226
f 4449 4677 4678
f 4443 4227 4450
f 4678 4665 4450
f 4450 4665 4443
f 4450 4449 4678
f 4227 4449 4450
f 4876 4885 4678
f 4875 4885 4876
f 5050 5185 5187
f 5192 5055 5050
f 5050 5191 5192
f 5409 5300 5316
f 5299 5191 5316
f 5173 5191 5299
f 5316 5300 5299
f 5299 5300 5173
f 5053 5055 4884
f 4884 4883 5053
f 5193 5191 5173
f 5173 5055 5193
f 5193 5055 5191
f 4884 5055 5054
f 5055 5040 5054
f 5172 5055 5173
f 5173 5040 5172
f 5172 5040 5055
f 4864 4885 4884
f 4863 4885 4864
f 5040 5041 4864
f 5042 5041 5040
f 257 288 211
f 289 212 211
f 211 288 289
f 256 349 350
f 353 257 256
f 107 146 108
f 107 145 146
f 71 76 107
f 108 67 107
f 280 209 206
f 280 287 209
f 389 518 390
f 718 531 717
f 718 719 531
f 717 712 718
f 957 956 1219
f 957 710 956
f 519 518 517
f 517 710 519
f 519 712 520
f 519 390 518
f 520 390 519
f 961 1219 1223
f 961 957 1219
f 961 965 720
f 720 719 961
f 1775 1495 1494
f 1494 1774 1775
f 1779 1775 1774
f 1779 1780 1495
f 1495 1775 1779
f 2341 2063 2340
f 3809 3520 3518
f 3809 4068 4069
f 3807 4068 3809
f 1769 2051 2056
f 2056 2057 1769
f 1772 1771 2058
f 2058 1771 2057
f 1409 1408 1681
f 1126 1125 1391
f 1391 1125 1393
f 1135 1410 1392
f 1392 1137 1135
f 1125 1137 1392
f 1393 1125 1392
f 1492 1771 1772
f 1213 1384 1385
f 1653 1652 1386
f 1385 1122 1386
f 1386 1652 1385
f 1937 1955 2207
f 2207 1955 2234
f 2234 2522 2521
f 2234 1955 2233
f 2233 2519 2234
f 2234 2519 2522
f 875 888 877
f 877 653 875
f 875 653 652
f 876 1124 1123
f 876 878 654
f 1123 878 876
f 877 888 1127
f 888 1137 1127
f 1127 1125 877
f 1127 1137 1125
f 2446 2447 2160
f 2165 1891 2164
f 1605 1606 1322
f 1587 1870 1604
f 1606 1605 1604
f 1604 1605 1322
f 2150 2160 2152
f 1876 1593 1875
f 1325 1593 1311
f 811 812 600
f 812 1059 1060
f 599 810 600
f 598 810 599
f 425 599 600
f 598 599 425
f 425 597 598
f 1324 1325 1072
f 1310 1059 1058
f 154 153 201
f 373 374 274
f 274 377 373
f 373 377 374
f 511 384 510
f 510 509 511
f 384 509 510
f 511 509 702
f 499 377 376
f 376 375 499
f 376 377 274
f 274 375 376
f 379 375 278
f 278 277 379
f 499 375 379
f 924 696 691
f 502 692 691
f 691 692 921
f 691 696 503
f 930 921 931
f 499 379 505
f 230 329 231
f 168 224 231
f 224 167 231
f 231 167 230
f 169 123 168
f 123 169 170
f 170 169 168
f 172 127 123
f 50 84 86
f 755 554 553
f 2390 2679 2681
f 2681 2682 2390
f 706 949 950
f 950 753 706
f 991 753 950
f 383 384 279
f 279 382 383
f 279 374 381
f 381 382 279
f 512 384 511
f 512 513 384
f 511 706 512
f 706 513 512
f 917 915 689
f 988 995 1249
f 1249 990 988
f 750 751 550
f 550 749 750
f 752 751 750
f 591 414 590
f 319 320 226
f 579 409 578
f 415 410 304
f 304 409 415
f 784 576 783
f 785 784 783
f 785 577 576
f 576 784 785
f 1029 786 785
f 785 786 577
f 1585 1864 1867
f 1867 1868 1585
f 1585 1868 1869
f 1869 1866 1585
f 1585 1586 1298
f 1585 1866 1586
f 1856 1860 2131
f 2131 2130 1856
f 2139 1864 1863
f 1863 2138 2139
f 1867 1864 2139
f 2728 2425 2727
f 3008 3007 3025
f 3025 3007 3305
f 2682 2681 2968
f 2969 2682 2968
f 2384 2380 2674
f 2384 2383 2675
f 2675 2380 2384
f 2383 2380 2675
f 2094 2383 2382
f 2383 2097 2382
f 569 409 568
f 775 776 568
f 568 777 569
f 568 776 777
f 775 566 774
f 1014 1269 1015
f 1015 1016 777
f 777 1014 1015
f 571 409 570
f 570 778 571
f 570 409 569
f 569 778 570
f 2102 1832 2101
f 1833 1832 2102
f 2390 2391 2102
f 2391 2392 2102
f 1831 2100 2101
f 2101 1832 1831
f 1831 1832 1551
f 1010 1266 1267
f 1009 1266 1010
f 1547 1825 1829
f 1267 1825 1547
f 1829 1548 1547
f 1547 1548 1268
f 1546 1266 1545
f 1545 1825 1546
f 1546 1825 1267
f 1267 1266 1546
f 1268 1548 1270
f 1270 1549 1550
f 1270 1548 1549
f 555 1002 764
f 557 763 764
f 764 765 557
f 1002 1260 1003
f 557 765 558
f 558 764 766
f 765 764 558
f 558 409 557
f 562 409 561
f 562 563 409
f 1249 995 1258
f 995 1257 1258
f 1406 1405 1678
f 1133 1405 1406
f 1406 1134 1133
f 1135 1134 1406
f 1406 1410 1135
f 1947 1948 1664
f 1678 1963 1947
f 1947 1963 1948
f 1398 1399 1130
f 289 354 258
f 258 354 355
f 258 212 289
f 258 192 212
f 259 193 192
f 259 261 193
f 192 258 259
f 259 258 261
f 358 362 479
f 885 1137 886
f 886 1137 888
f 662 886 888
f 887 886 662
f 885 886 661
f 661 886 887
f 661 662 482
f 887 662 661
f 884 1136 1133
f 884 1132 1136
f 1133 1134 884
f 885 661 884
f 884 1135 885
f 884 1134 1135
f 658 657 881
f 660 661 482
f 659 661 660
f 476 357 478
f 652 653 478
f 360 359 481
f 481 359 358
f 659 660 481
f 482 360 481
f 481 660 482
f 481 658 659
f 2721 2720 3022
f 3020 3055 3022
f 3055 2756 3022
f 2421 2450 2163
f 2163 1891 2161
f 2164 1891 2163
f 2451 2164 2163
f 2163 2450 2451
f 350 349 467
f 395 288 353
f 395 354 288
f 1113 1374 1114
f 4135 3885 4134
f 4153 4374 4150
f 4153 4344 4374
f 4150 4374 4151
f 4777 4567 4776
f 3040 2754 3054
f 2754 3053 3054
f 3350 3053 3349
f 4123 3871 3870
f 3628 3598 3873
f 3346 3345 3628
f 3345 3598 3628
f 3872 3871 3873
f 3873 3598 3872
f 4350 4574 4575
f 4575 4351 4350
f 4577 4355 4576
f 4576 4355 4354
f 4354 4351 4576
f 4351 4575 4576
f 4983 5133 5134
f 4987 4986 5136
f 4976 5127 5128
f 4976 4770 4975
f 4977 4770 4976
f 3322 3323 3025
f 3586 3862 3587
f 3587 3862 3863
f 3587 3322 3601
f 3586 3859 3858
f 5382 5380 5485
f 5384 5274 5382
f 5483 5572 5484
f 5484 5378 5483
f 5485 5379 5484
f 5379 5378 5484
f 5571 5572 5483
f 5408 5384 5487
f 3879 3880 3606
f 3879 4129 3880
f 4350 4351 4126
f 4353 4351 4354
f 4355 4356 4130
f 4354 4355 4130
f 4579 4357 4578
f 4578 4355 4577
f 4578 4357 4355
f 4580 4579 4361
f 4361 4360 4580
f 4580 4360 4579
f 4136 3885 4135
f 4135 4360 4136
f 4359 4357 4579
f 4579 4360 4359
f 4359 4360 4135
f 3537 3538 3238
f 2718 2419 2429
f 2140 1867 2145
f 2145 2419 2140
f 2730 2733 2731
f 2731 2425 2730
f 2727 2425 2726
f 2726 2425 2725
f 2725 3008 2726
f 2718 3018 2719
f 2719 2419 2718
f 2719 2720 2419
f 3017 3055 3315
f 3315 3018 3017
f 3055 3018 3315
f 3016 3017 2718
f 3593 3592 3591
f 3593 3309 3592
f 3310 3309 3593
f 3335 3590 3308
f 3308 3033 3335
f 3307 3033 3308
f 3592 3309 3308
f 3591 3592 3308
f 3308 3590 3591
f 4456 4232 4455
f 3146 2865 3145
f 3145 2865 3131
f 2563 2865 2564
f 3720 3985 3721
f 3435 3718 3719
f 4257 4271 4039
f 4459 4461 4271
f 4271 4257 4459
f 4456 4684 4495
f 4495 4461 4456
f 4271 4461 4495
f 4271 4495 4485
f 4680 4888 4682
f 4456 4455 4682
f 4887 4888 4680
f 5059 4887 5058
f 3844 3833 3836
f 2696 2697 2404
f 2695 2985 2696
f 3836 3563 3567
f 3567 3563 3284
f 3567 3844 3836
f 3567 3284 3561
f 4484 4703 4704
f 4093 3838 3835
f 4094 3838 4093
f 4095 4094 4093
f 4311 4312 4092
f 4092 4093 3835
f 3301 3003 3001
f 3586 3587 3301
f 1029 785 1026
f 2405 2114 2404
f 2404 2699 2405
f 2405 2699 2700
f 2098 2387 2099
f 2098 1828 1827
f 1827 2097 2098
f 574 409 573
f 573 575 574
f 1018 1553 1274
f 571 778 779
f 783 1024 1025
f 1025 1026 783
f 1280 1026 1025
f 1279 1024 1278
f 1552 1553 1273
f 1273 1551 1552
f 1552 1832 1833
f 1551 1832 1552
f 2973 2974 2686
f 2686 2685 2973
f 2686 2974 2687
f 4703 4915 4916
f 5083 5084 4916
f 5083 5223 5224
f 5224 5223 5110
f 5224 5084 5083
f 5212 5218 5082
f 5083 4916 5082
f 5222 5223 5083
f 5117 5110 5116
f 5110 5248 5116
f 4957 4751 4750
f 4957 4750 4956
f 4750 4751 4542
f 4541 4539 4542
f 4542 4314 4541
f 4540 4539 4541
f 4312 4539 4540
f 4541 4314 4540
f 4314 4312 4540
f 4914 4703 4913
f 4913 4915 4914
f 4914 4915 4703
f 4545 4315 4544
f 4317 4097 4096
f 4096 4315 4317
f 4315 4545 4317
f 5077 5217 5212
f 5216 5217 5077
f 5352 5251 5249
f 5333 5217 5332
f 5330 5217 5333
f 5127 4976 5126
f 5126 4976 4975
f 3860 3583 3582
f 32 11 14
f 14 33 32
f 32 33 11
f 196 149 195
f 150 149 196
f 195 263 196
f 196 197 150
f 263 197 196
f 720 962 963
f 962 1225 963
f 1226 966 1231
f 1226 1502 1227
f 1227 962 1226
f 962 966 1226
f 1506 1231 1230
f 1231 966 1230
f 1216 1217 1214
f 492 491 671
f 524 392 527
f 393 392 524
f 715 531 726
f 715 528 531
f 487 528 668
f 487 488 364
f 364 264 286
f 391 392 286
f 286 392 393
f 286 287 391
f 209 287 286
f 210 209 286
f 286 264 210
f 725 531 724
f 531 723 724
f 967 723 722
f 371 370 492
f 492 493 371
f 371 494 372
f 371 493 494
f 365 363 364
f 364 486 365
f 1950 1665 1945
f 2221 2228 1950
f 2499 2209 2498
f 2498 2228 2516
f 2516 2799 2498
f 3085 2801 3084
f 3084 2801 2821
f 2821 2799 2516
f 2516 2820 2821
f 2500 2211 2499
f 3670 3385 3669
f 3668 3935 3669
f 3384 3385 3084
f 3668 3669 3384
f 3384 3669 3385
f 3386 3385 3670
f 3084 3385 3386
f 3387 3085 3386
f 3386 3085 3084
f 3094 2815 3093
f 2817 2815 3094
f 4210 4209 4429
f 4210 3957 4209
f 2810 3092 2811
f 2507 2810 2508
f 2508 2810 2811
f 2811 2520 2822
f 2822 2520 2518
f 2518 2517 2822
f 2825 2520 2811
f 2825 3092 3104
f 2811 3092 2825
f 1656 1657 1388
f 1939 2210 1940
f 1940 1657 1939
f 1938 2209 1939
f 1939 2209 2210
f 1939 1656 1938
f 1657 1656 1939
f 2502 2517 2230
f 2230 2229 2502
f 2230 2517 2518
f 1952 2229 2230
f 2213 1951 1941
f 1941 1951 1942
f 1941 1942 1658
f 4634 4410 4633
f 5171 5276 5143
f 5408 5487 5385
f 5385 5297 5408
f 2519 2823 2824
f 3076 2792 2824
f 2824 2823 2826
f 2522 2519 2824
f 2824 2792 2522
f 4185 4405 4186
f 4651 4649 4851
f 4652 4425 4651
f 4648 4649 4424
f 5029 5030 4850
f 4851 4649 4850
f 4850 5030 4851
f 4426 4425 4652
f 4854 4853 5034
f 4996 5142 5107
f 5107 5142 5029
f 5032 5168 5033
f 5033 5168 5169
f 5034 4853 5033
f 5033 5169 5034
f 5170 5169 5171
f 5034 5169 5170
f 5171 5169 5295
f 5295 5297 5171
f 5167 5297 5295
f 5295 5168 5167
f 5169 5168 5295
f 5384 5297 5296
f 5296 5297 5167
f 5296 5167 5275
f 5275 5274 5296
f 5296 5274 5384
f 5096 4937 5105
f 5096 5105 5094
f 5094 5234 5235
f 5162 5161 5231
f 5232 5231 5339
f 3806 3805 3518
f 3518 3516 3806
f 3806 3516 3805
f 3218 2915 3217
f 3218 3513 3515
f 3515 3516 3218
f 2620 2915 2916
f 4287 4516 4288
f 4515 4516 4287
f 4066 3807 3805
f 4067 3807 4066
f 4722 4937 4929
f 4057 4280 4281
f 3518 3520 3225
f 2625 2921 2626
f 4939 4724 4938
f 4293 4067 4292
f 4292 4068 4293
f 4293 4068 4067
f 4065 4288 4289
f 4289 4290 4065
f 4065 4064 4288
f 4067 4066 4065
f 3805 4064 4065
f 4065 4066 3805
f 4738 4517 4520
f 4517 4737 4520
f 4520 4523 4300
f 4520 4737 4736
f 4300 4294 4520
f 3715 3981 3982
f 3137 3135 3427
f 3134 3427 3135
f 5304 5416 5417
f 4676 4677 4448
f 4448 4449 4226
f 4677 4449 4448
f 5307 5183 5209
f 5322 5320 5431
f 5204 5205 5071
f 5047 4878 4910
f 4880 5047 5048
f 4878 5047 4880
f 4910 4878 4698
f 4698 4907 4695
f 4698 4873 4699
f 4698 4878 4877
f 4877 4873 4698
f 5308 5183 5307
f 5307 5209 5308
f 4723 4513 4720
f 4720 4508 4719
f 4513 4508 4720
f 4507 4508 4282
f 5048 5050 5049
f 5049 5050 4881
f 5049 4880 5048
f 4881 4880 5049
f 5048 5185 5186
f 5186 5050 5048
f 5185 5050 5186
f 4881 5050 5051
f 5051 5050 5055
f 5188 5050 5187
f 4881 5053 4882
f 4882 5053 4883
f 4666 4667 4443
f 4443 4665 4666
f 4666 4665 4863
f 4863 4864 4666
f 4884 5054 5039
f 5039 4864 4884
f 5039 5054 5040
f 5040 4864 5039
f 5305 5177 5304
f 5304 5229 5305
f 5179 5177 5194
f 5044 5178 5179
f 5179 5178 5177
f 4865 4864 5041
f 4668 4666 4865
f 4865 4666 4864
f 71 107 72
f 72 107 67
f 72 33 71
f 72 67 31
f 31 33 72
f 385 515 391
f 391 287 385
f 287 280 385
f 527 392 526
f 392 525 526
f 515 385 514
f 523 525 392
f 391 515 523
f 523 392 391
f 521 390 520
f 525 523 521
f 521 523 515
f 521 526 525
f 710 957 711
f 711 519 710
f 711 957 712
f 712 519 711
f 712 957 958
f 719 718 958
f 958 718 712
f 1220 966 1221
f 1221 961 1220
f 1222 966 965
f 965 961 1222
f 1222 1221 966
f 961 1221 1222
f 1773 2063 1774
f 1773 1772 2061
f 1773 1774 1494
f 1773 1492 1772
f 2065 1774 2064
f 1774 2063 2064
f 2066 1774 2065
f 2066 1779 1774
f 2065 2344 2066
f 2628 2340 2339
f 2061 2338 2339
f 2062 2340 2063
f 2062 1773 2061
f 2063 1773 2062
f 2061 2339 2062
f 2062 2339 2340
f 2632 2344 2631
f 3518 3807 3808
f 3808 3809 3518
f 3807 3809 3808
f 4070 4069 4292
f 4070 3809 4069
f 4292 4294 4070
f 3520 3809 3810
f 1772 2058 2059
f 1964 1963 1678
f 1680 1408 1407
f 1680 1681 1408
f 3506 3504 3211
f 3211 2910 2911
f 2911 2913 3213
f 3213 2913 3215
f 3213 3211 2911
f 955 953 952
f 952 1212 955
f 708 953 955
f 955 954 708
f 955 1214 954
f 955 1216 1214
f 955 1212 1215
f 1215 1216 955
f 1770 1492 1769
f 1771 1492 1770
f 1769 2057 1770
f 2057 1771 1770
f 1762 2051 1769
f 1769 1492 1762
f 2050 2051 1762
f 1762 2049 2050
f 1215 1212 1491
f 1491 1492 1215
f 1209 1213 1385
f 952 1213 1209
f 952 951 1208
f 1208 1213 952
f 2053 2330 2331
f 1129 1122 879
f 1129 1386 1122
f 1395 1396 1129
f 1129 1128 1395
f 879 878 1129
f 1129 878 1128
f 1955 1937 1668
f 1668 1396 1667
f 1667 1955 1668
f 2755 2446 2754
f 2447 2446 2755
f 2742 2743 2435
f 2447 2755 2742
f 2754 2743 2742
f 2742 2755 2754
f 2160 2159 1892
f 1608 1324 1603
f 1878 1593 1608
f 1593 1324 1608
f 1880 2159 2160
f 1880 1871 1593
f 1880 2160 2150
f 2451 2757 2753
f 2753 2757 2754
f 2754 2446 2753
f 2752 2753 2446
f 3041 2743 3040
f 3040 3337 3041
f 2435 2743 2744
f 2743 3044 2744
f 1889 1604 1870
f 2161 1891 1890
f 1890 1889 2161
f 1604 1889 1890
f 1606 1604 1890
f 1068 1054 820
f 1072 1073 820
f 1322 1070 1305
f 1305 1070 1054
f 1322 1603 1320
f 1320 1070 1322
f 1057 820 810
f 1298 1587 1588
f 1588 1299 1298
f 1587 1299 1588
f 1298 1299 1049
f 1311 1596 1597
f 1597 1598 1311
f 1311 1593 1594
f 2439 2438 2430
f 2430 2152 2439
f 2439 2152 2438
f 2153 2152 2430
f 1873 2153 2154
f 2152 2153 1873
f 600 812 813
f 600 815 816
f 1314 1059 1313
f 1314 1060 1059
f 1051 1303 1304
f 1304 1303 1318
f 315 316 226
f 421 414 589
f 597 425 595
f 322 439 435
f 1593 1325 1609
f 1609 1324 1593
f 1325 1324 1609
f 1309 1325 1311
f 1309 1310 1058
f 1311 1059 1309
f 1059 1310 1309
f 199 152 198
f 198 266 199
f 203 154 202
f 154 201 202
f 508 509 384
f 701 702 509
f 701 940 702
f 378 494 502
f 372 494 378
f 269 201 268
f 2071 2066 2344
f 1779 2066 2071
f 1223 1499 1500
f 1500 1501 1223
f 1781 1496 1501
f 1781 1500 1785
f 1501 1500 1781
f 1220 961 1224
f 1224 1496 1220
f 1501 1496 1224
f 1224 961 1223
f 1223 1501 1224
f 930 924 923
f 924 691 923
f 1173 1174 921
f 499 505 684
f 504 379 503
f 504 505 379
f 168 231 232
f 232 231 329
f 171 170 234
f 123 170 171
f 234 172 171
f 171 172 123
f 233 329 234
f 234 170 233
f 233 232 329
f 233 170 168
f 168 232 233
f 328 329 230
f 436 322 435
f 83 84 47
f 86 123 85
f 85 50 86
f 754 753 991
f 754 755 553
f 554 755 756
f 995 988 756
f 756 997 995
f 756 749 554
f 756 988 749
f 3557 3550 3787
f 2663 2664 2374
f 382 381 496
f 496 381 374
f 496 383 382
f 384 383 496
f 1708 1713 1442
f 1997 1713 1708
f 1751 1713 1997
f 2273 1999 2282
f 944 940 1193
f 989 988 990
f 990 752 989
f 752 750 989
f 412 413 304
f 588 413 412
f 304 411 412
f 411 585 412
f 798 585 797
f 797 1040 798
f 1862 2136 1863
f 1856 2130 1862
f 2130 2136 1862
f 226 305 306
f 318 319 226
f 430 319 318
f 593 433 608
f 608 805 593
f 604 606 432
f 416 306 305
f 409 579 580
f 580 579 578
f 789 791 790
f 796 797 582
f 582 411 410
f 410 415 582
f 577 786 787
f 788 580 578
f 788 787 786
f 788 786 1029
f 788 791 789
f 789 580 788
f 578 577 788
f 577 787 788
f 1864 1585 1865
f 2730 2425 2729
f 2425 2728 2729
f 3318 3319 3025
f 3025 3317 3318
f 3025 3305 3320
f 3589 3305 3303
f 3589 3320 3305
f 3304 3003 3303
f 3303 3305 3304
f 3004 3305 3007
f 2708 3003 3004
f 3003 3304 3004
f 3004 3304 3305
f 3007 3008 2715
f 1859 2134 1860
f 2130 2131 2135
f 2135 2136 2130
f 2135 2131 1860
f 1860 2134 2135
f 1007 1006 1009
f 2381 2674 2380
f 2094 2382 2095
f 1822 2094 2095
f 1824 1823 2096
f 2096 2097 1824
f 2096 2382 2097
f 565 566 409
f 565 774 566
f 773 774 565
f 567 568 409
f 775 568 567
f 409 566 567
f 567 566 775
f 1268 1270 1011
f 1013 1014 777
f 777 776 1013
f 1013 1269 1014
f 1550 1551 1272
f 1272 1551 1273
f 1272 1270 1550
f 777 1016 780
f 780 778 777
f 780 779 778
f 571 779 780
f 1264 1006 1005
f 1005 1263 1264
f 1004 1263 1005
f 767 558 766
f 555 764 761
f 761 764 763
f 409 558 559
f 770 562 561
f 1812 1535 1811
f 1811 2088 1812
f 1256 997 1259
f 1259 1538 1256
f 1256 1257 995
f 995 997 1256
f 1663 1947 1664
f 1663 1664 1393
f 1393 1392 1663
f 1663 1392 1410
f 655 657 656
f 656 479 655
f 657 479 656
f 663 662 888
f 663 875 652
f 888 875 663
f 652 482 663
f 482 662 663
f 883 661 659
f 1132 884 883
f 883 884 661
f 882 658 881
f 659 658 882
f 881 1131 882
f 1131 1132 882
f 1132 883 882
f 882 883 659
f 477 357 360
f 477 478 357
f 477 360 482
f 477 482 652
f 652 478 477
f 480 481 358
f 358 479 480
f 480 479 657
f 657 658 480
f 658 481 480
f 1136 1132 1404
f 1404 1411 1136
f 1404 1132 1131
f 1131 1402 1403
f 1403 1404 1131
f 1676 1404 1403
f 3966 4215 4216
f 3967 4215 3966
f 2722 2421 2721
f 2721 3022 2722
f 2451 2450 2722
f 2722 2450 2421
f 2722 2756 2451
f 2722 3022 2756
f 3020 3022 3021
f 3021 3022 2720
f 3021 2719 3020
f 2720 2719 3021
f 2149 2148 2421
f 2149 1870 2148
f 3366 3365 3075
f 1110 860 1109
f 1367 1371 1110
f 1110 1109 1367
f 1367 1109 1106
f 350 467 351
f 351 256 350
f 1112 863 1111
f 1110 1371 1111
f 642 863 643
f 353 256 352
f 256 351 352
f 1644 1928 1930
f 475 483 361
f 361 362 261
f 1371 1367 1635
f 1642 1635 1918
f 1374 1635 1642
f 1643 1926 1929
f 1643 1642 1926
f 1374 1642 1643
f 1929 1927 1643
f 1643 1928 1644
f 1643 1927 1928
f 643 863 864
f 864 863 1112
f 1374 1113 1373
f 1373 864 1112
f 1113 864 1373
f 3882 3885 3884
f 3591 3616 3864
f 3616 3887 3864
f 4139 4141 3887
f 4139 4367 4365
f 4121 4122 3870
f 4776 4567 4775
f 4150 4151 3899
f 3871 4123 3899
f 3899 4153 4150
f 4122 4153 3899
f 3870 4122 3899
f 3899 4123 3870
f 3346 3628 3629
f 3629 3628 3873
f 3347 3052 3346
f 3347 3053 3052
f 4781 4984 4983
f 5139 4995 4994
f 5273 5140 5139
f 5139 5140 4995
f 5273 5139 5138
f 5138 5139 4989
f 4987 5137 5138
f 4793 4584 4792
f 4987 5138 4988
f 4988 5138 4989
f 4782 4986 4987
f 4782 4781 4986
f 4782 4576 4575
f 4782 4575 4574
f 4574 4781 4782
f 4577 4576 4784
f 5135 5134 5133
f 4987 5136 5135
f 4986 5134 5135
f 5135 5136 4986
f 5135 5137 4987
f 5135 5133 5271
f 5269 5268 5376
f 5375 5481 5376
f 5132 5268 5269
f 5132 5133 4983
f 5269 5133 5132
f 5375 5376 5267
f 5267 5376 5268
f 5268 5130 5267
f 3300 3001 3299
f 3299 3582 3300
f 3300 3582 3583
f 3300 3301 3001
f 3583 3301 3300
f 5128 5129 4981
f 4981 4976 5128
f 4977 4976 4981
f 4780 4781 4574
f 4984 4781 4780
f 4983 4984 4780
f 4977 4981 4978
f 4978 4981 4779
f 3606 3323 3605
f 3323 3604 3605
f 3605 3604 3875
f 3323 3322 3603
f 3603 3604 3323
f 3603 3587 3863
f 3863 3604 3603
f 4110 4333 4112
f 4113 3858 4112
f 3581 3858 3859
f 3859 3860 3581
f 3860 3582 3581
f 3332 3033 3030
f 3030 3331 3332
f 3332 3333 3033
f 3331 3333 3332
f 3025 3323 3316
f 3316 3317 3025
f 3327 3328 3030
f 3327 3608 3609
f 4573 4574 4350
f 4573 4780 4574
f 4779 4780 4573
f 4793 4586 4794
f 4794 4584 4793
f 4793 4993 4799
f 4799 4586 4793
f 5381 5382 5273
f 5380 5382 5381
f 5383 5274 5273
f 5273 5382 5383
f 5383 5382 5274
f 5483 5378 5482
f 5482 5481 5568
f 5270 5378 5379
f 5270 5379 5271
f 5271 5133 5270
f 5270 5133 5269
f 5483 5482 5569
f 5569 5482 5568
f 5489 5571 5570
f 5570 5571 5483
f 5483 5569 5570
f 5572 5487 5486
f 5486 5382 5485
f 5384 5382 5486
f 5486 5487 5384
f 5485 5484 5486
f 5486 5484 5572
f 3877 4126 3878
f 3606 3877 3878
f 3878 3879 3606
f 4129 3879 3878
f 4125 4126 3877
f 3875 4126 4125
f 4570 4571 4348
f 4348 4573 4350
f 4129 3878 4128
f 3880 4129 4128
f 4128 4130 3880
f 4128 4353 4354
f 4354 4130 4128
f 3880 4130 4131
f 4131 4130 4356
f 4131 4356 4135
f 4135 4134 4131
f 4135 4357 4358
f 4358 4359 4135
f 4357 4359 4358
f 3953 3952 3964
f 3964 3952 3689
f 3689 3404 3688
f 3688 3964 3689
f 3963 3964 3688
f 3688 3962 3963
f 3398 3094 3093
f 3821 3820 3826
f 4089 4081 4305
f 3705 3419 3703
f 3703 3419 3418
f 3109 3108 3124
f 3124 3123 3122
f 3704 3418 3538
f 3538 3537 3704
f 3536 3704 3537
f 3536 3537 3238
f 3536 3821 3826
f 3010 2733 2718
f 2735 2429 2428
f 2419 2145 2144
f 2428 2429 2144
f 2144 2429 2419
f 2144 2145 1867
f 2144 2427 2428
f 2718 2733 3011
f 3011 3012 2718
f 2426 2731 2733
f 2428 2427 2426
f 2426 2735 2428
f 3025 3319 3026
f 3026 2726 3025
f 2727 2726 3026
f 3023 2726 3008
f 3019 3018 3020
f 3020 2719 3019
f 3019 2719 3018
f 3015 3016 2718
f 3596 3872 3598
f 3596 3598 3314
f 3871 3872 3596
f 3591 3867 3868
f 3868 3593 3591
f 3867 3593 3868
f 3594 3595 3310
f 3310 3593 3594
f 3870 3595 3594
f 3594 3869 3870
f 3594 3593 3869
f 3307 3308 3013
f 2718 3012 3013
f 4460 4458 4456
f 4457 4232 4456
f 4456 4458 4457
f 4457 4458 4232
f 4233 3985 4232
f 4232 4458 4233
f 4233 4234 3985
f 4680 4682 4681
f 4681 4682 4455
f 3423 3130 3137
f 2278 2563 2564
f 2865 2563 2866
f 3721 3727 3710
f 3710 3423 3709
f 3447 3423 3710
f 3439 3710 3709
f 3439 3720 3721
f 3721 3710 3439
f 3712 3720 3437
f 3985 3720 3987
f 3984 3719 3718
f 3426 3437 3137
f 3426 3712 3437
f 3137 3427 3426
f 3427 3134 3426
f 3500 3775 3776
f 3776 3777 3500
f 3500 3777 3768
f 3776 3775 4037
f 4236 4459 4257
f 4702 4703 4484
f 4700 4479 4490
f 4485 4486 4262
f 4039 4271 4262
f 4271 4485 4262
f 4029 4024 3768
f 3768 4028 4029
f 4887 5059 4918
f 4918 5059 5058
f 3558 3559 3275
f 3278 2980 3277
f 3561 3284 3568
f 2986 2985 3281
f 2986 2696 2985
f 2986 3284 3282
f 3281 3284 2986
f 2988 3285 3286
f 4098 4097 4319
f 4319 4099 4098
f 3847 3574 3846
f 3839 3840 3564
f 4096 3840 3839
f 3564 3838 3839
f 3839 3838 4094
f 3839 4094 4095
f 4095 4096 3839
f 4096 4097 3845
f 3845 3840 4096
f 4097 3846 3845
f 3565 3564 3841
f 3564 3840 3841
f 4496 4704 4710
f 4484 4704 4496
f 5081 4916 5084
f 4917 5081 4956
f 4917 4704 4703
f 4703 4916 4917
f 4916 5081 4917
f 4538 4539 4311
f 4311 4537 4538
f 4710 4537 4711
f 4311 4092 4275
f 4275 4274 4311
f 4093 4092 4313
f 4313 4316 4095
f 4095 4093 4313
f 4313 4312 4316
f 4313 4092 4312
f 3831 3563 3836
f 3836 3833 3831
f 3273 3275 2977
f 3303 3003 3302
f 3003 3301 3302
f 3585 3583 3860
f 3585 3301 3583
f 3585 3860 3586
f 3586 3301 3585
f 3601 3589 3588
f 3588 3587 3601
f 3588 3301 3587
f 783 1026 1027
f 1027 1026 785
f 1029 1026 1032
f 2700 2699 2991
f 2991 3291 3292
f 3572 3845 3573
f 3573 3845 3846
f 3573 3574 3291
f 3573 3846 3574
f 2387 2098 2386
f 2378 2672 2379
f 2965 2967 2680
f 783 576 782
f 576 575 782
f 575 573 782
f 782 573 781
f 1275 1024 1021
f 1024 1276 1021
f 1834 1552 1833
f 1553 1552 1834
f 1833 2102 2103
f 2103 2104 1833
f 2102 2104 2103
f 2393 2102 2392
f 2393 2104 2102
f 2393 2392 2684
f 1558 1278 1277
f 1277 1024 1275
f 1277 1278 1024
f 1279 1278 1561
f 5110 5226 5225
f 5225 5226 5084
f 5225 5224 5110
f 5084 5224 5225
f 5217 5330 5331
f 5330 5437 5331
f 5212 5082 5211
f 5336 5352 5249
f 5113 5248 5249
f 5113 5116 5248
f 5111 5110 5117
f 5111 4957 5110
f 4752 4753 4544
f 4752 4542 4751
f 5109 4957 4956
f 5084 5226 5109
f 5109 5226 5110
f 5110 4957 5109
f 3291 3574 3575
f 4319 4097 4318
f 4318 4317 4319
f 4097 4317 4318
f 4546 4545 4755
f 4546 4317 4545
f 4322 4099 4319
f 4319 4317 4322
f 4322 4320 4099
f 4317 4546 4322
f 4959 4752 4751
f 4753 4752 4959
f 5078 5076 4913
f 4913 5077 5078
f 5446 5459 5354
f 5329 5217 5216
f 5329 5332 5217
f 5326 5229 5304
f 5216 5229 5326
f 5333 5444 5438
f 5438 5330 5333
f 5472 5560 5473
f 5473 5560 5559
f 5473 5625 5562
f 5127 5126 5262
f 5262 5263 5127
f 5262 5368 5263
f 3856 4109 4110
f 3856 3581 3855
f 3293 2991 3292
f 2994 2702 2995
f 3299 3000 2995
f 3000 2999 2995
f 3849 4100 3850
f 4321 4548 4323
f 4755 4548 4321
f 4099 4320 4321
f 3850 3577 3576
f 3576 3849 3850
f 3292 3291 3576
f 3576 3577 3292
f 3291 3575 3576
f 3575 3849 3576
f 3292 3577 3578
f 3578 3293 3292
f 2430 2438 2739
f 1220 1496 1497
f 1497 1498 1220
f 1497 1233 1498
f 1423 1422 1506
f 1506 1230 1423
f 1423 1153 1422
f 1494 1217 1493
f 1217 1216 1493
f 1493 1773 1494
f 1492 1773 1493
f 1215 1492 1493
f 1493 1216 1215
f 489 491 486
f 489 671 491
f 489 486 364
f 364 488 489
f 530 531 393
f 393 528 394
f 394 286 393
f 364 286 394
f 394 487 364
f 528 487 394
f 970 724 968
f 968 724 723
f 962 967 721
f 721 967 722
f 722 531 721
f 721 531 720
f 1228 962 1227
f 1228 967 962
f 1227 1502 1228
f 1228 1420 1419
f 1502 1420 1228
f 1506 1421 1507
f 1421 1420 1507
f 1507 1420 1502
f 1507 1231 1506
f 486 370 490
f 490 365 486
f 502 494 679
f 679 693 502
f 1422 1153 1151
f 1151 1421 1422
f 1950 1945 2217
f 2217 2221 1950
f 1946 2221 2217
f 1662 1945 1661
f 1946 2217 1662
f 1662 2217 1945
f 1661 1391 1662
f 1662 1391 1393
f 1393 1664 1662
f 2816 2820 2516
f 3096 2820 2816
f 2220 2221 1946
f 4409 4190 4189
f 2800 2801 2499
f 2800 2821 2801
f 2499 2498 2800
f 2800 2498 2799
f 2799 2821 2800
f 2499 2801 2802
f 2802 2500 2499
f 2214 2211 2501
f 2211 2500 2501
f 2501 2503 2214
f 2500 2802 2501
f 2501 2802 2801
f 3936 4188 4189
f 3936 3669 3935
f 3102 3384 3084
f 3084 2821 3102
f 3102 2821 2820
f 3102 2820 3096
f 3668 3384 3400
f 3400 3399 3668
f 3400 3102 3096
f 3384 3102 3400
f 3093 2815 2814
f 2814 2815 2510
f 2510 2509 2814
f 4188 4210 4430
f 4430 4407 4188
f 4430 4210 4429
f 4429 4407 4430
f 2805 2508 2811
f 2811 2822 2805
f 2502 2508 2805
f 2805 2517 2502
f 2805 2822 2517
f 2502 2213 2212
f 2212 1941 1944
f 2213 1941 2212
f 1940 2214 1943
f 1943 1944 1660
f 1943 1660 1940
f 2231 2230 2518
f 2231 1954 1953
f 2232 1954 2231
f 1953 1952 2231
f 1952 2230 2231
f 5012 5154 5013
f 5014 5013 5154
f 5015 4836 5014
f 4836 5013 5014
f 5012 5013 4835
f 4835 5013 4836
f 5146 5147 5009
f 5279 5147 5146
f 5007 4833 4856
f 5007 4856 5037
f 5037 5143 5007
f 4635 4634 4633
f 5564 5563 5627
f 5627 5565 5564
f 5666 5625 5665
f 5009 5147 5148
f 5148 5149 5009
f 5148 5147 5280
f 5280 5149 5148
f 5497 5496 5578
f 5009 5149 5150
f 5153 5154 5012
f 5012 5152 5153
f 5632 5576 5575
f 5278 5147 5279
f 5279 5143 5278
f 5276 5385 5386
f 5488 5571 5489
f 5572 5571 5488
f 5488 5487 5572
f 5488 5385 5487
f 5298 5276 5171
f 5298 5385 5276
f 5171 5297 5298
f 5297 5385 5298
f 2507 2506 2809
f 2809 2810 2507
f 3092 2810 2809
f 2504 2503 2806
f 2806 2807 2504
f 2801 3085 3086
f 3389 3086 3388
f 3388 3085 3387
f 3388 3086 3085
f 3389 3388 3390
f 4404 4405 4185
f 5165 5026 5164
f 5164 5026 5025
f 3079 2793 3076
f 3077 2793 3079
f 3076 2824 3079
f 3104 3406 3407
f 2492 2793 2493
f 2492 2493 2207
f 2521 2792 2492
f 2492 2234 2521
f 2207 2234 2492
f 3078 2793 3077
f 2497 2496 2797
f 2208 2496 2497
f 2495 2496 2208
f 2208 2207 2495
f 2797 2496 2495
f 4652 4651 4653
f 4649 4651 4650
f 4650 4651 4425
f 4424 4649 4650
f 4650 4425 4424
f 4663 4850 4649
f 5037 4856 5035
f 4427 4426 4652
f 4652 4653 4427
f 5029 4850 5028
f 5031 5166 5167
f 5167 5168 5031
f 5029 5166 5031
f 5031 5030 5029
f 5031 5168 5032
f 5032 4851 5031
f 4851 5030 5031
f 5247 5105 5246
f 5233 5105 5247
f 5233 5094 5105
f 5247 5234 5233
f 5234 5094 5233
f 4624 4623 4828
f 4187 4186 4405
f 4405 4406 4187
f 4624 4498 4402
f 4402 4498 4277
f 4402 4623 4624
f 4402 4406 4623
f 5293 5339 5294
f 5294 5339 5231
f 5294 5161 5293
f 5294 5231 5161
f 4281 4280 4276
f 4279 4276 4053
f 4281 4276 4279
f 3217 3513 3514
f 3514 3218 3217
f 3513 3218 3514
f 3517 3516 3518
f 3517 3218 3516
f 3217 2915 3216
f 3216 2917 3217
f 2333 2056 2334
f 2057 2056 2333
f 2333 2335 2057
f 2620 2335 2333
f 2333 2619 2620
f 2334 2623 2621
f 2621 2333 2334
f 2918 2917 2621
f 2621 2623 2918
f 4063 4064 3805
f 3805 4062 4063
f 4288 4064 4063
f 4063 4287 4288
f 4514 4513 4723
f 4282 4285 4503
f 4503 4285 4512
f 4502 4285 4281
f 4281 4279 4502
f 4502 4279 4501
f 5096 5094 4930
f 4930 4937 5096
f 4930 4929 4937
f 4930 5094 5095
f 3930 4181 3934
f 3934 3667 3930
f 3663 3929 3930
f 3930 3929 4181
f 4283 4282 4509
f 4282 4283 4058
f 4058 4057 4281
f 4281 4285 4058
f 4058 4285 4282
f 3797 3798 3510
f 3790 3504 3789
f 4056 4057 3797
f 3797 4050 4056
f 3224 3225 2923
f 2920 2921 2625
f 3226 3225 3520
f 2923 3225 3226
f 3226 2924 2923
f 2924 3226 2925
f 4291 4290 4067
f 4067 4065 4291
f 4291 4065 4290
f 4294 4295 4072
f 4300 4523 4298
f 4519 4294 4292
f 4519 4520 4294
f 4292 4290 4519
f 4519 4290 4518
f 4519 4518 4738
f 4738 4520 4519
f 3977 3715 3983
f 3983 4223 3977
f 4228 4223 3983
f 3982 4228 3983
f 3983 3715 3982
f 2553 2858 2859
f 3714 3715 3432
f 5440 5332 5418
f 5418 5417 5416
f 5304 5417 5418
f 4674 4448 4673
f 4699 4873 4673
f 4673 4873 4674
f 4674 4873 4874
f 3708 3715 3714
f 5071 5205 5206
f 5202 5319 5320
f 5243 5319 5318
f 5198 5202 5071
f 5319 5202 5198
f 5431 5320 5430
f 5351 5319 5243
f 5419 5308 5324
f 5205 5204 5321
f 4726 4516 4725
f 4517 4516 4726
f 4726 4727 4517
f 4726 4725 4724
f 4724 4939 4726
f 5048 5047 5075
f 5075 5047 4910
f 5075 5182 5048
f 4906 4698 4695
f 4910 4698 4906
f 5431 5530 5432
f 5432 5322 5431
f 5432 5321 5322
f 5531 5432 5530
f 5532 5432 5531
f 5048 5183 5184
f 5183 5308 5184
f 5184 5185 5048
f 5184 5308 5185
f 5420 5313 5309
f 5309 5419 5420
f 5309 5308 5419
f 5185 5308 5309
f 4936 4938 4723
f 4723 4720 4936
f 4719 4718 4934
f 5095 5094 5097
f 5055 5053 5052
f 5052 5051 5055
f 5052 5053 4881
f 4881 5051 5052
f 5316 5191 5312
f 5312 5188 5316
f 5191 5188 5312
f 5189 5188 5191
f 5050 5188 5189
f 5187 5185 5311
f 5311 5188 5187
f 4877 4878 4675
f 4675 4882 4883
f 4675 4880 4881
f 4881 4882 4675
f 4675 4883 4884
f 4875 4876 4675
f 4675 4885 4875
f 4884 4885 4675
f 4675 4873 4877
f 4675 4874 4873
f 4674 4874 4675
f 4678 4676 4675
f 4675 4876 4678
f 4676 4448 4675
f 4675 4448 4674
f 5216 5077 5215
f 5215 5229 5216
f 5174 5040 5173
f 5174 5042 5040
f 5412 5302 5300
f 5413 5302 5412
f 5412 5300 5411
f 5411 5413 5412
f 5194 5177 5306
f 5306 5305 5194
f 5177 5305 5306
f 5317 5229 5194
f 5194 5305 5317
f 5317 5305 5229
f 4670 4445 4444
f 4444 4666 4668
f 4667 4666 4444
f 4443 4667 4444
f 4668 4865 4866
f 4866 4867 4668
f 4866 4865 5041
f 5041 5042 4866
f 386 280 206
f 390 514 386
f 713 712 717
f 520 712 713
f 713 521 520
f 717 531 713
f 531 530 713
f 527 526 713
f 526 521 713
f 522 514 390
f 390 521 522
f 515 514 522
f 522 521 515
f 957 961 960
f 960 958 957
f 960 961 719
f 719 958 960
f 2341 2630 2342
f 2342 2063 2341
f 2342 2064 2063
f 2630 2631 2342
f 2628 2339 2627
f 2627 2626 2923
f 2338 2626 2627
f 2627 2339 2338
f 2627 2924 2628
f 2923 2924 2627
f 2343 2344 2065
f 2343 2631 2344
f 2343 2342 2631
f 2065 2064 2343
f 2064 2342 2343
f 3520 3810 3521
f 3521 3810 3811
f 2927 3229 2928
f 2632 2631 2928
f 2928 2631 2927
f 2350 2344 2632
f 2350 2071 2344
f 2641 2350 2640
f 2351 2350 2641
f 2334 2056 2329
f 2329 2328 2334
f 2329 2056 2051
f 2051 2328 2329
f 2334 2328 2327
f 2327 2051 2050
f 2327 2328 2051
f 2338 2059 2337
f 2625 2626 2337
f 2337 2626 2338
f 2060 2338 2061
f 2060 2059 2338
f 2061 1772 2060
f 1772 2059 2060
f 1683 1682 1409
f 1409 1681 1683
f 1678 1682 1683
f 1683 1964 1678
f 1965 1964 1683
f 2246 2245 2513
f 2246 1964 2245
f 2613 2623 2334
f 2334 2327 2613
f 2612 2910 2908
f 2908 2613 2612
f 2623 2613 2908
f 2909 2614 2911
f 2612 2614 2909
f 2911 2910 2909
f 2909 2910 2612
f 2325 2614 2612
f 2612 2613 2325
f 2325 2613 2327
f 3506 3211 3505
f 3505 3213 3215
f 3211 3213 3505
f 2918 2623 2919
f 2623 2908 2919
f 2331 2330 2332
f 2617 2618 2332
f 2208 2497 2332
f 2332 2497 2617
f 2911 2614 2615
f 1768 1762 1492
f 1492 1491 1768
f 2054 2053 2331
f 1397 1129 1396
f 1386 1129 1397
f 1396 1668 1397
f 2435 2152 2434
f 2434 2740 2435
f 2741 2742 2435
f 2435 2740 2741
f 2447 2742 2741
f 2741 2740 2447
f 2447 2740 2449
f 2160 1892 2166
f 1879 1593 1878
f 1879 1880 1593
f 3336 3053 3350
f 3350 3618 3336
f 3040 3054 3336
f 3336 3054 3053
f 3336 3337 3040
f 3336 3618 3337
f 3632 3347 3346
f 2436 2152 2435
f 2435 2744 2436
f 2147 2163 2161
f 2161 1889 2147
f 2147 1889 1870
f 1870 2149 2147
f 2421 2163 2147
f 2147 2149 2421
f 1322 1305 1307
f 1587 1590 1307
f 1054 1070 1069
f 1069 820 1054
f 1070 820 1069
f 600 810 819
f 819 820 600
f 810 820 819
f 1323 1320 1603
f 1323 1324 1072
f 1603 1324 1323
f 1071 820 1070
f 1320 1323 1071
f 1072 820 1071
f 1071 1323 1072
f 1068 820 1056
f 820 1057 1056
f 804 596 592
f 592 590 804
f 592 591 590
f 414 591 592
f 592 589 414
f 807 808 597
f 807 1053 1054
f 1054 808 807
f 804 1048 807
f 1054 1053 1052
f 1052 1049 1054
f 1053 807 1052
f 1052 807 1049
f 1297 1299 1054
f 1054 1049 1297
f 1297 1049 1299
f 1298 1049 1294
f 1598 1597 1884
f 1595 1596 1311
f 1311 1594 1595
f 1595 1594 1882
f 1595 1597 1596
f 1885 1597 1883
f 1883 1882 1885
f 1597 1595 1883
f 1883 1595 1882
f 1877 1593 1876
f 1877 1594 1593
f 1593 1871 1872
f 1872 1873 1593
f 2150 1873 1872
f 1872 1880 2150
f 1871 1880 1872
f 1874 1875 1593
f 1593 1873 1874
f 2150 2152 2151
f 2151 1873 2150
f 2152 1873 2151
f 814 813 812
f 814 1066 815
f 814 815 600
f 600 813 814
f 817 816 1051
f 600 816 817
f 1315 1317 1318
f 1060 1317 1315
f 1302 1303 1051
f 1067 1300 1051
f 1051 816 1067
f 1067 816 815
f 815 1066 1067
f 826 1051 1078
f 1051 1304 1078
f 314 226 313
f 313 315 314
f 314 315 226
f 316 315 422
f 313 421 422
f 422 315 313
f 601 425 600
f 600 602 601
f 601 602 425
f 604 425 603
f 425 602 603
f 603 606 604
f 603 602 600
f 316 425 426
f 424 425 316
f 424 595 425
f 439 322 438
f 438 322 437
f 822 817 1051
f 830 1051 826
f 830 805 1051
f 323 324 229
f 323 322 324
f 1325 1309 1592
f 821 811 600
f 600 820 821
f 812 811 821
f 152 199 200
f 200 153 152
f 200 201 153
f 268 201 200
f 372 378 275
f 500 682 497
f 497 377 500
f 374 377 497
f 690 682 500
f 690 500 689
f 689 915 690
f 509 508 700
f 700 701 509
f 948 706 705
f 705 706 511
f 511 702 703
f 502 691 501
f 501 378 502
f 501 691 503
f 503 379 501
f 379 378 501
f 367 490 370
f 365 490 367
f 369 367 370
f 922 691 921
f 922 923 691
f 922 921 930
f 930 923 922
f 926 1173 921
f 926 925 1176
f 921 692 926
f 692 925 926
f 1719 1718 2004
f 1456 1721 1726
f 1726 1457 1456
f 325 230 229
f 229 324 325
f 324 322 325
f 322 436 325
f 234 329 330
f 84 50 49
f 123 127 122
f 122 85 123
f 552 754 553
f 753 754 552
f 552 553 407
f 407 551 552
f 551 753 552
f 1259 997 996
f 997 756 996
f 2607 2604 2906
f 2321 2609 2322
f 1761 1533 1485
f 2375 2664 2376
f 2376 2088 2375
f 2374 2664 2375
f 2375 2088 2374
f 1811 1809 2087
f 2087 2088 1811
f 1809 1533 2087
f 2972 2683 2971
f 3266 3267 2973
f 3268 2974 2973
f 2973 3267 3268
f 3267 3266 3268
f 2975 2974 3268
f 3250 3502 3540
f 3553 3787 3830
f 495 496 374
f 2273 1990 2272
f 1981 1987 1983
f 1983 1987 1705
f 1704 1705 1435
f 1435 1700 1704
f 689 500 688
f 916 917 689
f 689 688 916
f 916 688 914
f 1193 940 1172
f 1998 2282 1999
f 2273 2282 2558
f 2283 1999 2273
f 2283 1995 1999
f 2273 2561 2283
f 1996 1995 2286
f 1997 1710 1996
f 910 690 920
f 920 690 919
f 920 919 917
f 1435 1705 1706
f 1706 1703 1435
f 1986 1703 1706
f 1472 1467 1745
f 940 944 942
f 944 703 942
f 1194 944 1193
f 1469 1194 1467
f 585 800 586
f 586 412 585
f 799 585 798
f 799 800 585
f 802 1048 804
f 583 797 585
f 411 582 583
f 583 582 797
f 1042 797 796
f 796 795 1042
f 1042 795 797
f 1040 797 1041
f 1041 795 1040
f 797 795 1041
f 1040 795 1039
f 1039 795 794
f 1291 1579 1292
f 226 306 307
f 226 316 317
f 317 318 226
f 605 425 604
f 604 432 605
f 607 432 606
f 606 805 607
f 805 608 607
f 434 433 593
f 593 416 434
f 594 416 593
f 794 795 581
f 581 790 791
f 581 795 796
f 796 582 581
f 581 582 415
f 581 415 409
f 409 580 581
f 581 580 789
f 789 790 581
f 1580 1862 1863
f 1863 1864 1580
f 1864 1865 1580
f 1856 1862 1580
f 1292 1579 1580
f 3324 3030 3028
f 3028 3318 3317
f 3028 3316 3324
f 3317 3316 3028
f 3030 3033 3031
f 3031 2729 3030
f 3321 3322 3025
f 3025 3320 3321
f 3601 3322 3321
f 3321 3589 3601
f 3320 3589 3321
f 2137 2138 1863
f 1863 2136 2137
f 2136 2135 2137
f 2137 2139 2138
f 2966 2963 2968
f 2679 2967 2966
f 2966 2681 2679
f 2966 2968 2681
f 773 1011 1012
f 1012 774 773
f 775 774 1012
f 1012 1011 1269
f 1269 1013 1012
f 1012 776 775
f 1012 1013 776
f 1273 1018 1017
f 1017 1272 1273
f 1015 1272 1017
f 1018 781 1017
f 781 780 1017
f 1016 1015 1017
f 1017 780 1016
f 1271 1272 1015
f 1270 1272 1271
f 1271 1015 1269
f 1269 1011 1271
f 1271 1011 1270
f 781 573 572
f 572 780 781
f 571 780 572
f 572 409 571
f 572 573 409
f 1006 1007 768
f 768 1005 1006
f 1004 1005 768
f 998 763 757
f 998 761 763
f 1261 1260 1532
f 1261 1003 1260
f 1262 1540 1541
f 1821 1542 1541
f 1541 1540 1821
f 1265 1542 1821
f 1532 1531 1539
f 1531 1257 1539
f 1538 1817 1539
f 1257 1256 1539
f 1539 1256 1538
f 773 565 772
f 772 1010 773
f 772 770 1008
f 772 1008 1009
f 1009 1010 772
f 1535 1812 1536
f 1813 1536 1814
f 1814 1536 1812
f 2089 2378 2379
f 2089 1812 2088
f 1816 2092 1822
f 1822 1817 1816
f 1816 1817 1538
f 1813 2092 1815
f 1815 1538 1259
f 1815 1816 1538
f 2092 1816 1815
f 2224 2225 1948
f 1948 2223 2224
f 2224 2223 2513
f 1947 1663 1679
f 1679 1406 1678
f 1678 1947 1679
f 1399 1398 1669
f 1669 1398 1418
f 1418 1691 1669
f 1691 1956 1669
f 2831 3110 2832
f 1411 1404 1677
f 1677 1404 1676
f 3696 3695 3966
f 3699 3419 3705
f 3705 3967 3699
f 4215 3967 4088
f 3410 3110 3409
f 3411 3110 3410
f 3694 3967 3966
f 3966 3695 3694
f 3694 3699 3967
f 3695 3410 3694
f 3694 3410 3409
f 2774 2472 2471
f 3060 3352 3354
f 1911 1629 1910
f 1911 1912 1629
f 2205 1929 2204
f 2489 2472 2774
f 2489 2490 2205
f 2205 2472 2489
f 2774 2790 2489
f 1106 1364 1365
f 468 351 467
f 468 642 643
f 469 468 643
f 351 468 469
f 470 352 469
f 469 352 351
f 863 642 861
f 1110 1111 861
f 861 1111 863
f 861 860 1110
f 647 868 648
f 1116 868 1115
f 1114 1376 1115
f 1115 1376 1116
f 2791 2788 2490
f 2490 2489 2791
f 2791 2790 3075
f 2791 2489 2790
f 2203 1929 2205
f 2205 2197 2203
f 648 868 869
f 869 868 1116
f 1644 1930 1645
f 1116 1376 1377
f 1377 1378 1116
f 1644 1645 1377
f 1377 1645 1378
f 1114 1374 1375
f 1375 1376 1114
f 1374 1643 1375
f 1375 1643 1644
f 1644 1377 1375
f 1375 1377 1376
f 356 361 261
f 475 361 356
f 261 258 356
f 356 258 355
f 1929 1926 1925
f 1926 1642 1925
f 2189 1925 1916
f 1371 1635 1372
f 1112 1111 1372
f 1372 1111 1371
f 1372 1373 1112
f 1635 1373 1372
f 1918 1635 1634
f 1634 1635 1367
f 1634 1633 1918
f 1367 1633 1634
f 1641 1635 1374
f 1374 1373 1641
f 1641 1373 1635
f 4340 4370 4369
f 3885 4139 4140
f 4140 4139 3887
f 4140 3886 3885
f 3887 3886 4140
f 4367 4139 4364
f 4365 4141 4366
f 4366 4139 4365
f 4141 4139 4366
f 4122 4121 4345
f 4345 4121 4344
f 4345 4153 4122
f 4344 4153 4345
f 4340 4119 4339
f 3866 3867 3591
f 3866 3593 3867
f 3869 3593 3866
f 3870 3869 3866
f 3866 4121 3870
f 4374 4344 4343
f 4344 4119 4343
f 4776 4775 4979
f 4565 4775 4567
f 3873 3871 3898
f 3871 3899 3898
f 3898 3629 3873
f 3899 3629 3898
f 4154 3902 4152
f 4152 4151 4154
f 4152 3899 4151
f 4374 4569 4375
f 4375 4151 4374
f 4154 4151 4376
f 4151 4375 4376
f 3064 3058 2769
f 3353 3058 3064
f 3348 3349 3053
f 3053 3347 3348
f 3348 3347 3349
f 4985 5134 4986
f 4986 4781 4985
f 4983 5134 4985
f 4985 4781 4983
f 4992 4792 4989
f 4992 5139 4994
f 4989 5139 4992
f 4994 4793 4992
f 4793 4792 4992
f 4989 4792 4786
f 4786 4988 4989
f 4786 4578 4577
f 4579 4578 4786
f 4987 4988 4785
f 4785 4784 4987
f 4988 4786 4785
f 4577 4784 4785
f 4785 4786 4577
f 4576 4782 4783
f 4783 4784 4576
f 4783 4782 4987
f 4987 4784 4783
f 5566 5568 5567
f 5567 5479 5566
f 5568 5481 5480
f 5480 5567 5568
f 5479 5567 5480
f 5480 5481 5375
f 5566 5479 5478
f 5268 5132 5131
f 5131 5130 5268
f 5131 5132 4983
f 5264 5129 5128
f 5128 5127 5264
f 5127 5263 5264
f 4779 4981 4982
f 4982 4780 4779
f 4982 4981 5129
f 5129 5130 4982
f 5130 5131 4982
f 4983 4780 4982
f 4982 5131 4983
f 4562 4770 4771
f 3876 3605 3875
f 3876 4125 3877
f 3875 4125 3876
f 3876 3877 3606
f 3606 3605 3876
f 3322 3587 3602
f 3602 3603 3322
f 3587 3603 3602
f 3874 3604 3863
f 3875 3604 3874
f 3334 3590 3335
f 3334 3333 3590
f 3335 3033 3334
f 3033 3333 3334
f 3617 3333 3616
f 3590 3333 3617
f 3617 3616 3591
f 3591 3590 3617
f 3616 3333 3615
f 3615 3333 3331
f 3882 3884 3612
f 3612 3886 3887
f 3612 3884 3885
f 3885 3886 3612
f 3610 3609 3880
f 3880 3881 3610
f 3610 3881 3882
f 3610 3327 3609
f 3328 3327 3610
f 3326 3316 3600
f 3326 3327 3030
f 3323 3600 3599
f 3599 3316 3323
f 3600 3316 3599
f 3608 3327 3607
f 3606 3880 3607
f 3880 3609 3607
f 3609 3608 3607
f 3607 3323 3606
f 3607 3600 3323
f 3607 3326 3600
f 3327 3326 3607
f 4772 4571 4570
f 4772 4978 4779
f 4779 4573 4772
f 4562 4771 4772
f 4361 4584 4585
f 4584 4794 4585
f 4585 4586 4361
f 4585 4794 4586
f 4587 4586 4798
f 4361 4586 4587
f 4587 4588 4361
f 4791 4593 4581
f 4581 4582 4361
f 4581 4593 4367
f 4800 4799 4993
f 4586 4799 4800
f 4367 4593 4594
f 5380 5381 5272
f 5272 5138 5137
f 5273 5138 5272
f 5272 5381 5273
f 5271 5380 5272
f 5272 5135 5271
f 5137 5135 5272
f 5377 5482 5378
f 5269 5376 5377
f 5377 5376 5481
f 5481 5482 5377
f 5377 5270 5269
f 5378 5270 5377
f 5491 5570 5573
f 5573 5574 5491
f 4572 4348 4571
f 4573 4348 4572
f 4571 4772 4572
f 4572 4772 4573
f 4350 4126 4349
f 4349 4348 4350
f 4126 4348 4349
f 4353 4128 4352
f 4352 4126 4351
f 4351 4353 4352
f 3882 4131 4133
f 4133 4131 4134
f 4133 3885 3882
f 4133 4134 3885
f 3114 3115 2836
f 3405 3403 3101
f 4432 4433 4212
f 3963 3962 4212
f 4662 4663 4435
f 4649 4648 4435
f 4435 4663 4649
f 4659 4433 4432
f 3953 3964 4204
f 3687 3688 3404
f 3962 3688 3687
f 3958 3936 3682
f 3682 3936 3935
f 3682 3935 3668
f 3679 3954 3680
f 3953 3954 3679
f 3679 3952 3953
f 3689 3952 3679
f 3819 4081 3820
f 3820 4081 4083
f 4083 4081 4089
f 4536 4659 4436
f 4746 4659 4536
f 3109 3124 3111
f 3111 3124 3110
f 3111 2831 3109
f 3110 2831 3111
f 3121 3124 3122
f 3418 3419 3120
f 3419 3124 3120
f 3124 3121 3120
f 3120 3417 3418
f 3822 4084 4085
f 3418 3704 3701
f 3704 3536 3701
f 3821 3536 3534
f 3820 3821 3534
f 3534 3819 3820
f 3238 3532 3534
f 2733 3010 2736
f 2429 2735 2736
f 2718 2429 2736
f 2736 3010 2718
f 3012 3036 3306
f 3307 3013 3306
f 3306 3013 3012
f 3035 2733 2730
f 2730 3036 3035
f 3035 3036 3012
f 3035 3011 2733
f 3012 3011 3035
f 3034 2729 3033
f 3034 3033 3307
f 2730 2729 3034
f 3034 3036 2730
f 3307 3306 3034
f 3034 3306 3036
f 2425 2731 2732
f 2732 2426 2425
f 2731 2426 2732
f 3024 3008 3025
f 3024 3023 3008
f 3025 2726 3024
f 2726 3023 3024
f 3310 3595 3311
f 3311 3313 3017
f 3314 3313 3311
f 3311 3596 3314
f 3870 3871 3597
f 3871 3596 3597
f 3597 3595 3870
f 3597 3311 3595
f 3596 3311 3597
f 3014 3309 3310
f 3014 3308 3309
f 3014 3013 3308
f 3014 3015 2718
f 2718 3013 3014
f 3310 3311 3014
f 3014 3311 3015
f 3985 4234 3991
f 3991 3988 3721
f 3721 3985 3991
f 3146 3447 3448
f 3424 3423 3146
f 3131 3130 3424
f 3130 3423 3424
f 3446 3447 3146
f 3146 3423 3446
f 3446 3423 3447
f 2565 2278 2564
f 2564 2280 2565
f 3131 2865 3138
f 2865 2866 3138
f 3438 3439 3137
f 3720 3439 3438
f 3137 3437 3438
f 3437 3720 3438
f 3137 3439 3440
f 3709 3423 3441
f 3441 3439 3709
f 3441 3440 3439
f 3441 3423 3137
f 3137 3440 3441
f 3720 3712 3976
f 3976 3712 3719
f 3719 3984 3976
f 3435 3719 3711
f 3719 3712 3711
f 3712 3426 3711
f 3436 3134 3435
f 3436 3426 3134
f 3435 3711 3436
f 3436 3711 3426
f 3775 3500 3774
f 3770 3769 3772
f 4038 3777 3776
f 3776 4037 4038
f 4038 4037 4257
f 4039 3777 4038
f 4038 4257 4039
f 4701 4700 4703
f 4479 4700 4701
f 4703 4702 4701
f 4701 4702 4479
f 4703 4700 4912
f 4912 4700 4911
f 4913 4703 4912
f 4912 4911 4913
f 4482 4702 4484
f 4479 4702 4482
f 4481 4482 4260
f 4707 4708 4490
f 4911 4700 4709
f 4709 4700 4490
f 4490 4708 4709
f 4027 4028 3768
f 4039 4262 4027
f 4027 3777 4039
f 3768 3777 4027
f 4487 4486 4485
f 4490 4479 4267
f 4028 4266 4267
f 5058 4887 5057
f 5057 5056 5058
f 4887 5056 5057
f 2692 2982 2693
f 2695 2696 2402
f 2402 2401 2692
f 2692 2693 2402
f 2978 2977 3276
f 2977 3275 3276
f 3275 3559 3276
f 3834 3567 3561
f 3844 3567 3834
f 3833 3844 3834
f 3834 3558 3833
f 3833 3558 3556
f 3556 3558 3275
f 3556 3273 3833
f 3275 3273 3556
f 3281 3280 3562
f 3285 2988 2987
f 2987 2988 2697
f 2697 2696 2987
f 2696 2986 2987
f 3840 3845 3842
f 3842 3841 3840
f 3845 3570 3842
f 3565 3841 3842
f 4494 4496 4274
f 4494 4270 4484
f 4484 4496 4494
f 4956 5081 5108
f 5108 5081 5084
f 5108 5109 4956
f 5084 5109 5108
f 4747 4537 4710
f 4710 4704 4747
f 4704 4917 4747
f 4956 4750 4747
f 4748 4538 4537
f 4748 4747 4750
f 4537 4747 4748
f 4750 4542 4748
f 4748 4542 4539
f 4497 4496 4710
f 4710 4711 4497
f 4274 4496 4497
f 4311 4274 4497
f 4497 4537 4311
f 4497 4711 4537
f 3835 3563 3837
f 3563 3831 3837
f 3837 4092 3835
f 3555 3831 3833
f 3833 3273 3555
f 3832 3831 3555
f 2977 2689 2976
f 2976 3273 2977
f 2689 2979 2976
f 2979 3274 2976
f 3301 3588 3584
f 3303 3302 3584
f 3584 3302 3301
f 3584 3589 3303
f 3584 3588 3589
f 1028 785 783
f 783 1027 1028
f 1028 1027 785
f 792 788 1029
f 791 788 792
f 792 581 791
f 2994 2995 2705
f 1843 2114 2115
f 2114 2405 2116
f 2116 2115 2114
f 2116 2117 1843
f 1843 2115 2116
f 1566 1846 1847
f 2701 2405 2700
f 2701 2702 2405
f 2385 2098 2097
f 2385 2386 2098
f 2385 2097 2384
f 2384 2386 2385
f 2384 2674 2673
f 2379 2672 2673
f 2673 2381 2379
f 2674 2381 2673
f 2678 2965 2680
f 2387 2677 2678
f 2678 2677 2965
f 2967 2965 2960
f 1019 1274 1275
f 1275 1021 1019
f 1019 781 1018
f 1018 1274 1019
f 1019 782 781
f 782 1021 1022
f 1022 1021 1276
f 1022 1024 783
f 1022 1276 1024
f 1275 1274 1554
f 1554 1274 1553
f 1556 1277 1554
f 1558 1838 1839
f 1839 1838 2104
f 2104 1838 1837
f 1833 2104 1837
f 1837 1834 1833
f 1556 1834 1837
f 1837 1838 1556
f 2692 2401 2400
f 2687 2974 2688
f 2688 2974 2975
f 2685 2686 2396
f 1558 1277 1557
f 1557 1277 1556
f 1557 1838 1558
f 1556 1838 1557
f 1279 1561 1562
f 1564 1283 1282
f 1282 1283 1026
f 1563 1561 1843
f 1564 1282 1563
f 1563 1282 1561
f 1843 1561 1559
f 1559 1278 1558
f 5219 5082 5218
f 5217 5331 5219
f 5219 5220 5082
f 5331 5220 5219
f 5212 5217 5219
f 5219 5218 5212
f 5080 4916 4915
f 5079 5082 4916
f 5079 5211 5082
f 4916 5080 5079
f 5076 5211 5079
f 5079 4915 5076
f 5079 5080 4915
f 5223 5222 5337
f 5222 5336 5337
f 5249 5223 5337
f 5337 5336 5249
f 5222 5220 5334
f 5446 5352 5334
f 5334 5336 5222
f 5352 5336 5334
f 5221 5222 5083
f 5221 5220 5222
f 5083 5082 5221
f 5082 5220 5221
f 5249 5251 5250
f 5250 5113 5249
f 5251 5113 5250
f 5117 5116 4965
f 5252 5113 5251
f 4543 4752 4544
f 4544 4315 4543
f 4543 4315 4314
f 4314 4542 4543
f 4542 4752 4543
f 4755 4545 4754
f 4754 4545 4544
f 4544 4753 4754
f 4753 4959 4754
f 4958 4959 4751
f 5111 4959 4958
f 4751 4957 4958
f 4957 5111 4958
f 5212 5211 5210
f 5210 5077 5212
f 5210 5078 5077
f 5210 5211 5076
f 5076 5078 5210
f 5251 5354 5355
f 5355 5354 5459
f 5251 5352 5353
f 5353 5354 5251
f 5353 5352 5446
f 5446 5354 5353
f 5328 5329 5216
f 5332 5329 5328
f 5328 5418 5332
f 5260 5259 5261
f 5261 5259 5365
f 5261 5126 5260
f 5261 5262 5126
f 5261 5365 5366
f 5368 5262 5261
f 3857 3856 4110
f 3857 4112 3858
f 3858 3581 3857
f 3581 3856 3857
f 3297 2995 3296
f 3580 3854 3855
f 3855 3581 3580
f 3580 3581 3297
f 4109 3856 4105
f 4105 3856 3855
f 3855 3854 4105
f 3298 2995 3297
f 3298 3581 3582
f 3297 3581 3298
f 3298 3582 3299
f 3299 2995 3298
f 4100 3849 3848
f 3848 3574 3847
f 3848 3575 3574
f 3848 3849 3575
f 4755 4321 4547
f 4547 4321 4320
f 4320 4322 4547
f 4547 4546 4755
f 4547 4322 4546
f 4109 4105 4108
f 4100 4102 4101
f 4102 3851 4101
f 3850 4100 4101
f 3853 3854 3579
f 3579 3578 3853
f 3579 3580 3297
f 3854 3580 3579
f 3293 3578 3579
f 14 11 2
f 2 11 12
f 1 4 5
f 2182 1919 1920
f 1910 1919 2182
f 2767 2768 2467
f 2749 2739 2438
f 2438 2436 2749
f 2749 2436 2748
f 3037 2739 2749
f 2761 2739 3039
f 3039 2945 2761
f 2457 2760 2761
f 1232 1233 966
f 1498 1233 1232
f 1232 966 1220
f 1220 1498 1232
f 966 1233 1234
f 714 524 527
f 714 530 524
f 527 713 714
f 714 713 530
f 393 524 529
f 529 530 393
f 524 530 529
f 904 970 1149
f 970 968 1149
f 964 721 720
f 720 963 964
f 964 963 1225
f 964 1225 962
f 962 721 964
f 494 677 678
f 678 679 494
f 3095 2816 2817
f 3399 3400 3095
f 3096 2816 3095
f 3095 3400 3096
f 2512 2220 2510
f 2512 2815 2817
f 2510 2815 2512
f 2817 2816 2512
f 4408 4409 4189
f 4410 4409 4408
f 3669 3936 3937
f 3937 3936 4189
f 3093 2814 2813
f 2813 2814 2509
f 2812 2515 2819
f 2509 2515 2812
f 2819 2813 2812
f 2812 2813 2509
f 2818 3101 2819
f 2819 2515 2818
f 2219 2509 2510
f 2219 2218 2509
f 2510 2220 2219
f 2219 2220 1946
f 1946 2218 2219
f 1949 2218 1946
f 1949 1662 1664
f 1946 1662 1949
f 1664 1948 1949
f 1948 2225 1949
f 3680 3954 3955
f 3955 3954 3953
f 4426 4427 4208
f 4429 4209 4208
f 4209 3957 4208
f 2216 2508 2502
f 2502 2212 2216
f 2216 2212 1944
f 1944 1943 2216
f 5289 5157 5288
f 5400 5289 5399
f 5399 5289 5288
f 4429 4657 4627
f 4657 4628 4627
f 4627 4407 4429
f 4627 4628 4407
f 4410 4408 4630
f 5010 4833 5009
f 4632 4835 4836
f 4632 4635 4633
f 4836 4635 4632
f 4633 4410 4632
f 5279 5146 5144
f 5144 5143 5279
f 5144 5007 5143
f 5623 5664 5624
f 5624 5557 5623
f 5624 5473 5559
f 5624 5664 5625
f 5626 5627 5563
f 5626 5563 5562
f 5626 5625 5666
f 5562 5625 5626
f 5357 5252 5251
f 5358 5252 5357
f 5356 5357 5251
f 5251 5355 5356
f 5559 5560 5470
f 5470 5472 5471
f 5470 5560 5472
f 5623 5557 5556
f 5463 5356 5462
f 5462 5355 5461
f 5462 5356 5355
f 5666 5665 5628
f 5628 5626 5666
f 5627 5626 5628
f 5565 5627 5628
f 5663 5664 5623
f 5625 5664 5663
f 5663 5665 5625
f 5442 5443 5333
f 5416 5413 5512
f 5333 5332 5441
f 5441 5332 5440
f 5281 5149 5280
f 5281 5282 5149
f 5577 5496 5495
f 5502 5397 5501
f 5397 5500 5501
f 5151 5152 5012
f 5151 5150 5152
f 5152 5150 5283
f 5283 5150 5149
f 5283 5282 5392
f 5149 5282 5283
f 5288 5286 5398
f 5398 5399 5288
f 5397 5399 5398
f 5285 5286 5152
f 5397 5398 5285
f 5285 5398 5286
f 5288 5157 5287
f 5287 5286 5288
f 5152 5286 5155
f 5155 5153 5152
f 5154 5153 5155
f 5286 5287 5155
f 5155 5014 5154
f 5630 5632 5575
f 5633 5632 5668
f 5576 5632 5633
f 5631 5574 5573
f 5573 5570 5631
f 5631 5570 5569
f 5388 5278 5277
f 5276 5388 5277
f 5277 5143 5276
f 5277 5278 5143
f 5387 5386 5489
f 5489 5388 5387
f 5387 5388 5276
f 5276 5386 5387
f 2808 2809 2506
f 2505 2807 2808
f 2808 2506 2505
f 5023 5161 5162
f 2807 2806 3090
f 3090 2806 3089
f 3678 3406 3396
f 3678 3407 3406
f 2804 2806 2503
f 2503 2501 2804
f 3673 3674 3392
f 3392 3390 3673
f 3674 3675 3392
f 4405 4404 4626
f 4626 4406 4405
f 4623 4406 4626
f 5022 5023 4845
f 3965 3931 3693
f 4185 3932 4182
f 4182 3932 3931
f 3103 2824 2826
f 3103 3079 2824
f 3663 3930 3666
f 3666 3930 3667
f 2493 2793 2794
f 2793 3078 2794
f 3379 3078 3077
f 3080 3078 3379
f 3377 3077 3376
f 3376 3661 3377
f 3662 3929 3663
f 3662 3661 3927
f 2207 2493 2494
f 2494 2495 2207
f 4852 5033 4853
f 4853 4653 4852
f 4852 4851 5032
f 5032 5033 4852
f 4852 4651 4851
f 4852 4653 4651
f 5037 5035 5036
f 5036 5035 4854
f 5036 5143 5037
f 5171 5143 5036
f 5036 5170 5171
f 5036 4854 5034
f 5034 5170 5036
f 4656 4657 4429
f 5029 5028 5038
f 5038 5028 4861
f 5038 5107 5029
f 4862 5028 4850
f 4861 5028 4862
f 4662 4861 4862
f 4862 4663 4662
f 4850 4663 4862
f 4661 4859 4662
f 4662 4435 4661
f 4661 4435 4433
f 5343 5406 5455
f 5247 5246 5343
f 5164 5231 5092
f 5092 5231 5232
f 5092 5165 5164
f 5092 5090 4926
f 5093 5090 5105
f 5230 5092 5232
f 5090 5092 5230
f 5105 5090 5230
f 5340 5450 5451
f 5234 5343 5340
f 5511 5406 5510
f 5455 5406 5456
f 5456 5406 5511
f 5456 5343 5455
f 5407 5339 5293
f 5293 5406 5407
f 4827 4828 4623
f 4928 4828 4827
f 4827 5005 4928
f 4926 4713 4925
f 4714 4828 4928
f 4928 4925 4714
f 4714 4925 4713
f 4501 4713 4511
f 4511 4502 4501
f 4285 4502 4511
f 4512 4285 4511
f 4186 4187 3933
f 4185 4186 3933
f 3933 3932 4185
f 4180 4402 4277
f 4181 3929 4180
f 3929 4179 4180
f 4277 4053 4180
f 4053 4052 4180
f 3934 4181 4180
f 4180 4052 3934
f 4401 4187 4406
f 4406 4402 4401
f 4402 4180 4401
f 3792 4052 4053
f 4277 4498 4278
f 4278 4053 4277
f 4278 4279 4053
f 2915 3218 3219
f 3218 3517 3219
f 3219 2916 2915
f 3219 2920 2916
f 2917 3216 2914
f 2914 3216 2915
f 2914 2915 2620
f 2620 2619 2914
f 2622 2621 2917
f 2917 2914 2622
f 2622 2914 2619
f 2619 2333 2622
f 2333 2621 2622
f 4286 4063 4062
f 4286 4514 4515
f 4515 4287 4286
f 4287 4063 4286
f 4513 4514 4286
f 3804 4062 3805
f 3804 3801 4062
f 3805 3516 3804
f 3515 3513 3802
f 3802 3801 3515
f 4504 4503 4512
f 4282 4503 4504
f 4506 4507 4282
f 4506 4716 4718
f 4508 4507 4506
f 4719 4508 4506
f 4506 4718 4719
f 3795 3667 3934
f 3795 3794 3667
f 3506 3794 3795
f 3934 4052 3795
f 3795 3792 3506
f 4052 3792 3795
f 4055 3798 3797
f 4055 4058 3798
f 3797 4057 4055
f 4057 4058 4055
f 3798 4060 3799
f 3799 3510 3798
f 4284 4283 4509
f 4284 4058 4283
f 3798 4058 4059
f 4059 4060 3798
f 4058 4284 4059
f 4059 4284 4060
f 3796 4050 3797
f 3797 3510 3796
f 3796 3789 4050
f 3796 3510 3790
f 3790 3789 3796
f 3518 3225 3519
f 3225 3224 3519
f 2922 2626 2921
f 2921 3224 2922
f 2923 2626 2922
f 2922 3224 2923
f 2624 2920 2625
f 2620 2916 2624
f 2916 2920 2624
f 2927 2631 2926
f 2926 2631 2630
f 2926 3229 2927
f 2629 2630 2341
f 2628 2924 2629
f 2924 2925 2629
f 2629 2926 2630
f 2925 2926 2629
f 2629 2340 2628
f 2341 2340 2629
f 2636 2638 2348
f 4071 4070 4294
f 4294 4072 4071
f 3809 4070 4071
f 4071 4072 3811
f 3811 3810 4071
f 4071 3810 3809
f 4300 4298 4078
f 4078 4072 4295
f 4078 4294 4300
f 4078 4295 4294
f 4524 4298 4523
f 4524 4520 4736
f 4523 4520 4524
f 3811 4072 3816
f 4072 4078 3816
f 2588 2890 2592
f 2889 2890 2588
f 2302 2019 2299
f 2025 1736 2017
f 3136 3135 3137
f 3137 2858 3136
f 2552 2553 2268
f 3716 3432 3715
f 3716 3984 3718
f 3433 3718 3435
f 3134 3432 3433
f 5327 5326 5304
f 5304 5418 5327
f 5418 5328 5327
f 5216 5326 5327
f 5327 5328 5216
f 4447 4448 4226
f 4447 4673 4448
f 3714 3432 3431
f 3431 3432 3134
f 4907 4698 4696
f 4695 4907 4696
f 5183 5182 5207
f 5182 5073 5207
f 5207 5209 5183
f 5207 5073 5209
f 5074 5073 5182
f 5074 5075 4910
f 5182 5075 5074
f 4695 4904 4908
f 5209 5073 5208
f 5205 5209 5208
f 5208 5206 5205
f 5197 5318 5319
f 5319 5198 5197
f 5350 5430 5320
f 5320 5319 5350
f 5319 5351 5350
f 5243 5242 5350
f 5350 5351 5243
f 5325 5308 5209
f 5209 5324 5325
f 5325 5324 5308
f 5420 5419 5436
f 5419 5324 5436
f 5203 5321 5204
f 5203 5204 5071
f 5320 5322 5203
f 5322 5321 5203
f 5071 5202 5203
f 5203 5202 5320
f 5323 5209 5205
f 5205 5321 5323
f 5323 5324 5209
f 5243 5318 5244
f 5244 5197 5106
f 5318 5197 5244
f 4905 4906 4695
f 5071 5206 5200
f 5200 5208 5073
f 5206 5208 5200
f 4732 4733 4517
f 5434 5432 5532
f 5324 5432 5434
f 5433 5432 5324
f 5321 5432 5433
f 5324 5323 5433
f 5433 5323 5321
f 5532 5531 5533
f 5602 5519 5601
f 5602 5523 5519
f 5519 5523 5425
f 5521 5522 5425
f 5422 5313 5420
f 5420 5423 5422
f 5422 5423 5313
f 5313 5423 5421
f 5242 5241 5349
f 5349 5350 5242
f 5430 5350 5349
f 4933 4934 4718
f 5099 4934 4933
f 4935 4720 4719
f 4719 4934 4935
f 4935 4934 5099
f 4935 4936 4720
f 4938 4936 4935
f 4935 5103 4938
f 5191 5050 5190
f 5190 5189 5191
f 5050 5189 5190
f 5310 5311 5185
f 5188 5311 5310
f 5313 5188 5310
f 5185 5309 5310
f 5310 5309 5313
f 4878 4880 4879
f 4879 4675 4878
f 4880 4675 4879
f 5214 5215 5077
f 5229 5215 5214
f 5194 5229 5228
f 5228 5227 5194
f 5300 5302 5301
f 5302 5175 5301
f 5173 5300 5301
f 5301 5175 5173
f 5043 5174 5173
f 5173 5175 5043
f 5042 5174 5043
f 5043 5178 5044
f 5177 5178 5043
f 5414 5302 5413
f 5414 5415 5302
f 5414 5413 5304
f 5304 5415 5414
f 5304 5177 5303
f 5303 5415 5304
f 5177 5302 5303
f 5302 5415 5303
f 4446 4445 4670
f 212 190 160
f 160 211 212
f 75 76 38
f 75 107 76
f 206 284 285
f 285 386 206
f 390 386 285
f 285 284 389
f 389 390 285
f 3228 3521 3229
f 3229 2926 3228
f 3229 3521 3522
f 2637 2634 2346
f 1963 1964 2243
f 1964 2246 2243
f 2614 2325 2326
f 2331 2615 2326
f 2326 2615 2614
f 2326 2325 2049
f 2326 2054 2331
f 2049 2054 2326
f 3508 3505 3215
f 3221 3211 3504
f 2918 2919 3220
f 3217 2917 3220
f 3220 2917 2918
f 3220 3221 3217
f 2919 3221 3220
f 2331 2332 2616
f 2616 2332 2618
f 2616 2615 2331
f 2618 2615 2616
f 2912 2618 2913
f 2912 2615 2618
f 2912 2913 2911
f 2911 2615 2912
f 1653 1937 1936
f 1936 2207 2208
f 1936 1937 2207
f 1385 1652 1487
f 1767 2054 2049
f 2053 2054 1767
f 1654 1668 1937
f 1654 1397 1668
f 1386 1397 1654
f 1653 1386 1654
f 1654 1937 1653
f 2433 2434 2152
f 2740 2434 2433
f 2433 2152 2432
f 2432 2449 2433
f 2433 2449 2740
f 2160 2449 2431
f 2431 2449 2432
f 2431 2152 2160
f 2432 2152 2431
f 2160 2447 2448
f 2448 2449 2160
f 2447 2449 2448
f 2454 2166 2165
f 1891 2165 2162
f 2165 2166 2162
f 2162 1892 1891
f 2162 2166 1892
f 1893 1892 2159
f 2159 1880 1893
f 1880 1879 1893
f 1888 1879 1878
f 2752 2751 2452
f 2452 2164 2451
f 2451 2753 2452
f 2753 2752 2452
f 3633 3618 3350
f 3350 3349 3633
f 3349 3347 3633
f 3347 3632 3633
f 3539 3244 3243
f 3045 2744 3044
f 3044 3338 3045
f 3045 3338 3342
f 2946 2945 3242
f 3242 2947 2946
f 3242 2945 3241
f 3241 3243 3242
f 3242 3243 2947
f 2438 2152 2437
f 2437 2436 2438
f 2152 2436 2437
f 3241 2945 3049
f 3049 2945 3037
f 1308 1305 1054
f 1054 1307 1308
f 1308 1307 1305
f 1591 1307 1590
f 1587 1604 1591
f 1591 1590 1587
f 1591 1604 1322
f 1322 1307 1591
f 1587 1307 1306
f 1306 1307 1054
f 1306 1299 1587
f 1054 1299 1306
f 1070 1320 1321
f 1321 1071 1070
f 1320 1071 1321
f 809 1056 1057
f 809 1057 810
f 597 808 809
f 809 810 598
f 598 597 809
f 1068 1056 809
f 597 596 806
f 806 807 597
f 806 596 804
f 804 807 806
f 1050 807 1048
f 1049 807 1050
f 1048 802 1050
f 1050 802 1049
f 1292 1580 1581
f 1886 1597 1885
f 1881 1877 1885
f 1594 1877 1881
f 1885 1882 1881
f 1882 1594 1881
f 1875 1874 2155
f 2155 1874 1873
f 2155 2157 1875
f 2155 1873 2154
f 1064 814 812
f 1066 814 1064
f 600 817 818
f 818 603 600
f 606 603 818
f 818 822 606
f 817 822 818
f 1060 1315 1063
f 1063 1062 1060
f 1318 1300 1063
f 1063 1315 1318
f 1063 1067 1066
f 1300 1067 1063
f 1066 1064 1063
f 812 1062 1063
f 1063 1064 812
f 1051 1300 1301
f 1301 1302 1051
f 1301 1300 1318
f 1318 1303 1589
f 1303 1302 1589
f 1589 1301 1318
f 1302 1301 1589
f 812 1060 1061
f 1061 1062 812
f 1060 1062 1061
f 427 426 425
f 425 605 427
f 427 605 428
f 427 428 316
f 316 426 427
f 423 424 316
f 595 424 423
f 597 595 423
f 423 596 597
f 423 592 596
f 589 592 423
f 421 589 423
f 423 422 421
f 316 422 423
f 593 805 615
f 438 594 615
f 615 594 593
f 823 805 606
f 606 822 823
f 1051 805 823
f 823 822 1051
f 227 167 226
f 322 227 312
f 418 420 312
f 226 311 312
f 312 227 226
f 312 309 418
f 311 309 312
f 1065 1309 1058
f 1065 1058 812
f 812 821 1065
f 1326 1592 1309
f 1326 1073 1072
f 1072 1325 1326
f 1325 1592 1326
f 267 199 266
f 267 200 199
f 268 200 267
f 203 202 272
f 272 275 203
f 276 378 379
f 276 275 378
f 203 275 276
f 276 277 203
f 276 379 277
f 915 917 918
f 918 690 915
f 917 919 918
f 919 690 918
f 507 700 508
f 507 508 384
f 384 496 507
f 910 701 909
f 701 700 909
f 704 705 511
f 511 703 704
f 704 703 946
f 946 703 945
f 945 703 944
f 366 367 268
f 365 367 366
f 266 365 366
f 268 267 366
f 366 267 266
f 201 269 270
f 367 369 270
f 270 369 370
f 1780 1779 2072
f 1779 2071 2072
f 2072 2350 2351
f 2071 2350 2072
f 1495 1780 1776
f 1776 1777 1495
f 1780 2072 1776
f 1778 1499 1495
f 1495 1777 1778
f 1778 1500 1499
f 1778 1777 2069
f 2349 2069 2348
f 2348 2353 2349
f 1177 926 1176
f 1173 926 1177
f 1174 1173 1177
f 1729 1457 1726
f 1457 1729 1727
f 2299 2019 2015
f 1720 1719 2004
f 1183 1457 1185
f 1183 1456 1457
f 1185 1184 1183
f 2875 2876 2575
f 2012 2014 2288
f 1725 2014 2012
f 1153 1423 1424
f 695 692 502
f 695 925 692
f 685 911 686
f 685 686 499
f 499 684 685
f 914 688 913
f 327 328 230
f 441 328 327
f 440 325 436
f 445 330 329
f 609 611 436
f 435 439 609
f 439 611 609
f 616 615 805
f 826 611 616
f 616 611 439
f 439 438 616
f 438 615 616
f 1079 1075 1318
f 48 47 84
f 84 49 48
f 47 48 20
f 20 48 49
f 994 756 755
f 994 996 756
f 994 754 993
f 755 754 994
f 1535 1536 1254
f 1811 1535 1534
f 993 754 992
f 992 754 991
f 2609 2611 2610
f 2608 2609 2321
f 2321 2607 2608
f 2608 2611 2609
f 2606 2607 2321
f 2604 2607 2606
f 2047 1761 2048
f 1808 1761 2047
f 1533 1761 1808
f 2047 2087 1808
f 1808 2087 1533
f 1481 1205 1480
f 1481 1477 1205
f 1485 1251 1207
f 1207 1251 991
f 991 950 1207
f 1207 950 949
f 949 1206 1207
f 2374 2088 2373
f 2088 2087 2373
f 2373 2087 2047
f 2970 2682 2969
f 2683 2682 2970
f 2970 2971 2683
f 3550 3266 3549
f 3549 3547 3550
f 3548 3547 3549
f 3551 3550 3557
f 3551 3266 3550
f 3557 3274 3551
f 3274 3266 3551
f 3269 3274 2979
f 3269 3266 3274
f 3269 2979 2975
f 3251 2957 3250
f 3250 3540 3251
f 3779 3787 3550
f 3779 3781 3787
f 3787 4041 4042
f 3786 4041 3787
f 3786 3785 4041
f 4274 4273 4493
f 4493 4273 4270
f 4274 4275 4045
f 4045 4273 4274
f 3250 2957 3248
f 2906 2953 2665
f 2665 2607 2906
f 2954 2665 2953
f 2667 2663 2374
f 2962 2963 2671
f 2969 2968 2962
f 2671 2378 2377
f 2377 2089 2088
f 2378 2089 2377
f 2377 2088 2376
f 2376 2669 2377
f 2602 2603 2319
f 498 495 374
f 374 497 498
f 498 497 682
f 1990 2280 2271
f 2271 2272 1990
f 2557 2271 2280
f 2273 2272 2557
f 2272 2271 2557
f 3990 3989 3988
f 3721 3989 3990
f 1705 1987 1988
f 1981 2268 2269
f 2267 2268 1981
f 1982 1700 1981
f 1981 1983 1982
f 1982 1983 1700
f 1985 1704 1700
f 1705 1704 1985
f 1981 1976 2255
f 2255 1976 1975
f 1981 1700 1980
f 1980 1976 1981
f 1700 1976 1980
f 1714 1442 1713
f 1714 1715 1442
f 1713 1745 1714
f 1467 1715 1714
f 1714 1745 1467
f 1443 1467 1193
f 1443 1715 1467
f 1193 1172 1443
f 1442 1715 1443
f 1443 1172 1442
f 1442 1172 1439
f 1752 2040 1753
f 1752 1472 1751
f 1751 2039 1752
f 2286 1995 2285
f 2285 2312 2286
f 2560 2561 2273
f 2040 1752 2038
f 2038 1752 2039
f 2038 2039 1751
f 2286 2312 2038
f 1999 1995 1994
f 1711 1997 1708
f 1711 1710 1997
f 1708 1441 1711
f 1441 1710 1711
f 1991 1705 1990
f 1991 1992 1705
f 2282 1992 2281
f 1705 1992 1993
f 1993 1992 2282
f 2282 1998 1993
f 1993 1998 1986
f 1986 1706 1993
f 1993 1706 1705
f 2274 1990 2273
f 2273 2558 2274
f 939 1172 940
f 939 920 1172
f 940 701 939
f 939 701 910
f 910 920 939
f 917 916 1162
f 1435 1703 1437
f 1750 1713 1751
f 1750 1745 1713
f 1751 1472 1750
f 1472 1745 1750
f 702 940 941
f 941 942 702
f 940 942 941
f 943 703 702
f 702 942 943
f 943 942 703
f 1193 1467 1468
f 1468 1194 1193
f 1467 1194 1468
f 1471 1467 1472
f 1471 1469 1467
f 1469 1471 1196
f 1196 1471 1472
f 588 412 587
f 412 586 587
f 587 414 588
f 590 414 587
f 800 799 1045
f 1045 1296 1049
f 586 802 803
f 590 587 803
f 803 587 586
f 804 590 803
f 803 802 804
f 801 586 800
f 801 802 586
f 584 585 411
f 411 583 584
f 584 583 585
f 1857 1854 2129
f 1859 1858 1857
f 1574 1858 1859
f 1574 1860 1856
f 1574 1859 1860
f 1574 1857 1858
f 1287 1574 1288
f 798 1040 1043
f 1043 1291 1292
f 1577 1576 1579
f 1579 1291 1577
f 1577 1288 1576
f 417 307 306
f 306 416 417
f 418 309 417
f 416 594 417
f 417 594 420
f 417 420 418
f 428 605 429
f 430 318 429
f 318 317 429
f 316 428 429
f 429 317 316
f 433 434 321
f 320 319 321
f 321 416 305
f 321 434 416
f 321 432 433
f 321 305 226
f 226 320 321
f 1579 1576 1861
f 1861 1580 1579
f 1576 1580 1861
f 3030 2729 3029
f 3029 3028 3030
f 2729 3028 3029
f 3027 2729 2728
f 3027 3028 2729
f 3318 3028 3027
f 3027 2728 2727
f 2727 3026 3027
f 3319 3318 3027
f 3027 3026 3319
f 3033 2729 3032
f 3032 3031 3033
f 2729 3031 3032
f 2708 3004 3005
f 3005 3006 2708
f 3005 3004 3007
f 3007 3006 3005
f 3007 2715 2712
f 2712 3006 3007
f 2708 3006 2712
f 3009 2715 3008
f 3009 2716 2715
f 3009 3008 2725
f 2725 2716 3009
f 3001 3003 3002
f 1867 2139 2141
f 2139 2137 2141
f 769 768 1007
f 1009 1008 769
f 769 1007 1009
f 769 770 561
f 1008 770 769
f 762 998 757
f 761 998 762
f 762 757 555
f 555 761 762
f 1265 1821 1543
f 1543 2095 1823
f 1822 2095 1543
f 1532 1539 1807
f 1807 1821 1540
f 564 772 565
f 409 563 564
f 564 565 409
f 2091 2094 1822
f 1822 2092 2091
f 2091 2092 1813
f 1813 1814 2091
f 2093 2380 2094
f 2094 2091 2093
f 2093 2091 1814
f 2093 2381 2380
f 2379 2381 2093
f 1537 1536 1813
f 1813 1815 1537
f 1537 1815 1259
f 1259 1254 1537
f 1537 1254 1536
f 2225 2224 2514
f 2514 2224 2513
f 2513 2818 2514
f 2514 2818 2515
f 2237 2526 2527
f 3109 2831 2830
f 2830 2831 2527
f 2829 3108 3109
f 2527 2526 2829
f 3109 2830 2829
f 2829 2830 2527
f 2528 2831 2832
f 2527 2831 2528
f 1676 1403 1675
f 2836 2838 2837
f 2837 2838 2535
f 2244 1964 1965
f 2245 1964 2244
f 2244 2535 2245
f 4436 4431 4437
f 4437 4215 4436
f 4437 4216 4215
f 3409 3110 3413
f 3110 3124 3413
f 3413 3694 3409
f 3699 3694 3413
f 3413 3124 3419
f 3419 3699 3413
f 3971 3967 3705
f 3971 4088 3967
f 3705 3701 3971
f 4086 3822 4085
f 4215 4088 4310
f 4436 4215 4310
f 4310 4536 4436
f 4535 4536 4310
f 2470 2471 2187
f 2187 2186 2470
f 2773 2470 2772
f 2471 2470 2773
f 2774 2471 2773
f 2773 2790 2774
f 3066 2772 2771
f 2771 3065 3066
f 3066 3065 3361
f 3075 2790 3067
f 2790 2773 3067
f 3067 2773 2772
f 2772 3066 3067
f 3067 3066 3361
f 3075 3067 3362
f 3362 3067 3361
f 3650 3369 3368
f 3368 3366 3650
f 2205 2490 2487
f 2490 2788 2487
f 3655 3656 3372
f 3363 3634 3353
f 3351 3058 3353
f 3353 3634 3351
f 3351 3352 3058
f 3058 3352 3059
f 3352 3060 3059
f 2766 3060 2767
f 2766 2467 2769
f 2767 2467 2766
f 2769 3058 2766
f 3058 3059 2766
f 2766 3059 3060
f 3061 3060 3354
f 2767 3060 3061
f 3638 3910 3639
f 3354 3352 3636
f 3359 3065 3358
f 1629 1912 1913
f 2468 2768 2767
f 2468 2467 2768
f 2181 1911 1910
f 2181 2183 1911
f 2466 2467 2181
f 2181 2468 2183
f 2467 2468 2181
f 2486 2472 2205
f 2205 2204 2486
f 2486 2204 2472
f 641 861 642
f 640 858 641
f 641 468 467
f 642 468 641
f 860 861 641
f 866 1113 1114
f 866 864 1113
f 644 469 643
f 470 469 644
f 644 866 645
f 3642 3912 3643
f 3911 3910 4160
f 3639 3910 3911
f 3122 3123 2844
f 3123 3124 2844
f 2844 3124 3108
f 1973 1956 1691
f 1973 2235 1956
f 2249 2250 1969
f 473 532 395
f 473 647 648
f 473 395 353
f 353 352 473
f 352 472 473
f 473 472 647
f 474 532 475
f 395 532 474
f 474 356 355
f 475 356 474
f 355 354 474
f 354 395 474
f 2196 1927 1929
f 1929 2203 2196
f 1928 1927 2196
f 2196 2197 1928
f 2196 2203 2197
f 1916 1925 1917
f 1918 1633 1917
f 1917 1642 1918
f 1917 1925 1642
f 2188 2189 1916
f 2188 1916 2187
f 2472 2204 2188
f 2187 2471 2188
f 2188 2471 2472
f 2195 2204 1929
f 1929 1925 2195
f 1925 2189 2195
f 2195 2188 2204
f 2189 2188 2195
f 4368 4141 4365
f 4365 4369 4368
f 4368 4369 4141
f 3887 4141 4142
f 4138 4139 3885
f 4138 4364 4139
f 4137 4360 4361
f 4364 4138 4137
f 4137 4138 3885
f 3885 4136 4137
f 4137 4136 4360
f 4143 4369 4370
f 4143 4339 4119
f 4143 4370 4340
f 4340 4339 4143
f 3887 4142 4143
f 4141 4369 4143
f 4143 4142 4141
f 4121 3866 4120
f 4120 3866 4119
f 4344 4121 4120
f 4120 4119 4344
f 4119 3866 4118
f 4341 4119 4340
f 4825 4979 4980
f 4825 4620 4826
f 4826 4979 4825
f 4826 4777 4776
f 4776 4979 4826
f 4774 4979 4775
f 4775 4565 4774
f 4808 4980 4774
f 4774 4980 4979
f 3900 3629 3899
f 3899 4152 3900
f 3900 4152 3902
f 3903 3902 4154
f 4154 3904 3903
f 3903 3629 3902
f 3903 3904 3629
f 4777 4603 4602
f 4600 4778 4777
f 4600 4376 4375
f 4569 4778 4600
f 4600 4375 4569
f 4160 3910 4148
f 4378 4602 4603
f 2777 3064 2769
f 3068 3064 2777
f 2474 2777 2776
f 2948 3244 3245
f 2947 3243 2948
f 2948 3243 3244
f 3245 3244 2951
f 2951 3244 3068
f 2951 2948 3245
f 4579 4786 4787
f 4787 4786 4792
f 4583 4579 4787
f 4787 4584 4583
f 4787 4792 4584
f 5265 5130 5129
f 5129 5264 5265
f 5265 5264 5130
f 5372 5264 5263
f 4974 4770 4977
f 4974 4771 4770
f 4974 4772 4771
f 4977 4978 4974
f 4978 4772 4974
f 3863 3862 3861
f 3861 3858 4113
f 3861 3862 3586
f 3586 3858 3861
f 4124 4126 3875
f 3875 3874 4124
f 3330 3615 3331
f 3330 3331 3030
f 3611 3612 3330
f 3880 4131 4132
f 4132 3881 3880
f 4132 4131 3882
f 3882 3881 4132
f 3883 3612 3611
f 3611 3610 3883
f 3882 3612 3883
f 3883 3610 3882
f 3325 3326 3030
f 3316 3326 3325
f 3325 3030 3324
f 3324 3316 3325
f 4361 4588 4589
f 4589 4581 4361
f 4788 4587 4798
f 4588 4587 4788
f 4788 4589 4588
f 4581 4589 4788
f 4586 4800 4795
f 4795 4796 4586
f 4952 4796 4795
f 4533 4532 4307
f 4085 4084 4306
f 4084 4307 4306
f 4306 4307 4532
f 4592 4369 4365
f 4805 4593 4791
f 5490 5388 5489
f 5490 5491 5388
f 5489 5570 5490
f 5570 5491 5490
f 5575 5493 5492
f 4126 4352 4127
f 4127 4352 4128
f 4127 3878 4126
f 4127 4128 3878
f 2832 3110 3112
f 3962 3687 3686
f 3404 3403 3686
f 3686 3687 3404
f 2819 3101 3100
f 3101 3403 3100
f 3100 3403 3404
f 2836 3115 3116
f 2513 2245 2536
f 2536 2818 2513
f 2245 2535 2536
f 2535 2838 2536
f 3117 3405 3101
f 3117 2838 2836
f 2836 3116 3117
f 3963 4212 4213
f 4213 4212 4433
f 4424 4204 4423
f 4423 4648 4424
f 4423 4435 4648
f 4658 4431 4436
f 4436 4659 4658
f 4432 4431 4658
f 4658 4659 4432
f 4660 4659 4746
f 4433 4659 4660
f 4660 4661 4433
f 4859 4661 4660
f 2817 3094 3097
f 3094 3398 3097
f 3398 3401 3097
f 3098 3097 3401
f 2817 3097 3098
f 3098 3095 2817
f 3399 3095 3098
f 3397 3398 3093
f 4304 4081 4303
f 4304 4305 4081
f 4089 4305 4304
f 4304 4084 4089
f 4304 4307 4084
f 4527 4304 4526
f 4740 4527 4739
f 2843 3120 3121
f 2843 3121 3122
f 2539 2842 2843
f 3122 2844 2843
f 2843 2844 2539
f 3827 3822 3536
f 3827 3536 3826
f 4089 4084 3827
f 4084 3822 3827
f 3827 4083 4089
f 3826 3820 3827
f 3820 4083 3827
f 3702 3701 3705
f 3418 3701 3702
f 3705 3703 3702
f 3702 3703 3418
f 3535 3536 3238
f 3238 3534 3535
f 3535 3534 3536
f 2733 2736 2734
f 2734 2736 2735
f 2734 2426 2733
f 2735 2426 2734
f 3312 3311 3017
f 3015 3311 3312
f 3017 3016 3312
f 3016 3015 3312
f 3988 3991 4235
f 4235 3991 4234
f 4234 4233 4235
f 4235 4233 4458
f 4458 4460 4235
f 4235 4236 3988
f 4459 4236 4235
f 4235 4460 4456
f 4456 4461 4235
f 4461 4459 4235
f 3146 3445 3147
f 3445 3144 3147
f 3147 2865 3146
f 3147 3144 2865
f 2566 2280 2564
f 2566 2567 2280
f 3141 3149 3442
f 3450 3445 3146
f 3425 3145 3131
f 3131 3424 3425
f 3146 3145 3425
f 3425 3424 3146
f 1990 2278 2279
f 2278 2565 2279
f 2279 2280 1990
f 2279 2565 2280
f 2563 2278 2562
f 2268 2556 2549
f 2556 2562 2549
f 2268 2553 2554
f 3126 2890 2889
f 3986 3987 3720
f 3720 3976 3986
f 4219 3984 4230
f 4219 3976 3984
f 3782 3778 4032
f 3778 3772 4032
f 4041 3785 4032
f 4919 4921 4708
f 4706 4918 4919
f 4706 4707 4489
f 4490 4266 4489
f 4489 4707 4490
f 4923 4709 4708
f 4911 4709 4924
f 4913 4911 4924
f 4924 5077 4913
f 4709 4923 4924
f 4265 4266 4028
f 4028 4264 4265
f 4486 4487 4265
f 4265 4487 4266
f 4265 4262 4486
f 4265 4264 4262
f 4028 4027 4263
f 4263 4027 4262
f 4263 4264 4028
f 4262 4264 4263
f 4705 4918 4706
f 4705 4682 4888
f 4888 4887 4705
f 4887 4918 4705
f 4259 4267 4479
f 4029 4267 4259
f 4481 4260 4259
f 4491 4266 4490
f 4490 4267 4491
f 4491 4267 4266
f 4268 4029 4028
f 4028 4267 4268
f 4268 4267 4029
f 5044 5179 5180
f 5180 5045 5044
f 4669 4672 4670
f 4670 4444 4669
f 4668 4867 4669
f 4669 4444 4668
f 2695 2402 2694
f 2694 2402 2693
f 3281 2985 2983
f 2983 3280 3281
f 2112 2402 2114
f 2401 2402 2111
f 2111 2112 1843
f 2402 2112 2111
f 2404 2114 2403
f 2114 2402 2403
f 2403 2696 2404
f 2403 2402 2696
f 3560 3276 3559
f 3283 3282 3565
f 3283 2986 3282
f 3283 2987 2986
f 2697 2990 2698
f 2698 2990 2699
f 2404 2697 2698
f 2698 2699 2404
f 2697 2988 2989
f 2989 2990 2697
f 3291 2991 3290
f 3290 3573 3291
f 3572 3573 3289
f 3569 3843 3565
f 3565 3842 3569
f 4955 4917 4956
f 4956 4747 4955
f 4955 4747 4917
f 4539 4538 4749
f 4749 4748 4539
f 4538 4748 4749
f 3787 4047 4048
f 4091 4275 4092
f 4092 3837 4091
f 4091 3837 3831
f 3554 3555 3273
f 3832 3555 3554
f 3554 3831 3832
f 3830 3831 3554
f 3554 3553 3830
f 3552 3274 3557
f 3557 3787 3552
f 3787 3553 3552
f 1029 1032 1031
f 1032 792 1031
f 1033 792 1032
f 1033 1032 1026
f 1026 1283 1033
f 1284 1283 1564
f 1564 1566 1284
f 1284 1566 1567
f 1284 1037 1283
f 1570 1567 1851
f 2998 2999 2997
f 2998 2995 2999
f 2998 2705 2995
f 2117 2125 2124
f 1853 1570 1851
f 1853 2124 2125
f 1854 1570 1853
f 2704 2702 2994
f 2994 2705 2704
f 3001 3002 2707
f 2707 3002 3003
f 2997 2999 2707
f 3000 3001 2707
f 2707 2999 3000
f 2707 3003 2708
f 1846 1566 1845
f 1847 1846 2121
f 1851 1847 2121
f 1848 1847 1851
f 1848 1566 1847
f 2676 2386 2384
f 2384 2673 2676
f 2387 2386 2676
f 2676 2677 2387
f 2672 2677 2676
f 2676 2673 2672
f 2967 2960 2964
f 2964 2966 2967
f 2963 2966 2964
f 2964 2960 2671
f 2671 2963 2964
f 1020 1021 782
f 782 1019 1020
f 1020 1019 1021
f 783 782 1023
f 1023 1022 783
f 782 1022 1023
f 1553 1834 1835
f 1835 1554 1553
f 1834 1554 1835
f 1836 1834 1556
f 1556 1554 1836
f 1836 1554 1834
f 1555 1277 1275
f 1275 1554 1555
f 1555 1554 1277
f 2105 1839 2104
f 2981 2982 2692
f 2980 3278 2981
f 2685 2396 2394
f 2396 2105 2394
f 2104 2393 2394
f 2394 2105 2104
f 2397 2686 2687
f 2397 2396 2686
f 2687 2688 2397
f 2398 2105 2397
f 2397 2105 2396
f 1281 1282 1026
f 1279 1562 1281
f 1281 1562 1561
f 1561 1282 1281
f 1281 1280 1279
f 1281 1026 1280
f 1844 1563 1843
f 1564 1563 1844
f 1844 1566 1564
f 1844 1845 1566
f 1560 1561 1278
f 1278 1559 1560
f 1560 1559 1561
f 1840 1559 1558
f 1558 1839 1840
f 5335 5220 5331
f 5335 5334 5220
f 5446 5334 5335
f 5335 5437 5446
f 5335 5331 5437
f 5116 5113 4966
f 4966 4965 5116
f 5112 5111 5117
f 5117 4965 5112
f 5112 4959 5111
f 4964 4967 4758
f 5115 4967 4964
f 5114 5113 5253
f 5113 5252 5253
f 5253 5252 5115
f 4549 4548 4755
f 4323 4548 4549
f 4552 4551 4756
f 4756 4551 4550
f 4550 4549 4756
f 4755 4754 4756
f 4756 4549 4755
f 5263 5368 5369
f 5367 5261 5366
f 5368 5261 5367
f 5366 5369 5367
f 5367 5369 5368
f 4110 4112 4111
f 4111 3857 4110
f 4112 3857 4111
f 2700 2991 2992
f 2991 3293 2992
f 2993 2701 2700
f 2702 2701 2993
f 2700 2992 2993
f 2993 2995 2702
f 5124 5126 5125
f 5260 5126 5124
f 4970 5122 4971
f 4554 4760 4555
f 5121 5122 4970
f 4104 3851 4103
f 4103 3851 4102
f 4107 4103 4325
f 4325 4554 4555
f 3852 3851 4104
f 3852 4107 4108
f 3853 3578 3852
f 3852 4108 4105
f 3577 3851 3852
f 3852 3578 3577
f 3852 3854 3853
f 3852 4105 3854
f 59 98 60
f 1 2 3
f 3 4 1
f 12 15 3
f 3 2 12
f 3 15 16
f 16 4 3
f 18 43 19
f 19 5 18
f 128 162 115
f 1915 1919 1910
f 1915 1636 1919
f 1363 1364 1106
f 1629 1364 1363
f 3038 2739 3037
f 3038 3039 2739
f 3037 2945 3038
f 2945 3039 3038
f 2456 2457 2169
f 2760 2457 2456
f 2761 2760 2737
f 2430 2739 2737
f 2737 2739 2761
f 2154 2441 2156
f 2156 2158 1877
f 2156 1877 1876
f 2156 2155 2154
f 2157 2155 2156
f 1876 1875 2156
f 1875 2157 2156
f 2761 2945 2762
f 2762 2457 2761
f 2945 2653 2762
f 2762 2653 2457
f 1505 1423 1230
f 1725 1453 1724
f 1229 1230 966
f 966 1234 1229
f 1504 1234 1510
f 1504 1229 1234
f 1722 1505 1504
f 1509 1234 1233
f 1233 1497 1508
f 1508 1509 1233
f 1786 1509 1508
f 1508 1497 1496
f 1235 1149 968
f 1150 1151 904
f 904 1149 1150
f 1421 1151 1150
f 1419 1420 1150
f 1150 1420 1421
f 1149 1235 1150
f 1150 1228 1419
f 904 1152 905
f 905 675 904
f 906 675 905
f 907 678 677
f 906 905 907
f 907 905 1152
f 674 675 494
f 903 970 904
f 904 675 903
f 903 902 970
f 903 675 902
f 970 902 901
f 725 724 959
f 898 669 668
f 673 674 494
f 673 901 902
f 902 675 673
f 675 674 673
f 2221 2220 2511
f 2220 2512 2511
f 2511 2512 2816
f 2511 2816 2516
f 2516 2228 2511
f 2228 2221 2511
f 2509 2218 2227
f 2218 1949 2227
f 2227 2515 2509
f 3680 3955 3956
f 3956 3955 4207
f 4207 4208 3956
f 3956 4208 3957
f 4205 3955 3953
f 3953 4204 4205
f 4424 4425 4205
f 4205 4204 4424
f 2505 2506 2215
f 2215 2506 2507
f 2215 2216 1943
f 2507 2508 2215
f 2508 2216 2215
f 2214 2505 2215
f 2215 1943 2214
f 5157 5158 5017
f 5017 5158 5018
f 5015 5014 4838
f 5503 5397 5502
f 5503 5399 5397
f 5502 5586 5503
f 5400 5399 5503
f 5293 5161 5292
f 5290 5289 5400
f 4629 4630 4408
f 4629 4628 4657
f 4834 4632 4833
f 4835 4632 4834
f 4832 5006 4833
f 4833 4632 4832
f 5145 5144 5146
f 5145 5146 5009
f 4833 5007 5008
f 5007 5144 5008
f 5144 5145 5008
f 5009 4833 5008
f 5008 5145 5009
f 4410 4634 4412
f 4634 4635 4412
f 4841 4840 4640
f 3672 3388 3387
f 3670 3669 3938
f 3669 3937 3938
f 4189 4190 3938
f 3938 3937 4189
f 4191 4409 4410
f 4190 4409 4191
f 4191 4192 3939
f 4412 4192 4191
f 5625 5473 5561
f 5561 5624 5625
f 5473 5624 5561
f 5559 5470 5558
f 5558 5624 5559
f 5557 5624 5558
f 5463 5462 5464
f 5620 5621 5552
f 5552 5550 5620
f 5462 5550 5552
f 5538 5512 5528
f 5528 5512 5428
f 5428 5527 5528
f 5428 5512 5413
f 5445 5442 5333
f 5333 5441 5445
f 5443 5442 5445
f 5539 5527 5521
f 5528 5527 5539
f 5539 5538 5528
f 5441 5538 5539
f 5392 5282 5393
f 5496 5497 5393
f 5393 5495 5496
f 5494 5576 5577
f 5577 5495 5494
f 5494 5493 5575
f 5575 5576 5494
f 5498 5497 5578
f 5499 5501 5500
f 5499 5498 5578
f 5009 5150 5011
f 5150 5151 5011
f 5011 5010 5009
f 5012 4835 5011
f 5011 5151 5012
f 4835 4834 5011
f 4833 5010 5011
f 5011 4834 4833
f 5392 5394 5284
f 5284 5283 5392
f 5152 5283 5284
f 5284 5285 5152
f 5668 5632 5629
f 5632 5630 5629
f 5629 5630 5565
f 5629 5628 5668
f 5565 5628 5629
f 3091 2808 2807
f 2809 2808 3091
f 2807 3090 3091
f 3092 2809 3091
f 3396 3092 3091
f 3091 3090 3396
f 5021 5023 5022
f 5022 4843 5021
f 3691 3678 3677
f 3407 3678 3691
f 3949 3950 3676
f 3676 3950 3677
f 3948 3675 3947
f 3948 3676 3675
f 3949 3676 3948
f 3945 3675 3674
f 4420 4202 4200
f 3943 4198 4199
f 3089 2806 3088
f 2806 2804 3088
f 3389 3390 3087
f 3087 3086 3389
f 3087 3088 2804
f 2803 2804 2501
f 2803 2501 2801
f 2801 3086 2803
f 3086 3087 2803
f 2803 3087 2804
f 4625 4626 4404
f 4203 3950 3949
f 3949 4202 4203
f 4202 4182 4203
f 5026 5165 5027
f 5024 5023 5162
f 5024 4845 5023
f 4640 4843 4844
f 4844 4843 5022
f 5022 4845 4844
f 3931 3932 3665
f 3665 3693 3931
f 3665 3933 3927
f 3932 3933 3665
f 3927 3661 3665
f 3376 3077 3380
f 3077 3079 3380
f 4403 4182 4202
f 4403 4625 4404
f 4403 4404 4185
f 4185 4182 4403
f 3082 3081 3382
f 3382 3083 3082
f 3080 3081 2796
f 2797 2495 2796
f 2796 3082 2797
f 3081 3082 2796
f 3663 3666 3381
f 3382 3081 3381
f 3381 3666 3382
f 3215 2913 3214
f 2913 3083 3214
f 2617 2497 2798
f 2798 2618 2617
f 2798 2497 2797
f 2913 2618 2798
f 2798 3083 2913
f 2797 3082 2798
f 2798 3082 3083
f 3383 3083 3382
f 3383 3666 3667
f 3382 3666 3383
f 3383 3214 3083
f 3080 3379 3378
f 3378 3379 3077
f 3077 3377 3378
f 3378 3377 3661
f 3661 3662 3378
f 3378 3081 3080
f 3378 3381 3081
f 3378 3662 3663
f 3663 3381 3378
f 2495 2494 2795
f 3080 2796 2795
f 2795 2796 2495
f 2795 3078 3080
f 2795 2794 3078
f 2493 2794 2795
f 2795 2494 2493
f 4857 4656 4856
f 4657 4656 4857
f 4856 4833 4857
f 4833 5006 4857
f 4854 5035 4855
f 4855 5035 4856
f 4856 4656 4855
f 4996 5107 4997
f 4997 4993 4996
f 4997 4800 4993
f 4534 4745 4746
f 4746 4536 4534
f 4534 4536 4535
f 4860 4861 4662
f 4662 4859 4860
f 4746 4745 4744
f 5342 5234 5247
f 5247 5343 5342
f 5342 5343 5234
f 5447 5343 5339
f 5406 5343 5447
f 5339 5407 5447
f 5447 5407 5406
f 5091 5092 4926
f 5165 5092 5091
f 5091 5027 5165
f 5104 5105 4937
f 4937 5093 5104
f 5104 5093 5105
f 4927 4937 4722
f 4927 5093 4937
f 4927 4713 4926
f 4926 5090 4927
f 5090 5093 4927
f 5232 5339 5338
f 5338 5230 5232
f 5246 5230 5338
f 5339 5343 5338
f 5338 5343 5246
f 5245 5246 5105
f 5105 5230 5245
f 5245 5230 5246
f 5601 5593 5647
f 5647 5591 5601
f 5593 5591 5647
f 5507 5591 5508
f 5508 5510 5509
f 5509 5510 5406
f 5593 5510 5592
f 5508 5591 5592
f 5592 5510 5508
f 5450 5456 5544
f 5593 5618 5544
f 5452 5450 5544
f 5544 5545 5452
f 5450 5340 5449
f 5449 5456 5450
f 4928 5005 5089
f 5089 4925 4928
f 5005 5027 5089
f 5027 5091 5089
f 4926 4925 5089
f 5089 5091 4926
f 4499 4278 4498
f 4279 4278 4499
f 4722 4512 4721
f 4512 4511 4721
f 4721 4511 4713
f 4721 4927 4722
f 4713 4927 4721
f 3927 3933 3928
f 3928 3662 3927
f 3929 3662 3928
f 3928 4179 3929
f 4178 4401 4180
f 4178 4180 4179
f 4178 3933 4187
f 4187 4401 4178
f 4179 3928 4178
f 4178 3928 3933
f 4053 4276 4051
f 4051 3792 4053
f 3506 3792 3793
f 4050 3789 3793
f 3792 4051 3793
f 2921 2920 3223
f 3223 3224 2921
f 3518 3519 3223
f 3223 3519 3224
f 3803 3516 3515
f 3803 3804 3516
f 3515 3801 3803
f 3801 3804 3803
f 3510 3799 3511
f 3217 3510 3511
f 4717 4512 4722
f 4717 4504 4512
f 4722 4929 4717
f 4716 4504 4715
f 4718 4716 4715
f 4715 4933 4718
f 4929 4930 4715
f 4715 4717 4929
f 4504 4717 4715
f 4282 4504 4505
f 4505 4504 4716
f 4505 4506 4282
f 4716 4506 4505
f 4510 4284 4509
f 4286 4284 4510
f 4509 4513 4510
f 4513 4286 4510
f 4060 4284 4061
f 4062 3799 4061
f 4061 3799 4060
f 4061 4286 4062
f 4061 4284 4286
f 2625 2337 2336
f 2336 2624 2625
f 2057 2335 2336
f 2336 2058 2057
f 2336 2335 2620
f 2620 2624 2336
f 4076 4078 4298
f 4076 3816 4078
f 2637 2641 2929
f 2929 2634 2637
f 2640 2928 2938
f 2938 2936 2640
f 2938 2928 3229
f 2303 2588 2300
f 2019 2302 2020
f 2020 2300 2017
f 2020 2302 2303
f 2303 2300 2020
f 3707 3422 3706
f 3708 3422 3707
f 2301 2025 2017
f 2017 2300 2301
f 2301 2300 2588
f 2305 2025 2301
f 1736 2025 2026
f 2026 2025 2305
f 2026 2027 1736
f 2858 2553 2857
f 2857 3136 2858
f 2553 2856 2857
f 2857 3134 3135
f 3135 3136 2857
f 3130 2850 3129
f 2859 2858 3129
f 3137 3130 3129
f 3129 2858 3137
f 3978 3715 3977
f 3978 3716 3715
f 3984 3716 3978
f 3977 4222 3978
f 3978 4222 3984
f 3718 3433 3717
f 3717 3433 3432
f 3717 3716 3718
f 3432 3716 3717
f 3435 3134 3434
f 3434 3433 3435
f 3134 3433 3434
f 4699 4673 4475
f 4673 4447 4475
f 4475 4698 4699
f 4475 4696 4698
f 3429 3422 3708
f 3133 2857 2856
f 3133 3422 3134
f 3134 2857 3133
f 3430 3431 3134
f 3134 3429 3430
f 3430 3429 3708
f 3715 3979 3980
f 3981 3715 3980
f 4226 4227 3980
f 3980 4227 3981
f 3715 3708 3975
f 3975 3979 3715
f 4695 4696 4473
f 4909 5074 4910
f 5073 5074 4909
f 4910 4906 4909
f 4906 4905 4909
f 4909 4905 4695
f 4695 4908 4909
f 4909 4908 5073
f 5430 5349 5458
f 4942 4729 4728
f 4517 4727 4728
f 4728 4729 4517
f 4938 5103 5102
f 5243 5244 5102
f 5101 5241 5102
f 5102 4935 5101
f 5103 4935 5102
f 5102 5244 5106
f 5102 5242 5243
f 5102 5241 5242
f 4944 4729 4942
f 4944 5102 5106
f 4942 5102 4944
f 5073 4908 5072
f 5072 5069 5073
f 5072 4908 4904
f 4904 5069 5072
f 5071 4901 5070
f 5070 5195 5071
f 5062 5070 4901
f 5195 5070 5062
f 5068 4901 5071
f 5068 5069 4901
f 5068 5200 5069
f 5073 5069 5201
f 5201 5200 5073
f 5069 5200 5201
f 4736 4517 4735
f 4735 4524 4736
f 5435 5436 5324
f 5324 5434 5435
f 5420 5436 5435
f 5435 5434 5532
f 5532 5533 5435
f 5545 5544 5595
f 5427 5428 5316
f 5524 5602 5601
f 5601 5591 5524
f 5524 5604 5521
f 5523 5602 5524
f 5524 5425 5523
f 5424 5423 5520
f 5520 5425 5424
f 5520 5423 5519
f 5519 5425 5520
f 5517 5423 5420
f 5420 5516 5517
f 5517 5516 5423
f 5519 5423 5518
f 5518 5516 5519
f 5423 5516 5518
f 5314 5188 5313
f 5315 5423 5424
f 5315 5421 5423
f 5315 5425 5316
f 5424 5425 5315
f 5316 5188 5315
f 5188 5314 5315
f 5313 5421 5315
f 5315 5314 5313
f 5099 4933 5098
f 5101 4935 5100
f 5240 5241 5100
f 5100 5241 5101
f 5100 5099 5240
f 5100 4935 5099
f 5236 5094 5235
f 5235 5237 5236
f 5236 5097 5094
f 5236 5237 5097
f 5341 5450 5452
f 5451 5450 5341
f 5235 5234 5341
f 5234 5340 5341
f 5341 5340 5451
f 5099 5098 5239
f 5240 5099 5239
f 5239 5241 5240
f 5177 5043 5176
f 5176 5043 5175
f 5176 5302 5177
f 5176 5175 5302
f 4680 4681 4454
f 4672 4669 4454
f 4454 4455 4232
f 4454 4681 4455
f 4670 4672 4671
f 4671 4446 4670
f 4672 4446 4671
f 4441 4446 4664
f 4664 4446 4672
f 4664 4440 4441
f 4224 4446 4441
f 3977 4223 4224
f 4223 4442 4224
f 4224 4442 4443
f 4443 4444 4224
f 4224 4444 4445
f 4445 4446 4224
f 4220 4219 4230
f 3976 4219 4220
f 4220 4440 4232
f 4232 4440 4452
f 466 467 349
f 349 465 466
f 639 858 640
f 640 466 639
f 639 466 465
f 145 107 112
f 107 75 112
f 3227 2926 2925
f 3227 3228 2926
f 3227 2925 3226
f 3227 3226 3520
f 3520 3521 3227
f 3521 3228 3227
f 3229 3522 3235
f 3235 2938 3229
f 2936 2938 3235
f 3811 3816 3812
f 3812 3521 3811
f 3812 3522 3521
f 3812 3528 3527
f 3816 3528 3812
f 2633 2641 2637
f 2637 2346 2633
f 2069 1777 2068
f 2068 2346 2069
f 2069 2346 2347
f 2347 2346 2636
f 2348 2069 2347
f 2347 2636 2348
f 1963 2243 2222
f 2222 2243 2246
f 1948 1963 2222
f 2222 2223 1948
f 2513 2223 2222
f 2222 2246 2513
f 3791 3794 3506
f 3791 3508 3794
f 3506 3505 3791
f 3505 3508 3791
f 3790 3510 3509
f 3509 3504 3790
f 3509 3221 3504
f 3509 3510 3217
f 3217 3221 3509
f 3211 3221 3212
f 3212 3221 2919
f 2910 3211 3212
f 1764 1487 1652
f 1764 1652 1653
f 1653 1936 1764
f 1210 1209 1385
f 1385 1487 1210
f 952 1209 1210
f 2049 1762 1763
f 1763 1767 2049
f 2330 2053 2055
f 2053 1767 2055
f 2055 2332 2330
f 2208 2332 2055
f 2055 1936 2208
f 2052 1767 1766
f 2052 1764 1936
f 1936 2055 2052
f 2052 2055 1767
f 2453 2454 2165
f 2453 2165 2164
f 2164 2452 2453
f 2453 2452 2751
f 1894 1893 1879
f 1879 1888 1894
f 1887 1608 1603
f 1603 1888 1887
f 1878 1608 1887
f 1887 1888 1878
f 3043 3338 3044
f 3043 3044 2743
f 2748 2436 2747
f 2747 3049 3037
f 3037 2749 2747
f 2747 2749 2748
f 2745 2436 2744
f 3049 2745 3047
f 3046 3045 3342
f 3241 3049 3046
f 3049 3047 3046
f 2744 3045 3046
f 3046 3047 2744
f 1068 809 1055
f 1055 809 808
f 1055 1054 1068
f 1055 808 1054
f 1292 1581 1582
f 1582 1581 1298
f 1298 1581 1584
f 1584 1581 1580
f 1584 1585 1298
f 1584 1865 1585
f 1584 1580 1865
f 1332 1331 1313
f 1332 1084 1331
f 1610 1884 1597
f 1331 1084 1330
f 1329 1330 1084
f 1331 1330 1329
f 1313 1331 1329
f 1329 1602 1313
f 1083 1084 837
f 310 311 226
f 226 309 310
f 310 309 311
f 226 307 308
f 308 309 226
f 307 417 308
f 308 417 309
f 228 323 229
f 229 167 228
f 167 227 228
f 322 323 228
f 228 227 322
f 322 312 419
f 419 312 420
f 419 420 437
f 437 322 419
f 1309 1065 1319
f 1319 1326 1309
f 681 909 700
f 681 507 496
f 700 507 681
f 495 498 680
f 496 495 680
f 680 681 496
f 909 681 680
f 946 945 1201
f 275 272 271
f 372 275 271
f 271 272 202
f 271 371 372
f 271 202 201
f 201 270 271
f 370 371 271
f 271 270 370
f 368 269 268
f 368 270 269
f 268 367 368
f 367 270 368
f 1785 1500 1784
f 1500 1778 1784
f 2299 2015 2294
f 2007 2293 2294
f 2294 2015 2007
f 2008 2015 1726
f 2007 2015 2008
f 1726 1721 2008
f 1721 1720 2008
f 2008 1720 2007
f 1726 2015 2016
f 2016 1729 1726
f 2016 1727 1729
f 2016 2015 2019
f 1721 1456 1450
f 1450 1720 1721
f 1177 1449 1450
f 1719 1720 1450
f 1718 1719 1450
f 1450 1449 1718
f 2007 1720 2006
f 2001 2012 2002
f 2002 2012 2288
f 2002 1716 2001
f 3462 3460 3738
f 3168 2883 2878
f 3174 2883 3168
f 2348 2638 2639
f 2639 2935 2642
f 1725 2012 2000
f 2000 2012 2001
f 2000 1716 1725
f 2001 1716 2000
f 1448 1177 1176
f 1448 1449 1177
f 1153 1424 1154
f 1178 927 1154
f 927 1180 928
f 1716 1448 1446
f 1176 1182 1446
f 505 504 698
f 932 1184 1185
f 932 1183 1184
f 686 911 912
f 912 913 686
f 912 911 938
f 686 913 687
f 687 913 688
f 500 686 687
f 687 688 500
f 914 913 1161
f 1161 916 914
f 1161 1163 916
f 230 325 326
f 326 327 230
f 325 440 326
f 441 327 326
f 326 440 441
f 234 330 331
f 610 436 435
f 435 609 610
f 610 609 436
f 805 830 829
f 829 616 805
f 830 616 829
f 831 830 826
f 826 616 831
f 831 616 830
f 1318 1075 1077
f 1077 1304 1318
f 1077 1078 1304
f 826 1078 1077
f 1077 1076 826
f 824 611 826
f 826 1076 824
f 824 1077 1075
f 1076 1077 824
f 1318 1317 1081
f 1081 1079 1318
f 833 832 1075
f 1075 1079 833
f 16 42 17
f 17 4 16
f 50 85 52
f 993 1254 1255
f 1255 994 993
f 996 994 1255
f 1259 996 1255
f 1255 1254 1259
f 1810 1533 1809
f 1810 1534 1533
f 1810 1809 1811
f 1811 1534 1810
f 1535 1254 1253
f 1253 1254 993
f 1253 1534 1535
f 1533 1534 1253
f 2321 2604 2605
f 2605 2606 2321
f 2604 2606 2605
f 1485 1207 1484
f 1484 1207 1206
f 948 705 947
f 946 1201 947
f 947 704 946
f 705 704 947
f 2047 2048 2323
f 2609 2610 2323
f 2323 2322 2609
f 2322 2323 2045
f 2045 2323 2048
f 2321 2322 2045
f 3264 3549 3266
f 3264 2973 2972
f 3264 3266 2973
f 3548 3549 3264
f 2972 2971 3264
f 2975 3268 3270
f 3270 3269 2975
f 3270 3268 3266
f 3266 3269 3270
f 3780 3540 3502
f 3502 3779 3780
f 3550 3547 3829
f 3829 3779 3550
f 3547 3779 3829
f 4270 4273 4272
f 4272 4042 4270
f 4273 4042 4272
f 3787 4042 4043
f 4043 4042 4273
f 3784 4032 3785
f 3787 3781 3503
f 3503 3786 3787
f 3503 3779 3502
f 3781 3779 3503
f 3785 3786 3503
f 3503 3784 3785
f 3783 3784 3503
f 3503 3778 3782
f 3782 3783 3503
f 4270 4494 4492
f 4492 4493 4270
f 4492 4494 4274
f 4274 4493 4492
f 4044 4045 3787
f 4273 4045 4044
f 3787 4043 4044
f 4044 4043 4273
f 4046 4045 4275
f 4275 4091 4046
f 4046 4047 3787
f 3787 4045 4046
f 2604 2603 2901
f 4023 3774 3764
f 3764 3774 3500
f 2906 2604 2905
f 2905 2953 2906
f 2905 3199 2953
f 2904 2905 2604
f 3199 2905 2904
f 3250 3248 3247
f 3247 3248 2953
f 2611 2608 2660
f 2660 2373 2611
f 2660 2661 2373
f 2660 2665 2374
f 2953 3248 3249
f 3249 2954 2953
f 3249 3248 2957
f 2957 2954 3249
f 2668 2669 2376
f 2668 2667 2669
f 2376 2664 2668
f 2664 2663 2668
f 2663 2667 2668
f 2666 2667 2374
f 2374 2665 2666
f 2956 2954 2957
f 2957 2667 2956
f 2956 2667 2954
f 2961 2962 2671
f 3257 2962 2961
f 2968 2963 3262
f 3262 2962 2968
f 2963 2962 3262
f 2969 2962 3261
f 3258 2962 3257
f 2671 2377 2670
f 2600 2604 2321
f 2600 2603 2604
f 2600 2319 2603
f 2568 2557 2280
f 2863 2557 2568
f 2280 2567 2568
f 2568 2567 2863
f 3994 3990 3988
f 3724 3990 3994
f 3728 3727 3721
f 3721 3990 3728
f 3728 3990 3724
f 3988 4236 4237
f 4237 4236 4257
f 1990 1705 1989
f 1989 1988 1990
f 1705 1988 1989
f 1981 2269 2264
f 2264 2269 2268
f 2268 2549 2264
f 3125 3126 2848
f 2553 2552 2848
f 2254 2255 1975
f 1984 1983 1705
f 1705 1985 1984
f 1700 1983 1984
f 1984 1985 1700
f 2266 2267 1981
f 1981 2255 2266
f 2266 2254 2267
f 2255 2254 2266
f 1977 1976 1700
f 1975 1976 1695
f 1976 1977 1695
f 1164 1165 916
f 916 1163 1164
f 1164 1437 1165
f 1170 1440 1441
f 1170 1171 917
f 1170 1437 1440
f 1708 1442 1438
f 1442 1439 1438
f 1438 1441 1708
f 1438 1170 1441
f 1171 1170 1438
f 917 1171 1167
f 1171 1438 1167
f 1167 1438 1439
f 2862 2557 2863
f 1753 2040 1754
f 2040 2041 1754
f 2602 2319 2596
f 2313 2038 2312
f 2312 2315 2313
f 2313 2041 2040
f 2040 2038 2313
f 2286 2038 2036
f 2036 1996 2286
f 1751 1997 2036
f 1997 1996 2036
f 1709 1994 1995
f 1995 1996 1709
f 1709 1996 1710
f 1709 1710 1441
f 2275 1991 1990
f 1992 1991 2275
f 2275 2281 1992
f 2282 2281 2275
f 2275 2558 2282
f 1990 2274 2275
f 2275 2274 2558
f 916 1165 1166
f 1166 1162 916
f 917 1162 1166
f 1440 1437 1707
f 1707 1703 1986
f 1707 1437 1703
f 1441 1440 1707
f 1195 1196 944
f 1469 1196 1195
f 944 1194 1195
f 1194 1469 1195
f 1470 1746 1475
f 1747 1748 1470
f 1473 1196 1472
f 1473 1752 1753
f 1472 1752 1473
f 1473 1470 1196
f 1747 1470 1473
f 1473 1748 1747
f 1753 1754 1473
f 1473 1754 1748
f 1295 1294 1049
f 1049 1296 1295
f 1046 802 800
f 800 1045 1046
f 1049 802 1046
f 1046 1045 1049
f 800 802 1047
f 1047 801 800
f 802 801 1047
f 794 1037 1038
f 1038 1039 794
f 1286 1039 1038
f 1038 1288 1286
f 1287 1288 1038
f 1283 1037 1036
f 1854 1857 1855
f 1857 1574 1855
f 1855 1570 1854
f 1289 1039 1286
f 1286 1288 1289
f 1575 1580 1576
f 1576 1288 1575
f 1856 1580 1575
f 1575 1574 1856
f 1575 1288 1574
f 1044 799 798
f 798 1043 1044
f 1292 1294 1044
f 1294 1295 1044
f 1044 1295 1296
f 1044 1045 799
f 1296 1045 1044
f 1290 1043 1040
f 1291 1043 1290
f 1040 1039 1290
f 1039 1289 1290
f 1288 1577 1290
f 1290 1289 1288
f 430 429 431
f 431 429 605
f 431 319 430
f 431 321 319
f 431 605 432
f 432 321 431
f 2414 2710 2709
f 2414 2411 2710
f 2711 2709 2708
f 2708 2712 2711
f 2711 2414 2709
f 2712 2414 2711
f 2724 2716 2725
f 1867 2141 2142
f 2142 2426 2427
f 2425 2426 2142
f 2418 2137 2135
f 2418 2141 2137
f 560 769 561
f 768 769 560
f 767 768 560
f 561 409 560
f 409 559 560
f 558 767 560
f 560 559 558
f 1822 1543 1819
f 772 564 771
f 562 770 771
f 770 772 771
f 563 562 771
f 771 564 563
f 2090 2089 2379
f 2379 2093 2090
f 1812 2089 2090
f 2090 1814 1812
f 2090 2093 1814
f 2236 2235 2524
f 3108 2829 2828
f 2828 2844 3108
f 2828 2526 2524
f 2828 2829 2526
f 2529 2528 2832
f 1674 1675 1403
f 1674 1403 1402
f 1685 1411 1684
f 1411 1677 1684
f 2533 2244 2247
f 4211 4431 4432
f 4432 4212 4211
f 3411 3696 3697
f 3962 3686 3685
f 3685 3403 3684
f 3685 3686 3403
f 3536 3822 3823
f 3822 4086 3823
f 4088 3971 3824
f 3824 3823 4086
f 3536 3823 3824
f 4087 4310 4088
f 4088 3824 4087
f 4087 3824 4086
f 4087 4086 4085
f 2185 2186 1912
f 2185 2470 2186
f 3075 3362 3375
f 3649 3650 3366
f 3916 3650 3649
f 3374 3366 3075
f 3651 3650 3916
f 3365 3366 3069
f 2788 2791 3069
f 3075 3365 3069
f 3069 2791 3075
f 2478 2778 2480
f 2197 2778 2478
f 2477 2197 2205
f 2477 2778 2197
f 2480 2778 2780
f 2780 2779 2480
f 2780 2487 2779
f 3656 3655 3373
f 3373 3374 3075
f 3366 3374 3373
f 3075 3372 3373
f 3372 3656 3373
f 3372 3643 3657
f 3657 3655 3372
f 3643 3655 3657
f 3357 3363 3353
f 3068 3363 3357
f 3353 3064 3357
f 3357 3064 3068
f 3364 3244 3539
f 3539 3363 3364
f 3068 3244 3364
f 3364 3363 3068
f 3352 3351 3635
f 3635 3351 3634
f 3635 3636 3352
f 3645 3907 3634
f 3645 3363 3539
f 3645 3915 3907
f 3354 3638 3355
f 3355 3638 3639
f 3637 3638 3354
f 3354 3636 3637
f 3910 3638 3637
f 3637 3635 3910
f 3636 3635 3637
f 3894 4146 4147
f 3641 3358 3639
f 2187 1916 1914
f 1914 2186 2187
f 1912 2186 1914
f 1914 1913 1912
f 1629 1913 1914
f 2770 2767 2771
f 2770 2468 2767
f 2469 2770 2771
f 2468 2770 2469
f 2771 2772 2469
f 2772 2470 2469
f 2180 2181 1910
f 2466 2181 2180
f 1910 2182 2180
f 2180 2182 2466
f 1114 1115 867
f 867 866 1114
f 867 1115 868
f 643 864 865
f 864 866 865
f 865 644 643
f 866 644 865
f 470 644 471
f 471 644 645
f 471 352 470
f 471 472 352
f 3912 3642 3640
f 3359 3358 3640
f 3358 3641 3640
f 3640 3641 3639
f 3639 3911 3640
f 3640 3911 3912
f 1690 1973 1691
f 2235 1973 2253
f 2253 1973 2252
f 2251 2253 2252
f 2539 2844 2827
f 2844 2828 2827
f 2363 2250 2249
f 3237 3532 3238
f 3238 2940 3237
f 1970 1969 2250
f 2252 1971 1970
f 2250 2251 1970
f 1970 2251 2252
f 655 479 485
f 485 479 362
f 484 361 483
f 362 361 484
f 484 485 362
f 1379 1378 1647
f 728 971 972
f 728 665 532
f 4806 4596 4595
f 4595 4596 4369
f 4369 4592 4595
f 4773 4596 4808
f 4808 4774 4773
f 4773 4774 4565
f 4361 4582 4362
f 4362 4137 4361
f 4582 4581 4362
f 4362 4581 4367
f 3887 4143 4144
f 4568 4778 4569
f 4567 4777 4568
f 4777 4778 4568
f 4340 4565 4566
f 4566 4565 4567
f 4342 4343 4119
f 4119 4341 4342
f 4374 4343 4342
f 4342 4569 4374
f 4342 4568 4569
f 4567 4568 4342
f 4342 4566 4567
f 4342 4341 4340
f 4340 4566 4342
f 4609 4385 4605
f 4777 4812 4609
f 4398 4385 4399
f 4777 4826 4811
f 4811 4826 4620
f 4811 4812 4777
f 4811 4609 4812
f 3902 3629 3901
f 3901 3900 3902
f 3629 3900 3901
f 3621 3632 3346
f 4601 4602 4376
f 4376 4600 4601
f 4777 4602 4601
f 4601 4600 4777
f 4605 4385 4383
f 4160 4148 4373
f 4373 4148 4372
f 4159 4148 3910
f 4154 4378 4379
f 4377 4378 4154
f 4602 4378 4377
f 4154 4376 4377
f 4376 4602 4377
f 3068 2777 3057
f 2765 2776 2769
f 2769 2467 2765
f 2765 2467 2466
f 2474 2776 2475
f 2466 2191 2475
f 2475 2191 2474
f 2475 2765 2466
f 2776 2765 2475
f 3063 2777 2769
f 2769 2776 3063
f 3063 2776 2777
f 1920 2191 2190
f 2190 2191 2466
f 2190 2182 1920
f 2466 2182 2190
f 2946 2947 2654
f 2947 2948 2654
f 2654 2945 2946
f 2654 2653 2945
f 2457 2653 2458
f 2169 2457 2458
f 5266 5267 5130
f 5130 5264 5266
f 5264 5372 5266
f 4116 3874 3863
f 3863 3861 4116
f 4116 4124 3874
f 3616 3615 3614
f 3615 3330 3614
f 3328 3610 3329
f 3030 3328 3329
f 3329 3330 3030
f 3329 3610 3611
f 3611 3330 3329
f 4791 4581 4790
f 4990 4788 4798
f 4742 4951 4952
f 4952 4743 4742
f 4533 4740 4741
f 4741 4532 4533
f 4740 4950 4741
f 4741 4950 4951
f 4951 4742 4741
f 4528 4527 4740
f 4528 4740 4533
f 4533 4307 4528
f 4528 4304 4527
f 4745 4534 4531
f 4365 4367 4590
f 4802 4805 4791
f 3531 3534 3532
f 3819 3534 3531
f 3532 3237 3531
f 5389 5492 5493
f 5493 5494 5389
f 2530 2529 2531
f 2836 2837 2534
f 2534 2837 2535
f 2534 2533 2247
f 2535 2244 2534
f 2244 2533 2534
f 2241 2531 2532
f 3412 3110 3411
f 3412 3112 3110
f 2839 2536 2838
f 2818 2536 2839
f 4214 4213 4433
f 3963 4213 4214
f 4435 4423 4214
f 4214 3964 3963
f 4214 4204 3964
f 4214 4423 4204
f 3402 3401 3682
f 3402 3098 3401
f 3399 3098 3402
f 3668 3399 3402
f 3402 3682 3668
f 4302 4304 4303
f 4302 4526 4304
f 2538 2539 2250
f 2944 2842 2840
f 3417 3120 3119
f 3120 2843 3119
f 3119 3240 3417
f 2564 2865 2867
f 2865 3144 2867
f 2869 3149 3141
f 3141 2863 2869
f 2863 2567 2869
f 3148 3442 3149
f 3149 2867 3148
f 3148 2867 3144
f 2571 2315 2572
f 2860 3138 2866
f 3131 3138 2860
f 2860 2866 2563
f 2563 2562 2860
f 2861 2562 2556
f 4041 4032 4031
f 4270 4042 4031
f 4031 4042 4041
f 4031 4032 3772
f 4040 3783 3782
f 3782 4032 4040
f 4040 3784 3783
f 4032 3784 4040
f 4024 4029 4025
f 3768 4024 4025
f 4029 4259 4025
f 4025 4259 4260
f 4483 4482 4484
f 4708 4707 4920
f 4920 4919 4708
f 4920 4707 4706
f 4706 4919 4920
f 4922 4918 5058
f 4922 4919 4918
f 4921 4919 4922
f 5058 4923 4922
f 4708 4921 4922
f 4922 4923 4708
f 5227 5228 5085
f 5085 4923 5058
f 5058 5194 5085
f 5194 5227 5085
f 5213 5214 5077
f 5077 4924 5088
f 5088 4924 4923
f 4266 4487 4488
f 4487 4705 4488
f 4488 4705 4706
f 4706 4489 4488
f 4488 4489 4266
f 4683 4705 4487
f 4683 4487 4485
f 4683 4684 4456
f 4683 4495 4684
f 4683 4485 4495
f 4456 4682 4683
f 4682 4705 4683
f 4479 4482 4480
f 4480 4259 4479
f 4480 4482 4481
f 4481 4259 4480
f 5045 5180 5181
f 5056 5045 5181
f 5181 5179 5194
f 5181 5180 5179
f 5181 5194 5058
f 5058 5056 5181
f 4886 4887 4680
f 5044 5045 4869
f 4868 5043 5044
f 5044 4869 4868
f 4868 4869 4669
f 4868 4866 5042
f 5042 5043 4868
f 4867 4866 4868
f 4868 4669 4867
f 2984 2983 2985
f 2984 2985 2695
f 2695 2694 2984
f 2984 2694 2693
f 2693 2983 2984
f 2113 2114 1843
f 1843 2112 2113
f 2113 2112 2114
f 2109 2400 2401
f 2401 2111 2109
f 3565 3843 3566
f 3566 3283 3565
f 3843 3569 3566
f 2990 2989 3288
f 3288 3289 2990
f 4090 3831 3830
f 4090 4091 3831
f 3272 3554 3273
f 3553 3554 3272
f 3273 2976 3272
f 3271 3552 3553
f 3553 3272 3271
f 3271 3272 2976
f 3271 2976 3274
f 3274 3552 3271
f 1030 792 1029
f 1029 1031 1030
f 1030 1031 792
f 1037 1284 1285
f 1287 1038 1285
f 1285 1038 1037
f 1569 1570 1287
f 2996 2998 2997
f 2705 2998 2996
f 2129 1854 2128
f 1854 1853 2128
f 2411 2412 2128
f 2128 1857 2129
f 1843 2117 2118
f 2117 2124 2118
f 2124 1853 2119
f 2119 2118 2124
f 2119 1853 1851
f 1851 2121 2119
f 1843 2118 2119
f 2122 1848 1851
f 3279 2981 3278
f 2982 2981 3279
f 3279 2693 2982
f 3279 2983 2693
f 2399 2688 2689
f 2399 2397 2688
f 2398 2397 2399
f 2692 2400 2399
f 1846 1845 2120
f 1845 1844 2120
f 2120 1844 1843
f 2120 2121 1846
f 1843 2119 2120
f 2120 2119 2121
f 1839 2105 2106
f 2106 1840 1839
f 2106 2107 1840
f 4963 5113 5114
f 4963 4966 5113
f 5114 4964 4963
f 4969 4967 5120
f 4969 5121 4970
f 5120 5121 4969
f 4552 4756 4757
f 4758 4552 4757
f 4757 4964 4758
f 4966 4963 4757
f 4757 4963 4964
f 4965 4966 4757
f 4960 4756 4754
f 4960 4754 4959
f 4959 5112 4960
f 5263 5369 5370
f 5476 5475 5474
f 5374 5373 5475
f 5374 5476 5477
f 5475 5476 5374
f 5374 5480 5375
f 5479 5480 5374
f 5374 5477 5478
f 5374 5478 5479
f 5375 5267 5374
f 5267 5373 5374
f 3294 2992 3293
f 3293 3579 3294
f 3297 3296 3294
f 3294 3579 3297
f 3295 2993 2992
f 3295 3294 3296
f 2992 3294 3295
f 3295 3296 2995
f 2995 2993 3295
f 4972 5124 5125
f 4972 4971 5122
f 4769 4770 4562
f 4562 4561 4769
f 4561 4560 4769
f 4970 4971 4765
f 4765 4971 4767
f 4326 4556 4327
f 4326 4325 4555
f 4327 4107 4326
f 4107 4325 4326
f 4555 4760 4761
f 5466 5556 5557
f 5120 4967 5119
f 5119 5121 5120
f 5360 5356 5463
f 5463 5464 5360
f 5358 5255 5254
f 5254 5255 5115
f 5254 5252 5358
f 5115 5252 5254
f 5123 4972 5122
f 5124 4972 5123
f 4104 4103 4106
f 4106 4103 4107
f 4106 3852 4104
f 4107 3852 4106
f 4324 4325 4103
f 4324 4551 4552
f 4550 4551 4324
f 4323 4549 4324
f 4324 4549 4550
f 4760 4554 4759
f 6 7 1
f 6 5 19
f 1 5 6
f 99 98 61
f 61 60 99
f 99 60 98
f 127 172 173
f 173 128 127
f 173 172 234
f 162 128 173
f 1362 1363 1106
f 1629 1363 1630
f 1910 1629 1630
f 1630 1915 1910
f 1636 1915 1630
f 2760 2456 2759
f 2455 2456 2168
f 2168 2456 2169
f 2169 1899 2168
f 2455 2442 2440
f 2440 2153 2430
f 2440 2156 2441
f 2442 2156 2440
f 2440 2441 2154
f 2154 2153 2440
f 2455 2168 2167
f 2167 2442 2455
f 1725 1724 2010
f 1452 1724 1453
f 1452 1451 1722
f 1453 1180 1452
f 1180 1451 1452
f 1503 1505 1230
f 1503 1504 1505
f 1230 1229 1503
f 1229 1504 1503
f 1722 1504 1723
f 1723 1504 1510
f 1723 1510 1788
f 1788 2011 1723
f 1723 1452 1722
f 1724 1452 1723
f 1723 2010 1724
f 1725 2010 1723
f 1723 2009 1725
f 1723 2011 2009
f 1496 1781 1782
f 679 678 908
f 678 907 908
f 693 679 908
f 908 907 1152
f 908 1152 1153
f 1153 1154 908
f 676 675 906
f 906 907 676
f 676 907 677
f 676 677 494
f 494 675 676
f 716 715 726
f 716 726 725
f 725 959 716
f 668 528 716
f 528 715 716
f 488 669 670
f 669 898 670
f 670 489 488
f 969 724 970
f 969 959 724
f 2226 2227 1949
f 2226 1949 2225
f 2225 2514 2226
f 2226 2514 2515
f 2515 2227 2226
f 4206 4208 4207
f 4207 3955 4206
f 3955 4205 4206
f 4426 4208 4206
f 4425 4426 4206
f 4206 4205 4425
f 5156 5287 5157
f 5157 5017 5156
f 5156 5155 5287
f 4842 4843 4640
f 4640 4840 4842
f 4840 5017 4842
f 5018 4843 4842
f 4842 5017 5018
f 4840 4838 5016
f 5155 5156 5016
f 5014 5155 5016
f 5016 4838 5014
f 5016 5017 4840
f 5016 5156 5017
f 5015 4838 4837
f 4837 4836 5015
f 4837 4635 4836
f 5403 5509 5406
f 5508 5509 5403
f 5403 5507 5508
f 5401 5290 5400
f 5291 5290 5401
f 5289 5290 5160
f 5160 5290 5291
f 5291 5292 5160
f 5160 5292 5161
f 4631 4832 4632
f 4410 4630 4631
f 4631 4632 4410
f 4636 4412 4635
f 4414 4412 4636
f 4635 4837 4636
f 3387 3386 3671
f 3671 3672 3387
f 3671 3386 3670
f 3939 3672 3671
f 4413 4412 4414
f 4413 4192 4412
f 4410 4412 4411
f 4411 4191 4410
f 4412 4191 4411
f 5623 5556 5622
f 5578 5496 5579
f 5579 5496 5577
f 5639 5640 5584
f 5639 5672 5673
f 5460 5462 5461
f 5461 5355 5460
f 5460 5355 5459
f 5555 5552 5621
f 5621 5622 5555
f 5555 5622 5556
f 5555 5466 5554
f 5556 5466 5555
f 5554 5464 5553
f 5553 5555 5554
f 5552 5555 5553
f 5553 5464 5462
f 5462 5552 5553
f 5513 5418 5416
f 5416 5512 5513
f 5512 5538 5513
f 5410 5413 5411
f 5410 5428 5413
f 5411 5300 5410
f 5300 5409 5410
f 5543 5445 5441
f 5535 5534 5543
f 5443 5445 5543
f 5543 5534 5443
f 5282 5281 5391
f 5391 5393 5282
f 5495 5393 5391
f 5391 5494 5495
f 5391 5281 5280
f 5395 5394 5497
f 5497 5498 5395
f 5395 5284 5394
f 5285 5284 5395
f 5397 5285 5396
f 5396 5500 5397
f 5285 5395 5396
f 5396 5395 5498
f 5396 5499 5500
f 5498 5499 5396
f 3396 3090 3395
f 3090 3394 3395
f 3395 3678 3396
f 3393 3090 3089
f 3393 3394 3090
f 3089 3392 3393
f 3393 3392 3675
f 3677 3394 3393
f 3675 3676 3393
f 3393 3676 3677
f 3965 3691 4183
f 4183 3931 3965
f 3677 3950 3951
f 3951 3691 3677
f 3950 4183 3951
f 3951 4183 3691
f 4199 3945 3944
f 3944 3945 3674
f 3944 3943 4199
f 3674 3943 3944
f 4199 4200 3946
f 3946 3945 4199
f 3947 3675 3946
f 3675 3945 3946
f 3949 3948 4201
f 4201 3948 3947
f 4201 4202 3949
f 4201 4200 4202
f 3947 3946 4201
f 4201 3946 4200
f 3942 3941 4196
f 3942 3943 3674
f 4194 3941 3940
f 3940 3672 3939
f 3939 4192 3940
f 4840 4841 4638
f 4417 4416 4639
f 4640 4417 4639
f 4639 4841 4640
f 4639 4638 4841
f 4416 4638 4639
f 4417 4198 4197
f 4197 4416 4417
f 4198 3943 4197
f 4197 3942 4196
f 3943 3942 4197
f 4193 4413 4414
f 4192 4413 4193
f 4194 3940 4193
f 4193 3940 4192
f 3391 3087 3390
f 3088 3087 3391
f 3089 3088 3391
f 4421 4202 4420
f 5005 4827 4849
f 5026 5027 4849
f 4849 5027 5005
f 5163 5024 5162
f 5162 5231 5163
f 5163 5231 5164
f 5164 5025 5163
f 5025 5024 5163
f 4848 5025 5026
f 4848 5024 5025
f 5026 4849 4848
f 4845 5024 4848
f 4199 4198 4419
f 4419 4200 4199
f 4420 4200 4419
f 3376 3380 3660
f 3660 3380 3665
f 3660 3661 3376
f 3660 3665 3661
f 3693 3665 3664
f 3665 3380 3664
f 3079 3103 3107
f 3107 3380 3079
f 3107 3106 2825
f 2826 3106 3107
f 3107 3103 2826
f 3667 3794 3507
f 3507 3383 3667
f 3214 3383 3507
f 3794 3508 3507
f 3507 3508 3215
f 3215 3214 3507
f 4853 4854 4654
f 4854 4855 4654
f 4654 4653 4853
f 4654 4427 4653
f 4655 4656 4429
f 4655 4855 4656
f 4427 4654 4655
f 4655 4654 4855
f 4858 4860 4859
f 4743 4860 4858
f 4858 4744 4743
f 4746 4744 4858
f 4858 4660 4746
f 4859 4660 4858
f 4954 4860 4743
f 4800 4997 4954
f 4861 4860 4954
f 4954 5038 4861
f 5107 5038 4954
f 4954 4997 5107
f 5601 5519 5600
f 5600 5593 5601
f 5598 5600 5519
f 5598 5544 5618
f 5598 5618 5593
f 5593 5600 5598
f 5604 5524 5607
f 5607 5524 5591
f 5648 5591 5593
f 5593 5592 5648
f 5648 5592 5591
f 5549 5544 5456
f 5549 5456 5511
f 5511 5510 5549
f 5549 5510 5593
f 5343 5456 5448
f 5456 5449 5448
f 5448 5340 5343
f 5448 5449 5340
f 4712 4499 4498
f 4712 4498 4624
f 4624 4828 4712
f 4828 4714 4712
f 3506 3793 3788
f 3788 3793 3789
f 3788 3504 3506
f 3788 3789 3504
f 4280 4057 4054
f 4057 4056 4054
f 4054 3793 4051
f 4054 4056 4050
f 4050 3793 4054
f 4054 4276 4280
f 4054 4051 4276
f 3222 3219 3517
f 3222 3517 3518
f 3518 3223 3222
f 2920 3219 3222
f 3222 3223 2920
f 3801 3802 3512
f 3512 3802 3513
f 3512 3513 3217
f 3217 3511 3512
f 3800 3511 3799
f 4062 3801 3800
f 3800 3799 4062
f 3801 3512 3800
f 3800 3512 3511
f 4931 4930 5095
f 4931 4715 4930
f 4298 4524 4299
f 4299 4076 4298
f 4074 3813 3815
f 3815 3528 3816
f 3816 4076 3815
f 2937 2929 2641
f 2936 2929 2937
f 2937 2641 2640
f 2640 2936 2937
f 2636 2346 2635
f 2635 2346 2634
f 3230 2929 2936
f 3420 3182 3421
f 3706 3422 3421
f 2889 3182 3183
f 3183 3182 3420
f 3183 3126 2889
f 3420 3126 3183
f 3181 3182 2889
f 3180 3182 3181
f 2303 2302 2593
f 2889 2588 2888
f 2888 3181 2889
f 3180 3181 2888
f 3708 3707 3762
f 3753 3707 3706
f 3743 3756 3755
f 3178 2888 2893
f 3744 3756 3743
f 4011 3752 3751
f 2592 2890 2847
f 2847 3126 3125
f 2890 3126 2847
f 3125 2848 2847
f 2591 2588 2592
f 2592 2301 2591
f 2591 2301 2588
f 2305 2301 2590
f 2590 2306 2305
f 2017 1736 2021
f 937 912 938
f 2849 2850 2553
f 2849 3129 2850
f 2849 2553 2859
f 2859 3129 2849
f 4226 3980 4218
f 4476 4475 4477
f 3134 3422 3428
f 3428 3429 3134
f 3422 3429 3428
f 3422 3133 3132
f 3133 2854 3132
f 2855 2856 2553
f 2553 2854 2855
f 2855 3133 2856
f 2855 2854 3133
f 3713 3430 3708
f 3431 3430 3713
f 3713 3708 3714
f 3714 3431 3713
f 3974 3975 3708
f 3979 3975 3974
f 4694 4904 4695
f 4695 4473 4694
f 4696 4475 4697
f 4697 4473 4696
f 4466 4686 4687
f 3160 2876 2875
f 3524 3813 3814
f 4940 4939 4938
f 4938 5102 4940
f 4940 4726 4939
f 4727 4726 4941
f 4941 4728 4727
f 4726 4940 4941
f 4941 4940 5102
f 5066 5197 5198
f 5106 5197 5066
f 5066 4944 5106
f 4729 4944 4945
f 5061 5062 4895
f 5195 5062 5061
f 4895 5066 5061
f 5061 5066 5195
f 5071 5200 5199
f 5199 5068 5071
f 5200 5068 5199
f 4895 4689 4894
f 4687 4686 4890
f 4890 4689 4687
f 4517 4733 4734
f 4734 4735 4517
f 5533 5516 5515
f 5515 5435 5533
f 5515 5516 5420
f 5420 5435 5515
f 5608 5533 5531
f 5608 5595 5533
f 5594 5516 5533
f 5533 5595 5594
f 5594 5595 5516
f 5521 5527 5526
f 5527 5428 5426
f 5428 5427 5426
f 5426 5526 5527
f 5426 5427 5316
f 5426 5522 5521
f 5521 5526 5426
f 5316 5425 5426
f 5426 5425 5522
f 5521 5425 5525
f 5525 5524 5521
f 5425 5524 5525
f 5344 5237 5235
f 5235 5341 5344
f 5344 5341 5237
f 5346 5237 5345
f 5237 5341 5345
f 5097 5237 5238
f 5238 5098 5097
f 5238 5239 5098
f 5241 5239 5348
f 5348 5349 5241
f 5348 5458 5349
f 4680 4454 4679
f 4679 4454 4669
f 4225 4222 3977
f 3977 4224 4225
f 4441 4222 4225
f 4225 4224 4441
f 4440 4220 4229
f 4441 4440 4229
f 4230 3984 4229
f 4229 4220 4230
f 3984 4222 4229
f 4229 4222 4441
f 3976 4220 4221
f 4440 4664 4453
f 4453 4452 4440
f 4453 4664 4672
f 4672 4454 4453
f 4453 4454 4232
f 4232 4452 4453
f 858 639 857
f 461 464 463
f 188 256 257
f 188 255 256
f 461 463 462
f 462 463 347
f 145 113 161
f 161 113 160
f 190 145 161
f 161 160 190
f 160 113 144
f 114 113 145
f 145 112 114
f 75 36 35
f 38 14 37
f 37 75 38
f 37 36 75
f 249 185 248
f 104 144 113
f 248 185 247
f 248 247 340
f 340 247 339
f 987 1248 1094
f 164 115 163
f 115 162 163
f 162 173 215
f 1920 1919 1637
f 1919 1636 1637
f 337 451 338
f 338 451 339
f 2345 2072 2351
f 2345 2633 2346
f 2346 2068 2345
f 1211 1212 952
f 952 1210 1211
f 1211 1491 1212
f 1488 1210 1487
f 1488 1487 1766
f 1766 1767 1488
f 1767 1763 1488
f 1487 1764 1765
f 1764 2052 1765
f 1766 1487 1765
f 1765 2052 1766
f 2454 2453 2445
f 2166 2454 2445
f 2445 2751 2752
f 2445 2453 2751
f 2160 2166 2445
f 2445 2446 2160
f 2445 2752 2446
f 1607 1603 1322
f 1891 1892 1607
f 1607 1888 1603
f 1607 1894 1888
f 1322 1606 1607
f 1892 1893 1607
f 1893 1894 1607
f 1607 1890 1891
f 1606 1890 1607
f 3342 3338 3619
f 3539 3243 3343
f 3343 3046 3342
f 3889 3619 3888
f 2746 2747 2436
f 3049 2747 2746
f 2436 2745 2746
f 2746 2745 3049
f 3048 2745 2744
f 2744 3047 3048
f 3048 3047 2745
f 1298 1294 1583
f 1583 1582 1298
f 1583 1294 1292
f 1292 1582 1583
f 1339 1348 1612
f 1885 1877 1895
f 1877 2158 1895
f 1615 1896 1895
f 2158 2167 1895
f 1312 1332 1313
f 1312 1059 1311
f 1313 1059 1312
f 1599 1610 1334
f 1311 1598 1599
f 1598 1884 1599
f 1884 1610 1599
f 1597 1886 1611
f 1611 1886 1885
f 1885 1895 1611
f 1328 1084 1083
f 1328 1329 1084
f 1602 1329 1328
f 328 443 444
f 329 328 444
f 444 445 329
f 445 444 622
f 622 444 443
f 1613 1339 1612
f 1342 1339 1613
f 1326 1319 1074
f 1074 821 820
f 1074 1065 821
f 1074 1319 1065
f 1074 820 1073
f 1073 1326 1074
f 683 690 910
f 910 909 683
f 909 680 683
f 683 680 498
f 682 690 683
f 683 498 682
f 1480 1205 1479
f 1479 1758 1480
f 1479 1757 1758
f 1475 1746 1478
f 1746 1755 1478
f 2070 1784 1778
f 2070 1778 2069
f 2069 2349 2070
f 1785 1784 2076
f 1784 2070 2076
f 2076 2349 2353
f 2076 2070 2349
f 3169 2883 3176
f 1456 1183 1445
f 1445 1450 1456
f 2004 2287 2290
f 2290 2291 2004
f 2287 2291 2290
f 2005 1720 2004
f 2004 2291 2005
f 2005 2006 1720
f 2003 2287 2004
f 2003 2002 2287
f 2004 1718 2003
f 1718 2002 2003
f 1717 2002 1718
f 1716 2002 1717
f 1717 1448 1716
f 2288 2575 2289
f 2289 2002 2288
f 2287 2002 2289
f 3470 3174 3463
f 3174 3168 3463
f 3463 3464 3470
f 3462 3464 3167
f 3167 3168 2878
f 3167 3463 3168
f 3464 3463 3167
f 2348 2639 2352
f 2352 2639 2642
f 2352 2353 2348
f 2934 2639 2638
f 2935 2639 2934
f 1722 1451 1692
f 1179 927 1178
f 1179 1180 927
f 929 928 1182
f 695 928 929
f 929 1182 1176
f 1176 925 929
f 925 695 929
f 694 928 695
f 502 693 694
f 694 695 502
f 1182 928 1181
f 1181 928 1180
f 1181 1180 1453
f 1716 1446 1454
f 1454 1453 1725
f 1725 1716 1454
f 1454 1181 1453
f 1446 1181 1454
f 1447 1448 1176
f 1176 1446 1447
f 1447 1446 1448
f 697 924 930
f 930 931 697
f 931 932 697
f 697 696 924
f 697 698 504
f 935 698 697
f 503 696 697
f 697 504 503
f 1156 937 1192
f 1160 1161 913
f 1159 1431 1160
f 1160 913 1159
f 1163 1161 1160
f 1434 1163 1160
f 832 617 828
f 611 824 825
f 1082 1317 1060
f 1082 1081 1317
f 1082 1328 1327
f 837 838 618
f 832 833 618
f 1621 1901 1905
f 1905 1906 1621
f 43 18 22
f 22 18 5
f 87 122 127
f 127 128 87
f 85 122 87
f 87 52 85
f 1533 1253 1252
f 993 992 1252
f 1252 1253 993
f 1485 1533 1252
f 1252 1251 1485
f 1252 992 991
f 991 1251 1252
f 2320 2600 2321
f 1483 1484 1206
f 1477 1481 1483
f 1202 1477 1206
f 948 947 1202
f 1205 1477 1202
f 1202 947 1205
f 1202 949 948
f 1202 1206 949
f 1203 1201 1476
f 1203 947 1201
f 2047 2323 2324
f 2324 2323 2610
f 2324 2610 2611
f 2324 2373 2047
f 2611 2373 2324
f 2046 2048 1761
f 2046 2045 2048
f 1760 2046 1761
f 2045 2046 1760
f 1480 1758 1760
f 1758 2045 1760
f 2957 3251 3252
f 3259 3545 3547
f 3259 3258 3257
f 3259 3547 3548
f 2962 3258 3259
f 3541 3251 3540
f 3541 3542 3251
f 3544 3252 3251
f 3545 3252 3544
f 2902 2603 2602
f 2602 2901 2902
f 2902 2901 2603
f 2900 2901 2602
f 3188 2900 2897
f 4036 3774 4023
f 3495 3764 3496
f 3765 3764 3500
f 3496 3764 3765
f 3497 3207 3500
f 3497 3769 3770
f 3497 3500 3768
f 3768 3769 3497
f 3208 2904 3207
f 3203 2904 3202
f 3202 3490 3203
f 3207 2904 3206
f 2953 3199 3198
f 3199 2904 3198
f 3246 3486 3250
f 3250 3247 3246
f 3246 3198 3486
f 3246 3247 2953
f 2953 3198 3246
f 2907 2660 2608
f 2665 2660 2907
f 2907 2608 2607
f 2607 2665 2907
f 2662 2660 2374
f 2661 2660 2662
f 2374 2373 2662
f 2373 2661 2662
f 2954 2667 2955
f 2667 2666 2955
f 2665 2954 2955
f 2955 2666 2665
f 3253 3254 2957
f 2957 3252 3253
f 3253 3252 3545
f 2957 3254 2958
f 3254 3253 2958
f 2958 2667 2957
f 2669 2667 2958
f 3724 3994 3995
f 3995 3993 3724
f 3988 4239 3995
f 3995 3994 3988
f 3727 3728 3449
f 3449 3448 3447
f 3447 3710 3449
f 3449 3710 3727
f 3146 3448 3449
f 3449 3450 3146
f 4238 4239 3988
f 3988 4237 4238
f 2265 1988 1987
f 2265 1987 1981
f 1981 2264 2265
f 2277 2264 2278
f 2277 2278 1990
f 1990 2276 2277
f 1990 1988 2270
f 2270 2276 1990
f 1988 2265 2270
f 2270 2265 2264
f 2270 2277 2276
f 2550 2562 2278
f 2278 2264 2550
f 2550 2549 2562
f 2550 2264 2549
f 2257 2258 1978
f 2853 2854 2553
f 2553 2848 2853
f 2853 2848 2854
f 2267 2254 2262
f 1979 1697 1978
f 1978 2254 1979
f 1432 1429 1700
f 1432 1430 1429
f 1435 1163 1432
f 1431 1430 1432
f 1427 1693 1694
f 1694 1695 1427
f 1693 1695 1694
f 1436 1163 1435
f 1436 1164 1163
f 1435 1437 1436
f 1437 1164 1436
f 1169 1170 917
f 1437 1170 1169
f 1165 1437 1169
f 917 1166 1169
f 1169 1166 1165
f 1168 920 917
f 917 1167 1168
f 1172 920 1168
f 1168 1439 1172
f 1168 1167 1439
f 2317 2041 2316
f 2316 2315 2317
f 2041 2315 2316
f 2318 2041 2317
f 2317 2596 2318
f 2899 2900 2602
f 2897 2900 2899
f 2897 2899 2898
f 2898 2899 2602
f 2032 1755 1746
f 2311 2596 2319
f 2319 2309 2311
f 2314 2315 2041
f 2041 2313 2314
f 2314 2313 2315
f 2037 2038 1751
f 1751 2036 2037
f 2037 2036 2038
f 1994 1709 1712
f 1712 1998 1999
f 1999 1994 1712
f 1712 1709 1441
f 1441 1707 1712
f 1986 1998 1712
f 1712 1707 1986
f 1199 945 944
f 944 1198 1199
f 1199 1198 945
f 1200 1201 945
f 945 1198 1200
f 1196 1470 1197
f 944 1196 1197
f 1197 1198 944
f 1035 1033 1283
f 1283 1036 1035
f 1035 1036 792
f 581 792 793
f 792 1036 793
f 794 581 793
f 793 1037 794
f 793 1036 1037
f 1293 1043 1292
f 1292 1044 1293
f 1293 1044 1043
f 1578 1577 1291
f 1291 1290 1578
f 1578 1290 1577
f 2713 2712 2715
f 2713 2414 2712
f 2415 2713 2715
f 2414 2713 2415
f 2134 2414 2415
f 2415 2416 2134
f 2715 2716 2415
f 2716 2717 2415
f 2413 2412 2411
f 2411 2414 2413
f 1867 2142 2143
f 2143 2142 2427
f 2143 2144 1867
f 2427 2144 2143
f 2725 2425 2424
f 2425 2142 2424
f 2422 2142 2141
f 2141 2418 2422
f 1822 1819 1818
f 1818 1819 1539
f 1818 1817 1822
f 1818 1539 1817
f 1539 1819 1820
f 1821 1807 1820
f 1820 1807 1539
f 1820 1543 1821
f 1820 1819 1543
f 2525 2236 2524
f 2237 2236 2525
f 2524 2526 2525
f 2526 2237 2525
f 1401 1400 1672
f 1959 1672 1671
f 1671 1672 1400
f 2238 2237 2527
f 2527 2528 2238
f 2238 2529 2530
f 2528 2529 2238
f 4217 4211 3969
f 4216 4437 4217
f 4217 4437 4431
f 4431 4211 4217
f 3960 3959 3969
f 3960 3685 3684
f 3968 3697 3696
f 3966 4216 3968
f 3968 3696 3966
f 3536 3824 3825
f 3825 3824 3971
f 3825 3701 3536
f 3825 3971 3701
f 4309 4087 4085
f 4535 4310 4309
f 4310 4087 4309
f 3360 3375 3362
f 3360 3642 3643
f 3360 3362 3361
f 3360 3372 3075
f 3075 3375 3360
f 3359 3640 3360
f 3360 3640 3642
f 3360 3065 3359
f 3361 3065 3360
f 3916 3649 3648
f 3648 3649 3366
f 3659 3917 3648
f 3925 3655 3924
f 2788 3069 2789
f 2789 3069 2779
f 2789 2487 2788
f 2779 2487 2789
f 3367 3366 3368
f 3368 3069 3367
f 3367 3069 3366
f 1928 2197 2198
f 2197 2478 2198
f 2488 2477 2205
f 2778 2477 2488
f 2488 2780 2778
f 2205 2487 2488
f 2487 2780 2488
f 3659 3373 3658
f 3658 3373 3655
f 3658 3917 3659
f 3655 3925 3658
f 3658 3925 3917
f 3910 3635 3909
f 3909 4159 3910
f 4146 4159 3909
f 3634 3363 3646
f 3646 3645 3634
f 3363 3645 3646
f 3356 3355 3639
f 3639 3358 3356
f 3356 3358 3065
f 1632 1914 1916
f 1916 1917 1632
f 1632 1917 1633
f 2183 2468 2184
f 2468 2469 2184
f 1912 1911 2184
f 1911 2183 2184
f 2184 2185 1912
f 2470 2185 2184
f 2184 2469 2470
f 645 866 646
f 866 867 646
f 646 471 645
f 472 471 646
f 646 867 868
f 868 647 646
f 647 472 646
f 4398 4176 4387
f 4386 4385 4387
f 4166 4387 4176
f 2252 1973 1972
f 1973 1690 1972
f 1972 1971 2252
f 1972 1690 1971
f 1145 1130 895
f 1418 1398 1145
f 1145 1398 1130
f 2541 2251 2250
f 2542 2251 2541
f 2539 2827 2540
f 2540 2827 2542
f 2542 2541 2540
f 2250 2539 2540
f 2540 2541 2250
f 2542 2827 2523
f 2523 2251 2542
f 2253 2251 2523
f 2524 2235 2523
f 2235 2253 2523
f 2647 2648 2361
f 2250 2363 2537
f 2537 2538 2250
f 2539 2538 2537
f 3070 3069 3368
f 2939 2940 2647
f 2939 3074 2940
f 2362 2363 2078
f 2078 2361 2362
f 2360 2361 2078
f 1647 1378 1646
f 1378 1645 1646
f 1646 1930 1928
f 1646 1645 1930
f 1934 1933 2202
f 1649 1933 1934
f 1650 1649 1934
f 1237 1383 1511
f 1511 1512 1237
f 1237 1512 1412
f 1651 1512 1511
f 1651 1650 1934
f 1511 1383 1651
f 1383 1650 1651
f 2249 1969 1968
f 1969 1687 1968
f 972 1237 1139
f 655 485 667
f 667 880 655
f 667 895 881
f 881 880 667
f 650 483 475
f 650 484 483
f 475 532 650
f 532 665 650
f 1378 1379 1117
f 1117 1379 1380
f 1116 1378 1117
f 1380 1118 1117
f 873 1118 1119
f 1119 1120 873
f 873 1120 971
f 972 1139 889
f 1139 1138 889
f 889 890 665
f 889 1138 890
f 4369 4596 4564
f 4596 4773 4564
f 4564 4773 4565
f 4340 4369 4564
f 4564 4565 4340
f 4363 4362 4367
f 4137 4362 4363
f 4367 4364 4363
f 4364 4137 4363
f 4117 4144 4143
f 3887 4144 4117
f 4117 3864 3887
f 4119 4118 4117
f 4117 4338 4119
f 4809 4609 4605
f 4603 4609 4809
f 4605 4604 4809
f 4810 4603 4777
f 4777 4609 4810
f 4810 4609 4603
f 4177 4176 4398
f 4398 4399 4177
f 4620 4399 4607
f 4607 4811 4620
f 4607 4399 4385
f 4155 3904 4154
f 4154 3906 4155
f 4154 4379 4380
f 4145 4148 3894
f 4372 4148 4145
f 3893 4145 3894
f 3906 4145 3893
f 3618 3633 3620
f 3620 3633 3632
f 3632 3621 3620
f 3631 3621 3346
f 3631 3906 3891
f 4598 4599 4372
f 4598 4378 4603
f 4603 4809 4598
f 4604 4599 4598
f 4598 4809 4604
f 4164 4385 4386
f 4382 4604 4605
f 4605 4383 4382
f 4382 4599 4604
f 4372 4599 4382
f 4382 4373 4372
f 4160 4373 4382
f 3894 4148 4149
f 4148 4159 4149
f 4149 4146 3894
f 4149 4159 4146
f 2775 2777 2474
f 2775 3057 2777
f 2775 2764 3057
f 2952 2764 2659
f 2952 2951 3068
f 2659 2951 2952
f 2949 2656 2655
f 2948 2951 2949
f 2655 2654 2949
f 2949 2654 2948
f 1905 2175 2080
f 2080 1906 1905
f 2082 2083 1793
f 2365 2458 2653
f 2653 2654 2365
f 2365 2654 2655
f 2655 2656 2365
f 5371 5266 5372
f 5371 5369 5474
f 5371 5370 5369
f 5371 5372 5263
f 5263 5370 5371
f 5474 5475 5371
f 5475 5373 5371
f 5267 5266 5371
f 5371 5373 5267
f 4126 4124 4347
f 4124 4346 4347
f 4347 4348 4126
f 4334 4112 4333
f 4113 4112 4114
f 4114 3861 4113
f 3613 3330 3612
f 3613 3614 3330
f 3616 3614 3613
f 3613 3887 3616
f 3613 3612 3887
f 4789 4790 4581
f 4789 4990 4948
f 4789 4948 4791
f 4791 4790 4789
f 4581 4788 4789
f 4788 4990 4789
f 4740 4948 4949
f 4307 4304 4529
f 4529 4528 4307
f 4304 4528 4529
f 4530 4744 4745
f 4745 4531 4530
f 4530 4306 4532
f 4530 4531 4306
f 4532 4741 4530
f 4530 4741 4742
f 4743 4744 4530
f 4530 4742 4743
f 4085 4306 4308
f 4306 4531 4308
f 4308 4309 4085
f 4535 4309 4308
f 4308 4534 4535
f 4308 4531 4534
f 4591 4595 4592
f 4591 4594 4593
f 4367 4594 4591
f 4591 4590 4367
f 4591 4592 4365
f 4365 4590 4591
f 4791 4824 4991
f 4991 4802 4791
f 4740 4739 4822
f 4791 4948 4820
f 4948 5004 4820
f 4820 4824 4791
f 5004 4822 4820
f 4616 4824 4820
f 4947 4948 4740
f 4947 5004 4948
f 4740 4822 4947
f 4947 4822 5004
f 2833 2531 2529
f 2832 3112 2833
f 2833 2529 2832
f 2532 2531 2833
f 2835 3114 2836
f 2836 2534 2835
f 2835 3113 3114
f 2242 2241 2532
f 2240 2241 1961
f 2531 2241 2240
f 2530 2531 2240
f 1962 1684 1675
f 1961 2241 1962
f 2241 2242 1962
f 3414 3113 3112
f 3112 3412 3414
f 3115 3114 3414
f 3114 3113 3414
f 3099 3117 3101
f 3101 2818 3099
f 2818 2839 3099
f 4433 4435 4434
f 4434 4214 4433
f 4435 4214 4434
f 3531 3817 3818
f 4081 3819 3818
f 3819 3531 3818
f 3238 3538 3239
f 3239 2940 3238
f 3417 3240 3239
f 3538 3418 3239
f 3418 3417 3239
f 2647 2940 2941
f 2941 2648 2647
f 2944 2648 2943
f 3118 2843 2842
f 3118 3119 2843
f 3240 3119 3118
f 3118 2943 3240
f 3118 2842 2944
f 2944 2943 3118
f 2868 2566 2564
f 2564 2867 2868
f 2567 2566 2868
f 2868 2869 2567
f 2868 2867 3149
f 3149 2869 2868
f 3444 3144 3445
f 3444 3148 3144
f 3142 2863 3141
f 3142 3143 2863
f 3140 2862 2863
f 2863 3143 3140
f 2573 2315 2312
f 2573 2572 2315
f 3131 2860 2851
f 2553 2850 2851
f 2554 2860 2555
f 2268 2554 2555
f 2555 2860 2562
f 2562 2861 2555
f 2555 2556 2268
f 2555 2861 2556
f 4261 4031 4258
f 4484 4270 4261
f 4261 4483 4484
f 4482 4483 4261
f 4261 4260 4482
f 4261 4025 4260
f 4258 4025 4261
f 4030 4025 4258
f 4030 4031 3772
f 4258 4031 4030
f 4026 3769 3768
f 3768 4025 4026
f 4025 4030 4026
f 4026 3772 3769
f 4026 4030 3772
f 5086 5085 5228
f 5214 5213 5086
f 4923 5085 5086
f 5229 5214 5086
f 5086 5228 5229
f 5077 4923 5086
f 5086 5213 5077
f 5087 4923 5077
f 5077 5088 5087
f 5087 5088 4923
f 5046 5045 5056
f 5046 5056 4887
f 4887 4886 5046
f 1559 1840 1841
f 3571 3288 3286
f 3289 3288 3571
f 3572 3289 3571
f 3286 3570 3571
f 3571 3845 3572
f 3571 3570 3845
f 3287 2988 3286
f 3286 3288 3287
f 3287 2989 2988
f 3287 3288 2989
f 4049 4090 3830
f 4091 4090 4049
f 4049 4048 4047
f 4047 4046 4049
f 4049 4046 4091
f 3830 3787 4049
f 3787 4048 4049
f 1568 1284 1567
f 1567 1570 1852
f 1852 1569 1567
f 1570 1569 1852
f 2705 2996 2703
f 2703 2996 2997
f 2126 1853 2125
f 2710 2411 2409
f 2709 2710 2409
f 2125 2408 2409
f 2409 2408 2707
f 2409 2126 2125
f 2128 2126 2409
f 2708 2709 2409
f 2409 2707 2708
f 1857 2128 2132
f 2132 2128 2412
f 1848 2122 2123
f 2398 2399 2108
f 2108 2399 2400
f 2107 2106 2108
f 1840 2107 2108
f 2108 1841 1840
f 2400 2109 2108
f 2395 2105 2398
f 2395 2106 2105
f 2398 2108 2395
f 2395 2108 2106
f 4967 4969 4968
f 4758 4967 4968
f 4965 4757 4961
f 4756 4960 4961
f 4961 5112 4965
f 4961 4960 5112
f 4971 4972 4768
f 4770 4769 4768
f 4767 4971 4768
f 4768 4769 4560
f 4331 4560 4561
f 4110 4330 4331
f 4328 4107 4327
f 4108 4107 4328
f 4970 4765 4763
f 4766 4765 4767
f 5557 5558 5468
f 5468 5466 5557
f 5468 5558 5470
f 5118 5119 4967
f 5255 5119 5118
f 5118 4967 5115
f 5115 5255 5118
f 5356 5360 5359
f 5359 5360 5255
f 5359 5255 5358
f 5358 5357 5359
f 5357 5356 5359
f 5465 5464 5554
f 5465 5360 5464
f 5554 5466 5465
f 5466 5360 5465
f 5255 5360 5361
f 4553 4324 4552
f 4325 4324 4553
f 4553 4552 4758
f 4758 4759 4553
f 4554 4325 4553
f 4553 4759 4554
f 25 24 55
f 7 24 25
f 23 6 19
f 7 6 23
f 23 24 7
f 1 7 8
f 26 25 56
f 56 25 55
f 27 60 61
f 27 8 26
f 59 60 27
f 27 26 59
f 94 56 93
f 81 82 44
f 44 80 81
f 19 43 44
f 19 44 45
f 55 24 54
f 19 45 54
f 54 44 82
f 54 45 44
f 55 54 90
f 119 81 118
f 81 117 118
f 235 173 234
f 235 215 173
f 1363 1362 1628
f 1636 1630 1628
f 1628 1630 1363
f 1898 1899 1615
f 1898 2168 1899
f 2455 2440 2750
f 2750 2759 2456
f 2760 2759 2750
f 2750 2737 2760
f 2442 2167 2443
f 2443 2156 2442
f 2158 2156 2443
f 2364 2175 2461
f 2175 2174 2461
f 1904 2174 2175
f 1905 1901 1904
f 1904 2175 1905
f 2073 1781 1785
f 2073 1782 1781
f 1785 2076 2073
f 2073 2076 2353
f 2353 2352 2073
f 1496 1782 1783
f 1783 1782 2075
f 2014 2297 2298
f 2288 2014 2298
f 2298 2575 2288
f 2013 2297 2014
f 1725 2009 2013
f 2013 2014 1725
f 897 898 668
f 896 716 959
f 898 897 896
f 668 716 896
f 896 897 668
f 899 670 898
f 900 899 1147
f 1147 899 898
f 1147 673 900
f 901 673 1147
f 970 901 1147
f 1147 969 970
f 1148 898 959
f 959 969 1148
f 1148 1147 898
f 969 1147 1148
f 5404 5292 5291
f 5291 5403 5404
f 5293 5292 5404
f 5586 5587 5505
f 5289 5160 5159
f 5159 5158 5157
f 5157 5289 5159
f 4830 4629 4657
f 5665 5663 5661
f 5661 5622 5621
f 5661 5663 5623
f 5638 5636 5672
f 5638 5581 5636
f 5672 5639 5638
f 5584 5581 5638
f 5638 5639 5584
f 5501 5499 5582
f 5499 5581 5582
f 5584 5501 5582
f 5582 5581 5584
f 5578 5579 5580
f 5580 5499 5578
f 5580 5581 5499
f 5634 5579 5577
f 5577 5576 5634
f 5576 5633 5634
f 5636 5579 5635
f 5635 5670 5636
f 5579 5634 5635
f 5635 5634 5670
f 5667 5628 5665
f 5668 5628 5667
f 5636 5670 5671
f 5672 5636 5671
f 5671 5678 5672
f 5551 5550 5462
f 5462 5460 5551
f 5551 5460 5550
f 5439 5459 5446
f 5439 5460 5459
f 5446 5437 5439
f 5443 5534 5439
f 5439 5438 5444
f 5439 5444 5333
f 5333 5443 5439
f 5439 5534 5535
f 5439 5437 5330
f 5330 5438 5439
f 5620 5550 5613
f 5613 5656 5620
f 5656 5613 5612
f 5514 5538 5441
f 5514 5513 5538
f 5418 5513 5514
f 5440 5418 5514
f 5514 5441 5440
f 5316 5428 5429
f 5428 5410 5429
f 5429 5409 5316
f 5429 5410 5409
f 5535 5543 5609
f 5603 5539 5521
f 5603 5541 5539
f 5604 5607 5605
f 5521 5604 5605
f 5441 5539 5540
f 5540 5541 5441
f 5539 5541 5540
f 5611 5609 5617
f 5617 5609 5543
f 5280 5389 5390
f 5390 5391 5280
f 5390 5389 5494
f 5494 5391 5390
f 4184 4203 4182
f 4184 4182 3931
f 3931 4183 4184
f 3950 4203 4184
f 4184 4183 3950
f 4637 4837 4838
f 4414 4636 4637
f 4637 4636 4837
f 4195 4197 4196
f 4195 3941 4194
f 4196 3941 4195
f 4194 4193 4195
f 4416 4197 4195
f 4202 4421 4422
f 4422 4421 4625
f 4422 4403 4202
f 4625 4403 4422
f 4829 4849 4827
f 4623 4626 4829
f 4829 4827 4623
f 4626 4625 4829
f 4418 4198 4417
f 4418 4419 4198
f 4418 4417 4640
f 3693 3664 3408
f 3408 3107 3407
f 3408 3664 3380
f 3380 3107 3408
f 3105 2825 3104
f 3105 3107 2825
f 3104 3407 3105
f 3407 3107 3105
f 4429 4208 4428
f 4428 4655 4429
f 4428 4208 4427
f 4427 4655 4428
f 4800 4954 4953
f 4952 4795 4953
f 4953 4795 4800
f 4953 4743 4952
f 4953 4954 4743
f 5519 5516 5599
f 5599 5598 5519
f 5516 5598 5599
f 5597 5598 5516
f 5597 5595 5544
f 5544 5598 5597
f 5649 5607 5591
f 5593 5544 5619
f 5619 5549 5593
f 5544 5549 5619
f 4500 4712 4714
f 4499 4712 4500
f 4500 4714 4713
f 4500 4713 4501
f 4501 4279 4500
f 4279 4499 4500
f 5095 5097 4932
f 4932 4931 5095
f 5097 5098 4932
f 4932 5098 4933
f 4933 4715 4932
f 4715 4931 4932
f 2638 2636 2933
f 2636 2635 2933
f 2933 2934 2638
f 2935 2934 2933
f 2634 2929 2930
f 2930 2635 2634
f 2929 2635 2930
f 3234 3230 2936
f 3234 3235 3527
f 2936 3235 3234
f 3527 3528 3234
f 2854 2848 3128
f 3128 3421 3422
f 3422 3132 3128
f 3128 3132 2854
f 3128 3126 3420
f 3420 3421 3128
f 2303 2593 2594
f 2893 2888 2594
f 2594 2588 2303
f 2594 2888 2588
f 2893 3184 3185
f 3184 3172 3185
f 2893 2594 2887
f 2887 2594 2593
f 3972 3708 3761
f 3754 3482 3743
f 3743 3755 3754
f 3754 3755 3482
f 3707 3753 3479
f 3479 3753 3706
f 3706 3421 3479
f 3479 3182 3180
f 3479 3421 3182
f 3180 2888 3179
f 3179 3178 3180
f 2888 3178 3179
f 4010 4011 3751
f 4001 3742 3752
f 3744 3742 4001
f 4251 4252 4015
f 2258 2257 2256
f 2256 1978 2031
f 2256 2257 1978
f 2551 2847 2848
f 2268 2545 2551
f 2551 2552 2268
f 2551 2848 2552
f 2306 2590 2595
f 2592 2847 2891
f 1730 2016 2019
f 1727 2016 1730
f 1730 2020 2017
f 2019 2020 1730
f 1185 1457 1186
f 1186 932 1185
f 1459 1732 1736
f 2017 2021 2018
f 2018 1730 2017
f 4017 4018 3759
f 3758 4014 3759
f 3759 4014 4015
f 3760 4018 4017
f 3760 3708 3972
f 3972 3761 3760
f 3760 3759 4018
f 4255 4477 4475
f 4252 4477 4254
f 4254 4255 4017
f 4477 4255 4254
f 4693 4694 4473
f 4474 4697 4475
f 4473 4697 4474
f 4467 4466 4687
f 3174 3477 3465
f 3169 3176 3465
f 3750 4010 3751
f 4243 4004 4003
f 4003 4004 3748
f 5346 5345 5454
f 5531 5548 5454
f 5454 5547 5531
f 5454 5345 5341
f 5347 5457 5458
f 5458 5348 5347
f 5347 5348 5239
f 5239 5238 5347
f 5346 5454 5347
f 5347 5454 5457
f 5347 5237 5346
f 5347 5238 5237
f 5458 5457 5529
f 5529 5530 5431
f 5431 5430 5529
f 5430 5458 5529
f 5529 5531 5530
f 5529 5548 5531
f 5529 5454 5548
f 5457 5454 5529
f 4728 4941 4943
f 4943 4941 5102
f 4942 4728 4943
f 4943 5102 4942
f 5065 5066 4895
f 4944 5066 5065
f 5196 5066 5198
f 5195 5066 5196
f 5196 5198 5071
f 5071 5195 5196
f 4731 4732 4517
f 4733 4732 4731
f 4893 4894 4689
f 4889 4890 4686
f 4689 4890 4889
f 4889 4893 4689
f 4894 4893 4889
f 4473 4474 4249
f 4476 4477 4249
f 4249 4477 4252
f 4249 4475 4476
f 4249 4474 4475
f 5595 5608 5546
f 5531 5547 5546
f 5546 5608 5531
f 5452 5545 5546
f 5545 5595 5546
f 5547 5454 5546
f 4872 4886 4680
f 4680 4679 4872
f 4872 4679 4669
f 3987 3986 4231
f 3985 3987 4231
f 4231 3986 3976
f 3976 4221 4231
f 4232 3985 4231
f 862 857 1106
f 858 857 862
f 1106 1109 862
f 862 1109 860
f 860 641 862
f 862 641 858
f 1106 857 1105
f 348 464 465
f 348 463 464
f 348 465 349
f 347 463 348
f 349 256 348
f 256 255 348
f 348 255 347
f 250 249 248
f 257 211 189
f 189 188 257
f 211 160 189
f 189 160 142
f 142 188 189
f 249 250 186
f 185 249 186
f 187 188 142
f 142 186 187
f 30 63 62
f 62 35 30
f 140 184 185
f 61 104 105
f 105 104 113
f 142 160 143
f 160 144 143
f 847 1097 1098
f 456 634 457
f 850 636 635
f 850 1101 1102
f 1368 1637 1636
f 1636 1628 1368
f 1368 1628 1362
f 1353 1354 1094
f 1246 980 1245
f 980 1244 1245
f 246 247 185
f 339 451 452
f 452 629 339
f 242 240 335
f 335 240 334
f 2067 1776 2072
f 2072 2345 2067
f 1777 1776 2067
f 2067 2068 1777
f 2067 2345 2068
f 1489 1768 1491
f 1762 1768 1489
f 1210 1488 1486
f 1486 1488 1763
f 1486 1211 1210
f 1486 1489 1211
f 1486 1763 1762
f 1762 1489 1486
f 3341 3619 3338
f 3344 3343 3243
f 3046 3343 3344
f 3344 3243 3241
f 3241 3046 3344
f 3627 3619 3889
f 3539 3343 3627
f 3889 3888 3828
f 3828 3645 3539
f 3539 3627 3828
f 3828 3627 3889
f 1340 1339 1342
f 1084 1339 1340
f 1615 1895 1897
f 1897 1895 2167
f 1897 2167 2168
f 1897 1898 1615
f 2168 1898 1897
f 1311 1599 1600
f 1600 1599 1334
f 1601 1600 1334
f 1601 1312 1311
f 1311 1600 1601
f 1336 1610 1597
f 1597 1611 1336
f 1334 1610 1336
f 1336 1611 1339
f 1614 1895 1896
f 1614 1611 1895
f 1339 1611 1614
f 1614 1896 1615
f 1615 1339 1614
f 330 445 446
f 445 622 446
f 446 331 330
f 623 446 622
f 1204 1201 1475
f 1475 1478 1204
f 1476 1201 1204
f 1204 1203 1476
f 1204 1479 1205
f 1204 1478 1479
f 1205 947 1204
f 947 1203 1204
f 3175 2883 3174
f 3175 3176 2883
f 3174 3465 3175
f 3175 3465 3176
f 1175 1445 1183
f 1175 931 921
f 921 1174 1175
f 1175 932 931
f 1183 932 1175
f 1450 1445 1444
f 1174 1177 1444
f 1177 1450 1444
f 1444 1175 1174
f 1445 1175 1444
f 2007 2006 2292
f 2006 2005 2292
f 2292 2293 2007
f 2292 2005 2291
f 2287 2289 2574
f 2577 2291 2574
f 2574 2291 2287
f 3161 3162 2876
f 2876 3160 3161
f 3161 3160 3459
f 3462 3738 3740
f 3740 3464 3462
f 3738 3464 3740
f 2876 3162 3163
f 3163 3161 3460
f 3162 3161 3163
f 3163 3460 3462
f 3155 2873 2876
f 2876 3156 3155
f 3155 3156 2873
f 2873 3156 2874
f 2874 3156 3157
f 2577 2574 2874
f 2874 2574 2873
f 2874 2877 2577
f 3157 2877 2874
f 3462 3167 3165
f 3157 3156 3165
f 3165 2877 3157
f 3165 3163 3462
f 3156 3163 3165
f 2878 2877 3166
f 3166 3167 2878
f 2877 3165 3166
f 3166 3165 3167
f 3159 3160 2875
f 2875 3158 3159
f 3458 3160 3159
f 3159 3158 3458
f 1425 1692 1451
f 1425 1154 1424
f 1178 1154 1425
f 1423 1692 1425
f 1425 1424 1423
f 1425 1179 1178
f 1425 1451 1180
f 1180 1179 1425
f 1455 1446 1182
f 1182 1181 1455
f 1455 1181 1446
f 912 937 1155
f 1155 1156 912
f 937 1156 1155
f 293 400 401
f 401 402 293
f 436 611 612
f 611 825 612
f 827 824 1075
f 827 825 824
f 1075 832 827
f 832 828 827
f 1060 1314 1316
f 1316 1082 1060
f 1316 1314 1313
f 1313 1602 1316
f 1602 1328 1316
f 1328 1082 1316
f 1080 1082 1327
f 1080 1328 1083
f 1327 1328 1080
f 1083 837 1080
f 1901 1621 1620
f 1344 1090 1087
f 1342 1613 1344
f 50 52 51
f 51 22 50
f 52 22 51
f 21 49 50
f 50 22 21
f 21 20 49
f 5 20 21
f 21 22 5
f 53 52 43
f 43 22 53
f 53 22 52
f 43 52 79
f 52 80 79
f 79 44 43
f 80 44 79
f 88 87 128
f 88 128 115
f 52 87 88
f 88 80 52
f 115 81 88
f 81 80 88
f 2319 2600 2601
f 2601 2320 2319
f 2600 2320 2601
f 2044 2320 2321
f 2321 2045 2044
f 1758 1757 2044
f 2044 2045 1758
f 2308 2319 2044
f 2319 2320 2044
f 1206 1477 1482
f 1482 1483 1206
f 1477 1483 1482
f 1759 1760 1761
f 1759 1761 1485
f 1485 1484 1759
f 1759 1483 1481
f 1484 1483 1759
f 1759 1481 1480
f 1480 1760 1759
f 3263 3259 3548
f 3548 3264 3263
f 3263 3264 2971
f 3260 3261 2962
f 2962 3259 3260
f 3260 2970 2969
f 2969 3261 3260
f 3543 3780 3779
f 3545 3544 3543
f 3251 3542 3543
f 3543 3544 3251
f 3540 3780 3543
f 3543 3779 3547
f 3547 3545 3543
f 3543 3541 3540
f 3542 3541 3543
f 2901 2900 3193
f 3200 3195 3193
f 3194 3202 3200
f 2900 3188 3194
f 3724 3993 3731
f 3453 3724 3731
f 3731 3732 3453
f 4257 4037 4035
f 3774 4036 4035
f 4035 4037 3775
f 3775 3774 4035
f 3203 3492 3204
f 3204 2904 3203
f 3490 3735 3734
f 3734 3735 3455
f 3499 3207 3496
f 3496 3765 3499
f 3500 3207 3499
f 3499 3765 3500
f 3770 3772 3771
f 3771 3497 3770
f 3772 3497 3771
f 3772 4034 3773
f 3773 3497 3772
f 3778 3503 3501
f 3201 2904 3200
f 3201 3202 2904
f 3200 2904 3196
f 3196 3195 3200
f 2604 2901 2903
f 3195 3196 2903
f 2901 3193 2903
f 2903 3193 3195
f 2903 2904 2604
f 2903 3196 2904
f 3486 3198 3197
f 3197 3198 2904
f 3546 3253 3545
f 3546 3259 3257
f 3545 3259 3546
f 3257 2961 3255
f 3255 3546 3257
f 3253 3546 3255
f 3256 2958 3255
f 3255 2958 3253
f 2670 2958 2959
f 2959 2958 3256
f 3256 3255 2959
f 2671 2670 2959
f 2959 2961 2671
f 2959 3255 2961
f 3724 3449 3723
f 3725 3724 3453
f 3725 3449 3724
f 3453 3726 3725
f 3726 3449 3725
f 3445 3450 3451
f 3450 3449 3451
f 3451 3444 3445
f 3148 3444 3451
f 3442 3148 3451
f 2264 2277 2548
f 2548 2270 2264
f 2277 2270 2548
f 2544 2545 2268
f 2268 2260 2544
f 2545 2544 2259
f 2259 2544 2260
f 1978 2258 2259
f 2259 2260 1978
f 2268 2267 2547
f 2267 2262 2547
f 2547 2262 2260
f 2263 2254 1978
f 1978 2262 2263
f 2263 2262 2254
f 1978 2260 2261
f 2261 2262 1978
f 2260 2262 2261
f 1465 1463 1741
f 1697 1979 1698
f 1698 1693 1427
f 1427 1697 1698
f 1701 1700 1435
f 1701 1432 1700
f 1433 1163 1434
f 1433 1432 1163
f 1434 1160 1433
f 1433 1160 1431
f 1431 1432 1433
f 1427 1695 1696
f 1696 1428 1427
f 1696 1695 1977
f 1159 913 1158
f 2559 2560 2273
f 2273 2557 2559
f 2557 2862 2559
f 2571 2572 2284
f 2284 2570 2571
f 2569 2570 2284
f 2284 2573 2312
f 2572 2573 2284
f 2312 2285 2284
f 2284 2285 1995
f 2561 2560 2284
f 1995 2283 2284
f 2284 2283 2561
f 2560 2559 2284
f 2284 2559 2569
f 2602 2596 2894
f 2894 2898 2602
f 1749 2032 1746
f 1749 1470 1748
f 1746 1470 1749
f 2308 2032 2307
f 2307 2319 2308
f 2307 2309 2319
f 2310 2318 2596
f 2596 2311 2310
f 2041 2318 2310
f 1198 1197 1474
f 1474 1197 1470
f 1474 1200 1198
f 1474 1470 1475
f 1475 1201 1474
f 1201 1200 1474
f 792 1033 1034
f 1034 1035 792
f 1033 1035 1034
f 1287 1570 1571
f 1571 1572 1287
f 1570 1572 1571
f 1570 1855 1573
f 1573 1572 1570
f 1573 1855 1574
f 1573 1574 1287
f 1287 1572 1573
f 2133 2413 2414
f 2134 1859 2133
f 2133 2414 2134
f 2412 2413 2133
f 2133 2132 2412
f 1859 1857 2133
f 1857 2132 2133
f 2423 2724 2725
f 2725 2424 2423
f 2716 2724 2423
f 2423 2424 2142
f 2142 2422 2423
f 2416 2415 2714
f 2714 2423 2422
f 2714 2415 2717
f 2717 2423 2714
f 2417 2418 2135
f 2417 2422 2418
f 2417 2135 2134
f 2134 2416 2417
f 2416 2714 2417
f 2417 2714 2422
f 1960 1961 1673
f 1673 1672 1960
f 1959 1671 1958
f 2237 2238 1958
f 1958 2238 1959
f 1958 2236 2237
f 1670 1400 1399
f 1670 1671 1400
f 1399 1669 1670
f 1670 1669 1956
f 4216 4217 3970
f 3970 4217 3969
f 3969 3697 3970
f 3970 3968 4216
f 3697 3968 3970
f 3959 3960 3683
f 3403 3405 3683
f 3684 3403 3683
f 3683 3960 3684
f 3405 3690 3683
f 3683 3690 3959
f 3961 4211 4212
f 3961 4212 3962
f 3969 4211 3961
f 3961 3960 3969
f 3962 3685 3961
f 3685 3960 3961
f 3405 3117 3416
f 3416 3690 3405
f 3416 3117 3116
f 3416 3116 3115
f 3969 3959 3700
f 3959 3690 3700
f 3700 3697 3969
f 3644 3643 3372
f 3372 3360 3644
f 3644 3360 3643
f 3918 3648 3917
f 3916 3648 3918
f 3647 3648 3366
f 3659 3648 3647
f 3366 3373 3647
f 3647 3373 3659
f 4610 4813 4814
f 2479 2478 2480
f 2479 2198 2478
f 3908 3909 3635
f 3908 3635 3634
f 3908 4147 4146
f 4146 3909 3908
f 3634 3907 3908
f 3907 3915 3908
f 3915 4147 3908
f 3355 3356 3062
f 3062 3061 3354
f 3354 3355 3062
f 3062 3356 3065
f 2767 3061 3062
f 2771 2767 3062
f 3062 3065 2771
f 1914 1632 1631
f 1631 1364 1629
f 1629 1914 1631
f 4608 4385 4398
f 4398 4387 4608
f 4608 4387 4385
f 3643 3912 3913
f 3913 3655 3643
f 4165 4166 3912
f 4387 4166 4165
f 4386 4387 4165
f 3912 4164 4165
f 4165 4164 4386
f 1971 1690 1689
f 1690 1416 1689
f 1689 1970 1971
f 895 667 894
f 1417 1416 1690
f 1418 1145 1417
f 1417 1691 1418
f 1417 1690 1691
f 2649 2648 2944
f 2649 2361 2648
f 2944 2840 2649
f 2649 2840 2650
f 2362 2650 2651
f 2651 2363 2362
f 2651 2537 2363
f 2650 2840 2651
f 2840 2537 2651
f 2539 2537 2841
f 2841 2537 2840
f 2841 2842 2539
f 2841 2840 2842
f 2779 3069 2781
f 3069 3070 2781
f 2786 2482 2645
f 2785 2939 2647
f 3074 2939 2785
f 1928 2198 2199
f 2198 2479 2199
f 2199 2479 2480
f 2782 2482 2783
f 2782 2781 3070
f 2786 2645 2644
f 2644 2645 2360
f 2485 2787 2786
f 2079 2363 2249
f 2079 2078 2363
f 1687 1414 1413
f 1412 1512 1413
f 1413 1414 1141
f 1928 2202 1931
f 1931 2202 1933
f 1931 1646 1928
f 1933 1932 1931
f 1931 1932 1646
f 1933 1649 1648
f 1648 1932 1933
f 1648 1379 1647
f 1647 1646 1648
f 1646 1932 1648
f 1383 1120 1382
f 1236 1120 1383
f 1236 1237 972
f 1383 1237 1236
f 1934 2078 1935
f 1935 1651 1934
f 1512 1651 1789
f 2078 2079 1789
f 1789 1935 2078
f 1651 1935 1789
f 1141 890 1140
f 890 1138 1140
f 1140 1138 1412
f 1140 1413 1141
f 1412 1413 1140
f 666 667 485
f 666 484 665
f 485 484 666
f 665 484 664
f 664 650 665
f 484 650 664
f 870 869 1116
f 1116 1117 870
f 648 869 870
f 870 1117 1118
f 1118 873 872
f 665 728 892
f 892 889 665
f 892 728 972
f 972 889 892
f 4337 4117 4143
f 4338 4117 4337
f 4337 4143 4119
f 4119 4338 4337
f 3591 3864 3865
f 3864 4117 3865
f 3865 3866 3591
f 3865 4118 3866
f 3865 4117 4118
f 4621 4622 4399
f 4621 4620 4825
f 4621 4399 4620
f 4825 4980 4816
f 4816 4621 4825
f 4622 4621 4816
f 4816 4813 4610
f 4610 4622 4816
f 4816 4814 4813
f 3924 3655 3926
f 4176 4177 3926
f 3926 4166 4176
f 3655 3913 3926
f 3912 4166 3926
f 3926 3913 3912
f 4400 4177 4399
f 4400 4622 4610
f 4399 4622 4400
f 4606 4607 4385
f 4811 4607 4606
f 4385 4609 4606
f 4609 4811 4606
f 3891 3906 3892
f 3906 3893 3892
f 3346 3629 3630
f 3630 3631 3346
f 3629 3904 3630
f 4597 4598 4372
f 4378 4598 4597
f 4372 4379 4597
f 4597 4379 4378
f 4384 4383 4385
f 4385 4164 4384
f 4384 4164 4383
f 3912 3911 4162
f 4162 4164 3912
f 4163 4382 4383
f 4163 3911 4160
f 4160 4382 4163
f 2473 2775 2474
f 2764 2775 2473
f 2473 2476 2764
f 2474 2191 2473
f 2764 2476 2464
f 3056 2952 3068
f 2764 2952 3056
f 3068 3057 3056
f 3057 2764 3056
f 2657 2949 2951
f 2657 2951 2659
f 2657 2365 2656
f 2081 2175 2364
f 2081 2080 2175
f 2364 2365 2081
f 1793 2080 2081
f 2081 2082 1793
f 1792 1515 1791
f 1515 1621 1791
f 1791 1621 1906
f 1906 2080 1791
f 2368 2082 2367
f 2083 2082 2368
f 1242 1241 1520
f 1792 1791 1518
f 1518 2080 1793
f 1518 1791 2080
f 1516 1240 1515
f 1516 1241 1240
f 1522 1244 1521
f 1521 1520 1522
f 1242 1520 1521
f 979 1244 980
f 2173 2461 2174
f 2173 2460 2364
f 2364 2461 2173
f 2652 2365 2364
f 2364 2460 2652
f 2458 2365 2652
f 2652 2460 2458
f 2170 1899 2169
f 4563 4347 4346
f 4570 4348 4563
f 4348 4347 4563
f 4562 4772 4563
f 4563 4772 4570
f 4112 4334 4115
f 4115 4114 4112
f 4124 4116 4115
f 4115 4116 3861
f 3861 4114 4115
f 4797 4990 4798
f 4948 4990 4797
f 4797 4949 4948
f 4797 4950 4740
f 4740 4949 4797
f 4798 4586 4797
f 4586 4796 4797
f 4797 4796 4952
f 4952 4951 4797
f 4951 4950 4797
f 4804 4999 4806
f 4806 4595 4804
f 4595 4591 4804
f 4593 4805 4801
f 4801 4591 4593
f 4805 4802 4801
f 4802 4591 4801
f 4616 4822 4618
f 4821 4822 4616
f 4616 4820 4821
f 4821 4820 4822
f 4395 4170 4389
f 4169 4170 4392
f 4392 4170 4395
f 2834 2835 2534
f 3113 2835 2834
f 2834 2534 2532
f 2532 2833 2834
f 3112 3113 2834
f 2834 2833 3112
f 2532 2534 2248
f 2248 2242 2532
f 2248 2534 2247
f 1967 2248 2247
f 2242 2248 1967
f 1967 2244 1965
f 2247 2244 1967
f 4396 4615 4616
f 4082 3922 4174
f 4174 3922 4173
f 4079 4174 4173
f 4079 3818 4082
f 4082 4174 4079
f 2648 2941 2942
f 2942 2943 2648
f 3240 2943 2942
f 2942 3239 3240
f 2940 3239 2942
f 2942 2941 2940
f 3141 3442 3443
f 3443 3142 3141
f 3442 3451 3443
f 2864 2559 2862
f 2569 2559 2864
f 2864 2570 2569
f 2852 2860 2554
f 2852 2851 2860
f 2852 2554 2553
f 2553 2851 2852
f 4270 4031 4269
f 4269 4261 4270
f 4031 4261 4269
f 5045 5046 4870
f 4870 4869 5045
f 4669 4869 4870
f 2110 2111 1843
f 2110 2109 2111
f 1565 1285 1284
f 1284 1568 1565
f 1287 1285 1565
f 1565 1569 1287
f 1567 1569 1565
f 1565 1568 1567
f 2406 2116 2405
f 2406 2704 2705
f 2705 2703 2406
f 2405 2702 2406
f 2702 2704 2406
f 2407 2703 2408
f 2117 2116 2407
f 2116 2406 2407
f 2407 2406 2703
f 2407 2125 2117
f 2407 2408 2125
f 2997 2707 2706
f 2706 2703 2997
f 2707 2408 2706
f 2408 2703 2706
f 2127 2128 1853
f 1853 2126 2127
f 2127 2126 2128
f 2411 2128 2410
f 2410 2409 2411
f 2128 2409 2410
f 1567 1566 1850
f 1850 2123 2122
f 1851 1567 1850
f 1850 2122 1851
f 1842 2108 2109
f 1841 2108 1842
f 2109 2110 1842
f 1842 2110 1843
f 1843 1559 1842
f 1559 1841 1842
f 2691 2690 2980
f 2980 2981 2691
f 2399 2690 2691
f 2691 2981 2692
f 2692 2399 2691
f 4970 4763 4762
f 4762 4969 4970
f 4762 4968 4969
f 4760 4759 4762
f 4762 4761 4760
f 4762 4759 4758
f 4758 4968 4762
f 4556 4761 4762
f 4762 4763 4556
f 4962 4757 4756
f 4756 4961 4962
f 4962 4961 4757
f 5125 5126 4973
f 4973 5126 4975
f 4973 4972 5125
f 4973 4768 4972
f 4975 4770 4973
f 4770 4768 4973
f 4560 4331 4559
f 4559 4331 4330
f 4767 4768 4559
f 4559 4768 4560
f 4108 4328 4329
f 4110 4109 4329
f 4109 4108 4329
f 4329 4330 4110
f 4765 4766 4557
f 4327 4556 4557
f 4557 4328 4327
f 5256 5119 5255
f 5255 5361 5256
f 5364 5470 5471
f 5467 5360 5466
f 5467 5361 5360
f 5466 5468 5467
f 5468 5361 5467
f 46 23 19
f 24 23 46
f 19 54 46
f 46 54 24
f 26 56 57
f 93 56 92
f 131 93 92
f 92 130 131
f 91 56 55
f 91 90 119
f 55 90 91
f 119 92 91
f 91 92 56
f 56 94 95
f 98 95 132
f 132 95 94
f 132 93 131
f 132 94 93
f 177 176 223
f 177 223 178
f 178 223 237
f 333 240 238
f 334 240 333
f 116 117 81
f 116 115 164
f 116 81 115
f 89 54 82
f 89 90 54
f 89 82 81
f 89 81 119
f 119 90 89
f 332 331 397
f 234 331 332
f 332 235 234
f 215 235 292
f 292 332 397
f 235 332 292
f 292 400 293
f 293 215 292
f 1617 1904 1901
f 2174 1904 1617
f 1615 1899 1900
f 1899 1902 1900
f 1902 1617 1900
f 2758 2456 2455
f 2455 2750 2758
f 2758 2750 2456
f 2738 2440 2430
f 2738 2750 2440
f 2430 2737 2738
f 2737 2750 2738
f 2444 2167 2158
f 2158 2443 2444
f 2444 2443 2167
f 2075 2356 2077
f 2642 2585 2355
f 2355 2585 2297
f 2074 2356 2075
f 2075 1782 2074
f 2074 2355 2356
f 2935 3158 2885
f 2642 2935 2885
f 2885 2585 2642
f 2875 2575 2586
f 2575 2298 2586
f 2585 2885 2586
f 959 898 1146
f 1146 896 959
f 898 896 1146
f 672 899 900
f 670 899 672
f 900 673 672
f 672 673 494
f 494 493 672
f 672 493 492
f 492 671 672
f 5405 5403 5406
f 5405 5404 5403
f 5405 5406 5293
f 5293 5404 5405
f 5504 5401 5400
f 5504 5505 5401
f 5400 5503 5504
f 5504 5503 5586
f 5586 5505 5504
f 5402 5403 5291
f 5402 5505 5403
f 5291 5401 5402
f 5401 5505 5402
f 5507 5403 5506
f 5506 5505 5507
f 5403 5505 5506
f 5019 5159 5160
f 5018 5158 5019
f 5158 5159 5019
f 5019 4843 5018
f 5006 4832 4831
f 4831 4857 5006
f 4631 4830 4831
f 4832 4631 4831
f 4657 4857 4831
f 4831 4830 4657
f 5660 5661 5621
f 5623 5622 5662
f 5662 5661 5623
f 5622 5661 5662
f 5636 5581 5637
f 5581 5580 5637
f 5637 5579 5636
f 5637 5580 5579
f 5669 5633 5668
f 5669 5634 5633
f 5668 5667 5669
f 5670 5634 5669
f 5680 5671 5670
f 5670 5669 5680
f 5680 5669 5667
f 5680 5667 5665
f 5583 5587 5586
f 5583 5586 5502
f 5502 5501 5583
f 5585 5501 5584
f 5584 5640 5585
f 5585 5583 5501
f 5588 5505 5587
f 5587 5583 5588
f 5588 5585 5641
f 5583 5585 5588
f 5550 5460 5537
f 5460 5439 5537
f 5537 5613 5550
f 5611 5653 5654
f 5654 5612 5611
f 5672 5678 5659
f 5678 5660 5659
f 5659 5621 5620
f 5659 5660 5621
f 5673 5676 5655
f 5655 5676 5656
f 5656 5612 5655
f 5612 5654 5655
f 5650 5605 5607
f 5650 5649 5657
f 5541 5605 5614
f 5541 5603 5606
f 5606 5605 5541
f 5606 5603 5521
f 5521 5605 5606
f 4840 4638 4839
f 4638 4637 4839
f 4839 4838 4840
f 4839 4637 4838
f 4415 4195 4193
f 4415 4193 4414
f 4414 4637 4415
f 4416 4195 4415
f 4415 4638 4416
f 4415 4637 4638
f 4647 4829 4625
f 4625 4421 4647
f 4645 4421 4420
f 4420 4419 4644
f 4644 4645 4420
f 4847 4645 4644
f 4845 4848 4846
f 4848 4847 4846
f 4847 4644 4846
f 4641 4418 4640
f 3692 3691 3965
f 3965 3693 3692
f 3693 3408 3692
f 3407 3691 3692
f 3692 3408 3407
f 5516 5595 5596
f 5596 5597 5516
f 5595 5597 5596
f 5646 5649 5591
f 4686 4466 4465
f 4524 4735 4525
f 4525 4299 4524
f 4525 4521 4299
f 4525 4465 4521
f 4076 4299 4077
f 4077 3815 4076
f 2932 3158 2935
f 2935 2933 2932
f 2932 2933 2635
f 3231 3232 2929
f 3524 3232 3231
f 2929 3230 3231
f 3526 3736 3459
f 3459 3232 3526
f 3814 3736 3526
f 3528 3815 3529
f 3529 3234 3528
f 3529 3815 3813
f 3127 2848 3126
f 3126 3128 3127
f 3127 3128 2848
f 2879 2883 3169
f 3743 3482 3745
f 3177 3172 3184
f 3177 3184 2893
f 2893 2887 3177
f 3172 3177 2884
f 2884 3177 2887
f 3483 3762 3707
f 3483 3755 3756
f 3708 3762 3483
f 3483 3761 3708
f 3482 3755 3483
f 3758 3759 3483
f 3483 3760 3761
f 3759 3760 3483
f 3467 3744 3743
f 3467 3742 3744
f 4012 4001 3752
f 3758 4001 4012
f 2024 2256 2028
f 2846 2891 2847
f 2543 2551 2545
f 2847 2551 2543
f 2543 2846 2847
f 2545 2259 2543
f 2543 2256 2304
f 2258 2256 2543
f 2543 2259 2258
f 2543 2304 2306
f 2306 2595 2543
f 2543 2595 2590
f 2592 2891 2589
f 2589 2301 2592
f 2589 2590 2301
f 2028 1742 1738
f 1738 1742 1463
f 1458 1459 1186
f 1458 1186 1457
f 1460 1738 1463
f 1460 1459 1735
f 932 1186 934
f 935 697 934
f 3708 3760 3973
f 3973 3974 3708
f 3979 3974 3973
f 3973 3980 3979
f 3973 4218 3980
f 4017 4255 4256
f 4475 4478 4256
f 4256 4255 4475
f 4438 4478 4475
f 4438 4475 4447
f 4218 4256 4438
f 4438 4256 4478
f 4438 4447 4226
f 4226 4218 4438
f 4015 4252 4253
f 4253 4254 4015
f 4252 4254 4253
f 4015 4254 4016
f 4016 4254 4017
f 4016 3759 4015
f 4017 3759 4016
f 4902 4693 4901
f 4902 5069 4904
f 4901 5069 4902
f 4904 4694 4903
f 4694 4693 4903
f 4903 4902 4904
f 4693 4902 4903
f 5067 5062 4901
f 4243 4467 4244
f 4244 4467 4245
f 4244 4004 4243
f 4463 4467 4243
f 4466 4467 4463
f 3737 3739 3998
f 3998 3738 3737
f 3737 3738 3460
f 3169 3465 3466
f 3474 3473 3748
f 3475 3174 3474
f 3174 3473 3474
f 3751 3475 3474
f 3474 3750 3751
f 3471 3174 3470
f 3470 3464 3471
f 3471 3464 3738
f 4007 3750 4006
f 4245 4246 4006
f 4008 3750 4007
f 5453 5341 5452
f 5453 5454 5341
f 5452 5546 5453
f 5453 5546 5454
f 5064 5065 4895
f 4946 4945 4944
f 4944 5065 4946
f 5065 5064 4946
f 4946 5064 4895
f 4946 4731 4945
f 4730 4731 4517
f 4945 4731 4730
f 4517 4729 4730
f 4729 4945 4730
f 4247 4246 4470
f 4007 4006 4247
f 4247 4006 4246
f 4007 4249 4250
f 4250 4008 4007
f 4251 4008 4250
f 4252 4251 4250
f 4250 4249 4252
f 4471 4249 4470
f 4469 4246 4245
f 4470 4246 4469
f 4871 4872 4669
f 4669 4870 4871
f 4871 4870 5046
f 4871 5046 4886
f 4886 4872 4871
f 4439 4221 4220
f 4439 4231 4221
f 4439 4220 4232
f 4232 4231 4439
f 341 250 248
f 341 455 454
f 248 340 341
f 251 186 250
f 250 341 251
f 252 187 251
f 251 187 186
f 141 186 142
f 185 186 141
f 141 140 185
f 255 188 254
f 188 187 254
f 460 636 461
f 460 459 636
f 14 2 13
f 13 37 14
f 36 37 13
f 13 35 36
f 13 30 35
f 1 8 9
f 8 27 9
f 242 245 243
f 243 245 184
f 74 62 61
f 61 105 74
f 74 35 62
f 75 35 74
f 74 105 113
f 113 114 74
f 74 112 75
f 74 114 112
f 454 455 630
f 1094 848 1095
f 454 630 631
f 631 456 454
f 849 635 634
f 850 635 849
f 1099 1101 850
f 1099 847 1098
f 1099 1356 1101
f 1098 1356 1099
f 981 980 1246
f 295 215 294
f 742 542 541
f 859 1105 857
f 859 857 639
f 1106 1105 859
f 461 636 637
f 637 464 461
f 1101 1356 1359
f 1530 1353 1352
f 1094 1248 1352
f 1352 1353 1094
f 1248 982 1247
f 1247 1352 1248
f 1246 1529 1247
f 1247 1529 1530
f 1530 1352 1247
f 1247 981 1246
f 982 981 1247
f 1370 1359 1623
f 1623 1359 1356
f 1246 1245 1527
f 1527 1806 1246
f 1358 1353 1530
f 244 245 337
f 184 245 244
f 629 452 628
f 336 245 242
f 242 335 336
f 336 451 337
f 337 245 336
f 1491 1211 1490
f 1490 1489 1491
f 1211 1489 1490
f 3342 3619 3626
f 3619 3627 3626
f 3626 3343 3342
f 3626 3627 3343
f 3894 4147 3895
f 3895 4147 3915
f 3915 3888 3895
f 3888 3896 3895
f 3915 3645 3914
f 3645 3828 3914
f 3914 3888 3915
f 3914 3828 3888
f 1087 838 1086
f 1333 1601 1334
f 1334 1084 1333
f 1084 1332 1333
f 1332 1312 1333
f 1312 1601 1333
f 1335 1084 1334
f 1334 1336 1335
f 1335 1336 1084
f 1084 1336 1337
f 1337 1336 1339
f 397 331 447
f 331 446 447
f 624 622 443
f 443 623 624
f 624 623 622
f 839 838 1087
f 839 623 838
f 1087 840 839
f 2579 2580 2293
f 2293 2292 2579
f 2878 2580 2579
f 2577 2877 2578
f 2578 2291 2577
f 2578 2292 2291
f 2578 2579 2292
f 2578 2877 2878
f 2878 2579 2578
f 2876 2873 2576
f 2873 2574 2576
f 2576 2574 2289
f 2576 2575 2876
f 2576 2289 2575
f 3460 3161 3461
f 3461 3737 3460
f 3739 3737 3461
f 3461 3161 3459
f 3459 3736 3461
f 3736 3739 3461
f 3164 3156 2876
f 2876 3163 3164
f 3164 3163 3156
f 1427 1428 1157
f 1157 1426 1427
f 912 1156 1157
f 1156 1426 1157
f 913 912 1157
f 1157 1158 913
f 1159 1158 1157
f 1157 1431 1159
f 1157 1430 1431
f 1429 1430 1157
f 537 400 536
f 537 401 400
f 400 292 399
f 534 732 733
f 731 732 534
f 976 1241 1242
f 1240 1241 976
f 825 827 614
f 614 440 436
f 441 440 614
f 614 617 441
f 614 828 617
f 614 827 828
f 834 618 833
f 834 833 1079
f 1079 1081 834
f 1081 1082 834
f 1082 1080 834
f 618 834 835
f 835 834 1080
f 619 618 838
f 442 328 441
f 442 443 328
f 441 617 442
f 442 617 832
f 832 618 442
f 618 619 442
f 442 619 620
f 1351 1620 1621
f 1513 1621 1515
f 1515 1240 1513
f 1513 1351 1621
f 1238 1351 1513
f 1346 1351 1347
f 1350 1351 1346
f 1620 1351 1349
f 1349 1351 1350
f 1087 1342 1343
f 1343 1344 1087
f 1342 1344 1343
f 1345 1344 1613
f 1612 1348 1345
f 1345 1613 1612
f 1090 1344 1345
f 1755 2032 1756
f 2032 2042 1756
f 1756 1478 1755
f 1479 1478 1756
f 1757 1479 1756
f 1756 2044 1757
f 3259 3263 3265
f 3265 3260 3259
f 3265 3263 2971
f 2971 2970 3265
f 2970 3260 3265
f 3455 3735 3456
f 3456 3735 3490
f 3485 3194 3200
f 3200 3193 3485
f 2317 2315 2599
f 2897 2898 2599
f 2898 2894 2599
f 2599 2596 2317
f 2599 2894 2596
f 3491 3204 3492
f 3203 3490 3491
f 3491 3492 3203
f 3490 3734 3491
f 3205 3495 3496
f 3205 3204 3495
f 3496 3207 3205
f 3207 3206 3205
f 3205 3206 2904
f 2904 3204 3205
f 3764 3495 3763
f 3495 3734 3763
f 3778 3773 4033
f 4033 3773 4034
f 4033 3772 3778
f 4033 4034 3772
f 3208 3501 3209
f 2904 3208 3209
f 3209 3502 3250
f 3209 3503 3502
f 3209 3501 3503
f 3778 3501 3767
f 3498 3208 3207
f 3498 3501 3208
f 3207 3497 3498
f 3497 3767 3498
f 3498 3767 3501
f 3200 3202 3488
f 3488 3201 3200
f 3202 3201 3488
f 3250 3486 3487
f 3487 3197 3250
f 3486 3197 3487
f 3724 3723 3992
f 3729 3449 3728
f 3729 3723 3449
f 3729 3992 3723
f 3729 3728 3724
f 3724 3992 3729
f 2546 2260 2268
f 2268 2547 2546
f 2546 2547 2260
f 1466 1697 1427
f 1466 1744 1697
f 1974 1698 1979
f 1975 1695 1974
f 1974 1695 1693
f 1693 1698 1974
f 1974 2254 1975
f 1974 1979 2254
f 1435 1432 1702
f 1702 1701 1435
f 1432 1701 1702
f 1699 1696 1977
f 1700 1429 1699
f 1699 1977 1700
f 1428 1696 1699
f 1429 1157 1699
f 1699 1157 1428
f 2033 1754 2041
f 2309 2307 2033
f 2041 2310 2033
f 1748 1754 2033
f 2033 2311 2309
f 2033 2310 2311
f 2723 2717 2716
f 2716 2423 2723
f 2723 2423 2717
f 1961 1960 2239
f 2239 1672 1959
f 2239 1960 1672
f 2530 2240 2239
f 2239 2240 1961
f 2239 2238 2530
f 1959 2238 2239
f 1957 1670 1956
f 1956 2235 1957
f 2235 2236 1957
f 1671 1670 1957
f 2236 1958 1957
f 1957 1958 1671
f 3690 3416 3415
f 3415 3700 3690
f 3415 3416 3115
f 3115 3414 3415
f 4616 4615 4818
f 5001 4980 4808
f 5001 4816 4980
f 4814 4816 5001
f 4808 4596 4807
f 4807 4596 4806
f 4807 5001 4808
f 4814 5001 4807
f 4806 4999 4807
f 4999 4814 4807
f 4815 5002 4817
f 4815 4814 5002
f 4815 4817 4611
f 4611 4610 4815
f 4610 4814 4815
f 1366 1632 1633
f 1366 1631 1632
f 1366 1633 1367
f 1366 1365 1364
f 1364 1631 1366
f 1366 1367 1106
f 1106 1365 1366
f 1415 1689 1416
f 1141 1415 1142
f 1142 1415 1416
f 893 1142 894
f 893 894 667
f 1143 1145 895
f 895 894 1143
f 1143 894 1145
f 1416 1417 1144
f 1144 1142 1416
f 894 1142 1144
f 1145 894 1144
f 1144 1417 1145
f 3236 3237 2940
f 2940 3074 3236
f 3654 3371 3653
f 3654 3818 3817
f 3653 3371 3370
f 3369 3650 3370
f 3650 3651 3370
f 3074 2785 2784
f 2784 2785 2482
f 2784 2782 3074
f 2482 2782 2784
f 2646 2785 2647
f 2360 2645 2646
f 2646 2645 2482
f 2482 2785 2646
f 2647 2361 2646
f 2646 2361 2360
f 2483 2482 2786
f 2483 2199 2482
f 2786 2787 2483
f 2483 2787 2484
f 2484 2199 2483
f 2783 2482 2481
f 2482 2199 2481
f 2481 2199 2480
f 2480 2779 2481
f 2779 2781 2481
f 2481 2782 2783
f 2781 2782 2481
f 3368 3369 3071
f 3071 3070 3368
f 3071 2782 3070
f 3074 2782 3073
f 3073 3236 3074
f 3073 3371 3237
f 3237 3236 3073
f 2360 2078 2359
f 2359 2644 2360
f 2206 2078 1934
f 1934 2202 2206
f 1928 2199 2200
f 2200 2199 2484
f 2201 2202 1928
f 1928 2200 2201
f 2201 2206 2202
f 2485 2206 2201
f 2201 2200 2484
f 1512 1789 1790
f 1790 1789 2079
f 1687 1413 1686
f 1686 1413 1512
f 1686 1968 1687
f 1686 1790 1968
f 1512 1790 1686
f 1380 1379 1381
f 1379 1648 1381
f 1381 1120 1119
f 1381 1382 1120
f 1649 1382 1381
f 1381 1648 1649
f 665 890 891
f 891 666 665
f 891 890 1141
f 667 666 891
f 891 893 667
f 1141 1142 891
f 1142 893 891
f 648 870 871
f 871 870 1118
f 1118 872 871
f 727 728 532
f 971 728 727
f 727 873 971
f 4372 4157 4381
f 4381 4157 4380
f 4381 4379 4372
f 4381 4380 4379
f 4156 4157 3906
f 4380 4157 4156
f 4156 3906 4154
f 4154 4380 4156
f 4372 4145 4371
f 4371 4157 4372
f 4145 4157 4371
f 4158 4145 3906
f 3906 4157 4158
f 4158 4157 4145
f 3905 3630 3904
f 3904 4155 3905
f 3905 4155 3906
f 3906 3631 3905
f 3631 3630 3905
f 4383 4164 4161
f 4164 4162 4161
f 4161 4163 4383
f 4161 4162 3911
f 3911 4163 4161
f 2659 2764 2763
f 2763 2464 2659
f 2764 2464 2763
f 2659 2464 2370
f 2656 2949 2950
f 2950 2657 2656
f 2949 2657 2950
f 2365 2657 2366
f 2082 2081 2366
f 2366 2081 2365
f 2367 2082 2366
f 2366 2657 2367
f 1793 2083 1794
f 1794 1518 1793
f 1517 1518 1241
f 1241 1516 1517
f 1792 1518 1517
f 1517 1515 1792
f 1517 1516 1515
f 1242 1521 1243
f 1243 1521 1244
f 736 979 980
f 2172 1899 2171
f 2171 2173 2172
f 1899 2170 2171
f 2460 2173 2171
f 4335 4563 4346
f 4335 4115 4334
f 4562 4563 4332
f 4332 4561 4562
f 4332 4335 4334
f 4563 4335 4332
f 4110 4331 4332
f 4332 4331 4561
f 4332 4333 4110
f 4332 4334 4333
f 4803 4591 4802
f 4802 4804 4803
f 4803 4804 4591
f 4999 4804 5000
f 5000 4814 4999
f 5002 4814 5000
f 4619 4618 4822
f 4619 4739 4527
f 4619 4822 4739
f 4168 4389 4170
f 4168 3918 3917
f 4170 3919 4168
f 4168 3919 3918
f 4167 3925 3924
f 3917 3925 4167
f 4167 4168 3917
f 4389 4168 4167
f 4169 4392 4393
f 1684 1962 1966
f 1966 1962 2242
f 2242 1967 1966
f 4169 4173 4172
f 4173 3922 4172
f 4394 4173 4169
f 4394 4396 4173
f 4169 4393 4394
f 4617 4396 4616
f 4301 4173 4302
f 4301 4079 4173
f 4080 4302 4303
f 4303 4081 4080
f 4080 4301 4302
f 4079 4301 4080
f 4081 3818 4080
f 3818 4079 4080
f 3722 3726 3453
f 3453 3443 3722
f 3722 3449 3726
f 3722 3451 3449
f 3722 3443 3451
f 2862 3140 3139
f 3139 2864 2862
f 1849 1850 1566
f 2123 1850 1849
f 1566 1848 1849
f 1848 2123 1849
f 4558 4559 4330
f 4328 4557 4558
f 4558 4557 4766
f 4558 4766 4767
f 4767 4559 4558
f 4764 4557 4556
f 4765 4557 4764
f 4556 4763 4764
f 4764 4763 4765
f 5469 5468 5470
f 5470 5364 5469
f 56 95 96
f 97 98 59
f 97 95 98
f 97 96 95
f 175 132 131
f 176 132 175
f 131 130 174
f 174 175 131
f 165 116 164
f 166 116 165
f 1903 1899 2172
f 2174 1617 1903
f 1903 1902 1899
f 1903 1617 1902
f 2172 2173 1903
f 1903 2173 2174
f 1901 1620 1618
f 1618 1617 1901
f 1348 1617 1618
f 1618 1349 1348
f 1616 1617 1348
f 1616 1900 1617
f 1615 1900 1616
f 1616 1339 1615
f 1348 1339 1616
f 2011 2077 2295
f 2009 2011 2295
f 2296 2295 2077
f 2296 2013 2009
f 2009 2295 2296
f 1787 2011 1788
f 1787 2077 2011
f 2075 2077 1787
f 1788 1509 1787
f 1787 1509 1786
f 1786 1783 1787
f 1787 1783 2075
f 2357 2355 2297
f 2357 2296 2077
f 2354 2074 2352
f 2354 2352 2642
f 2642 2355 2354
f 2355 2074 2354
f 2886 3158 2875
f 2875 2586 2886
f 2886 2885 3158
f 2886 2586 2885
f 5020 5021 4843
f 4843 5019 5020
f 5023 5021 5020
f 5020 5019 5160
f 5161 5023 5020
f 5020 5160 5161
f 5678 5671 5679
f 5671 5680 5679
f 5679 5660 5678
f 5661 5660 5679
f 5665 5661 5679
f 5679 5680 5665
f 5610 5612 5613
f 5613 5537 5610
f 5672 5659 5677
f 5677 5659 5676
f 5673 5672 5677
f 5677 5676 5673
f 5658 5659 5620
f 5676 5659 5658
f 5620 5656 5658
f 5656 5676 5658
f 5615 5650 5657
f 5605 5650 5615
f 5615 5614 5605
f 5607 5649 5651
f 5651 5650 5607
f 5649 5650 5651
f 5611 5617 5542
f 5614 5615 5542
f 5541 5614 5542
f 5542 5617 5543
f 5542 5543 5441
f 5441 5541 5542
f 4646 4647 4421
f 4421 4645 4646
f 4646 4848 4849
f 4646 4847 4848
f 4646 4645 4847
f 4849 4829 4646
f 4829 4647 4646
f 4642 4844 4845
f 4845 4846 4642
f 4418 4641 4642
f 4419 4418 4642
f 4640 4844 4642
f 4642 4641 4640
f 5589 5588 5641
f 5641 5644 5589
f 5505 5588 5589
f 4686 4465 4685
f 4685 4734 4686
f 4735 4734 4685
f 4685 4525 4735
f 4465 4525 4685
f 2931 2635 2929
f 2931 2932 2635
f 2929 3232 2931
f 3458 3158 3233
f 3158 2932 3233
f 3233 3160 3458
f 3459 3160 3233
f 2932 2931 3233
f 3233 3232 3459
f 3233 2931 3232
f 3525 3524 3814
f 3814 3526 3525
f 3525 3232 3524
f 3525 3526 3232
f 3523 3529 3813
f 3813 3524 3523
f 3230 3234 3523
f 3234 3529 3523
f 3523 3231 3230
f 3524 3231 3523
f 2883 2879 2581
f 2878 2883 2581
f 2581 2580 2878
f 2293 2580 2581
f 3480 3745 3482
f 3180 3178 3187
f 3187 3480 3482
f 3481 3480 3187
f 3187 3178 2893
f 3482 3483 3187
f 3743 3745 3469
f 3469 3467 3743
f 3469 3480 3185
f 3745 3480 3469
f 2587 2884 2887
f 2587 2593 2302
f 2587 2887 2593
f 2587 2302 2299
f 3173 2879 3172
f 3172 2884 3173
f 3173 2884 2879
f 3707 3479 3478
f 3478 3483 3707
f 3478 3479 3180
f 3180 3187 3478
f 3478 3187 3483
f 3757 3483 3756
f 3758 3483 3757
f 3757 4001 3758
f 3756 3744 3757
f 3744 4001 3757
f 4013 4014 3758
f 3758 4012 4013
f 4015 4014 4013
f 3752 4011 4013
f 4013 4012 3752
f 4013 4251 4015
f 4011 4251 4013
f 2256 2024 2023
f 2891 2846 2892
f 1462 1463 1188
f 699 698 935
f 938 911 699
f 699 937 938
f 699 685 684
f 911 685 699
f 699 684 505
f 505 698 699
f 2031 1978 1743
f 1978 1697 1743
f 1697 1744 1743
f 1743 1465 1741
f 1741 1463 1743
f 1463 1742 1743
f 1744 1466 1743
f 1743 1466 1465
f 1737 1460 1735
f 1738 1460 1737
f 1737 2024 2028
f 2028 1738 1737
f 1732 1458 1731
f 1731 1458 1730
f 1730 2018 1731
f 1736 1732 1731
f 1731 2021 1736
f 1731 2018 2021
f 1732 1459 1733
f 1733 1458 1732
f 1459 1458 1733
f 1728 1458 1457
f 1730 1458 1728
f 1457 1727 1728
f 1727 1730 1728
f 1739 1463 1462
f 1739 1460 1463
f 1186 1459 1187
f 1187 934 1186
f 1459 1460 1187
f 1462 1188 1187
f 933 697 932
f 932 934 933
f 933 934 697
f 4019 4256 4218
f 4218 3973 4019
f 4019 3973 3760
f 4019 3760 4017
f 4017 4256 4019
f 4472 4471 4470
f 4470 4469 4472
f 4472 4469 4691
f 4473 4249 4472
f 4249 4471 4472
f 4692 4693 4473
f 4692 4691 4693
f 4473 4472 4692
f 4692 4472 4691
f 3741 3465 3477
f 3741 3466 3465
f 3169 3466 3170
f 3170 2879 3169
f 3472 3473 3174
f 3174 3471 3472
f 3472 3471 3473
f 3748 3473 3747
f 3473 3471 3747
f 3747 4003 3748
f 4005 4244 4245
f 4245 4006 4005
f 4004 4244 4005
f 3748 4004 4005
f 3750 4008 4009
f 4011 4010 4009
f 4010 3750 4009
f 4009 4251 4011
f 4009 4008 4251
f 4731 4946 4891
f 4733 4731 4891
f 4891 4734 4733
f 4686 4734 4891
f 4470 4249 4248
f 4248 4247 4470
f 4248 4249 4007
f 4007 4247 4248
f 4687 4689 4688
f 4689 4469 4688
f 4688 4467 4687
f 4689 4897 4690
f 4690 4469 4689
f 4897 4691 4690
f 4691 4469 4690
f 342 456 457
f 342 251 341
f 454 456 342
f 342 341 454
f 455 341 453
f 339 629 453
f 629 455 453
f 453 340 339
f 453 341 340
f 459 460 345
f 255 254 345
f 345 460 461
f 252 251 343
f 343 342 457
f 251 342 343
f 63 30 29
f 61 62 29
f 62 63 29
f 10 2 1
f 1 9 10
f 10 13 2
f 30 13 10
f 10 29 30
f 9 29 10
f 140 141 102
f 102 141 142
f 142 143 102
f 102 143 144
f 178 179 134
f 241 240 242
f 238 240 239
f 844 1095 848
f 1097 847 846
f 847 631 846
f 846 848 1097
f 846 631 848
f 633 631 847
f 456 631 633
f 847 849 633
f 848 631 845
f 845 631 630
f 845 844 848
f 630 844 845
f 746 984 986
f 986 984 982
f 986 987 746
f 1248 987 986
f 986 982 1248
f 742 982 983
f 982 984 983
f 402 541 403
f 293 402 403
f 403 404 294
f 403 215 293
f 403 294 215
f 403 541 542
f 542 404 403
f 1106 859 1107
f 464 637 638
f 638 639 465
f 465 464 638
f 1360 1359 1370
f 1360 1103 1102
f 1360 1102 1101
f 1101 1359 1360
f 1104 1103 1360
f 855 1103 1104
f 1638 1923 1639
f 1806 1527 1805
f 1354 1353 1100
f 1353 1358 1100
f 1094 1354 1100
f 1100 1355 1098
f 1098 1097 1100
f 1100 848 1094
f 1097 848 1100
f 1530 1529 1626
f 1626 1358 1530
f 632 455 629
f 632 630 455
f 632 844 630
f 449 336 335
f 449 450 336
f 3891 3622 3890
f 3890 3622 3621
f 3890 3631 3891
f 3621 3631 3890
f 3891 3892 3623
f 3623 3622 3891
f 3339 3620 3621
f 3621 3622 3339
f 3618 3620 3339
f 3337 3618 3339
f 3625 3888 3619
f 3625 3896 3888
f 3625 3897 3896
f 3624 3895 3896
f 3896 3897 3624
f 3624 3893 3894
f 3894 3895 3624
f 3624 3892 3893
f 3624 3623 3892
f 3897 3625 3624
f 1084 1340 1341
f 1341 1340 1342
f 1341 1342 1087
f 1087 1086 1341
f 1338 1339 1084
f 1084 1337 1338
f 1338 1337 1339
f 1087 1090 1089
f 1090 841 1089
f 1089 841 840
f 625 839 840
f 446 623 625
f 623 839 625
f 400 399 535
f 535 399 534
f 536 400 535
f 534 733 535
f 398 292 397
f 398 399 292
f 397 447 398
f 1347 1351 1092
f 729 534 626
f 626 973 729
f 626 841 973
f 446 625 626
f 840 841 626
f 626 625 840
f 730 534 729
f 730 731 534
f 974 976 732
f 974 973 1238
f 729 973 974
f 732 731 974
f 974 730 729
f 731 730 974
f 436 612 613
f 613 614 436
f 613 612 825
f 825 614 613
f 836 1080 837
f 836 835 1080
f 837 618 836
f 618 835 836
f 621 619 838
f 620 619 621
f 621 623 443
f 838 623 621
f 443 442 621
f 621 442 620
f 1514 1513 1240
f 1238 1513 1514
f 1514 974 1238
f 1350 1346 1091
f 1091 1349 1350
f 1091 1346 1347
f 1348 1349 1091
f 1347 1092 1091
f 1091 1345 1348
f 1090 1345 1091
f 1091 841 1090
f 1091 1092 841
f 2043 1756 2042
f 2044 1756 2043
f 2308 2044 2043
f 2043 2032 2308
f 2043 2042 2032
f 3490 3202 3489
f 3484 3194 3188
f 3188 3456 3484
f 3202 3194 3484
f 3484 3489 3202
f 3484 3456 3490
f 3490 3489 3484
f 2900 3194 3192
f 3194 3485 3192
f 3192 3193 2900
f 3192 3485 3193
f 3189 2895 3188
f 3189 3188 2897
f 2897 3191 3189
f 2598 2599 2315
f 2897 2599 2598
f 2597 2872 2895
f 2597 2598 2315
f 2570 2872 2597
f 2597 2315 2571
f 2571 2570 2597
f 3204 3491 3493
f 3493 3734 3495
f 3493 3491 3734
f 3764 3763 4022
f 4023 3764 4022
f 4022 4036 4023
f 3733 3734 3455
f 3455 3732 3733
f 3732 3731 3733
f 3250 3197 3210
f 3210 3209 3250
f 3210 3197 2904
f 2904 3209 3210
f 3497 3773 3766
f 3766 3767 3497
f 3766 3773 3778
f 3778 3767 3766
f 1191 1466 1427
f 1465 1466 1191
f 1427 1426 1191
f 1191 1156 1192
f 1191 1426 1156
f 1463 1465 1191
f 1192 937 1191
f 2034 2307 2032
f 2034 2033 2307
f 2034 1749 1748
f 1748 2033 2034
f 3698 3415 3414
f 3698 3414 3412
f 3697 3700 3698
f 3700 3415 3698
f 3411 3697 3698
f 3698 3412 3411
f 4823 4824 4616
f 4616 4818 4823
f 4171 4170 4169
f 4169 3919 4171
f 4171 3919 4170
f 3920 3919 4169
f 4169 4172 3920
f 3920 4172 3922
f 3921 3922 3653
f 3921 3920 3922
f 1141 1414 1688
f 1688 1415 1141
f 1688 1414 1687
f 1688 1687 1969
f 1969 1970 1688
f 1970 1689 1688
f 1689 1415 1688
f 3530 3654 3817
f 3530 3531 3237
f 3530 3817 3531
f 3237 3371 3533
f 3371 3654 3533
f 3533 3530 3237
f 3654 3530 3533
f 3923 3922 4082
f 4082 3818 3923
f 3818 3654 3923
f 3653 3922 3923
f 3923 3654 3653
f 3371 3073 3072
f 3072 3370 3371
f 2782 3071 3072
f 3072 3073 2782
f 3369 3370 3072
f 3072 3071 3369
f 2358 2359 2078
f 2078 2206 2358
f 649 871 872
f 649 872 873
f 873 727 649
f 649 473 648
f 648 871 649
f 532 473 649
f 649 727 532
f 2659 2370 2658
f 2658 2370 2367
f 2658 2657 2659
f 2367 2657 2658
f 2084 2368 2367
f 2083 2368 2084
f 1522 1520 1795
f 1520 1794 1795
f 1795 1796 1522
f 2083 1796 1795
f 1795 1794 2083
f 1519 1520 1241
f 1519 1794 1520
f 1241 1518 1519
f 1518 1794 1519
f 979 736 735
f 980 981 737
f 737 736 980
f 738 737 981
f 538 537 536
f 536 735 538
f 538 735 736
f 401 537 538
f 736 737 538
f 737 738 538
f 2458 2460 2459
f 2460 2171 2459
f 2169 2458 2459
f 2459 2170 2169
f 2459 2171 2170
f 4336 4335 4346
f 4115 4335 4336
f 4336 4346 4124
f 4124 4115 4336
f 4817 5002 4819
f 5002 5000 4819
f 4527 4526 4397
f 4397 4619 4527
f 4526 4302 4397
f 4618 4619 4397
f 4396 4617 4397
f 4616 4618 4397
f 4397 4617 4616
f 4302 4173 4397
f 4173 4396 4397
f 4177 4400 4390
f 4390 4400 4610
f 3924 3926 4175
f 4175 4167 3924
f 4175 4390 4167
f 4175 3926 4177
f 4177 4390 4175
f 4817 4819 4614
f 4614 4819 4818
f 4396 4394 4613
f 4613 4394 4393
f 4615 4396 4613
f 4613 4818 4615
f 4613 4614 4818
f 4393 4614 4613
f 5257 5258 5121
f 5256 5258 5257
f 5121 5119 5257
f 5119 5256 5257
f 5363 5258 5256
f 5468 5469 5363
f 59 26 58
f 26 57 58
f 58 57 56
f 56 96 58
f 129 174 130
f 130 92 129
f 129 92 119
f 119 118 129
f 236 174 223
f 175 174 236
f 236 223 176
f 176 175 236
f 237 223 222
f 223 165 222
f 223 174 221
f 221 165 223
f 301 333 237
f 237 299 301
f 220 301 299
f 1620 1349 1619
f 1619 1618 1620
f 1349 1618 1619
f 5536 5537 5439
f 5536 5610 5537
f 5536 5439 5535
f 5535 5609 5536
f 5536 5609 5611
f 5611 5612 5536
f 5612 5610 5536
f 5611 5542 5616
f 5616 5542 5615
f 5616 5615 5657
f 4643 4644 4419
f 4419 4642 4643
f 4643 4846 4644
f 4643 4642 4846
f 5642 5585 5640
f 5640 5639 5642
f 5642 5639 5673
f 5653 5674 5642
f 5642 5654 5653
f 5673 5655 5642
f 5642 5655 5654
f 5644 5674 5652
f 5652 5674 5653
f 5652 5653 5611
f 5611 5616 5652
f 5652 5616 5657
f 5645 5644 5649
f 5645 5589 5644
f 5649 5646 5645
f 4297 4073 4296
f 4299 4521 4296
f 4296 4077 4299
f 4240 4073 4297
f 2293 2581 2582
f 2582 2294 2293
f 2582 2583 2294
f 3186 3480 3481
f 3186 3187 2893
f 3481 3187 3186
f 2893 3185 3186
f 3185 3480 3186
f 2584 2587 2299
f 2299 2294 2584
f 2294 2583 2584
f 2884 2587 2584
f 1736 2027 2022
f 2027 2026 2022
f 2022 2026 2305
f 2304 2256 2022
f 2256 2023 2022
f 2305 2306 2022
f 2306 2304 2022
f 1734 1459 1736
f 1735 1459 1734
f 1736 2022 1734
f 1734 2022 2023
f 1734 2023 2024
f 1734 1737 1735
f 2024 1737 1734
f 2846 2543 2845
f 2845 2892 2846
f 2590 2892 2845
f 2845 2543 2590
f 1464 1188 1463
f 1189 1188 1464
f 1463 1191 1464
f 1464 1191 1189
f 935 1188 936
f 936 699 935
f 936 1188 1189
f 937 699 936
f 2030 2256 2031
f 2031 1743 2030
f 2028 2256 2030
f 1740 1739 1462
f 1460 1739 1740
f 5063 4899 4895
f 5067 4899 5063
f 4895 5062 5063
f 5062 5067 5063
f 4693 4899 4900
f 4900 4899 5067
f 4901 4693 4900
f 4900 5067 4901
f 4895 4899 4896
f 4896 4689 4895
f 4896 4897 4689
f 4693 4691 4898
f 4898 4899 4693
f 4898 4896 4899
f 4898 4691 4897
f 4897 4896 4898
f 4002 3747 3998
f 4003 3747 4002
f 3998 4240 4002
f 4002 4240 4241
f 3476 3741 3477
f 3476 3475 3751
f 3751 3752 3476
f 3476 3174 3475
f 3476 3477 3174
f 3752 3742 3476
f 3742 3466 3476
f 3466 3741 3476
f 3468 3466 3742
f 3468 3170 3466
f 3742 3467 3468
f 3467 3170 3468
f 3467 3469 3171
f 3171 3170 3467
f 3171 3185 3172
f 3171 3469 3185
f 3172 2879 3171
f 2879 3170 3171
f 3746 3471 3738
f 3738 3747 3746
f 3746 3747 3471
f 3999 3738 3998
f 3998 3747 3999
f 3999 3747 3738
f 3749 4006 3750
f 3749 4005 4006
f 3748 4005 3749
f 3749 3474 3748
f 3750 3474 3749
f 4686 4891 4892
f 4892 4889 4686
f 4894 4889 4892
f 4245 4467 4468
f 4467 4688 4468
f 4468 4469 4245
f 4468 4688 4469
f 253 345 254
f 253 187 252
f 253 254 187
f 461 462 346
f 346 345 461
f 346 462 347
f 347 255 346
f 255 345 346
f 28 9 27
f 28 29 9
f 28 27 61
f 61 29 28
f 140 102 139
f 103 104 61
f 61 102 103
f 144 104 103
f 103 102 144
f 101 102 61
f 98 132 133
f 133 134 98
f 133 132 176
f 133 176 177
f 177 178 133
f 178 134 133
f 1095 844 1096
f 742 739 741
f 546 545 547
f 743 983 984
f 984 985 743
f 742 983 743
f 743 542 742
f 542 743 744
f 744 743 985
f 744 984 746
f 744 985 984
f 295 294 296
f 294 404 296
f 296 215 295
f 1106 1107 1361
f 1361 1107 1368
f 1361 1362 1106
f 1361 1368 1362
f 1369 1639 1637
f 1637 1368 1369
f 1368 1107 1369
f 1370 1638 1369
f 1369 1638 1639
f 856 859 639
f 639 638 856
f 1104 859 856
f 856 855 1104
f 856 638 637
f 637 855 856
f 853 637 636
f 1102 1103 853
f 1103 855 853
f 2193 2473 2191
f 2476 2473 2193
f 1802 2086 1909
f 1806 1805 1627
f 1625 1358 1627
f 1627 1626 1806
f 1358 1626 1627
f 1526 1527 1245
f 1526 1805 1527
f 1622 1355 1357
f 1355 1100 1357
f 1357 1358 1625
f 1357 1100 1358
f 1528 1626 1529
f 1806 1626 1528
f 1528 1529 1246
f 1246 1806 1528
f 1523 1244 1522
f 1523 1245 1244
f 1523 1524 1245
f 842 747 987
f 842 987 1094
f 1094 1095 842
f 1095 1096 842
f 844 632 842
f 842 1096 844
f 547 747 627
f 627 450 547
f 627 452 451
f 627 628 452
f 627 842 628
f 747 842 627
f 3338 3043 3042
f 3042 3341 3338
f 3337 3339 3042
f 3042 3043 2743
f 2743 3041 3042
f 3042 3041 3337
f 3340 3339 3622
f 3622 3623 3340
f 3623 3624 3340
f 3340 3624 3625
f 3341 3042 3340
f 3340 3042 3339
f 3619 3341 3340
f 3340 3625 3619
f 1085 1341 1086
f 1085 838 837
f 1085 1086 838
f 1085 837 1084
f 1084 1341 1085
f 1088 840 1087
f 1087 1089 1088
f 1088 1089 840
f 973 841 1093
f 841 1092 1093
f 1238 973 1093
f 1093 1351 1238
f 1093 1092 1351
f 533 626 534
f 534 399 533
f 399 398 533
f 533 398 447
f 533 447 446
f 446 626 533
f 1239 1514 1240
f 974 1514 1239
f 1240 976 1239
f 976 974 1239
f 3190 3191 2895
f 2895 3189 3190
f 3190 3189 3191
f 2897 2598 2896
f 2896 3191 2897
f 2895 3191 2896
f 2896 2597 2895
f 2598 2597 2896
f 3453 3732 3730
f 3730 3732 3455
f 3150 3140 3143
f 3143 3142 3150
f 3142 3443 3150
f 3150 3443 3453
f 3495 3204 3494
f 3494 3493 3495
f 3204 3493 3494
f 4021 4022 3763
f 4036 4022 4021
f 4021 4237 4257
f 4257 4035 4021
f 4021 4035 4036
f 4239 4238 4021
f 4021 4238 4237
f 3996 3763 3734
f 3734 3733 3996
f 3993 3995 3996
f 3996 3731 3993
f 3996 3733 3731
f 2032 1749 2035
f 2035 2034 2032
f 1749 2034 2035
f 5003 4823 4818
f 4818 4819 5003
f 5003 4819 5000
f 3919 3920 3652
f 3920 3921 3652
f 3918 3919 3652
f 3653 3370 3652
f 3652 3921 3653
f 3652 3370 3651
f 3652 3651 3916
f 3916 3918 3652
f 2643 2485 2786
f 2786 2644 2643
f 2644 2359 2643
f 2491 2206 2485
f 2491 2358 2206
f 2485 2643 2491
f 2359 2358 2491
f 2491 2643 2359
f 2367 2370 2369
f 2369 2084 2367
f 2370 2084 2369
f 1797 1796 2083
f 2083 2084 1797
f 1522 1796 1797
f 2372 2370 2464
f 1801 2086 1802
f 979 735 978
f 1244 979 978
f 978 1243 1244
f 734 735 536
f 734 733 732
f 536 535 734
f 734 535 733
f 401 538 539
f 402 401 539
f 539 538 738
f 539 741 739
f 4388 4390 4610
f 4388 4610 4611
f 4389 4167 4388
f 4611 4395 4388
f 4395 4389 4388
f 4612 4614 4393
f 4612 4395 4611
f 4611 4817 4612
f 4817 4614 4612
f 4612 4392 4395
f 4612 4393 4392
f 5468 5363 5362
f 5362 5363 5256
f 5362 5361 5468
f 5362 5256 5361
f 300 299 237
f 237 222 300
f 219 165 164
f 219 222 165
f 219 220 299
f 299 300 219
f 219 300 222
f 5585 5642 5643
f 5643 5642 5674
f 5641 5585 5643
f 5643 5644 5641
f 5643 5674 5644
f 5675 5652 5657
f 5644 5652 5675
f 5657 5649 5675
f 5649 5644 5675
f 5590 5645 5646
f 5589 5645 5590
f 5591 5507 5590
f 5590 5646 5591
f 5507 5505 5590
f 5505 5589 5590
f 4077 4296 4075
f 4074 3815 4075
f 3815 4077 4075
f 4075 4296 4073
f 4075 3813 4074
f 4075 4073 3813
f 4073 4240 3997
f 3997 3736 3814
f 3997 3739 3736
f 3814 3813 3997
f 3813 4073 3997
f 3998 3739 4000
f 4000 4240 3998
f 3739 3997 4000
f 4000 3997 4240
f 4462 4240 4297
f 4241 4240 4462
f 2880 2581 2879
f 2880 2881 2581
f 2879 2884 2880
f 2884 2584 2882
f 2882 2880 2884
f 2881 2880 2882
f 2882 2582 2581
f 2581 2881 2882
f 2583 2582 2882
f 2882 2584 2583
f 1189 1191 1190
f 1190 936 1189
f 1190 1191 937
f 937 936 1190
f 2029 1742 2028
f 2028 2030 2029
f 2029 1743 1742
f 2029 2030 1743
f 1461 1187 1460
f 1460 1740 1461
f 1462 1187 1461
f 1461 1740 1462
f 4521 4465 4522
f 4465 4464 4522
f 4464 4462 4522
f 4522 4296 4521
f 4297 4296 4522
f 4522 4462 4297
f 4894 4892 5060
f 5060 4892 4891
f 4895 4894 5060
f 5060 4946 4895
f 5060 4891 4946
f 344 458 459
f 140 139 183
f 184 140 183
f 183 243 184
f 242 243 183
f 183 241 242
f 98 134 135
f 135 134 179
f 181 139 137
f 102 101 137
f 543 405 542
f 542 744 543
f 745 744 746
f 746 547 745
f 547 545 745
f 1370 1369 1108
f 1108 1369 1107
f 1108 1360 1370
f 1104 1360 1108
f 1108 859 1104
f 1108 1107 859
f 854 855 637
f 637 853 854
f 854 853 855
f 1102 853 851
f 851 636 850
f 850 1102 851
f 1920 1637 1921
f 1637 1639 1921
f 1921 2191 1920
f 1921 2193 2191
f 2465 2464 2476
f 2476 2462 2465
f 2463 2193 2194
f 2476 2193 2463
f 2463 2462 2476
f 1923 1638 1922
f 1907 1908 1622
f 1805 1526 1804
f 1625 1627 1804
f 1804 1627 1805
f 628 842 843
f 843 842 632
f 629 628 843
f 843 632 629
f 3457 3154 3455
f 3455 3454 3457
f 3457 3454 3154
f 3453 3730 3452
f 3452 3150 3453
f 3154 3150 3452
f 3455 3154 3452
f 3452 3730 3455
f 2871 3150 3154
f 2871 2872 2570
f 2895 2872 2871
f 2870 3139 3140
f 3140 3150 2870
f 2570 2864 2870
f 2864 3139 2870
f 2870 2871 2570
f 3150 2871 2870
f 3154 3454 3151
f 3151 2871 3154
f 3152 2871 3151
f 3455 3456 3151
f 3151 3454 3455
f 3151 3456 3188
f 3188 3152 3151
f 3188 2895 3153
f 3153 3152 3188
f 2895 2871 3153
f 3153 2871 3152
f 4020 4021 3763
f 3763 3996 4020
f 4239 4021 4020
f 4020 3995 4239
f 4020 3996 3995
f 4998 5003 5000
f 4998 4804 4802
f 4998 5000 4804
f 4998 4991 4824
f 4802 4991 4998
f 4824 4823 4998
f 4823 5003 4998
f 1522 1797 1798
f 2086 1801 1798
f 2178 1909 2086
f 2086 2372 2178
f 2178 2372 2464
f 1524 1801 1525
f 1245 1524 1525
f 1525 1526 1245
f 1525 1801 1802
f 1525 1804 1526
f 1243 978 977
f 1242 1243 977
f 977 976 1242
f 732 976 977
f 975 734 732
f 735 734 975
f 732 977 975
f 975 978 735
f 975 977 978
f 540 541 402
f 402 539 540
f 540 539 739
f 742 541 540
f 540 739 742
f 740 539 738
f 741 539 740
f 740 738 981
f 740 981 982
f 740 982 742
f 742 741 740
f 4167 4390 4391
f 4391 4388 4167
f 4390 4388 4391
f 333 301 396
f 301 220 290
f 290 396 301
f 298 396 290
f 164 220 218
f 218 219 164
f 220 219 218
f 4241 4462 4242
f 4242 4462 4464
f 4243 4003 4242
f 4242 4463 4243
f 4003 4002 4242
f 4242 4002 4241
f 4466 4463 4242
f 4242 4465 4466
f 4242 4464 4465
f 182 139 181
f 182 183 139
f 241 183 182
f 98 135 100
f 61 98 100
f 100 101 61
f 181 137 136
f 136 137 101
f 136 180 181
f 136 135 180
f 138 139 102
f 102 137 138
f 138 137 139
f 544 543 744
f 544 745 545
f 744 745 544
f 852 853 636
f 636 851 852
f 852 851 853
f 2194 2193 2192
f 2193 1921 2192
f 1623 1908 1640
f 1908 1922 1640
f 1370 1623 1640
f 1640 1638 1370
f 1640 1922 1638
f 1622 1357 1624
f 1624 1907 1622
f 1909 1907 1624
f 1624 1357 1625
f 1625 1802 1624
f 1802 1909 1624
f 2176 1907 1909
f 2194 2177 2176
f 2176 2177 1907
f 2176 2463 2194
f 2462 2463 2176
f 1800 1523 1522
f 1524 1523 1800
f 1800 1801 1524
f 2371 2084 2370
f 2370 2372 2371
f 2371 2372 2086
f 2179 2178 2464
f 2464 2465 2179
f 2179 2465 2462
f 2462 2176 2179
f 1909 2178 2179
f 2179 2176 1909
f 1803 1525 1802
f 1804 1525 1803
f 1803 1802 1625
f 1625 1804 1803
f 334 333 448
f 333 396 448
f 448 335 334
f 448 449 335
f 298 290 216
f 216 297 298
f 216 213 162
f 290 213 216
f 162 215 216
f 215 296 216
f 1924 1921 1639
f 1924 2192 1921
f 1639 1923 1924
f 1923 1922 1924
f 2194 2192 1924
f 1924 2177 2194
f 1924 1922 1908
f 1908 1907 1924
f 1907 2177 1924
f 1522 1798 1799
f 1799 1800 1522
f 1799 1798 1801
f 1801 1800 1799
f 2084 2371 2085
f 2086 1798 2085
f 2085 2371 2086
f 406 396 298
f 406 448 396
f 449 448 406
f 548 449 406
f 406 547 548
f 406 546 547
f 545 546 406
f 405 543 406
f 406 297 405
f 298 297 406
f 406 544 545
f 543 544 406
f 217 290 220
f 164 163 217
f 217 220 164
f 214 217 163
f 213 217 214
f 214 163 162
f 162 213 214
f 291 213 290
f 290 217 291
f 291 217 213
f 1388 1124 877
f 1388 877 1126
f 302 407 550
f 550 408 302
f 2388 2100 2099
f 2099 2100 1830
f 2389 2100 2388
f 2101 2100 2389
f 111 120 78
f 78 120 83
f 124 121 167
f 279 380 167
f 167 204 279
f 167 73 110
f 110 155 167
f 167 380 407
f 167 111 73
f 155 204 167
f 167 120 111
f 407 302 167
f 167 125 124
f 121 120 167
f 167 302 225
f 126 125 167
f 1266 1544 1824
f 1266 1824 1545
f 303 556 409
f 408 556 303
f 152 151 197
f 198 152 197
f 198 197 266
f 266 197 265
f 2520 2823 2519
f 2520 2519 2232
f 3104 3092 3406
f 3406 3092 3396
f 1661 1394 1391
f 1391 1394 1126
f 877 1124 876
f 876 653 877
f 1544 1266 1265
f 1265 1266 1006
f 2101 2389 2102
f 2102 2389 2390
f 1830 2100 1831
f 1831 1549 1830
f 1831 1551 1550
f 1550 1549 1831
f 1268 1010 1547
f 1547 1010 1267
f 766 764 1003
f 1003 764 1002
f 1258 1257 1531
f 1258 1531 1249
f 478 651 476
f 654 651 478
f 653 876 478
f 478 876 654
f 2098 2099 1830
f 1830 1828 2098
f 1025 1024 1279
f 1279 1280 1025
f 5471 5472 5365
f 5365 5472 5366
f 487 669 488
f 668 669 487
f 365 266 265
f 265 363 365
f 1665 2209 1938
f 1950 2209 1665
f 1945 1394 1661
f 1945 1665 1394
f 2498 2209 1950
f 1950 2228 2498
f 1656 1388 1126
f 1126 1394 1656
f 1656 1665 1938
f 1394 1665 1656
f 1660 1944 1941
f 1658 1660 1941
f 1407 1411 1680
f 1680 1411 1685
f 205 156 1208
f 1208 65 64
f 874 1121 1208
f 110 73 1208
f 1208 69 109
f 64 70 1208
f 109 148 1208
f 1208 281 208
f 1208 156 110
f 1208 516 388
f 1208 193 260
f 73 106 1208
f 1208 651 874
f 1208 207 205
f 707 516 1208
f 148 193 1208
f 388 387 1208
f 106 65 1208
f 1208 283 282
f 282 281 1208
f 208 207 1208
f 70 69 1208
f 1208 951 707
f 476 651 1208
f 1208 387 283
f 260 357 1208
f 1208 1121 1384
f 1208 357 476
f 1384 1213 1208
f 47 78 83
f 42 78 47
f 989 750 749
f 749 988 989
f 1542 1265 1006
f 1542 1006 1264
f 2096 2095 2382
f 1823 2095 2096
f 1011 1010 1268
f 773 1010 1011
f 1263 1542 1264
f 1541 1542 1263
f 3561 3280 3278
f 3278 3559 3561
f 4097 4098 3846
f 3846 4098 3847
f 4321 4102 4100
f 4323 4102 4321
f 1502 1226 1507
f 1507 1226 1231
f 3936 4210 4188
f 3958 4210 3936
f 2231 2520 2232
f 2518 2520 2231
f 5278 5388 5280
f 5280 5147 5278
f 5488 5386 5385
f 5489 5386 5488
f 3076 2793 2492
f 2492 2792 3076
f 4514 4724 4515
f 4723 4724 4514
f 386 514 385
f 386 385 280
f 2350 2928 2640
f 2632 2928 2350
f 1681 1680 1683
f 1683 1680 1965
f 2325 2327 2050
f 2050 2049 2325
f 433 432 607
f 607 608 433
f 594 438 437
f 437 420 594
f 768 767 766
f 766 1004 768
f 1262 1261 1540
f 1003 1261 1262
f 1541 1263 1262
f 1262 1263 1004
f 766 1003 1262
f 1262 1004 766
f 1679 1663 1410
f 1410 1406 1679
f 3695 3696 3410
f 3410 3696 3411
f 3561 3559 3834
f 3559 3558 3834
f 3562 3568 3284
f 3562 3284 3281
f 3562 3280 3561
f 3561 3568 3562
f 2678 2389 2388
f 2680 2389 2678
f 2388 2099 2678
f 2099 2387 2678
f 2965 2677 2960
f 2960 2677 2672
f 2960 2378 2671
f 2672 2378 2960
f 2688 2979 2689
f 2975 2979 2688
f 3848 4321 4100
f 4099 4321 3848
f 3847 4098 3848
f 3848 4098 4099
f 4101 3851 3577
f 4101 3577 3850
f 1152 1151 1153
f 904 1151 1152
f 4188 4407 4408
f 4189 4188 4408
f 5630 5478 5565
f 5566 5478 5630
f 5566 5630 5631
f 5631 5630 5575
f 5631 5568 5566
f 5631 5569 5568
f 1544 1265 1543
f 1543 1823 1544
f 1540 1261 1807
f 1807 1261 1532
f 5565 5478 5477
f 5564 5565 5477
f 5492 5631 5575
f 5574 5631 5492
f 3100 2813 2819
f 3093 2813 3100
f 3682 3401 3681
f 3958 3682 3681
f 3681 3398 3680
f 3681 3401 3398
f 3681 4210 3958
f 3957 4210 3681
f 3093 3100 3397
f 3397 3100 3404
f 3397 3404 3689
f 3689 3679 3397
f 3680 3398 3397
f 3397 3679 3680
f 3559 3278 3560
f 3560 3278 3277
f 3277 2980 3560
f 2980 3276 3560
f 2699 2990 3290
f 3290 2991 2699
f 3289 3290 2990
f 3573 3290 3289
f 3569 3842 3570
f 3569 3570 3286
f 2394 2393 2684
f 2684 2685 2394
f 5115 4964 5253
f 5253 4964 5114
f 5366 5472 5369
f 5472 5473 5369
f 5369 5473 5562
f 5562 5474 5369
f 1510 1234 1509
f 1788 1510 1509
f 1235 968 723
f 723 967 1235
f 1150 1235 967
f 967 1228 1150
f 3956 3681 3680
f 3957 3681 3956
f 4629 4408 4407
f 4407 4628 4629
f 3672 3390 3388
f 3673 3390 3672
f 3939 3938 4191
f 4191 3938 4190
f 5497 5394 5393
f 5393 5394 5392
f 2520 2825 3106
f 2826 2520 3106
f 2336 2337 2059
f 2336 2059 2058
f 466 641 467
f 640 641 466
f 3812 3235 3522
f 3527 3235 3812
f 3212 2919 2908
f 3212 2908 2910
f 42 47 17
f 47 20 17
f 17 5 4
f 17 20 5
f 1673 1961 1674
f 1402 1673 1674
f 1676 1675 1684
f 1684 1677 1676
f 5280 5388 5389
f 5388 5491 5389
f 5574 5492 5389
f 5389 5491 5574
f 2987 3283 3566
f 3285 2987 3566
f 3566 3569 3286
f 3286 3285 3566
f 3279 3278 3280
f 3280 2983 3279
f 5564 5477 5476
f 5476 5563 5564
f 5476 5474 5562
f 5562 5563 5476
f 4556 4326 4761
f 4761 4326 4555
f 5260 5124 5123
f 5123 5259 5260
f 4324 4102 4323
f 4324 4103 4102
f 908 1154 927
f 908 927 693
f 3671 3938 3939
f 3670 3938 3671
f 3395 3394 3677
f 3677 3678 3395
f 3673 3941 3942
f 3942 3674 3673
f 3673 3672 3940
f 3940 3941 3673
f 3390 3392 3391
f 3391 3392 3089
f 2641 2633 2345
f 2351 2641 2345
f 1449 1448 1717
f 1718 1449 1717
f 1692 1505 1722
f 1423 1505 1692
f 693 927 694
f 927 928 694
f 2958 2670 2377
f 2958 2377 2669
f 1672 1673 1402
f 1672 1402 1401
f 2523 2827 2828
f 2523 2828 2524
f 1138 1139 1237
f 1138 1237 1412
f 1962 1674 1961
f 1675 1674 1962
f 3099 2839 2838
f 2838 3117 3099
f 2851 2850 3130
f 2851 3130 3131
f 2690 3276 2980
f 2978 3276 2690
f 2690 2689 2978
f 2690 2399 2689
f 8 25 26
f 7 25 8
f 1786 1508 1783
f 1783 1508 1496
f 4830 4631 4630
f 4630 4629 4830
f 246 338 339
f 339 247 246
f 2362 2361 2649
f 2649 2650 2362
f 1649 1650 1382
f 1382 1650 1383
f 971 1120 1236
f 972 971 1236
f 1967 1680 1685
f 1965 1680 1967
f 5471 5365 5364
f 5365 5259 5364
f 333 178 237
f 238 178 333
f 2074 2073 2352
f 1782 2073 2074
f 2586 2298 2297
f 2297 2585 2586
f 489 670 672
f 671 489 672
f 634 635 458
f 457 634 458
f 636 459 458
f 458 635 636
f 1099 849 847
f 850 849 1099
f 1098 1355 1623
f 1623 1356 1098
f 338 246 244
f 337 338 244
f 185 184 244
f 244 246 185
f 2787 2485 2201
f 2484 2787 2201
f 1790 2079 2249
f 2249 1968 1790
f 1381 1118 1380
f 1119 1118 1381
f 1966 1967 1685
f 1685 1684 1966
f 4558 4329 4328
f 4330 4329 4558
f 5258 5123 5122
f 5122 5121 5258
f 5259 5123 5258
f 5258 5364 5259
f 2356 2355 2357
f 2357 2077 2356
f 2013 2296 2357
f 2297 2013 2357
f 2892 2589 2891
f 2590 2589 2892
f 1187 1188 935
f 935 934 1187
f 239 178 238
f 239 179 178
f 633 849 634
f 634 456 633
f 747 547 746
f 746 987 747
f 547 450 449
f 548 547 449
f 5364 5258 5363
f 5363 5469 5364
f 96 97 58
f 58 97 59
f 166 174 129
f 129 116 166
f 129 118 117
f 117 116 129
f 221 174 166
f 166 165 221
f 180 239 240
f 240 181 180
f 1908 1623 1355
f 1908 1355 1622
f 336 450 627
f 451 336 627
f 345 253 344
f 459 345 344
f 457 458 344
f 344 343 457
f 252 343 344
f 344 253 252
f 179 239 135
f 239 180 135
f 297 404 542
f 542 405 297
f 182 181 240
f 240 241 182
f 136 100 135
f 101 100 136
f 404 297 216
f 216 296 404
f 2085 1798 1797
f 2085 1797 2084

