# https://github.com/mikedh/trimesh
v 0.00056261 0.00538350 0.00768413
v 0.00029447 0.00538350 0.00766769
v 0.00029447 0.00511545 0.00766022
v 0.00056261 0.00511545 0.00767517
v 0.00271072 0.00511545 0.00767517
v 0.00244259 0.00538350 0.00768264
v 0.00163616 0.00565356 0.00767367
v 0.00083075 0.00592162 0.00766470
v 0.00056261 0.00592162 0.00766470
v 0.00029447 0.00592162 0.00765125
v 0.00029447 0.00565356 0.00766022
v 0.00012210 0.00538350 0.00760940
v 0.00012513 0.00511545 0.00760641
v 0.00012916 0.00618968 0.00759745
v 0.00012613 0.00592162 0.00760193
v 0.00014025 0.00495141 0.00758997
v 0.00029447 0.00492941 0.00760791
v 0.00056261 0.00492140 0.00761389
v 0.00324800 0.00511545 0.00767367
v 0.00432156 0.00538350 0.00767815
v 0.00324800 0.00492140 0.00761389
v 0.00432156 0.00492340 0.00761239
v 0.00512697 0.00492540 0.00761090
v 0.00297886 0.00565356 0.00767068
v 0.00163616 0.00592162 0.00766321
v 0.00271072 0.00618968 0.00764976
v 0.00163616 0.00618968 0.00765125
v 0.00056261 0.00618968 0.00765125
v 0.00029447 0.00618968 0.00764079
v 0.00015940 0.00740994 0.00756606
v 0.00015436 0.00726391 0.00757054
v 0.00014025 0.00672579 0.00758399
v 0.00008178 0.00538350 0.00743155
v 0.00008480 0.00511545 0.00743155
v 0.00012311 0.00565356 0.00760492
v 0.00008480 0.00592162 0.00743155
v 0.00008279 0.00565356 0.00743155
v 0.00013420 0.01155883 0.00732244
v 0.00012916 0.01129077 0.00732842
v 0.00012513 0.01102271 0.00733440
v 0.00012210 0.01075466 0.00733888
v 0.00012412 0.00489540 0.00743155
v 0.00019468 0.00471936 0.00716252
v 0.00028137 0.00478137 0.00740913
v 0.00056261 0.00478738 0.00744500
v 0.00485884 0.00511545 0.00766919
v 0.00485884 0.00538350 0.00767517
v 0.00405342 0.00565356 0.00766769
v 0.00351614 0.00592162 0.00765872
v 0.00458969 0.00478938 0.00744350
v 0.00539410 0.00479138 0.00744350
v 0.00324800 0.00478738 0.00744500
v 0.00593138 0.00479338 0.00744350
v 0.00539410 0.00492540 0.00760940
v 0.00566325 0.00492741 0.00760940
v 0.00324800 0.00618968 0.00764826
v 0.00297886 0.00645773 0.00763631
v 0.00136803 0.01102271 0.00740315
v 0.00109989 0.01075466 0.00741660
v 0.00083075 0.01102271 0.00740166
v 0.00056261 0.01102271 0.00740016
v 0.00029447 0.01182889 0.00734486
v 0.00015839 0.01251703 0.00729853
v 0.00014730 0.01209694 0.00730899
v 0.00007876 0.00511545 0.00716252
v 0.00007876 0.01021654 0.00716252
v 0.00006767 0.00780002 0.00689051
v 0.00006767 0.00752796 0.00689051
v 0.00006767 0.00699785 0.00686660
v 0.00006767 0.00455332 0.00555286
v 0.00008480 0.01102271 0.00716252
v 0.00008178 0.01075466 0.00716252
v 0.00007976 0.01048460 0.00716252
v 0.00014025 0.01182889 0.00731497
v 0.00012513 0.01504758 0.00706537
v 0.00012109 0.01477952 0.00707434
v 0.00008884 0.01129077 0.00716252
v 0.00036201 0.00470936 0.00730600
v 0.00056261 0.00470736 0.00731049
v 0.00566325 0.00511545 0.00766470
v 0.00566325 0.00538350 0.00766919
v 0.00405342 0.00592162 0.00765573
v 0.00432156 0.00565356 0.00766620
v 0.00646866 0.00470736 0.00730899
v 0.00512697 0.00470736 0.00731049
v 0.00619952 0.00479738 0.00744350
v 0.00593138 0.00492941 0.00760791
v 0.00673680 0.00470736 0.00730600
v 0.00351614 0.00618968 0.00764677
v 0.00324800 0.00645773 0.00763481
v 0.00163616 0.01075466 0.00741660
v 0.00083075 0.01129077 0.00738671
v 0.00190531 0.01075466 0.00741511
v 0.00163616 0.01102271 0.00740166
v 0.00109989 0.01182889 0.00735532
v 0.00083075 0.01209694 0.00734038
v 0.00056261 0.01209694 0.00734038
v 0.00056261 0.01182889 0.00735532
v 0.00040233 0.01279109 0.00729853
v 0.00030556 0.01261706 0.00730301
v 0.00029447 0.01477952 0.00713861
v 0.00029447 0.01504758 0.00711769
v 0.00016242 0.01598578 0.00702801
v 0.00015133 0.01580574 0.00703548
v 0.00014226 0.01558569 0.00704595
v 0.00013218 0.01531564 0.00705641
v 0.00006767 0.00672579 0.00677244
v 0.00006767 0.00857219 0.00686062
v 0.00006767 0.00831213 0.00687108
v 0.00007876 0.01451346 0.00689499
v 0.00006767 0.00455332 -0.00321137
v 0.00023500 0.00455332 0.00559620
v 0.00008077 0.01477952 0.00689499
v 0.00008480 0.01504758 0.00689499
v 0.00012311 0.01746410 0.00680083
v 0.00593138 0.00511545 0.00766171
v 0.00593138 0.00538350 0.00766470
v 0.00271072 0.01102271 0.00739119
v 0.00271072 0.01075466 0.00740614
v 0.00244259 0.01075466 0.00740913
v 0.00834763 0.00455332 0.00559471
v 0.00027431 0.00455332 0.00559620
v 0.00646866 0.00480538 0.00744201
v 0.00619952 0.00493141 0.00760492
v 0.00691018 0.00470936 0.00730152
v 0.00861375 0.00455332 0.00558275
v 0.00969133 0.00455332 0.00551848
v 0.00995846 0.00455332 0.00549756
v 0.00244259 0.01102271 0.00739418
v 0.00163616 0.01182889 0.00735084
v 0.00109989 0.01209694 0.00733888
v 0.00056261 0.01263306 0.00730899
v 0.00056261 0.01317118 0.00727462
v 0.00056261 0.01370729 0.00723875
v 0.00056261 0.01424341 0.00719989
v 0.00056261 0.01451346 0.00717896
v 0.00029447 0.01531564 0.00709527
v 0.00026927 0.01587976 0.00704445
v 0.00034185 0.01604179 0.00703399
v 0.00056261 0.01665792 0.00697869
v 0.00029447 0.01773215 0.00682624
v 0.00015738 0.01815225 0.00676197
v 0.00014730 0.01800021 0.00677094
v 0.00013319 0.01773215 0.00678738
v 0.00007876 0.01719604 0.00662597
v 0.00007876 0.01880639 0.00635694
v 0.00006767 0.01903043 0.00496997
v 0.00019468 0.00471936 -0.00706590
v 0.00036201 0.00470936 -0.00720789
v 0.00056261 0.00470136 -0.00706590
v 0.00646866 0.00470136 -0.00706590
v 0.00969033 0.00455332 -0.00290797
v 0.00006767 0.00514945 -0.00488381
v 0.00007876 0.00511545 -0.00706590
v 0.00008480 0.00511545 -0.00733343
v 0.00011908 0.00485339 -0.00706590
v 0.00008279 0.01746410 0.00662597
v 0.00012311 0.01907444 0.00653779
v 0.00009287 0.01773215 0.00662597
v 0.00619952 0.00511545 0.00765573
v 0.00619952 0.00538350 0.00765573
v 0.00324800 0.01102271 0.00737774
v 0.00297886 0.01102271 0.00738671
v 0.00244259 0.01209694 0.00732543
v 0.00646866 0.00493941 0.00759894
v 0.01020543 0.00455332 0.00545720
v 0.00770249 0.00470936 0.00703548
v 0.00727408 0.00487339 0.00739568
v 0.00700292 0.00484539 0.00742856
v 0.00691723 0.00497141 0.00757353
v 0.00673680 0.00495541 0.00758549
v 0.00217344 0.01155883 0.00736280
v 0.00190531 0.01317118 0.00726266
v 0.00163616 0.01258105 0.00730301
v 0.00077228 0.01277909 0.00729853
v 0.00109989 0.01370729 0.00723576
v 0.00109989 0.01424341 0.00719989
v 0.00109989 0.01451346 0.00718046
v 0.00083075 0.01451346 0.00718046
v 0.00056261 0.01477952 0.00715655
v 0.00056261 0.01558569 0.00708181
v 0.00056261 0.01638987 0.00700709
v 0.00083075 0.01665792 0.00697869
v 0.00056261 0.01692798 0.00694581
v 0.00029447 0.01818825 0.00676795
v 0.00029447 0.01907444 0.00660056
v 0.00015537 0.01949453 0.00649594
v 0.00013924 0.01934450 0.00651387
v 0.00008178 0.01907444 0.00635694
v 0.00007876 0.01988062 0.00608941
v 0.00007876 0.02068679 0.00582039
v 0.00006767 0.01921847 0.00489076
v 0.00028137 0.00478137 -0.00731251
v 0.00012412 0.00489540 -0.00733343
v 0.00014025 0.00495141 -0.00749186
v 0.00056261 0.00478738 -0.00734688
v 0.00056261 0.00470736 -0.00721237
v 0.00619952 0.00470736 -0.00721237
v 0.00646866 0.00470736 -0.00721088
v 0.00673680 0.00470736 -0.00720789
v 0.00990705 0.00455332 -0.00288705
v 0.00006767 0.00599563 -0.00618559
v 0.00008178 0.00538350 -0.00733343
v 0.00006767 0.00625569 -0.00646359
v 0.00006767 0.00675980 -0.00676400
v 0.00012210 0.00538350 -0.00750979
v 0.00012513 0.00511545 -0.00750830
v 0.00012412 0.02014867 0.00626727
v 0.00646866 0.00511545 0.00764228
v 0.00329740 0.01218496 0.00729405
v 0.00351614 0.01102271 0.00736728
v 0.00324800 0.01155883 0.00734038
v 0.00646866 0.00538350 0.00763929
v 0.00297886 0.01424341 0.00715804
v 0.00297886 0.01240301 0.00729106
v 0.00271072 0.01209694 0.00731945
v 0.00244864 0.01238501 0.00730600
v 0.00271072 0.01290112 0.00726415
v 0.00190531 0.01370729 0.00722679
v 0.00822868 0.00470936 0.00676795
v 0.01034353 0.00455332 0.00527038
v 0.01020644 0.00457933 0.00545720
v 0.00904418 0.00511545 0.00651537
v 0.00889197 0.00511545 0.00664988
v 0.00875286 0.00497942 0.00676197
v 0.00826497 0.00495141 0.00705491
v 0.00807949 0.00490140 0.00710573
v 0.00780833 0.00484139 0.00715953
v 0.00754221 0.00491740 0.00735233
v 0.00773576 0.00495541 0.00731945
v 0.00727408 0.00511545 0.00750329
v 0.00708658 0.00511545 0.00755410
v 0.00695252 0.00511545 0.00758101
v 0.00673680 0.00511545 0.00761389
v 0.00163616 0.01370729 0.00723127
v 0.00136803 0.01397535 0.00721633
v 0.00136803 0.01424341 0.00719839
v 0.00136803 0.01451346 0.00717896
v 0.00136803 0.01477952 0.00715655
v 0.00109989 0.01558569 0.00708181
v 0.00136803 0.01619582 0.00702353
v 0.00109989 0.01638987 0.00700559
v 0.00109989 0.01665792 0.00697719
v 0.00109989 0.01692798 0.00694282
v 0.00109989 0.01719604 0.00690695
v 0.00083075 0.01821026 0.00677094
v 0.00056261 0.01835029 0.00675301
v 0.00056261 0.01853833 0.00672162
v 0.00056261 0.01880639 0.00667080
v 0.00056261 0.01907444 0.00661700
v 0.00029447 0.01934450 0.00654526
v 0.00029447 0.01952054 0.00650341
v 0.00029447 0.02039873 0.00626129
v 0.00014025 0.02035272 0.00624485
v 0.00008380 0.02014867 0.00608941
v 0.00008783 0.02095485 0.00582039
v 0.00008279 0.02149096 0.00555136
v 0.00007876 0.02229713 0.00501481
v 0.00006767 0.01957655 0.00471141
v 0.00029447 0.00492941 -0.00750979
v 0.00029447 0.00511545 -0.00756210
v 0.00351614 0.00478738 -0.00734688
v 0.00056261 0.00492140 -0.00751727
v 0.00458969 0.00478938 -0.00734688
v 0.00539410 0.00479138 -0.00734688
v 0.00619952 0.00479538 -0.00734539
v 0.00691421 0.00470936 -0.00720490
v 0.00995947 0.00455332 -0.00288107
v 0.00008380 0.00565356 -0.00733343
v 0.00006767 0.00701985 -0.00677446
v 0.00006767 0.00753196 -0.00678940
v 0.00006767 0.00780002 -0.00678940
v 0.00007876 0.01021654 -0.00706590
v 0.00007976 0.01048460 -0.00706590
v 0.00029447 0.00538350 -0.00756808
v 0.00012412 0.00565356 -0.00750680
v 0.00012916 0.02095485 0.00599525
v 0.00271072 0.01424341 0.00717000
v 0.00297886 0.01263306 0.00727462
v 0.00673680 0.00538350 0.00760940
v 0.00646866 0.00565356 0.00761538
v 0.00351614 0.01424341 0.00712067
v 0.00351614 0.01397535 0.00714309
v 0.00324800 0.01424341 0.00714010
v 0.00297886 0.01451346 0.00713562
v 0.00271072 0.01451346 0.00714907
v 0.00217344 0.01370729 0.00722081
v 0.00217344 0.01424341 0.00718345
v 0.00190531 0.01424341 0.00718942
v 0.00163616 0.01424341 0.00719540
v 0.01036067 0.00455332 0.00506861
v 0.01036268 0.00465935 0.00517024
v 0.01034454 0.00457333 0.00526889
v 0.00922361 0.00645773 0.00615517
v 0.00924579 0.00618968 0.00617759
v 0.00926695 0.00592162 0.00620001
v 0.00928107 0.00573958 0.00621496
v 0.00929316 0.00556154 0.00622990
v 0.00917119 0.00538350 0.00637637
v 0.00903712 0.00538350 0.00650790
v 0.00927603 0.01108873 0.00513288
v 0.00919135 0.01100871 0.00525992
v 0.00910668 0.01128677 0.00530326
v 0.00902603 0.01119275 0.00542582
v 0.00904216 0.01102271 0.00544375
v 0.00920849 0.00807008 0.00586672
v 0.00907442 0.00807008 0.00601169
v 0.00875790 0.00528748 0.00676496
v 0.00875790 0.00511545 0.00676496
v 0.00861577 0.00511545 0.00686809
v 0.00843130 0.00511545 0.00699662
v 0.00829723 0.00511545 0.00707434
v 0.00807949 0.00511545 0.00719241
v 0.00790611 0.00511545 0.00728059
v 0.00777205 0.00511545 0.00733440
v 0.00754221 0.00511545 0.00741810
v 0.00727408 0.00538350 0.00749731
v 0.00706542 0.00538350 0.00754962
v 0.00693034 0.00538350 0.00757802
v 0.00163616 0.01451346 0.00717597
v 0.00163616 0.01477952 0.00715206
v 0.00163616 0.01603779 0.00703399
v 0.00163616 0.01638987 0.00699961
v 0.00136803 0.01638987 0.00700410
v 0.00136803 0.01665792 0.00697420
v 0.00136803 0.01692798 0.00693983
v 0.00136803 0.01719604 0.00690396
v 0.00109989 0.01800021 0.00679785
v 0.00109989 0.01833829 0.00675151
v 0.00109989 0.01853833 0.00671714
v 0.00083075 0.01880639 0.00666931
v 0.00083075 0.01907444 0.00661551
v 0.00109989 0.01934450 0.00655273
v 0.00056261 0.01934450 0.00655572
v 0.00056261 0.01953854 0.00650790
v 0.00056261 0.01988062 0.00641822
v 0.00056261 0.02014867 0.00634499
v 0.00056261 0.02040673 0.00626577
v 0.00056261 0.02054276 0.00621944
v 0.00056261 0.02068679 0.00616863
v 0.00029447 0.02115489 0.00598180
v 0.00014529 0.02112488 0.00596985
v 0.00012412 0.02149096 0.00574416
v 0.00011504 0.02176502 0.00556033
v 0.00008581 0.02202908 0.00528383
v 0.00009186 0.02283325 0.00474578
v 0.00008682 0.02310131 0.00447825
v 0.00007876 0.02337137 0.00394170
v 0.00006767 0.01984461 0.00444238
v 0.00056261 0.00511545 -0.00757705
v 0.00056261 0.00538350 -0.00758452
v 0.00297886 0.00492140 -0.00751727
v 0.00351614 0.00492140 -0.00751577
v 0.00458969 0.00492340 -0.00751428
v 0.00512697 0.00492540 -0.00751278
v 0.00566325 0.00492741 -0.00751129
v 0.00619952 0.00493141 -0.00750830
v 0.00646866 0.00480338 -0.00734539
v 0.00709364 0.00471736 -0.00716006
v 0.00770551 0.00470936 -0.00693886
v 0.00646866 0.00493741 -0.00750232
v 0.00673680 0.00495541 -0.00748887
v 0.00692328 0.00496941 -0.00747691
v 0.00700796 0.00484339 -0.00733194
v 0.00727408 0.00487139 -0.00730055
v 0.01023265 0.00455332 -0.00274805
v 0.00008984 0.00618968 -0.00733343
v 0.00008178 0.01075466 -0.00706590
v 0.00006767 0.00807008 -0.00677894
v 0.00006767 0.00833414 -0.00676699
v 0.00007876 0.01451346 -0.00679688
v 0.00013017 0.00618968 -0.00749784
v 0.00013420 0.00645773 -0.00749335
v 0.00029447 0.00565356 -0.00755912
v 0.00012210 0.01075466 -0.00724226
v 0.00013924 0.02167900 0.00571128
v 0.00244259 0.01451346 0.00715655
v 0.00688800 0.00555354 0.00756905
v 0.00683357 0.00573358 0.00756008
v 0.00665414 0.00586961 0.00757353
v 0.00659567 0.00604765 0.00756457
v 0.00405241 0.01450946 0.00704296
v 0.00378428 0.01451346 0.00707135
v 0.00351614 0.01451346 0.00709676
v 0.00324800 0.01451346 0.00711769
v 0.00297886 0.01477952 0.00711021
v 0.00271072 0.01477952 0.00712516
v 0.01036168 0.00455332 0.00501481
v 0.01036369 0.00463334 0.00501481
v 0.01036268 0.00471736 0.00517024
v 0.00925083 0.01236500 0.00482201
v 0.00932240 0.01155883 0.00493410
v 0.00951896 0.01265707 0.00420175
v 0.00953106 0.01236500 0.00428097
v 0.00939901 0.01263306 0.00447825
v 0.00929518 0.01281110 0.00462472
v 0.00904115 0.00699585 0.00624485
v 0.00908954 0.00645773 0.00629268
v 0.00911172 0.00618968 0.00631360
v 0.00886173 0.00537950 0.00666184
v 0.00896959 0.00618968 0.00644811
v 0.00907140 0.01182889 0.00521508
v 0.00909761 0.01155883 0.00524796
v 0.00922663 0.01263306 0.00478464
v 0.00906736 0.01290112 0.00494606
v 0.00909257 0.01263306 0.00498193
v 0.00899277 0.01263306 0.00511494
v 0.00900789 0.01137279 0.00540489
v 0.00891616 0.01102271 0.00557827
v 0.00901192 0.01004650 0.00567840
v 0.00902906 0.00986847 0.00569634
v 0.00909660 0.00914231 0.00577107
v 0.00903007 0.00853018 0.00596686
v 0.00893632 0.00807008 0.00614621
v 0.00898975 0.00753196 0.00619553
v 0.00902503 0.00716389 0.00622990
v 0.00863693 0.00537950 0.00684119
v 0.00842122 0.00538350 0.00699065
v 0.00883552 0.00618968 0.00656469
v 0.00881233 0.00645773 0.00654377
v 0.00872161 0.00565356 0.00673806
v 0.00828715 0.00538350 0.00706986
v 0.00807949 0.00538350 0.00718345
v 0.00789099 0.00538350 0.00727462
v 0.00775692 0.00538350 0.00732992
v 0.00754221 0.00538350 0.00741062
v 0.00749484 0.00618968 0.00732992
v 0.00727408 0.00592162 0.00743304
v 0.00700493 0.00645773 0.00744051
v 0.00700493 0.00618968 0.00747190
v 0.00217344 0.01477952 0.00714010
v 0.00190531 0.01477952 0.00714608
v 0.00217344 0.01531564 0.00708929
v 0.00183777 0.01600978 0.00703100
v 0.00217344 0.01558569 0.00706239
v 0.00190531 0.01638987 0.00699065
v 0.00163616 0.01665792 0.00696823
v 0.00163616 0.01692798 0.00693236
v 0.00163616 0.01719604 0.00689649
v 0.00136803 0.01773215 0.00683072
v 0.00136803 0.01819025 0.00676795
v 0.00136803 0.01832428 0.00674852
v 0.00136803 0.01853833 0.00671116
v 0.00109989 0.01880639 0.00666632
v 0.00109989 0.01907444 0.00661252
v 0.00136803 0.01934450 0.00654526
v 0.00109989 0.01953654 0.00650640
v 0.00109989 0.01967057 0.00647352
v 0.00083075 0.01967257 0.00647352
v 0.00083075 0.01988062 0.00641822
v 0.00109989 0.01988062 0.00641673
v 0.00109989 0.02014867 0.00633901
v 0.00109989 0.02039673 0.00626129
v 0.00109989 0.02053076 0.00621645
v 0.00109989 0.02068679 0.00615966
v 0.00056261 0.02095485 0.00606849
v 0.00056261 0.02116089 0.00598479
v 0.00056261 0.02129492 0.00592800
v 0.00056261 0.02149096 0.00584131
v 0.00029447 0.02171301 0.00572922
v 0.00012714 0.02202908 0.00547663
v 0.00011706 0.02229113 0.00528383
v 0.00012815 0.02308330 0.00473233
v 0.00012815 0.02335736 0.00446032
v 0.00009085 0.02337137 0.00420923
v 0.00007876 0.02363942 0.00367267
v 0.00006767 0.02002665 0.00408817
v 0.00297886 0.00511545 -0.00757705
v 0.00244259 0.00618968 -0.00755164
v 0.00297886 0.00592162 -0.00756210
v 0.00297886 0.00565356 -0.00757257
v 0.00297886 0.00538350 -0.00758303
v 0.00029447 0.00618968 -0.00754118
v 0.00056261 0.00618968 -0.00755164
v 0.00405342 0.00492340 -0.00751577
v 0.00485884 0.00492540 -0.00751428
v 0.00458969 0.00511545 -0.00757257
v 0.00593138 0.00511545 -0.00756210
v 0.00619952 0.00511545 -0.00755912
v 0.00788394 0.00472536 -0.00687011
v 0.00822667 0.00470936 -0.00666984
v 0.00754221 0.00491540 -0.00725721
v 0.00781035 0.00483939 -0.00706291
v 0.00807949 0.00489940 -0.00701060
v 0.00646866 0.00511545 -0.00754566
v 0.00773676 0.00495541 -0.00722134
v 0.00673680 0.00511545 -0.00751727
v 0.00696159 0.00511545 -0.00748438
v 0.00709566 0.00511545 -0.00745898
v 0.00727408 0.00511545 -0.00741115
v 0.01024777 0.00455332 -0.00272265
v 0.00878915 0.00470936 -0.00615720
v 0.00904418 0.00470936 -0.00589564
v 0.00929921 0.00470936 -0.00561466
v 0.00955827 0.00471136 -0.00532471
v 0.00008480 0.01102271 -0.00706590
v 0.00008077 0.01477952 -0.00679688
v 0.00006767 0.01880639 -0.00487783
v 0.00007876 0.01880639 -0.00626032
v 0.00007876 0.01719604 -0.00652785
v 0.00012513 0.01102271 -0.00723628
v 0.00014025 0.00672579 -0.00748588
v 0.00015940 0.00740394 -0.00746795
v 0.00012916 0.01129077 -0.00723031
v 0.00013420 0.01155883 -0.00722433
v 0.00014025 0.01182889 -0.00721835
v 0.00008884 0.01129077 -0.00706590
v 0.00012109 0.01477952 -0.00697772
v 0.00014226 0.02219711 0.00543777
v 0.00244259 0.01477952 0.00713263
v 0.00673680 0.00645773 0.00749731
v 0.00673680 0.00618968 0.00752720
v 0.00674083 0.00594362 0.00755261
v 0.00431148 0.01450946 0.00700858
v 0.00421471 0.01441944 0.00703249
v 0.00414213 0.01459748 0.00702353
v 0.00396270 0.01469350 0.00703399
v 0.00378327 0.01477952 0.00704296
v 0.00351614 0.01477952 0.00706986
v 0.00324800 0.01477952 0.00709228
v 0.00297886 0.01504758 0.00708331
v 0.00244259 0.01504758 0.00710722
v 0.00280245 0.01569972 0.00702652
v 0.00271173 0.01559970 0.00704146
v 0.00262403 0.01574173 0.00703100
v 0.00244259 0.01638987 0.00697271
v 0.00244259 0.01558569 0.00705342
v 0.01036168 0.00455332 -0.00250145
v 0.01036369 0.00463334 -0.00250145
v 0.01036571 0.00538350 -0.00062126
v 0.01036369 0.00471936 0.00501481
v 0.01036268 0.00528148 0.00340365
v 0.01034252 0.00618968 0.00259807
v 0.01033950 0.00618968 0.00286709
v 0.01033345 0.00645773 0.00259807
v 0.01032942 0.00645773 0.00286709
v 0.01030926 0.00672579 0.00313612
v 0.01029414 0.00699585 0.00313612
v 0.01027095 0.00753196 0.00286709
v 0.01025482 0.00780002 0.00286709
v 0.01024374 0.00780002 0.00313612
v 0.01023063 0.00780002 0.00340365
v 0.01020946 0.00807008 0.00340365
v 0.01016209 0.00860620 0.00340365
v 0.01009959 0.00934635 0.00333639
v 0.01001088 0.01048460 0.00313612
v 0.00995947 0.01102271 0.00313612
v 0.00993326 0.01129077 0.00313612
v 0.00995745 0.01075466 0.00340365
v 0.00990302 0.01129077 0.00340365
v 0.00987379 0.01155883 0.00340365
v 0.00982943 0.01173287 0.00356058
v 0.00982137 0.01140280 0.00379373
v 0.00976089 0.01155883 0.00394170
v 0.00955525 0.01276109 0.00407173
v 0.00947662 0.01290112 0.00420923
v 0.00933147 0.01317118 0.00442893
v 0.00934558 0.01290112 0.00449469
v 0.00927905 0.01298914 0.00459632
v 0.00921353 0.01290112 0.00472785
v 0.00894640 0.00645773 0.00642719
v 0.00904015 0.01317118 0.00491019
v 0.00896455 0.01290112 0.00508057
v 0.00883048 0.01290112 0.00523601
v 0.00879620 0.01209694 0.00546318
v 0.00882544 0.01182889 0.00549307
v 0.00885366 0.01155883 0.00552446
v 0.00875084 0.01249903 0.00541834
v 0.00876193 0.01120875 0.00569783
v 0.00880830 0.01075466 0.00574267
v 0.00901293 0.00870822 0.00594892
v 0.00880729 0.00941237 0.00600721
v 0.00875588 0.00849617 0.00622841
v 0.00880124 0.00807008 0.00626727
v 0.00885568 0.00753196 0.00631659
v 0.00892019 0.00672579 0.00640327
v 0.00869439 0.00592162 0.00671863
v 0.00856032 0.00592162 0.00681727
v 0.00858754 0.00565356 0.00683670
v 0.00850589 0.00645773 0.00677692
v 0.00838896 0.00565356 0.00697122
v 0.00823070 0.00585560 0.00703847
v 0.00825489 0.00565356 0.00705192
v 0.00863996 0.00645773 0.00667828
v 0.00866818 0.00618968 0.00669771
v 0.00878612 0.00672579 0.00652135
v 0.00807949 0.00565356 0.00714758
v 0.00781035 0.00645773 0.00716701
v 0.00784765 0.00565356 0.00725818
v 0.00762890 0.00618968 0.00727910
v 0.00754221 0.00565356 0.00737774
v 0.00758254 0.00645773 0.00726266
v 0.00744847 0.00645773 0.00731198
v 0.00727408 0.00645773 0.00736728
v 0.00700493 0.00672579 0.00740763
v 0.00566325 0.01317118 0.00691592
v 0.00539410 0.01343923 0.00694282
v 0.00190531 0.01665792 0.00695926
v 0.00190531 0.01692798 0.00692339
v 0.00217344 0.01692798 0.00691442
v 0.00163616 0.01773215 0.00682325
v 0.00163616 0.01800021 0.00678589
v 0.00163616 0.01815625 0.00676347
v 0.00163616 0.01829027 0.00674255
v 0.00163616 0.01853833 0.00669920
v 0.00136803 0.01880639 0.00665885
v 0.00136803 0.01907444 0.00660504
v 0.00166136 0.01937051 0.00652284
v 0.00176721 0.01947653 0.00649145
v 0.00136803 0.01965457 0.00646904
v 0.00163616 0.01907444 0.00659309
v 0.00190531 0.01932650 0.00651985
v 0.00136803 0.01988062 0.00640776
v 0.00136803 0.02014867 0.00632855
v 0.00136803 0.02038072 0.00625531
v 0.00136803 0.02051475 0.00621047
v 0.00136803 0.02068679 0.00614770
v 0.00109989 0.02095485 0.00605952
v 0.00083075 0.02115689 0.00598330
v 0.00083075 0.02129092 0.00592650
v 0.00083075 0.02149096 0.00583832
v 0.00056261 0.02172101 0.00573370
v 0.00056261 0.02185504 0.00566645
v 0.00056261 0.02202908 0.00557229
v 0.00029447 0.02222312 0.00545272
v 0.00013319 0.02250318 0.00519565
v 0.00013218 0.02283325 0.00494307
v 0.00015033 0.02298128 0.00489225
v 0.00014428 0.02325734 0.00463369
v 0.00014932 0.02351740 0.00435869
v 0.00013218 0.02357741 0.00420923
v 0.00011101 0.02366343 0.00396412
v 0.00011605 0.02390948 0.00366819
v 0.00008480 0.02390748 0.00340365
v 0.00008380 0.02417554 0.00286709
v 0.00007876 0.02390748 0.00313612
v 0.00006767 0.02010466 0.00389686
v 0.00007876 0.02417554 0.00259807
v 0.00405342 0.00511545 -0.00757406
v 0.00109989 0.00645773 -0.00753968
v 0.00297886 0.00645773 -0.00753819
v 0.00324800 0.00592162 -0.00756061
v 0.00432156 0.00538350 -0.00757705
v 0.00029447 0.00645773 -0.00752922
v 0.00056261 0.00645773 -0.00753968
v 0.00458969 0.00538350 -0.00757555
v 0.00485884 0.00538350 -0.00757257
v 0.00619952 0.00538350 -0.00755762
v 0.00860770 0.00478938 -0.00650992
v 0.00869137 0.00472336 -0.00633505
v 0.00896757 0.00472136 -0.00607499
v 0.00833553 0.00484739 -0.00678791
v 0.00861577 0.00493541 -0.00671318
v 0.00826497 0.00494941 -0.00695979
v 0.00646866 0.00538350 -0.00754267
v 0.00754221 0.00511545 -0.00732297
v 0.00777406 0.00511545 -0.00723778
v 0.00790914 0.00511545 -0.00718397
v 0.00673680 0.00538350 -0.00751278
v 0.00693538 0.00538350 -0.00747990
v 0.00706945 0.00538350 -0.00745449
v 0.00727408 0.00538350 -0.00740218
v 0.00754221 0.00538350 -0.00731699
v 0.01028103 0.00455332 -0.00265838
v 0.00981331 0.00471336 -0.00477172
v 0.00922361 0.00472736 -0.00579252
v 0.00942521 0.00482738 -0.00573273
v 0.00960868 0.00492941 -0.00567295
v 0.00967319 0.00485539 -0.00542784
v 0.00988085 0.00492140 -0.00518572
v 0.00008480 0.01504758 -0.00679688
v 0.00006767 0.01907444 -0.00479563
v 0.00007876 0.01988062 -0.00599130
v 0.00008279 0.01907444 -0.00626032
v 0.00008279 0.01746410 -0.00652785
v 0.00015436 0.01236500 -0.00720490
v 0.00015839 0.01251703 -0.00720042
v 0.00012513 0.01504758 -0.00696875
v 0.00029447 0.02235715 0.00536603
v 0.00539410 0.01317118 0.00697420
v 0.00512697 0.01370729 0.00696225
v 0.00485884 0.01451346 0.00691891
v 0.00485884 0.01397535 0.00697869
v 0.00458969 0.01451346 0.00696374
v 0.00432156 0.01477952 0.00697570
v 0.00405342 0.01531564 0.00694880
v 0.00378428 0.01612181 0.00688752
v 0.00378428 0.01558569 0.00695179
v 0.00359779 0.01513360 0.00702353
v 0.00351614 0.01585375 0.00695179
v 0.00351110 0.01530963 0.00701306
v 0.00341836 0.01521561 0.00703249
v 0.00322986 0.01530963 0.00703847
v 0.00297886 0.01551168 0.00703548
v 0.00271072 0.01612181 0.00698766
v 0.00271072 0.01638987 0.00695926
v 0.00244259 0.01665792 0.00693983
v 0.00217344 0.01665792 0.00695029
v 0.01036268 0.00465935 -0.00263745
v 0.01009959 0.00497341 -0.00480161
v 0.01012076 0.00494941 -0.00464916
v 0.01027902 0.00511545 -0.00411261
v 0.01031631 0.00511545 -0.00384358
v 0.01034454 0.00511545 -0.00357456
v 0.01036168 0.00524147 -0.00325920
v 0.01036268 0.00521947 -0.00303800
v 0.01036369 0.00518946 -0.00276898
v 0.01036470 0.00517546 -0.00250145
v 0.01036470 0.00538350 0.00179249
v 0.01036470 0.00516346 0.00206151
v 0.01036470 0.00538350 -0.00223242
v 0.01035361 0.00592162 -0.00196340
v 0.01035361 0.00592162 0.00179249
v 0.01036168 0.00553153 0.00179249
v 0.01036369 0.00532949 0.00286709
v 0.01034756 0.00618968 0.00179249
v 0.01035966 0.00545152 0.00313612
v 0.01033950 0.00645773 0.00179249
v 0.01033547 0.00645773 0.00233054
v 0.01032337 0.00672579 0.00233054
v 0.01032035 0.00672579 0.00259807
v 0.01030623 0.00699585 0.00259807
v 0.01030119 0.00699585 0.00286709
v 0.01026289 0.00780002 0.00259807
v 0.01024575 0.00807008 0.00259807
v 0.01023668 0.00807008 0.00286709
v 0.01022458 0.00807008 0.00313612
v 0.01018023 0.00860620 0.00313612
v 0.01009051 0.00978645 0.00295228
v 0.01008447 0.00969043 0.00314807
v 0.00998467 0.01102271 0.00286709
v 0.00995846 0.01129077 0.00286709
v 0.00990201 0.01182889 0.00286709
v 0.00990504 0.01155883 0.00313612
v 0.00982137 0.01220497 0.00324223
v 0.00984254 0.01182489 0.00340514
v 0.00975283 0.01209694 0.00367267
v 0.00979415 0.01182489 0.00365922
v 0.00981734 0.01191090 0.00349631
v 0.00977198 0.01236500 0.00340365
v 0.00956735 0.01392134 0.00332294
v 0.00958045 0.01370129 0.00340813
v 0.00967621 0.01263306 0.00367267
v 0.00968529 0.01209694 0.00394170
v 0.00959860 0.01265707 0.00396561
v 0.00956634 0.01310516 0.00384305
v 0.00955323 0.01328320 0.00379373
v 0.00954416 0.01290112 0.00403287
v 0.00931736 0.01451346 0.00388789
v 0.00928207 0.01434943 0.00406126
v 0.00943025 0.01317118 0.00420923
v 0.00964698 0.01236500 0.00394170
v 0.00929215 0.01359527 0.00435271
v 0.00906938 0.01451346 0.00443192
v 0.00900991 0.01433342 0.00459632
v 0.00902805 0.01415539 0.00462622
v 0.00914801 0.01317118 0.00474578
v 0.00902402 0.01332721 0.00488777
v 0.00875286 0.01358326 0.00515231
v 0.00876999 0.01343923 0.00517024
v 0.00880024 0.01317118 0.00520313
v 0.00876596 0.01444745 0.00489972
v 0.00874177 0.01138879 0.00567840
v 0.00870044 0.01290112 0.00537052
v 0.00856637 0.01290112 0.00549756
v 0.00859964 0.01263306 0.00552894
v 0.00849783 0.01229499 0.00570082
v 0.00861173 0.01127277 0.00581740
v 0.00863189 0.01102271 0.00585028
v 0.00866214 0.01075466 0.00587718
v 0.00875991 0.00986046 0.00596387
v 0.00871355 0.00887425 0.00619254
v 0.00863593 0.00807008 0.00640178
v 0.00874580 0.00710987 0.00648847
v 0.00834763 0.00645773 0.00687706
v 0.00834763 0.00618968 0.00691741
v 0.00848775 0.00661777 0.00676347
v 0.00818836 0.00618968 0.00701456
v 0.00859460 0.00726391 0.00657515
v 0.00805429 0.00618968 0.00708630
v 0.00781035 0.00618968 0.00720288
v 0.00801800 0.00645773 0.00706687
v 0.00797970 0.00672579 0.00704744
v 0.00795551 0.00689583 0.00703399
v 0.00782648 0.00698985 0.00708032
v 0.00776096 0.00726391 0.00706836
v 0.00771660 0.00753196 0.00704744
v 0.00754221 0.00699585 0.00719989
v 0.00741823 0.00661777 0.00730152
v 0.00765713 0.00788204 0.00702054
v 0.00728315 0.00671579 0.00732992
v 0.00712086 0.00735993 0.00729255
v 0.00661987 0.01039458 0.00703399
v 0.00657753 0.01057462 0.00702203
v 0.00593138 0.01236500 0.00695328
v 0.00556446 0.01445345 0.00677094
v 0.00539410 0.01397535 0.00687556
v 0.00539410 0.01370729 0.00690994
v 0.00619952 0.01182889 0.00695478
v 0.00512697 0.01424341 0.00689948
v 0.00244259 0.01692798 0.00690396
v 0.00190531 0.01746410 0.00685016
v 0.00187910 0.01801221 0.00677393
v 0.00177225 0.01813624 0.00676048
v 0.00217344 0.01827027 0.00672013
v 0.00217344 0.01853833 0.00667379
v 0.00244259 0.01803022 0.00674553
v 0.00163616 0.01880639 0.00664689
v 0.00217344 0.01929449 0.00651238
v 0.00217344 0.01942852 0.00647950
v 0.00190531 0.01961256 0.00644961
v 0.00166136 0.01959655 0.00646754
v 0.00163616 0.01988062 0.00639281
v 0.00190531 0.01907444 0.00657814
v 0.00190531 0.01880639 0.00663344
v 0.00217344 0.01880639 0.00661999
v 0.00190531 0.02014867 0.00629566
v 0.00163616 0.02035472 0.00624784
v 0.00190531 0.01988062 0.00637637
v 0.00232062 0.02028870 0.00622542
v 0.00190531 0.02046274 0.00619254
v 0.00190531 0.02068679 0.00611333
v 0.00163616 0.02068679 0.00613126
v 0.00136803 0.02095485 0.00604607
v 0.00136803 0.02113489 0.00597433
v 0.00109989 0.02114889 0.00598031
v 0.00109989 0.02128292 0.00592351
v 0.00109989 0.02149096 0.00583085
v 0.00083075 0.02171501 0.00573221
v 0.00083075 0.02185104 0.00566346
v 0.00083075 0.02202908 0.00556780
v 0.00083075 0.02222512 0.00545571
v 0.00056261 0.02222912 0.00545720
v 0.00056261 0.02236315 0.00537650
v 0.00029447 0.02299529 0.00490271
v 0.00029447 0.02312931 0.00478464
v 0.00029447 0.02327535 0.00465013
v 0.00029447 0.02254919 0.00523152
v 0.00029447 0.02268322 0.00513437
v 0.00029447 0.02340937 0.00450665
v 0.00029447 0.02352940 0.00437214
v 0.00019065 0.02376745 0.00406874
v 0.00014025 0.02406552 0.00357702
v 0.00013319 0.02382146 0.00389088
v 0.00012513 0.02410352 0.00340365
v 0.00012412 0.02436158 0.00286709
v 0.00009791 0.02444560 0.00233054
v 0.00008077 0.02444560 0.00206151
v 0.00006767 0.02011667 0.00364129
v 0.00007876 0.02444560 0.00179249
v 0.00007876 0.02471365 0.00018282
v 0.00136803 0.01075466 -0.00731998
v 0.00324800 0.00645773 -0.00753670
v 0.00163616 0.01048460 -0.00733343
v 0.00029447 0.01182889 -0.00724525
v 0.00056261 0.01075466 -0.00731699
v 0.00083075 0.01075466 -0.00731849
v 0.00109989 0.01048460 -0.00733343
v 0.00458969 0.00565356 -0.00756210
v 0.00271072 0.01075466 -0.00730952
v 0.00297886 0.01075466 -0.00730504
v 0.00297886 0.01102271 -0.00728860
v 0.00324800 0.01102271 -0.00727963
v 0.00351614 0.01102271 -0.00726917
v 0.00351614 0.01129077 -0.00724974
v 0.00297886 0.01424341 -0.00705843
v 0.00888088 0.00476937 -0.00625135
v 0.00885971 0.00492340 -0.00650992
v 0.00914196 0.00477337 -0.00598681
v 0.00875387 0.00497942 -0.00666535
v 0.00807949 0.00511545 -0.00709729
v 0.00829723 0.00511545 -0.00697922
v 0.00843130 0.00511545 -0.00689851
v 0.00646866 0.00565356 -0.00751876
v 0.00297886 0.01451346 -0.00703751
v 0.00324800 0.01451346 -0.00701957
v 0.00351614 0.01451346 -0.00699865
v 0.00776096 0.00538350 -0.00723479
v 0.00789502 0.00538350 -0.00717800
v 0.00807949 0.00538350 -0.00708832
v 0.00660071 0.00605365 -0.00746795
v 0.00674184 0.00564556 -0.00748588
v 0.00683558 0.00572958 -0.00746197
v 0.00673680 0.00618968 -0.00743058
v 0.00673680 0.00645773 -0.00740069
v 0.00700493 0.00618968 -0.00737528
v 0.00700493 0.00645773 -0.00734390
v 0.00727408 0.00565356 -0.00737080
v 0.00754221 0.00565356 -0.00728411
v 0.00771963 0.00565356 -0.00721835
v 0.00996653 0.00488740 -0.00490175
v 0.00936070 0.00491540 -0.00599130
v 0.00929921 0.00496941 -0.00613926
v 0.00955122 0.00506944 -0.00585081
v 0.00984052 0.00496341 -0.00535162
v 0.00012311 0.01746410 -0.00670571
v 0.00006767 0.01934250 -0.00462525
v 0.00007876 0.02229713 -0.00491669
v 0.00007876 0.02122290 -0.00545474
v 0.00007876 0.02068679 -0.00572227
v 0.00008380 0.02014867 -0.00599130
v 0.00012412 0.02014867 -0.00617065
v 0.00012311 0.01907444 -0.00643818
v 0.00009186 0.01773215 -0.00652785
v 0.00013319 0.01531564 -0.00695829
v 0.00014327 0.01558569 -0.00694634
v 0.00015234 0.01579774 -0.00693737
v 0.00017553 0.01597578 -0.00692840
v 0.00029447 0.01504758 -0.00701957
v 0.00029447 0.01477952 -0.00704050
v 0.00056261 0.01424341 -0.00710327
v 0.00056261 0.01397535 -0.00712270
v 0.00032068 0.01261706 -0.00720340
v 0.00056261 0.02256119 0.00524198
v 0.00485884 0.01477952 0.00688453
v 0.00458969 0.01531564 0.00686361
v 0.00458969 0.01477952 0.00693236
v 0.00432156 0.01531564 0.00690844
v 0.00405342 0.01585375 0.00688303
v 0.00405342 0.01558569 0.00691592
v 0.00378428 0.01638987 0.00685464
v 0.00351614 0.01638987 0.00688901
v 0.00324800 0.01638987 0.00691741
v 0.00324800 0.01585375 0.00697719
v 0.00297886 0.01612181 0.00696972
v 0.00297886 0.01638987 0.00693983
v 0.00271072 0.01665792 0.00692638
v 0.01035663 0.00513745 -0.00333094
v 0.00994637 0.00511545 -0.00518572
v 0.01005221 0.00511545 -0.00495256
v 0.01010564 0.00511545 -0.00481805
v 0.01015705 0.00511545 -0.00464916
v 0.01022761 0.00511545 -0.00438014
v 0.01028507 0.00538350 -0.00411261
v 0.01032135 0.00538350 -0.00384358
v 0.01034756 0.00538350 -0.00357456
v 0.01036168 0.00525948 -0.00325920
v 0.01036268 0.00528948 -0.00303800
v 0.01036369 0.00534149 -0.00276898
v 0.01036168 0.00552153 0.00194045
v 0.01036369 0.00540351 -0.00247903
v 0.01036168 0.00551953 -0.00237441
v 0.01035260 0.00592162 -0.00223242
v 0.01034756 0.00618968 -0.00169587
v 0.01033950 0.00645773 -0.00169587
v 0.01032740 0.00672579 0.00179249
v 0.01030019 0.00726391 0.00179249
v 0.01027297 0.00780002 0.00179249
v 0.01028406 0.00753196 0.00206151
v 0.01026994 0.00780002 0.00206151
v 0.01025382 0.00807008 0.00206151
v 0.01024978 0.00807008 0.00233054
v 0.01022962 0.00833814 0.00233054
v 0.01022458 0.00833814 0.00259807
v 0.01021551 0.00833814 0.00286709
v 0.01019333 0.00860620 0.00286709
v 0.01009455 0.00983846 0.00277293
v 0.01000181 0.01102271 0.00259807
v 0.01005725 0.01021654 0.00286709
v 0.01000886 0.01075466 0.00286709
v 0.00997762 0.01129077 0.00259807
v 0.00995040 0.01155883 0.00259807
v 0.00992217 0.01182889 0.00259807
v 0.00982036 0.01273108 0.00266831
v 0.00983044 0.01255104 0.00278788
v 0.00987278 0.01209694 0.00286709
v 0.00982137 0.01246902 0.00296723
v 0.00983145 0.01228899 0.00306288
v 0.00977702 0.01290112 0.00286709
v 0.00977803 0.01263306 0.00313612
v 0.00970343 0.01317118 0.00313612
v 0.00955424 0.01410138 0.00326017
v 0.00980726 0.01210695 0.00340514
v 0.00953711 0.01399735 0.00340813
v 0.00954819 0.01378531 0.00350080
v 0.00956130 0.01360727 0.00355759
v 0.00959154 0.01318518 0.00369210
v 0.00950082 0.01424341 0.00340365
v 0.00945747 0.01451346 0.00340365
v 0.00947360 0.01397535 0.00367267
v 0.00943025 0.01424341 0.00367267
v 0.00929921 0.01470550 0.00384007
v 0.00926695 0.01451346 0.00402240
v 0.00929820 0.01416939 0.00410012
v 0.00918329 0.01451346 0.00420923
v 0.00923873 0.01425341 0.00419727
v 0.00904015 0.01477952 0.00437961
v 0.00899075 0.01451346 0.00456643
v 0.00884459 0.01452747 0.00476970
v 0.00874580 0.01462549 0.00487432
v 0.00865710 0.01452747 0.00499986
v 0.00870447 0.01397535 0.00509850
v 0.00848472 0.01465549 0.00515231
v 0.00855428 0.01182889 0.00575164
v 0.00845650 0.01263306 0.00566196
v 0.00853210 0.01317118 0.00546468
v 0.00838795 0.01317118 0.00559919
v 0.00848170 0.01115674 0.00595490
v 0.00825388 0.01317118 0.00572025
v 0.00852807 0.01075466 0.00599226
v 0.00849783 0.01102271 0.00596686
v 0.00851597 0.00941237 0.00624933
v 0.00849379 0.00959641 0.00623289
v 0.00850085 0.00807008 0.00650640
v 0.00856335 0.00753196 0.00655273
v 0.00815207 0.00645773 0.00699513
v 0.00836477 0.00671379 0.00682624
v 0.00827102 0.00726391 0.00679635
v 0.00844037 0.00699585 0.00673208
v 0.00811377 0.00672579 0.00697420
v 0.00792728 0.00707387 0.00702054
v 0.00802708 0.00807008 0.00680681
v 0.00796055 0.00852618 0.00676945
v 0.00740210 0.01033457 0.00675749
v 0.00789603 0.00726391 0.00700559
v 0.00741419 0.00849017 0.00703100
v 0.00716521 0.00907230 0.00703847
v 0.00690615 0.00968043 0.00704146
v 0.00687591 0.00982646 0.00703100
v 0.00673680 0.01075466 0.00694431
v 0.00619952 0.01209694 0.00691891
v 0.00635576 0.01282510 0.00676795
v 0.00631746 0.01300314 0.00675450
v 0.00621665 0.01290912 0.00679934
v 0.00619952 0.01263306 0.00684418
v 0.00593138 0.01451346 0.00665287
v 0.00565720 0.01452947 0.00673208
v 0.00566325 0.01477952 0.00669322
v 0.00551910 0.01463149 0.00675749
v 0.00541527 0.01452947 0.00679635
v 0.00539410 0.01424341 0.00683969
v 0.00512697 0.01451346 0.00686361
v 0.00258472 0.01787218 0.00676048
v 0.00244259 0.01789619 0.00676496
v 0.00217344 0.01773215 0.00680083
v 0.00244259 0.01827027 0.00670667
v 0.00244259 0.01853833 0.00665885
v 0.00271072 0.01827027 0.00668725
v 0.00217344 0.01907444 0.00656320
v 0.00244259 0.01925648 0.00650341
v 0.00217344 0.01961256 0.00643317
v 0.00244259 0.01880639 0.00660355
v 0.00217344 0.01988062 0.00635993
v 0.00217344 0.02043674 0.00618357
v 0.00244259 0.01988062 0.00633751
v 0.00242343 0.02015868 0.00625382
v 0.00271072 0.02007866 0.00624335
v 0.00250005 0.02025470 0.00621346
v 0.00271072 0.02041673 0.00612977
v 0.00244259 0.02068679 0.00606550
v 0.00217344 0.02068679 0.00609390
v 0.00191337 0.02097885 0.00599974
v 0.00163616 0.02095485 0.00602813
v 0.00163616 0.02111288 0.00596536
v 0.00136803 0.02126891 0.00591604
v 0.00136803 0.02149096 0.00581740
v 0.00109989 0.02170701 0.00572772
v 0.00109989 0.02184304 0.00566047
v 0.00109989 0.02202908 0.00556033
v 0.00109989 0.02221912 0.00545123
v 0.00083075 0.02235915 0.00537351
v 0.00083075 0.02256119 0.00524049
v 0.00056261 0.02300129 0.00490869
v 0.00056261 0.02269522 0.00514633
v 0.00056261 0.02283325 0.00504022
v 0.00056261 0.02313532 0.00478913
v 0.00056261 0.02328135 0.00465461
v 0.00056261 0.02341538 0.00451263
v 0.00056261 0.02353540 0.00437961
v 0.00028641 0.02368143 0.00418681
v 0.00037008 0.02377745 0.00408069
v 0.00029447 0.02408352 0.00360392
v 0.00029447 0.02435158 0.00308979
v 0.00013924 0.02433357 0.00305392
v 0.00013823 0.02460363 0.00233054
v 0.00012109 0.02463164 0.00206151
v 0.00008783 0.02471365 0.00098840
v 0.00008178 0.02471365 0.00071938
v 0.00006767 0.02011667 -0.00330703
v 0.00007976 0.02471365 0.00045035
v 0.00012009 0.02489769 0.00018282
v 0.00007876 0.02471365 -0.00008471
v 0.00109989 0.01102271 -0.00730354
v 0.00042753 0.01276909 -0.00719892
v 0.00056261 0.01317118 -0.00717501
v 0.00163616 0.01102271 -0.00730354
v 0.00190531 0.01075466 -0.00731699
v 0.00244259 0.01102271 -0.00729607
v 0.00271072 0.01102271 -0.00729308
v 0.00163616 0.01451346 -0.00707786
v 0.00244259 0.01424341 -0.00707786
v 0.00271072 0.01343923 -0.00712718
v 0.00271072 0.01424341 -0.00707039
v 0.00271072 0.01451346 -0.00705096
v 0.00913591 0.00491740 -0.00624089
v 0.00903410 0.00496741 -0.00640829
v 0.00861577 0.00511545 -0.00677147
v 0.00875891 0.00511545 -0.00666984
v 0.00889398 0.00511545 -0.00655475
v 0.00904720 0.00511545 -0.00642024
v 0.00828715 0.00538350 -0.00697473
v 0.00842222 0.00538350 -0.00689403
v 0.00875891 0.00529548 -0.00666984
v 0.00378428 0.01451346 -0.00697174
v 0.00405140 0.01450746 -0.00694484
v 0.00297886 0.01477952 -0.00701210
v 0.00324800 0.01477952 -0.00699416
v 0.00351614 0.01477952 -0.00697174
v 0.00769140 0.00583760 -0.00720639
v 0.00785370 0.00565356 -0.00716006
v 0.00781035 0.00618968 -0.00710626
v 0.00801800 0.00645773 -0.00697025
v 0.00807949 0.00565356 -0.00705096
v 0.00823070 0.00585961 -0.00694185
v 0.00825590 0.00565356 -0.00695680
v 0.00421168 0.01441544 -0.00693438
v 0.00430946 0.01450746 -0.00691047
v 0.00458969 0.01451346 -0.00686563
v 0.00485884 0.01451346 -0.00681930
v 0.00512697 0.01397535 -0.00683275
v 0.00512697 0.01424341 -0.00680136
v 0.00539410 0.01370729 -0.00681182
v 0.00700493 0.00672579 -0.00731101
v 0.00727408 0.00618968 -0.00730504
v 0.00749887 0.00618968 -0.00723180
v 0.00756137 0.00592562 -0.00724376
v 0.00918127 0.00511545 -0.00628424
v 0.00930929 0.00511545 -0.00615122
v 0.00946352 0.00514145 -0.00596440
v 0.00955626 0.00524747 -0.00585678
v 0.00962380 0.00514145 -0.00574619
v 0.00977500 0.00511545 -0.00550855
v 0.00985363 0.00511545 -0.00537403
v 0.00013218 0.01773215 -0.00669076
v 0.00006767 0.01961256 -0.00437416
v 0.00007876 0.02256519 -0.00464916
v 0.00008783 0.02310131 -0.00438014
v 0.00009085 0.02283325 -0.00464916
v 0.00008581 0.02202908 -0.00518572
v 0.00008380 0.02149096 -0.00545474
v 0.00008783 0.02095485 -0.00572227
v 0.00012916 0.02095485 -0.00589863
v 0.00014025 0.02035272 -0.00614673
v 0.00013924 0.01934450 -0.00641576
v 0.00015738 0.01815425 -0.00666535
v 0.00014730 0.01800021 -0.00667432
v 0.00029447 0.01746410 -0.00676250
v 0.00056261 0.01692798 -0.00685068
v 0.00035496 0.01603379 -0.00693587
v 0.00027734 0.01587376 -0.00694484
v 0.00029447 0.01558569 -0.00697174
v 0.00056261 0.01451346 -0.00708234
v 0.00083075 0.01424341 -0.00710327
v 0.00109989 0.01424341 -0.00710177
v 0.00056261 0.01343923 -0.00715857
v 0.00512697 0.01477952 0.00682774
v 0.00470058 0.01595577 0.00675600
v 0.00458969 0.01558569 0.00682774
v 0.00432156 0.01585375 0.00683969
v 0.00432156 0.01558569 0.00687407
v 0.00405342 0.01638987 0.00681428
v 0.00404435 0.01664792 0.00677841
v 0.00378428 0.01665792 0.00681578
v 0.00351614 0.01665792 0.00685165
v 0.00324800 0.01665792 0.00688154
v 0.00297886 0.01665792 0.00690545
v 0.00271072 0.01692798 0.00688752
v 0.00994536 0.00538350 -0.00518572
v 0.01005120 0.00538350 -0.00494658
v 0.01010362 0.00538350 -0.00481207
v 0.01015705 0.00538350 -0.00464916
v 0.01023265 0.00538350 -0.00438014
v 0.01027196 0.00565356 -0.00411261
v 0.01028708 0.00618968 -0.00384358
v 0.01031127 0.00565356 -0.00384358
v 0.01035764 0.00536350 -0.00333094
v 0.01032639 0.00592162 -0.00357456
v 0.01032639 0.00618968 -0.00330703
v 0.01034353 0.00618968 -0.00250145
v 0.01035865 0.00562756 -0.00247903
v 0.01034555 0.00618968 -0.00223242
v 0.01033849 0.00645773 -0.00196340
v 0.01032740 0.00672579 -0.00169587
v 0.01031430 0.00699585 0.00152496
v 0.01028708 0.00753196 0.00152496
v 0.01027297 0.00780002 -0.00169587
v 0.01025684 0.00807008 0.00179249
v 0.01023366 0.00833814 0.00206151
v 0.01021249 0.00860620 0.00206151
v 0.01002399 0.01102271 0.00179249
v 0.01001895 0.01102271 0.00206151
v 0.01013588 0.00941237 0.00259807
v 0.01011370 0.00968043 0.00259807
v 0.01001088 0.01102271 0.00233054
v 0.00998770 0.01129077 0.00233054
v 0.00996149 0.01155883 0.00233054
v 0.00993326 0.01182889 0.00233054
v 0.00984859 0.01263306 0.00233054
v 0.00982641 0.01278109 0.00248896
v 0.00980726 0.01288311 0.00258611
v 0.00976996 0.01317118 0.00259807
v 0.00981028 0.01263706 0.00287307
v 0.00962279 0.01424341 0.00259807
v 0.00973972 0.01317118 0.00286709
v 0.00962783 0.01397535 0.00286709
v 0.00962783 0.01370729 0.00313612
v 0.00954618 0.01426541 0.00315704
v 0.00951291 0.01451346 0.00313612
v 0.00946654 0.01477952 0.00313612
v 0.00940909 0.01477952 0.00340365
v 0.00938389 0.01451346 0.00367267
v 0.00924579 0.01478752 0.00393422
v 0.00932844 0.01478752 0.00368612
v 0.00928107 0.01488354 0.00378477
v 0.00902503 0.01601579 0.00382064
v 0.00918631 0.01504758 0.00394170
v 0.00912684 0.01477952 0.00420923
v 0.00895850 0.01477952 0.00451412
v 0.00902200 0.01492755 0.00434972
v 0.00875689 0.01601379 0.00435420
v 0.00882443 0.01477952 0.00471290
v 0.00876495 0.01523762 0.00463219
v 0.00855226 0.01504758 0.00495801
v 0.00849279 0.01629185 0.00462622
v 0.00846557 0.01566171 0.00486236
v 0.00849077 0.01548367 0.00489076
v 0.00851496 0.01531564 0.00491617
v 0.00818433 0.01477952 0.00539144
v 0.00820751 0.01462549 0.00541237
v 0.00823171 0.01444745 0.00543479
v 0.00839299 0.01424341 0.00533614
v 0.00826497 0.01612181 0.00493261
v 0.00816417 0.01585375 0.00510448
v 0.00822868 0.01336322 0.00569933
v 0.00820449 0.01354326 0.00567840
v 0.00835973 0.01126477 0.00602066
v 0.00834763 0.01102271 0.00607447
v 0.00832646 0.01074866 0.00614023
v 0.00847162 0.00977445 0.00621645
v 0.00845751 0.01133678 0.00593696
v 0.00814703 0.01263306 0.00590857
v 0.00848371 0.00821211 0.00649295
v 0.00829824 0.00860620 0.00654974
v 0.00834763 0.00807008 0.00660953
v 0.00821759 0.00768000 0.00676197
v 0.00840509 0.00726391 0.00670966
v 0.00832344 0.00778202 0.00667529
v 0.00809361 0.00778202 0.00681578
v 0.00793434 0.00870422 0.00675450
v 0.00772971 0.00914231 0.00678738
v 0.00819239 0.00786004 0.00674703
v 0.00793434 0.01031856 0.00648548
v 0.00769745 0.00934235 0.00677094
v 0.00752911 0.01023454 0.00670966
v 0.00754221 0.01048460 0.00666184
v 0.00756540 0.01103672 0.00655871
v 0.00750996 0.01129077 0.00654377
v 0.00743032 0.01175887 0.00650341
v 0.00723779 0.01209694 0.00653928
v 0.00719041 0.01236500 0.00651686
v 0.00727408 0.01129077 0.00665735
v 0.00712287 0.01111673 0.00675450
v 0.00715715 0.01093870 0.00676795
v 0.00700493 0.01075466 0.00685016
v 0.00698175 0.00992848 0.00697869
v 0.00702207 0.01102671 0.00680382
v 0.00619952 0.01451346 0.00656469
v 0.00593138 0.01477952 0.00661252
v 0.00566325 0.01531564 0.00660654
v 0.00539410 0.01558569 0.00664241
v 0.00528624 0.01495756 0.00676646
v 0.00512697 0.01585375 0.00667230
v 0.00276415 0.01782017 0.00675301
v 0.00268855 0.01797821 0.00673507
v 0.00297886 0.01692798 0.00686660
v 0.00271072 0.01853833 0.00663643
v 0.00297886 0.01800021 0.00670369
v 0.00297886 0.01827027 0.00665885
v 0.00244259 0.01907444 0.00654526
v 0.00261294 0.01922648 0.00649594
v 0.00244259 0.01961256 0.00641224
v 0.00271072 0.01880639 0.00658113
v 0.00271072 0.01988062 0.00630613
v 0.00271072 0.01961256 0.00638385
v 0.00289519 0.02003865 0.00623140
v 0.00271072 0.02021269 0.00620001
v 0.00297886 0.02041673 0.00608941
v 0.00271072 0.02068679 0.00602963
v 0.00271072 0.02084882 0.00596686
v 0.00244259 0.02089283 0.00598479
v 0.00217344 0.02093084 0.00599824
v 0.00200813 0.02108287 0.00595191
v 0.00163616 0.02124691 0.00590707
v 0.00190531 0.02149096 0.00578003
v 0.00190531 0.02165700 0.00570232
v 0.00136803 0.02169301 0.00572025
v 0.00136803 0.02182703 0.00565150
v 0.00136803 0.02202908 0.00554389
v 0.00136803 0.02220512 0.00544375
v 0.00109989 0.02235315 0.00536902
v 0.00109989 0.02255519 0.00523451
v 0.00109989 0.02268922 0.00514185
v 0.00083075 0.02269522 0.00514484
v 0.00083075 0.02300129 0.00490869
v 0.00083075 0.02283325 0.00504022
v 0.00083075 0.02313532 0.00478614
v 0.00083075 0.02327735 0.00465162
v 0.00083075 0.02341337 0.00451412
v 0.00083075 0.02353540 0.00437961
v 0.00056261 0.02378145 0.00408518
v 0.00056261 0.02400350 0.00374740
v 0.00056261 0.02408952 0.00361289
v 0.00056261 0.02420555 0.00340365
v 0.00056261 0.02429356 0.00323327
v 0.00056261 0.02435758 0.00309875
v 0.00056261 0.02445760 0.00286709
v 0.00029447 0.02458963 0.00249046
v 0.00015537 0.02458363 0.00247402
v 0.00015436 0.02485368 0.00142183
v 0.00014226 0.02486369 0.00125593
v 0.00012815 0.02487969 0.00098840
v 0.00012311 0.02488969 0.00071938
v 0.00012109 0.02489369 0.00045035
v 0.00006767 0.02011067 -0.00357456
v 0.00012009 0.02489769 -0.00008471
v 0.00029447 0.02496971 0.00018282
v 0.00007976 0.02471365 -0.00035373
v 0.00007876 0.02444560 -0.00169587
v 0.00109989 0.01397535 -0.00711971
v 0.00136803 0.01424341 -0.00710028
v 0.00136803 0.01451346 -0.00708085
v 0.00136803 0.01477952 -0.00705843
v 0.00163616 0.01477952 -0.00705395
v 0.00244259 0.01451346 -0.00705843
v 0.00244259 0.01477952 -0.00703452
v 0.00271072 0.01477952 -0.00702555
v 0.00904115 0.00538350 -0.00641426
v 0.00917522 0.00538350 -0.00627975
v 0.00863794 0.00538550 -0.00674457
v 0.00838997 0.00565356 -0.00687460
v 0.00850589 0.00645773 -0.00667881
v 0.00853512 0.00618968 -0.00669973
v 0.00856335 0.00592162 -0.00672065
v 0.00859057 0.00565356 -0.00674008
v 0.00874177 0.00547552 -0.00665639
v 0.00883854 0.00618968 -0.00646807
v 0.00886173 0.00592162 -0.00648899
v 0.00886273 0.00538550 -0.00656821
v 0.00396068 0.01468750 -0.00693587
v 0.00414011 0.01459348 -0.00692541
v 0.00271072 0.01504758 -0.00699865
v 0.00270568 0.01559570 -0.00694335
v 0.00271072 0.01638987 -0.00686114
v 0.00341231 0.01521361 -0.00693438
v 0.00297886 0.01638987 -0.00684172
v 0.00377823 0.01477752 -0.00694484
v 0.00766318 0.00601764 -0.00719444
v 0.00763294 0.00618968 -0.00718397
v 0.00781035 0.00645773 -0.00706889
v 0.00781035 0.00672579 -0.00703003
v 0.00797970 0.00672579 -0.00694932
v 0.00815207 0.00645773 -0.00689701
v 0.00818937 0.00618968 -0.00691794
v 0.00810369 0.00593762 -0.00699865
v 0.00833150 0.00593762 -0.00686862
v 0.00432156 0.01477952 -0.00687609
v 0.00458969 0.01477952 -0.00683275
v 0.00485884 0.01477952 -0.00678492
v 0.00512697 0.01451346 -0.00676699
v 0.00539410 0.01424341 -0.00674307
v 0.00657753 0.01057462 -0.00692541
v 0.00661987 0.01039458 -0.00693737
v 0.00702207 0.00726991 -0.00723479
v 0.00720352 0.00699585 -0.00721984
v 0.00727408 0.00645773 -0.00727066
v 0.00741923 0.00661977 -0.00720340
v 0.00930526 0.00538350 -0.00614524
v 0.00955626 0.00525147 -0.00585678
v 0.00977399 0.00538350 -0.00550406
v 0.00985262 0.00538350 -0.00536955
v 0.00006767 0.01985861 -0.00411111
v 0.00007876 0.02363942 -0.00357456
v 0.00007876 0.02337137 -0.00384358
v 0.00012815 0.02308530 -0.00463422
v 0.00009287 0.02337137 -0.00411261
v 0.00012916 0.02335536 -0.00436071
v 0.00013117 0.02283325 -0.00484944
v 0.00011706 0.02229113 -0.00518721
v 0.00012613 0.02202908 -0.00537852
v 0.00012412 0.02149096 -0.00564754
v 0.00013924 0.02167700 -0.00561317
v 0.00014529 0.02112488 -0.00587173
v 0.00029447 0.02039873 -0.00616317
v 0.00015436 0.01950253 -0.00639932
v 0.00029447 0.01819025 -0.00666984
v 0.00029447 0.01800021 -0.00669525
v 0.00029447 0.01773215 -0.00672962
v 0.00029447 0.01907444 -0.00650095
v 0.00056261 0.01773215 -0.00674008
v 0.00083075 0.01834429 -0.00665489
v 0.00109989 0.01820426 -0.00667283
v 0.00109989 0.01692798 -0.00684620
v 0.00136803 0.01665792 -0.00687759
v 0.00109989 0.01665792 -0.00687908
v 0.00083075 0.01665792 -0.00688057
v 0.00056261 0.01665792 -0.00688057
v 0.00056261 0.01619182 -0.00692541
v 0.00056261 0.01477952 -0.00705843
v 0.00109989 0.01451346 -0.00708234
v 0.00493948 0.01563570 0.00674852
v 0.00485884 0.01612181 0.00669621
v 0.00464009 0.01612181 0.00674404
v 0.00445663 0.01625784 0.00676048
v 0.00432156 0.01612181 0.00680382
v 0.00421067 0.01654990 0.00676496
v 0.00404435 0.01691998 0.00673208
v 0.00394859 0.01682596 0.00676496
v 0.00377218 0.01718204 0.00673358
v 0.00367440 0.01708402 0.00676347
v 0.00351614 0.01692798 0.00680980
v 0.00324800 0.01692798 0.00684119
v 0.00992117 0.00565356 -0.00518572
v 0.00999677 0.00618968 -0.00491669
v 0.01004919 0.00565556 -0.00489726
v 0.01008346 0.00592162 -0.00475528
v 0.01011975 0.00618968 -0.00459237
v 0.01018225 0.00618968 -0.00438014
v 0.01021652 0.00565356 -0.00438014
v 0.01024374 0.00618968 -0.00411261
v 0.01025886 0.00592162 -0.00411261
v 0.01027095 0.00645773 -0.00384358
v 0.01030119 0.00645773 -0.00357456
v 0.01031430 0.00618968 -0.00357456
v 0.01032236 0.00645773 -0.00303800
v 0.01032841 0.00645773 -0.00276898
v 0.01033849 0.00618968 -0.00276898
v 0.01031531 0.00645773 -0.00330703
v 0.01033345 0.00645773 -0.00250145
v 0.01033647 0.00645773 -0.00223242
v 0.01032639 0.00672579 -0.00196340
v 0.01031430 0.00699585 -0.00169587
v 0.01028708 0.00753196 -0.00169587
v 0.01027095 0.00780002 -0.00196340
v 0.01025684 0.00807008 -0.00169587
v 0.01023769 0.00833814 0.00152496
v 0.01023668 0.00833814 0.00179249
v 0.01015201 0.00941237 0.00179249
v 0.01006733 0.01048460 0.00152496
v 0.01000282 0.01129077 0.00152496
v 0.01000181 0.01129077 0.00179249
v 0.00999576 0.01129077 0.00206151
v 0.00997056 0.01155883 0.00206151
v 0.00985867 0.01263306 0.00206151
v 0.00982943 0.01281310 0.00233054
v 0.00981431 0.01294713 0.00233054
v 0.00978609 0.01317118 0.00233054
v 0.00967823 0.01397535 0.00233054
v 0.00960565 0.01451346 0.00233054
v 0.00956432 0.01469350 0.00253828
v 0.00958045 0.01453147 0.00261600
v 0.00955424 0.01463349 0.00271614
v 0.00956735 0.01445545 0.00281329
v 0.00950687 0.01477952 0.00286709
v 0.00941614 0.01504758 0.00313612
v 0.00940808 0.01531564 0.00286709
v 0.00935768 0.01558569 0.00286709
v 0.00929619 0.01549367 0.00330052
v 0.00930929 0.01529363 0.00339617
v 0.00930324 0.01504758 0.00359197
v 0.00927099 0.01536765 0.00347987
v 0.00919236 0.01585375 0.00340365
v 0.00913591 0.01612181 0.00340365
v 0.00916716 0.01558569 0.00367267
v 0.00910970 0.01585375 0.00367267
v 0.00905325 0.01611181 0.00367566
v 0.00900487 0.01619582 0.00376683
v 0.00895245 0.01611181 0.00392227
v 0.00902503 0.01547567 0.00408667
v 0.00904418 0.01531564 0.00412553
v 0.00906636 0.01502957 0.00421521
v 0.00897563 0.01531564 0.00426004
v 0.00873471 0.01619182 0.00431385
v 0.00866012 0.01610981 0.00445733
v 0.00871959 0.01558569 0.00456793
v 0.00874177 0.01541566 0.00459931
v 0.00856032 0.01638387 0.00449021
v 0.00846355 0.01646988 0.00458885
v 0.00829622 0.01665792 0.00470692
v 0.00834965 0.01639587 0.00474877
v 0.00823473 0.01632185 0.00490271
v 0.00839904 0.01612181 0.00478763
v 0.00843835 0.01585375 0.00483097
v 0.00794543 0.01544966 0.00541834
v 0.00805026 0.01477952 0.00550503
v 0.00812183 0.01612181 0.00506562
v 0.00798776 0.01612181 0.00518818
v 0.00810066 0.01344723 0.00577256
v 0.00805631 0.01315517 0.00586523
v 0.00810772 0.01290112 0.00588167
v 0.00792224 0.01451346 0.00567093
v 0.00794442 0.01437543 0.00568588
v 0.00800490 0.01129077 0.00626577
v 0.00819945 0.01083467 0.00621346
v 0.00822263 0.01065664 0.00622990
v 0.00836880 0.00968243 0.00630613
v 0.00795047 0.01305515 0.00595938
v 0.00797365 0.01290112 0.00597433
v 0.00781035 0.01290112 0.00608642
v 0.00801196 0.01263306 0.00600123
v 0.00794845 0.01170486 0.00622542
v 0.00839702 0.00887425 0.00643317
v 0.00819239 0.00941237 0.00647800
v 0.00823473 0.00909230 0.00650640
v 0.00790813 0.01048460 0.00647203
v 0.00783152 0.01022454 0.00655572
v 0.00773172 0.01075466 0.00651985
v 0.00779624 0.00942437 0.00670667
v 0.00815610 0.00968043 0.00645409
v 0.00766923 0.01113674 0.00648847
v 0.00769846 0.01095670 0.00650341
v 0.00759866 0.01155883 0.00645260
v 0.00754221 0.01209694 0.00638833
v 0.00754221 0.01236500 0.00634200
v 0.00725795 0.01263706 0.00643616
v 0.00715815 0.01255104 0.00650042
v 0.00712388 0.01272908 0.00648548
v 0.00683861 0.01349525 0.00647950
v 0.00633560 0.01465149 0.00649295
v 0.00620254 0.01475752 0.00652434
v 0.00593138 0.01504758 0.00656768
v 0.00566325 0.01558569 0.00656170
v 0.00539410 0.01585375 0.00659907
v 0.00512697 0.01612181 0.00663045
v 0.00510278 0.01556169 0.00672162
v 0.00299096 0.01748010 0.00678290
v 0.00290931 0.01764013 0.00676646
v 0.00297886 0.01853833 0.00660654
v 0.00308773 0.01758212 0.00675749
v 0.00324800 0.01773215 0.00671564
v 0.00324800 0.01800021 0.00667230
v 0.00324800 0.01827027 0.00662597
v 0.00270568 0.01908645 0.00651836
v 0.00279137 0.01918447 0.00648548
v 0.00297886 0.01880639 0.00655124
v 0.00298289 0.01989662 0.00626428
v 0.00297886 0.01961256 0.00634947
v 0.00297886 0.01934450 0.00642121
v 0.00298289 0.02013667 0.00618507
v 0.00324800 0.02014867 0.00613574
v 0.00324800 0.02041673 0.00604009
v 0.00324800 0.02059477 0.00597283
v 0.00285286 0.02082482 0.00595639
v 0.00271072 0.02098285 0.00591006
v 0.00244259 0.02102686 0.00592800
v 0.00217344 0.02106487 0.00594444
v 0.00217344 0.02122290 0.00587419
v 0.00191337 0.02120090 0.00590707
v 0.00218151 0.02151297 0.00574267
v 0.00209683 0.02164099 0.00569335
v 0.00190531 0.02179103 0.00563356
v 0.00163616 0.02202908 0.00552595
v 0.00190531 0.02217511 0.00542582
v 0.00163616 0.02219111 0.00543479
v 0.00136803 0.02233914 0.00536155
v 0.00136803 0.02254519 0.00522704
v 0.00136803 0.02267922 0.00513437
v 0.00136803 0.02283325 0.00501630
v 0.00109989 0.02283325 0.00503125
v 0.00109989 0.02299729 0.00490421
v 0.00109989 0.02313131 0.00478165
v 0.00109989 0.02327334 0.00464714
v 0.00109989 0.02340737 0.00451113
v 0.00136803 0.02353140 0.00437214
v 0.00109989 0.02353340 0.00437662
v 0.00083075 0.02377945 0.00408368
v 0.00109989 0.02387347 0.00394170
v 0.00083075 0.02387547 0.00394170
v 0.00083075 0.02400350 0.00374740
v 0.00083075 0.02408952 0.00361289
v 0.00083075 0.02420555 0.00340365
v 0.00109989 0.02429356 0.00323327
v 0.00083075 0.02435758 0.00309875
v 0.00083075 0.02445960 0.00286709
v 0.00083075 0.02454762 0.00264291
v 0.00056261 0.02454562 0.00263992
v 0.00056261 0.02459363 0.00250540
v 0.00056261 0.02465364 0.00233054
v 0.00029447 0.02463764 0.00233054
v 0.00029447 0.02485969 0.00145770
v 0.00029447 0.02488969 0.00125593
v 0.00029447 0.02492370 0.00098840
v 0.00029447 0.02494770 0.00071938
v 0.00029447 0.02482568 0.00159221
v 0.00029447 0.02495971 0.00045035
v 0.00006767 0.02003065 -0.00384358
v 0.00012109 0.02489369 -0.00035373
v 0.00029447 0.02496971 -0.00008471
v 0.00056261 0.02498171 0.00045035
v 0.00056261 0.02498971 0.00018282
v 0.00008279 0.02471365 -0.00062126
v 0.00008077 0.02444560 -0.00196340
v 0.00007876 0.02417554 -0.00250145
v 0.00109989 0.01558569 -0.00698370
v 0.00109989 0.01606380 -0.00693886
v 0.00136803 0.01619182 -0.00692541
v 0.00163616 0.01616182 -0.00692242
v 0.00163616 0.01638987 -0.00690000
v 0.00244259 0.01558569 -0.00695381
v 0.00261194 0.01573773 -0.00693289
v 0.00901192 0.00574358 -0.00638736
v 0.00911172 0.00618968 -0.00621847
v 0.00929316 0.00555754 -0.00613179
v 0.00834763 0.00618968 -0.00682079
v 0.00834763 0.00645773 -0.00678044
v 0.00848775 0.00661577 -0.00666685
v 0.00866919 0.00618968 -0.00660258
v 0.00872463 0.00565356 -0.00664294
v 0.00899680 0.00592162 -0.00637391
v 0.00881233 0.00645773 -0.00644565
v 0.00894741 0.00645773 -0.00633057
v 0.00890709 0.00565356 -0.00649049
v 0.00324800 0.01638987 -0.00681930
v 0.00351614 0.01612181 -0.00682079
v 0.00351614 0.01638987 -0.00678940
v 0.00378428 0.01638987 -0.00675503
v 0.00405342 0.01638987 -0.00671617
v 0.00244259 0.01638987 -0.00687310
v 0.00244259 0.01665792 -0.00684172
v 0.00271072 0.01665792 -0.00682826
v 0.00324800 0.01612181 -0.00684919
v 0.00297886 0.01665792 -0.00680734
v 0.00758354 0.00645773 -0.00716454
v 0.00754221 0.00753196 -0.00702256
v 0.00762286 0.00807008 -0.00690897
v 0.00752205 0.00671579 -0.00715109
v 0.00771660 0.00753196 -0.00694932
v 0.00776096 0.00726391 -0.00697025
v 0.00782648 0.00698985 -0.00698221
v 0.00792627 0.00707387 -0.00692242
v 0.00795450 0.00689583 -0.00693587
v 0.00765713 0.00788204 -0.00692242
v 0.00811377 0.00672579 -0.00687609
v 0.00802708 0.00807008 -0.00670870
v 0.00819139 0.00785803 -0.00665041
v 0.00827001 0.00726391 -0.00669823
v 0.00440421 0.01638987 -0.00665340
v 0.00469755 0.01595377 -0.00665788
v 0.00528221 0.01494956 -0.00666834
v 0.00541527 0.01452947 -0.00669823
v 0.00475803 0.01577573 -0.00666984
v 0.00551809 0.01462949 -0.00665938
v 0.00556446 0.01444945 -0.00667283
v 0.00561385 0.01424341 -0.00668777
v 0.00566325 0.01370729 -0.00674606
v 0.00672067 0.01048460 -0.00689104
v 0.00635879 0.01282510 -0.00667133
v 0.00687591 0.00982646 -0.00693289
v 0.00696159 0.00941237 -0.00696278
v 0.00716521 0.00907230 -0.00694036
v 0.00727408 0.00833814 -0.00700761
v 0.00733859 0.00887425 -0.00690598
v 0.00737891 0.00866821 -0.00692093
v 0.00945546 0.00535750 -0.00596440
v 0.00936272 0.00618968 -0.00594646
v 0.00937784 0.00564956 -0.00601372
v 0.00962279 0.00535750 -0.00574021
v 0.00953106 0.00565356 -0.00582390
v 0.00957944 0.00645773 -0.00562214
v 0.00959557 0.00618968 -0.00564455
v 0.00962581 0.00565356 -0.00568939
v 0.00975988 0.00565356 -0.00548164
v 0.00982137 0.00602964 -0.00531575
v 0.00983044 0.00584960 -0.00533069
v 0.00008480 0.02390748 -0.00330703
v 0.00014932 0.02298328 -0.00479563
v 0.00014529 0.02325534 -0.00453408
v 0.00011101 0.02366543 -0.00386899
v 0.00013319 0.02357941 -0.00411261
v 0.00015133 0.02351540 -0.00425908
v 0.00013319 0.02250718 -0.00509903
v 0.00014226 0.02219711 -0.00533966
v 0.00029447 0.02171301 -0.00563110
v 0.00029447 0.02115489 -0.00588369
v 0.00029447 0.02053276 -0.00611385
v 0.00056261 0.02068679 -0.00607051
v 0.00056261 0.02054276 -0.00612282
v 0.00056261 0.02040873 -0.00616766
v 0.00056261 0.02014867 -0.00624986
v 0.00056261 0.01988062 -0.00632608
v 0.00029447 0.02014867 -0.00623342
v 0.00029447 0.01953054 -0.00640679
v 0.00029447 0.01934450 -0.00644715
v 0.00056261 0.01880639 -0.00657418
v 0.00056261 0.01853833 -0.00662351
v 0.00056261 0.01835029 -0.00665489
v 0.00083075 0.01853833 -0.00662201
v 0.00109989 0.01833829 -0.00665340
v 0.00136803 0.01818625 -0.00666984
v 0.00136803 0.01773215 -0.00673261
v 0.00136803 0.01832228 -0.00665041
v 0.00136803 0.01692798 -0.00684172
v 0.00163616 0.01665792 -0.00687011
v 0.00136803 0.01638987 -0.00690598
v 0.00109989 0.01638987 -0.00690748
v 0.00083075 0.01638987 -0.00690748
v 0.00485884 0.01638987 0.00665436
v 0.00456348 0.01636386 0.00672312
v 0.00439010 0.01643588 0.00674703
v 0.00430845 0.01664792 0.00672909
v 0.00432156 0.01692798 0.00667828
v 0.00405342 0.01746410 0.00663643
v 0.00405342 0.01719604 0.00668276
v 0.00378428 0.01746410 0.00668426
v 0.00349396 0.01744209 0.00673059
v 0.00351614 0.01800021 0.00663493
v 0.00351614 0.01773215 0.00667977
v 0.00349396 0.01718204 0.00677244
v 0.00324800 0.01752411 0.00674852
v 0.00324800 0.01739008 0.00676945
v 0.00988387 0.00593162 -0.00520963
v 0.00988185 0.00618968 -0.00516629
v 0.00997157 0.00645773 -0.00491669
v 0.01006128 0.00645773 -0.00469699
v 0.01007237 0.00618968 -0.00472688
v 0.01010967 0.00645773 -0.00456248
v 0.01016309 0.00645773 -0.00438014
v 0.01022660 0.00645773 -0.00411261
v 0.01025281 0.00672579 -0.00384358
v 0.01028406 0.00672579 -0.00357456
v 0.01028406 0.00699585 -0.00330703
v 0.01030019 0.00672579 -0.00330703
v 0.01030926 0.00672579 -0.00303800
v 0.01032135 0.00672579 -0.00250145
v 0.01029414 0.00699585 -0.00303800
v 0.01032438 0.00672579 -0.00223242
v 0.01029918 0.00726391 -0.00196340
v 0.01028204 0.00753196 -0.00223242
v 0.01026289 0.00780002 -0.00250145
v 0.01025482 0.00807008 -0.00196340
v 0.01023769 0.00833814 -0.00169587
v 0.01019535 0.00887425 -0.00169587
v 0.01004616 0.01075466 -0.00169587
v 0.01000282 0.01129077 -0.00142684
v 0.00997762 0.01155883 0.00152496
v 0.00997661 0.01155883 0.00179249
v 0.00989395 0.01236500 0.00179249
v 0.00982339 0.01302514 0.00186124
v 0.00983448 0.01285911 0.00206151
v 0.00981935 0.01299514 0.00206151
v 0.00979718 0.01317118 0.00206151
v 0.00965505 0.01424341 0.00206151
v 0.00961876 0.01451346 0.00206151
v 0.00957138 0.01473551 0.00233054
v 0.00954819 0.01486954 0.00233054
v 0.00929014 0.01626584 0.00248000
v 0.00927804 0.01593977 0.00294332
v 0.00929518 0.01575973 0.00304345
v 0.00931232 0.01558369 0.00313313
v 0.00927804 0.01567171 0.00322131
v 0.00930324 0.01611181 0.00258163
v 0.00925889 0.01611181 0.00285962
v 0.00920546 0.01612181 0.00313612
v 0.00925083 0.01558369 0.00339617
v 0.00914801 0.01638987 0.00313612
v 0.00906837 0.01640387 0.00342009
v 0.00903511 0.01632185 0.00358748
v 0.00901293 0.01650189 0.00352023
v 0.00898269 0.01640387 0.00367566
v 0.00875991 0.01736608 0.00356207
v 0.00874681 0.01704801 0.00379822
v 0.00886979 0.01638987 0.00394170
v 0.00887080 0.01585375 0.00420923
v 0.00877604 0.01638987 0.00412703
v 0.00870548 0.01638987 0.00426154
v 0.00849883 0.01684396 0.00436765
v 0.00852908 0.01665792 0.00441100
v 0.00820046 0.01783018 0.00432730
v 0.00818937 0.01726205 0.00458287
v 0.00824884 0.01692798 0.00465312
v 0.00820449 0.01650189 0.00487282
v 0.00795954 0.01629585 0.00516277
v 0.00808252 0.01639787 0.00501780
v 0.00780027 0.01614381 0.00534063
v 0.00767427 0.01624784 0.00541536
v 0.00787789 0.01477952 0.00563954
v 0.00785168 0.01370729 0.00589063
v 0.00778817 0.01451346 0.00576359
v 0.00763394 0.01424341 0.00592650
v 0.00783757 0.01426941 0.00578153
v 0.00771660 0.01370729 0.00598330
v 0.00804119 0.01102271 0.00628969
v 0.00769140 0.01255304 0.00623289
v 0.00782446 0.01315517 0.00602515
v 0.00766419 0.01273308 0.00621645
v 0.00779321 0.01263906 0.00614920
v 0.00727408 0.01317118 0.00633452
v 0.00722166 0.01370729 0.00626577
v 0.00694244 0.01451346 0.00625979
v 0.00673680 0.01451346 0.00635246
v 0.00673680 0.01424341 0.00639730
v 0.00649890 0.01451346 0.00644961
v 0.00644245 0.01475752 0.00643018
v 0.00619952 0.01558569 0.00637189
v 0.00617734 0.01529763 0.00643466
v 0.00607251 0.01519761 0.00649444
v 0.00610779 0.01504758 0.00650790
v 0.00583663 0.01558569 0.00650491
v 0.00566224 0.01582975 0.00651985
v 0.00535176 0.01638987 0.00652135
v 0.00541930 0.01614381 0.00654227
v 0.00512697 0.01638987 0.00658561
v 0.00324800 0.01853833 0.00657216
v 0.00351614 0.01827027 0.00658711
v 0.00297886 0.01900443 0.00650640
v 0.00297886 0.01913846 0.00647352
v 0.00314418 0.01896042 0.00649594
v 0.00307462 0.01999664 0.00621645
v 0.00324800 0.01981460 0.00624634
v 0.00324800 0.01934450 0.00638086
v 0.00324800 0.01961256 0.00630613
v 0.00351110 0.01986661 0.00617909
v 0.00351614 0.02014867 0.00608044
v 0.00349699 0.02041673 0.00598928
v 0.00341836 0.01976859 0.00622990
v 0.00339518 0.02055876 0.00595789
v 0.00324800 0.02073080 0.00591903
v 0.00303229 0.02078081 0.00593995
v 0.00295769 0.02093084 0.00589213
v 0.00298592 0.02124291 0.00574566
v 0.00271072 0.02122290 0.00579946
v 0.00244259 0.02122290 0.00583982
v 0.00227525 0.02161699 0.00568139
v 0.00218151 0.02174102 0.00562908
v 0.00215429 0.02204308 0.00547215
v 0.00205248 0.02216511 0.00541984
v 0.00190531 0.02202908 0.00550653
v 0.00190531 0.02230914 0.00534063
v 0.00163616 0.02232514 0.00535109
v 0.00163616 0.02253319 0.00521807
v 0.00163616 0.02266721 0.00512690
v 0.00163616 0.02283325 0.00499986
v 0.00136803 0.02298728 0.00489674
v 0.00136803 0.02312131 0.00477567
v 0.00136803 0.02326734 0.00464116
v 0.00136803 0.02340137 0.00450665
v 0.00163616 0.02352340 0.00436466
v 0.00142347 0.02377145 0.00407173
v 0.00134787 0.02368543 0.00418233
v 0.00109989 0.02366743 0.00421371
v 0.00109989 0.02377545 0.00407920
v 0.00134787 0.02384947 0.00396561
v 0.00136803 0.02400150 0.00373993
v 0.00109989 0.02400350 0.00374591
v 0.00109989 0.02408752 0.00361139
v 0.00109989 0.02420354 0.00340365
v 0.00136803 0.02429156 0.00322878
v 0.00109989 0.02435558 0.00309875
v 0.00109989 0.02445960 0.00286709
v 0.00109989 0.02454762 0.00264291
v 0.00083075 0.02465564 0.00233054
v 0.00056261 0.02473166 0.00206151
v 0.00056261 0.02486369 0.00147863
v 0.00056261 0.02489969 0.00125593
v 0.00056261 0.02479767 0.00179249
v 0.00056261 0.02483968 0.00161314
v 0.00056261 0.02493570 0.00098840
v 0.00056261 0.02496571 0.00071938
v 0.00012311 0.02488769 -0.00062126
v 0.00056261 0.02498971 -0.00008471
v 0.00056261 0.02498171 -0.00035373
v 0.00029447 0.02495971 -0.00035373
v 0.00083075 0.02497771 0.00045035
v 0.00083075 0.02496371 0.00071938
v 0.00109989 0.02497171 0.00045035
v 0.00083075 0.02498371 0.00018282
v 0.00008884 0.02471365 -0.00089029
v 0.00012109 0.02463364 -0.00196340
v 0.00009690 0.02444560 -0.00223242
v 0.00008480 0.02417554 -0.00276898
v 0.00190531 0.01638987 -0.00689104
v 0.00908954 0.00645773 -0.00619606
v 0.00924579 0.00618968 -0.00607948
v 0.00926595 0.00592162 -0.00610190
v 0.00863996 0.00645773 -0.00658016
v 0.00832243 0.00778202 -0.00657717
v 0.00834763 0.00807008 -0.00651141
v 0.00848371 0.00821211 -0.00639633
v 0.00850085 0.00807008 -0.00640829
v 0.00878512 0.00672579 -0.00642323
v 0.00900890 0.00734793 -0.00611684
v 0.00902603 0.00716789 -0.00613328
v 0.00904216 0.00699585 -0.00614823
v 0.00906636 0.00672579 -0.00617214
v 0.00882947 0.00780002 -0.00619307
v 0.00324800 0.01665792 -0.00678343
v 0.00351614 0.01665792 -0.00675204
v 0.00378428 0.01665792 -0.00671766
v 0.00404233 0.01664592 -0.00668030
v 0.00421067 0.01654790 -0.00666685
v 0.00190531 0.01665792 -0.00686114
v 0.00217344 0.01665792 -0.00685218
v 0.00244259 0.01692798 -0.00680435
v 0.00258371 0.01787218 -0.00666386
v 0.00744040 0.00833814 -0.00694484
v 0.00743133 0.01015453 -0.00667432
v 0.00785067 0.00753196 -0.00688655
v 0.00777305 0.00887425 -0.00671169
v 0.00793434 0.00870422 -0.00665639
v 0.00796055 0.00852618 -0.00667133
v 0.00809361 0.00778202 -0.00671766
v 0.00793434 0.01031856 -0.00638886
v 0.00821155 0.00927034 -0.00639334
v 0.00829824 0.00860620 -0.00645163
v 0.00458969 0.01638987 -0.00661603
v 0.00485884 0.01638987 -0.00655625
v 0.00485884 0.01612181 -0.00659660
v 0.00566325 0.01477952 -0.00659212
v 0.00565720 0.01452947 -0.00663397
v 0.00512697 0.01612181 -0.00653234
v 0.00541930 0.01614381 -0.00644416
v 0.00673680 0.01102271 -0.00680734
v 0.00593138 0.01451346 -0.00655475
v 0.00619952 0.01424341 -0.00650842
v 0.00646866 0.01317118 -0.00658016
v 0.00686885 0.01168886 -0.00666236
v 0.00664809 0.01209694 -0.00667881
v 0.00700493 0.01075466 -0.00675204
v 0.00712388 0.01111873 -0.00665639
v 0.00715715 0.01093870 -0.00666984
v 0.00740210 0.01033457 -0.00665938
v 0.00934356 0.00645773 -0.00592255
v 0.00947763 0.00645773 -0.00575665
v 0.00949679 0.00618968 -0.00577907
v 0.00968932 0.00645773 -0.00545474
v 0.00956634 0.00666578 -0.00560271
v 0.00971956 0.00618968 -0.00545474
v 0.00981331 0.00618968 -0.00530080
v 0.00012513 0.02410152 -0.00330703
v 0.00011605 0.02390948 -0.00357157
v 0.00029447 0.02327334 -0.00455201
v 0.00029447 0.02313131 -0.00468653
v 0.00029447 0.02299729 -0.00480908
v 0.00029447 0.02268922 -0.00504074
v 0.00013319 0.02382146 -0.00379576
v 0.00029447 0.02352940 -0.00427253
v 0.00029447 0.02340737 -0.00440704
v 0.00017250 0.02377145 -0.00397511
v 0.00029447 0.02235715 -0.00526792
v 0.00029447 0.02222312 -0.00535610
v 0.00056261 0.02202908 -0.00547417
v 0.00056261 0.02185304 -0.00556833
v 0.00056261 0.02171901 -0.00563559
v 0.00056261 0.02149096 -0.00574469
v 0.00056261 0.02129692 -0.00583138
v 0.00056261 0.02116089 -0.00588817
v 0.00056261 0.02095485 -0.00597037
v 0.00083075 0.02068679 -0.00606752
v 0.00083075 0.02053676 -0.00612133
v 0.00083075 0.02040273 -0.00616616
v 0.00109989 0.02014867 -0.00624089
v 0.00109989 0.01988062 -0.00632011
v 0.00083075 0.01967657 -0.00637690
v 0.00056261 0.01968057 -0.00637839
v 0.00056261 0.01934450 -0.00645761
v 0.00056261 0.01907444 -0.00651889
v 0.00109989 0.01907444 -0.00651440
v 0.00109989 0.01880639 -0.00656821
v 0.00109989 0.01853833 -0.00661902
v 0.00158173 0.01816025 -0.00666685
v 0.00136803 0.01853833 -0.00661304
v 0.00165733 0.01825827 -0.00664891
v 0.00485884 0.01665792 0.00660504
v 0.00458969 0.01692798 0.00661999
v 0.00458969 0.01665792 0.00666931
v 0.00432156 0.01746410 0.00658262
v 0.00405342 0.01773215 0.00658860
v 0.00378428 0.01800021 0.00659159
v 0.00986875 0.00645773 -0.00513939
v 0.00994435 0.00672579 -0.00491669
v 0.01002701 0.00699585 -0.00464916
v 0.01005725 0.00674980 -0.00463571
v 0.01010060 0.00667578 -0.00453707
v 0.01013184 0.00674980 -0.00440555
v 0.01010060 0.00753196 -0.00427103
v 0.01016108 0.00726391 -0.00411261
v 0.01018325 0.00699585 -0.00411261
v 0.01020543 0.00672579 -0.00411261
v 0.01021148 0.00726391 -0.00384358
v 0.01026490 0.00699585 -0.00357456
v 0.01020745 0.00780002 -0.00357456
v 0.01023063 0.00780002 -0.00330703
v 0.01027801 0.00726391 -0.00303800
v 0.01024374 0.00780002 -0.00303800
v 0.01030119 0.00699585 -0.00276898
v 0.01031027 0.00699585 -0.00223242
v 0.01029212 0.00726391 -0.00250145
v 0.01027095 0.00753196 -0.00276898
v 0.01025482 0.00780002 -0.00276898
v 0.01024575 0.00807008 -0.00250145
v 0.01025079 0.00807008 -0.00223242
v 0.01023466 0.00833814 -0.00196340
v 0.01014999 0.00941237 -0.00196340
v 0.01012882 0.00968043 -0.00196340
v 0.01004213 0.01075466 -0.00196340
v 0.01000181 0.01129077 -0.00169587
v 0.00997762 0.01155883 -0.00142684
v 0.00995040 0.01182889 0.00152496
v 0.00989597 0.01236500 0.00152496
v 0.00982439 0.01303915 0.00168338
v 0.00986572 0.01263306 0.00179249
v 0.00980927 0.01314517 0.00178053
v 0.00970041 0.01397535 0.00179249
v 0.00962985 0.01451346 0.00179249
v 0.00957440 0.01479552 0.00204956
v 0.00955323 0.01489555 0.00213026
v 0.00940304 0.01585375 0.00179249
v 0.00938893 0.01585375 0.00206151
v 0.00934155 0.01612181 0.00206151
v 0.00932643 0.01612181 0.00233054
v 0.00929518 0.01628784 0.00233054
v 0.00901797 0.01759613 0.00191654
v 0.00901293 0.01757412 0.00206151
v 0.00897563 0.01773215 0.00206151
v 0.00900184 0.01752611 0.00233054
v 0.00902402 0.01735207 0.00249345
v 0.00913591 0.01665792 0.00286709
v 0.00919942 0.01638987 0.00286709
v 0.00925990 0.01585175 0.00313313
v 0.00904115 0.01661191 0.00334088
v 0.00901797 0.01705601 0.00299114
v 0.00904115 0.01687797 0.00308829
v 0.00907140 0.01668393 0.00316153
v 0.00901797 0.01678995 0.00326764
v 0.00899680 0.01668393 0.00342009
v 0.00886173 0.01719604 0.00340365
v 0.00873572 0.01754411 0.00349332
v 0.00860367 0.01773215 0.00367267
v 0.00848775 0.01788419 0.00381765
v 0.00851093 0.01773215 0.00386248
v 0.00879721 0.01663992 0.00394170
v 0.00877302 0.01686997 0.00385202
v 0.00875487 0.01653990 0.00408368
v 0.00846759 0.01755212 0.00404781
v 0.00852202 0.01719604 0.00414496
v 0.00846960 0.01702400 0.00432431
v 0.00826195 0.01800021 0.00414795
v 0.00822969 0.01817825 0.00410012
v 0.00816820 0.01800021 0.00428246
v 0.00801700 0.01797621 0.00448124
v 0.00794643 0.01787018 0.00461276
v 0.00811881 0.01773616 0.00446480
v 0.00804018 0.01665792 0.00496698
v 0.00789200 0.01665792 0.00510149
v 0.00792728 0.01647588 0.00513288
v 0.00788192 0.01746410 0.00482201
v 0.00795551 0.01708802 0.00489076
v 0.00783958 0.01692798 0.00505367
v 0.00782749 0.01638787 0.00524647
v 0.00764604 0.01638987 0.00539593
v 0.00751097 0.01638987 0.00549008
v 0.00731742 0.01638987 0.00562310
v 0.00736782 0.01612181 0.00565897
v 0.00739807 0.01595977 0.00567990
v 0.00767326 0.01517160 0.00568438
v 0.00774281 0.01477952 0.00573221
v 0.00759161 0.01451346 0.00589661
v 0.00752709 0.01478352 0.00587868
v 0.00742629 0.01469950 0.00596686
v 0.00727408 0.01451346 0.00608642
v 0.00742226 0.01334321 0.00622990
v 0.00714606 0.01412938 0.00622691
v 0.00711380 0.01430742 0.00621047
v 0.00690211 0.01472351 0.00623887
v 0.00675998 0.01479752 0.00628819
v 0.00669849 0.01504758 0.00626727
v 0.00646866 0.01531564 0.00631360
v 0.00646866 0.01504758 0.00636442
v 0.00647370 0.01556569 0.00626278
v 0.00619952 0.01585375 0.00631958
v 0.00593138 0.01612181 0.00637338
v 0.00602614 0.01537565 0.00647800
v 0.00579933 0.01572372 0.00649295
v 0.00552514 0.01624984 0.00648996
v 0.00529632 0.01658191 0.00650341
v 0.00513806 0.01666593 0.00653031
v 0.00352723 0.01855433 0.00652583
v 0.00323893 0.01880839 0.00651537
v 0.00380746 0.01829228 0.00653181
v 0.00373287 0.01847431 0.00650790
v 0.00323893 0.01906044 0.00645558
v 0.00332260 0.01889841 0.00648249
v 0.00351614 0.01907444 0.00640477
v 0.00351614 0.01934450 0.00633303
v 0.00351110 0.01961856 0.00625681
v 0.00359779 0.01971258 0.00621346
v 0.00378428 0.01988062 0.00611183
v 0.00371573 0.02032671 0.00597134
v 0.00349699 0.02066478 0.00589063
v 0.00357360 0.02050475 0.00593547
v 0.00324800 0.02095485 0.00582487
v 0.00324800 0.02117489 0.00572623
v 0.00307966 0.02134493 0.00568139
v 0.00271072 0.02154297 0.00564702
v 0.00244259 0.02145495 0.00573221
v 0.00297987 0.02177902 0.00548112
v 0.00244259 0.02175902 0.00557976
v 0.00244259 0.02197707 0.00546318
v 0.00244259 0.02211109 0.00538845
v 0.00223191 0.02214110 0.00540489
v 0.00270165 0.02231514 0.00521807
v 0.00278532 0.02241716 0.00514035
v 0.00244259 0.02245917 0.00516726
v 0.00217344 0.02249118 0.00518818
v 0.00190531 0.02251718 0.00520611
v 0.00190531 0.02265121 0.00511494
v 0.00178535 0.02297128 0.00488328
v 0.00163616 0.02311131 0.00476820
v 0.00163616 0.02325734 0.00463369
v 0.00183979 0.02351340 0.00435271
v 0.00191942 0.02360142 0.00423464
v 0.00217344 0.02374145 0.00403137
v 0.00190531 0.02375345 0.00404781
v 0.00163616 0.02364743 0.00420923
v 0.00185793 0.02324734 0.00462323
v 0.00190531 0.02385347 0.00391479
v 0.00163616 0.02386147 0.00392825
v 0.00124404 0.02377345 0.00407621
v 0.00163616 0.02376345 0.00406276
v 0.00163616 0.02399550 0.00373246
v 0.00136803 0.02408352 0.00360691
v 0.00136803 0.02419754 0.00340365
v 0.00163616 0.02428756 0.00322131
v 0.00136803 0.02435358 0.00309427
v 0.00136803 0.02445360 0.00286709
v 0.00136803 0.02454562 0.00263543
v 0.00136803 0.02459163 0.00250241
v 0.00109989 0.02459363 0.00250839
v 0.00109989 0.02465164 0.00233054
v 0.00109989 0.02473166 0.00206151
v 0.00083075 0.02473366 0.00206151
v 0.00083075 0.02486569 0.00147863
v 0.00083075 0.02489969 0.00125593
v 0.00083075 0.02479767 0.00179249
v 0.00083075 0.02483768 0.00161164
v 0.00109989 0.02479567 0.00179249
v 0.00083075 0.02493570 0.00098840
v 0.00013017 0.02487969 -0.00089029
v 0.00083075 0.02498371 -0.00008471
v 0.00083075 0.02497771 -0.00035373
v 0.00083075 0.02496371 -0.00062126
v 0.00056261 0.02496371 -0.00062126
v 0.00029447 0.02494570 -0.00062126
v 0.00109989 0.02493170 0.00098840
v 0.00136803 0.02492770 0.00098840
v 0.00109989 0.02495771 0.00071938
v 0.00136803 0.02496371 0.00045035
v 0.00136803 0.02496971 0.00018282
v 0.00136803 0.02495171 0.00071938
v 0.00014428 0.02486169 -0.00115931
v 0.00015637 0.02485168 -0.00131624
v 0.00013823 0.02460363 -0.00223242
v 0.00012513 0.02435958 -0.00276898
v 0.00922361 0.00645773 -0.00605706
v 0.00932340 0.00672579 -0.00589863
v 0.00876395 0.00692583 -0.00640530
v 0.00804119 0.01102271 -0.00619307
v 0.00831537 0.00994848 -0.00619755
v 0.00847162 0.00977445 -0.00611834
v 0.00849783 0.01102271 -0.00587024
v 0.00854823 0.00914231 -0.00617663
v 0.00863492 0.00807008 -0.00630367
v 0.00866617 0.00780002 -0.00632758
v 0.00872665 0.00726391 -0.00637541
v 0.00877302 0.00833814 -0.00614524
v 0.00880124 0.00807008 -0.00616915
v 0.00893632 0.00807008 -0.00604809
v 0.00907442 0.00807008 -0.00591358
v 0.00909962 0.00780002 -0.00593899
v 0.00915103 0.00724590 -0.00598831
v 0.00920042 0.00672579 -0.00603315
v 0.00298491 0.01772615 -0.00664592
v 0.00307865 0.01757612 -0.00665938
v 0.00324800 0.01692798 -0.00674158
v 0.00324800 0.01800021 -0.00657418
v 0.00394556 0.01682396 -0.00666834
v 0.00405342 0.01773215 -0.00648899
v 0.00430845 0.01664592 -0.00663098
v 0.00458969 0.01665792 -0.00657269
v 0.00244259 0.01746410 -0.00672813
v 0.00244259 0.01802622 -0.00664742
v 0.00244259 0.01827027 -0.00660856
v 0.00271072 0.01827027 -0.00658913
v 0.00268855 0.01797821 -0.00663696
v 0.00766822 0.00952239 -0.00665938
v 0.00790712 0.00887425 -0.00664294
v 0.00794845 0.01170686 -0.00612880
v 0.00800591 0.01129077 -0.00616766
v 0.00786478 0.00914231 -0.00662052
v 0.00773172 0.01075466 -0.00642174
v 0.00769846 0.01095670 -0.00640530
v 0.00766923 0.01113674 -0.00639035
v 0.00766419 0.01273308 -0.00611983
v 0.00485884 0.01665792 -0.00650842
v 0.00512697 0.01638987 -0.00648750
v 0.00535176 0.01638987 -0.00642323
v 0.00552514 0.01624984 -0.00639334
v 0.00593138 0.01477952 -0.00651141
v 0.00690615 0.01150882 -0.00667582
v 0.00702308 0.01102671 -0.00670571
v 0.00619952 0.01451346 -0.00646657
v 0.00646866 0.01370729 -0.00649647
v 0.00683861 0.01182889 -0.00665190
v 0.00727408 0.01129077 -0.00656073
v 0.00725795 0.01102671 -0.00661155
v 0.00673680 0.01290112 -0.00652187
v 0.00673680 0.01317118 -0.00647853
v 0.00687792 0.01332521 -0.00639782
v 0.00727408 0.01155883 -0.00651590
v 0.00746460 0.01155883 -0.00642323
v 0.00750996 0.01129077 -0.00644565
v 0.00756540 0.01103672 -0.00646060
v 0.00930223 0.00699585 -0.00587472
v 0.00942320 0.00699585 -0.00572227
v 0.00947562 0.00674380 -0.00570434
v 0.00979919 0.00645773 -0.00527390
v 0.00963085 0.00699585 -0.00543531
v 0.00961372 0.00726391 -0.00540692
v 0.00959557 0.00753196 -0.00538001
v 0.00978307 0.00672579 -0.00524401
v 0.00955323 0.00684582 -0.00558477
v 0.00957743 0.00780002 -0.00535162
v 0.00014025 0.02406351 -0.00347890
v 0.00014025 0.02433157 -0.00295431
v 0.00056261 0.02327935 -0.00455799
v 0.00056261 0.02341538 -0.00441601
v 0.00056261 0.02313732 -0.00469251
v 0.00056261 0.02300329 -0.00481357
v 0.00056261 0.02283325 -0.00494658
v 0.00056261 0.02269722 -0.00505121
v 0.00056261 0.02256319 -0.00514536
v 0.00056261 0.02353540 -0.00428150
v 0.00027532 0.02368343 -0.00409019
v 0.00035193 0.02377945 -0.00398557
v 0.00029447 0.02408152 -0.00350730
v 0.00056261 0.02236315 -0.00527838
v 0.00056261 0.02222912 -0.00536058
v 0.00083075 0.02202908 -0.00547118
v 0.00083075 0.02184904 -0.00556684
v 0.00083075 0.02171501 -0.00563409
v 0.00083075 0.02149096 -0.00574021
v 0.00083075 0.02129092 -0.00582988
v 0.00083075 0.02115689 -0.00588668
v 0.00083075 0.02095485 -0.00596738
v 0.00109989 0.02068679 -0.00606304
v 0.00109989 0.02053076 -0.00611834
v 0.00109989 0.02039673 -0.00616317
v 0.00136803 0.02014867 -0.00623043
v 0.00136803 0.01988062 -0.00630964
v 0.00136803 0.01965457 -0.00637242
v 0.00109989 0.01967057 -0.00637541
v 0.00083075 0.01954254 -0.00640978
v 0.00109989 0.01934450 -0.00645462
v 0.00136803 0.01907444 -0.00650693
v 0.00136803 0.01880639 -0.00656073
v 0.00163616 0.01853833 -0.00660109
v 0.00190531 0.01827027 -0.00663546
v 0.00443546 0.01784218 0.00648697
v 0.00433567 0.01774416 0.00652733
v 0.00418043 0.01812624 0.00648996
v 0.00407560 0.01802222 0.00653181
v 0.00400100 0.01821826 0.00650939
v 0.00985464 0.00672579 -0.00510949
v 0.00997258 0.00753196 -0.00464916
v 0.00983952 0.00699585 -0.00507960
v 0.00987681 0.00726191 -0.00493762
v 0.00991512 0.00699585 -0.00491669
v 0.00985766 0.00780002 -0.00485093
v 0.00994435 0.00780002 -0.00464916
v 0.01009253 0.00685382 -0.00451316
v 0.01009354 0.00767800 -0.00425011
v 0.01013789 0.00753196 -0.00411261
v 0.01014596 0.00807008 -0.00384358
v 0.01016914 0.00780002 -0.00384358
v 0.01018628 0.00807008 -0.00357456
v 0.01020845 0.00807008 -0.00330703
v 0.01022257 0.00807008 -0.00303800
v 0.01023567 0.00807008 -0.00276898
v 0.01022458 0.00833814 -0.00250145
v 0.01023063 0.00833814 -0.00223242
v 0.01018829 0.00887425 -0.00223242
v 0.01009354 0.01008651 -0.00210837
v 0.01001995 0.01102271 -0.00196340
v 0.00999677 0.01129077 -0.00196340
v 0.00997661 0.01155883 -0.00169587
v 0.00995040 0.01182889 -0.00142684
v 0.00989597 0.01236500 -0.00142684
v 0.00983952 0.01290112 0.00152496
v 0.00982439 0.01303915 -0.00158676
v 0.00980726 0.01317318 0.00152496
v 0.00977299 0.01343923 0.00152496
v 0.00970343 0.01397535 0.00152496
v 0.00963287 0.01451346 0.00152496
v 0.00959255 0.01477952 0.00152496
v 0.00958751 0.01477952 0.00179249
v 0.00955727 0.01491955 0.00195241
v 0.00944941 0.01558569 0.00179249
v 0.00936272 0.01612181 0.00152496
v 0.00935566 0.01612181 0.00179249
v 0.00931030 0.01635386 0.00179249
v 0.00927199 0.01645588 0.00206151
v 0.00902402 0.01762013 0.00173868
v 0.00899579 0.01771815 0.00181341
v 0.00890406 0.01800021 0.00206151
v 0.00895144 0.01773215 0.00233054
v 0.00891213 0.01773215 0.00259807
v 0.00886475 0.01773215 0.00286709
v 0.00876899 0.01792820 0.00305989
v 0.00893531 0.01692798 0.00340365
v 0.00879620 0.01773816 0.00314359
v 0.00874076 0.01783018 0.00323924
v 0.00871153 0.01773816 0.00340365
v 0.00863189 0.01800021 0.00340365
v 0.00852706 0.01798421 0.00366968
v 0.00850186 0.01818825 0.00357702
v 0.00845549 0.01806223 0.00375637
v 0.00839803 0.01798421 0.00392077
v 0.00844037 0.01773215 0.00399550
v 0.00827808 0.01826827 0.00394618
v 0.00819340 0.01835629 0.00404034
v 0.00792325 0.01942452 0.00376833
v 0.00793837 0.01892641 0.00406575
v 0.00811982 0.01826827 0.00419727
v 0.00797667 0.01827027 0.00438260
v 0.00790712 0.01804822 0.00457241
v 0.00781539 0.01797621 0.00469347
v 0.00767124 0.01785218 0.00487581
v 0.00780128 0.01775016 0.00479211
v 0.00767830 0.01706401 0.00515081
v 0.00775793 0.01665792 0.00521957
v 0.00745452 0.01665792 0.00544973
v 0.00725392 0.01664792 0.00559321
v 0.00742427 0.01764013 0.00516277
v 0.00741923 0.01681796 0.00542582
v 0.00715110 0.01654990 0.00569335
v 0.00718335 0.01638987 0.00571427
v 0.00739303 0.01487754 0.00594593
v 0.00756741 0.01506958 0.00578153
v 0.00722368 0.01504758 0.00599974
v 0.00729121 0.01478352 0.00602066
v 0.00699687 0.01479752 0.00617311
v 0.00686482 0.01489955 0.00622094
v 0.00664003 0.01531564 0.00624037
v 0.00660777 0.01546367 0.00622542
v 0.00651705 0.01585375 0.00618656
v 0.00634568 0.01601179 0.00622841
v 0.00620859 0.01610981 0.00626577
v 0.00611988 0.01638987 0.00624634
v 0.00593138 0.01638987 0.00632107
v 0.00566325 0.01638987 0.00641673
v 0.00566224 0.01614381 0.00646306
v 0.00590618 0.01582975 0.00643616
v 0.00548583 0.01638987 0.00647651
v 0.00566325 0.01665792 0.00636143
v 0.00512596 0.01798621 0.00625681
v 0.00485884 0.01800021 0.00633751
v 0.00485884 0.01773215 0.00639281
v 0.00458969 0.01800021 0.00641523
v 0.00352723 0.01880839 0.00646904
v 0.00391230 0.01839830 0.00648996
v 0.00380746 0.01855433 0.00647501
v 0.00378428 0.01907444 0.00635246
v 0.00378428 0.01880639 0.00641972
v 0.00379839 0.01936050 0.00627026
v 0.00371775 0.01953254 0.00623887
v 0.00389718 0.01946053 0.00621795
v 0.00379839 0.01961856 0.00619403
v 0.00405342 0.01961256 0.00613276
v 0.00405342 0.01988062 0.00604159
v 0.00389415 0.02026470 0.00594892
v 0.00379637 0.02016468 0.00600870
v 0.00379637 0.02041673 0.00591455
v 0.00378428 0.02068679 0.00580843
v 0.00352924 0.02097285 0.00575014
v 0.00344961 0.02112488 0.00570381
v 0.00324800 0.02130892 0.00566346
v 0.00324800 0.02149096 0.00557378
v 0.00298592 0.02147496 0.00563356
v 0.00306958 0.02188105 0.00540938
v 0.00289116 0.02190905 0.00542582
v 0.00271072 0.02193706 0.00544076
v 0.00324800 0.02170901 0.00546318
v 0.00271072 0.02207109 0.00536603
v 0.00297886 0.02225313 0.00520761
v 0.00297886 0.02238715 0.00511943
v 0.00292443 0.02272523 0.00489972
v 0.00270165 0.02254319 0.00506861
v 0.00244259 0.02259320 0.00507609
v 0.00217344 0.02262521 0.00509701
v 0.00217344 0.02280124 0.00496250
v 0.00188716 0.02285325 0.00496250
v 0.00244259 0.02291127 0.00483546
v 0.00244259 0.02307330 0.00470095
v 0.00244259 0.02320733 0.00458586
v 0.00217344 0.02322733 0.00460380
v 0.00193857 0.02337537 0.00448274
v 0.00217344 0.02349139 0.00433029
v 0.00217344 0.02360742 0.00419578
v 0.00244259 0.02358941 0.00417336
v 0.00244259 0.02372344 0.00400596
v 0.00217344 0.02383947 0.00389686
v 0.00190531 0.02398750 0.00371900
v 0.00163616 0.02407752 0.00359794
v 0.00163616 0.02418754 0.00340365
v 0.00190531 0.02417154 0.00340365
v 0.00190531 0.02427756 0.00320337
v 0.00190531 0.02434157 0.00306886
v 0.00163616 0.02434958 0.00308680
v 0.00163616 0.02444360 0.00286709
v 0.00163616 0.02453962 0.00262497
v 0.00163616 0.02458763 0.00249046
v 0.00136803 0.02464564 0.00233054
v 0.00136803 0.02472566 0.00206151
v 0.00136803 0.02479167 0.00179249
v 0.00109989 0.02486369 0.00146667
v 0.00109989 0.02489769 0.00125593
v 0.00136803 0.02496971 -0.00008471
v 0.00136803 0.02496371 -0.00035373
v 0.00136803 0.02495171 -0.00062126
v 0.00109989 0.02495771 -0.00062126
v 0.00136803 0.02492770 -0.00089029
v 0.00109989 0.02493170 -0.00089029
v 0.00083075 0.02493570 -0.00089029
v 0.00056261 0.02493570 -0.00089029
v 0.00029447 0.02492170 -0.00089029
v 0.00136803 0.02489169 0.00125593
v 0.00163616 0.02491770 0.00098840
v 0.00163616 0.02495371 0.00045035
v 0.00163616 0.02496171 0.00018282
v 0.00163616 0.02494170 0.00071938
v 0.00029447 0.02488569 -0.00115931
v 0.00029447 0.02485769 -0.00135361
v 0.00029447 0.02482568 -0.00148812
v 0.00029447 0.02470965 -0.00196340
v 0.00015537 0.02458363 -0.00237740
v 0.00817526 0.01102271 -0.00609891
v 0.00836073 0.01126477 -0.00592255
v 0.00848170 0.01115674 -0.00585678
v 0.00861173 0.01127277 -0.00571928
v 0.00863189 0.01102271 -0.00575216
v 0.00875588 0.00849617 -0.00613029
v 0.00871355 0.00887425 -0.00609442
v 0.00876193 0.01120875 -0.00559972
v 0.00904821 0.00833814 -0.00588668
v 0.00891515 0.01102271 -0.00548015
v 0.00902603 0.01119275 -0.00532770
v 0.00920849 0.00807008 -0.00576860
v 0.00923369 0.00780002 -0.00579551
v 0.00927502 0.00732392 -0.00584333
v 0.00297886 0.01800021 -0.00660408
v 0.00351614 0.01800021 -0.00653533
v 0.00297886 0.01827027 -0.00656073
v 0.00324800 0.01827027 -0.00652785
v 0.00378428 0.01773215 -0.00653831
v 0.00378428 0.01800021 -0.00649198
v 0.00407459 0.01802222 -0.00643369
v 0.00433466 0.01802222 -0.00637690
v 0.00443345 0.01784018 -0.00638886
v 0.00244259 0.01853833 -0.00656073
v 0.00271072 0.01853833 -0.00653682
v 0.00818433 0.01236500 -0.00583736
v 0.00825792 0.01182889 -0.00588817
v 0.00810369 0.01155883 -0.00604809
v 0.00779321 0.01263906 -0.00605258
v 0.00801296 0.01263306 -0.00590461
v 0.00814703 0.01263306 -0.00581195
v 0.00813998 0.01129077 -0.00607350
v 0.00759866 0.01155883 -0.00635448
v 0.00694143 0.01451346 -0.00616168
v 0.00727408 0.01451346 -0.00598831
v 0.00742629 0.01469950 -0.00586874
v 0.00766217 0.01406537 -0.00584782
v 0.00775894 0.01343923 -0.00591358
v 0.00781035 0.01290112 -0.00598831
v 0.00743032 0.01175887 -0.00640530
v 0.00718739 0.01236500 -0.00641875
v 0.00468243 0.01754611 -0.00638437
v 0.00485884 0.01692798 -0.00645761
v 0.00513907 0.01666593 -0.00643369
v 0.00529632 0.01658191 -0.00640530
v 0.00548583 0.01638987 -0.00637989
v 0.00566325 0.01638987 -0.00632011
v 0.00607251 0.01519761 -0.00639633
v 0.00620153 0.01475552 -0.00642622
v 0.00636483 0.01451346 -0.00640679
v 0.00642128 0.01424341 -0.00642921
v 0.00674688 0.01342323 -0.00643369
v 0.00684264 0.01350325 -0.00638288
v 0.00673680 0.01451346 -0.00625584
v 0.00715614 0.01254504 -0.00640231
v 0.00729525 0.01183889 -0.00645761
v 0.00936977 0.00724590 -0.00574170
v 0.00934760 0.00780002 -0.00566249
v 0.00954215 0.00699585 -0.00556983
v 0.00981835 0.00734993 -0.00504074
v 0.00982943 0.00716989 -0.00506017
v 0.00971351 0.00753196 -0.00518572
v 0.00967823 0.00780002 -0.00518572
v 0.00975988 0.00726191 -0.00516479
v 0.00948166 0.00780002 -0.00548613
v 0.00956331 0.00798406 -0.00533219
v 0.00029447 0.02434958 -0.00299167
v 0.00083075 0.02341137 -0.00441601
v 0.00083075 0.02327735 -0.00455500
v 0.00083075 0.02313732 -0.00468952
v 0.00083075 0.02353540 -0.00428150
v 0.00083075 0.02300129 -0.00481207
v 0.00083075 0.02283325 -0.00494360
v 0.00083075 0.02269522 -0.00504971
v 0.00083075 0.02256119 -0.00514237
v 0.00083075 0.02236115 -0.00527689
v 0.00056261 0.02367143 -0.00412307
v 0.00056261 0.02378145 -0.00398856
v 0.00056261 0.02400550 -0.00365078
v 0.00056261 0.02408952 -0.00351776
v 0.00056261 0.02420555 -0.00330703
v 0.00083075 0.02222512 -0.00535909
v 0.00109989 0.02202908 -0.00546222
v 0.00109989 0.02184104 -0.00556235
v 0.00109989 0.02170701 -0.00562961
v 0.00109989 0.02149096 -0.00573273
v 0.00109989 0.02128492 -0.00582540
v 0.00109989 0.02114889 -0.00588369
v 0.00109989 0.02095485 -0.00596141
v 0.00136803 0.02068679 -0.00605108
v 0.00136803 0.02051275 -0.00611236
v 0.00136803 0.02037872 -0.00615720
v 0.00163616 0.02035272 -0.00614972
v 0.00163616 0.02014867 -0.00621399
v 0.00190531 0.01988062 -0.00627826
v 0.00163616 0.01988062 -0.00629470
v 0.00190531 0.01961256 -0.00635149
v 0.00217344 0.01929249 -0.00641426
v 0.00136803 0.01934450 -0.00644715
v 0.00109989 0.01953654 -0.00640829
v 0.00190531 0.01907444 -0.00648003
v 0.00190531 0.01880639 -0.00653533
v 0.00163616 0.01880639 -0.00654878
v 0.00190531 0.01853833 -0.00658764
v 0.00433567 0.01802222 0.00647501
v 0.00432156 0.01827027 0.00642719
v 0.01001290 0.00807008 -0.00438014
v 0.00984153 0.00807008 -0.00481805
v 0.00991411 0.00807008 -0.00464916
v 0.01005120 0.00778002 -0.00435622
v 0.01008547 0.00785603 -0.00421573
v 0.01011471 0.00778002 -0.00412008
v 0.01010664 0.00807008 -0.00403638
v 0.01009757 0.00824612 -0.00399752
v 0.01011773 0.00833614 -0.00385554
v 0.01010664 0.00860620 -0.00377334
v 0.01009757 0.00878023 -0.00372850
v 0.01016108 0.00833814 -0.00357456
v 0.01009959 0.00907430 -0.00349086
v 0.01009051 0.00925433 -0.00340567
v 0.00995745 0.01129077 -0.00276898
v 0.00997762 0.01129077 -0.00250145
v 0.01002399 0.01075466 -0.00250145
v 0.01011370 0.00968043 -0.00250145
v 0.01013588 0.00941237 -0.00250145
v 0.01009051 0.01005451 -0.00228772
v 0.01014495 0.00941237 -0.00223242
v 0.01001189 0.01102271 -0.00223242
v 0.00998870 0.01129077 -0.00223242
v 0.00997056 0.01155883 -0.00196340
v 0.00994939 0.01182889 -0.00169587
v 0.00986673 0.01263306 -0.00169587
v 0.00983649 0.01292112 -0.00168391
v 0.00983952 0.01290112 -0.00142684
v 0.00982339 0.01302514 -0.00176611
v 0.00980927 0.01314517 -0.00168391
v 0.00977097 0.01343923 -0.00169587
v 0.00966613 0.01424341 -0.00169587
v 0.00970343 0.01397535 -0.00142684
v 0.00977299 0.01343923 -0.00142684
v 0.00980726 0.01317318 -0.00142684
v 0.00963287 0.01451346 -0.00142684
v 0.00959255 0.01477952 -0.00142684
v 0.00954013 0.01508759 0.00152496
v 0.00956029 0.01493955 0.00179249
v 0.00940909 0.01585375 0.00152496
v 0.00936272 0.01612181 -0.00142684
v 0.00931332 0.01637186 0.00152496
v 0.00924982 0.01665792 0.00152496
v 0.00906736 0.01746410 0.00152496
v 0.00917926 0.01692798 0.00179249
v 0.00902805 0.01763613 0.00152496
v 0.00899579 0.01777016 0.00152496
v 0.00892120 0.01800021 0.00179249
v 0.00887886 0.01800021 0.00233054
v 0.00862181 0.01907444 0.00152496
v 0.00860468 0.01907444 0.00179249
v 0.00858351 0.01907444 0.00206151
v 0.00875891 0.01843030 0.00225431
v 0.00883854 0.01800021 0.00259807
v 0.00878713 0.01801021 0.00286560
v 0.00874177 0.01810624 0.00295378
v 0.00863492 0.01827027 0.00313612
v 0.00871556 0.01801021 0.00314359
v 0.00853916 0.01854633 0.00314508
v 0.00853714 0.01827427 0.00341112
v 0.00846859 0.01836829 0.00350528
v 0.00822062 0.01896042 0.00355161
v 0.00842122 0.01827427 0.00366968
v 0.00800692 0.01933850 0.00367566
v 0.00770148 0.01979860 0.00384007
v 0.00773273 0.01958655 0.00393422
v 0.00797264 0.01953854 0.00358898
v 0.00771156 0.02008866 0.00359944
v 0.00775793 0.01988662 0.00368164
v 0.00765713 0.01997864 0.00377729
v 0.00767729 0.01947853 0.00407621
v 0.00770854 0.01934450 0.00411357
v 0.00775692 0.01906044 0.00421371
v 0.00790511 0.01858634 0.00429591
v 0.00794643 0.01840630 0.00434523
v 0.00797667 0.01874637 0.00411656
v 0.00768535 0.01896042 0.00435420
v 0.00785571 0.01827027 0.00451711
v 0.00768435 0.01842030 0.00462024
v 0.00772164 0.01827027 0.00465461
v 0.00763899 0.01800021 0.00484592
v 0.00750391 0.01800021 0.00496549
v 0.00754826 0.01774616 0.00502079
v 0.00738698 0.01781817 0.00513288
v 0.00728315 0.01691598 0.00549008
v 0.00711985 0.01755412 0.00540489
v 0.00690111 0.01793220 0.00543777
v 0.00728819 0.01773015 0.00523152
v 0.00671765 0.01772015 0.00560816
v 0.00683962 0.01726605 0.00566794
v 0.00688397 0.01708802 0.00569335
v 0.00701300 0.01664792 0.00574416
v 0.00700493 0.01638987 0.00581590
v 0.00698881 0.01611981 0.00588914
v 0.00710372 0.01563170 0.00593547
v 0.00692429 0.01585375 0.00598330
v 0.00701098 0.01555969 0.00600123
v 0.00675192 0.01611981 0.00601618
v 0.00673680 0.01585375 0.00608044
v 0.00667732 0.01638987 0.00599376
v 0.00644850 0.01610981 0.00616414
v 0.00630334 0.01618982 0.00621047
v 0.00625395 0.01638987 0.00618955
v 0.00607956 0.01654990 0.00622841
v 0.00593541 0.01664592 0.00626428
v 0.00579832 0.01706201 0.00622392
v 0.00527213 0.01788619 0.00622691
v 0.00521467 0.01806423 0.00620599
v 0.00503625 0.01819425 0.00623887
v 0.00458969 0.01827027 0.00635545
v 0.00405342 0.01853833 0.00642569
v 0.00405342 0.01880639 0.00636143
v 0.00407761 0.01910045 0.00627773
v 0.00418446 0.01920647 0.00622243
v 0.00407761 0.01936050 0.00620300
v 0.00432156 0.01934450 0.00614023
v 0.00432156 0.01961256 0.00605504
v 0.00429636 0.01986061 0.00597732
v 0.00418950 0.02001664 0.00595490
v 0.00405342 0.02007066 0.00597433
v 0.00405342 0.02020469 0.00592501
v 0.00405342 0.02041673 0.00584131
v 0.00394959 0.02084282 0.00569634
v 0.00378428 0.02089483 0.00571876
v 0.00362803 0.02107487 0.00567990
v 0.00352924 0.02121890 0.00563805
v 0.00345767 0.02166100 0.00543777
v 0.00297987 0.02201107 0.00535258
v 0.00324800 0.02184304 0.00538845
v 0.00324800 0.02202908 0.00528234
v 0.00324800 0.02220512 0.00517772
v 0.00324800 0.02233914 0.00508655
v 0.00310386 0.02269522 0.00487880
v 0.00300003 0.02258920 0.00497595
v 0.00271072 0.02275123 0.00492065
v 0.00315728 0.02298328 0.00462472
v 0.00297886 0.02300929 0.00464714
v 0.00271072 0.02304530 0.00467703
v 0.00271072 0.02288526 0.00481154
v 0.00244259 0.02277724 0.00494157
v 0.00271072 0.02317932 0.00456045
v 0.00271072 0.02331335 0.00442594
v 0.00244259 0.02333736 0.00445135
v 0.00217344 0.02335736 0.00446929
v 0.00244259 0.02347139 0.00430787
v 0.00271072 0.02356541 0.00414496
v 0.00271072 0.02369944 0.00397607
v 0.00289822 0.02378345 0.00382064
v 0.00244259 0.02381946 0.00387145
v 0.00254137 0.02403751 0.00353069
v 0.00217344 0.02397350 0.00369957
v 0.00217344 0.02405751 0.00356506
v 0.00190531 0.02406952 0.00358449
v 0.00217344 0.02414553 0.00340365
v 0.00217344 0.02426356 0.00318095
v 0.00217344 0.02433357 0.00304644
v 0.00190531 0.02443159 0.00286709
v 0.00192244 0.02454162 0.00258013
v 0.00184483 0.02458363 0.00247850
v 0.00163616 0.02463564 0.00233054
v 0.00163616 0.02471365 0.00206151
v 0.00190531 0.02476967 0.00179249
v 0.00163616 0.02478167 0.00179249
v 0.00163616 0.02482968 0.00156232
v 0.00136803 0.02483368 0.00158325
v 0.00163616 0.02485368 0.00142781
v 0.00163616 0.02496171 -0.00008471
v 0.00163616 0.02495371 -0.00035373
v 0.00163616 0.02494170 -0.00062126
v 0.00163616 0.02491570 -0.00089029
v 0.00136803 0.02489169 -0.00115931
v 0.00109989 0.02489769 -0.00115931
v 0.00083075 0.02489969 -0.00115931
v 0.00056261 0.02489769 -0.00115931
v 0.00183777 0.02484968 0.00140689
v 0.00163616 0.02488169 0.00125593
v 0.00190531 0.02490169 0.00098840
v 0.00191841 0.02486569 0.00127835
v 0.00217344 0.02485969 0.00121110
v 0.00190531 0.02493970 0.00045035
v 0.00190531 0.02494570 0.00018282
v 0.00190531 0.02492370 0.00071938
v 0.00056261 0.02486369 -0.00137902
v 0.00056261 0.02483768 -0.00151353
v 0.00056261 0.02479767 -0.00169587
v 0.00056261 0.02473166 -0.00196340
v 0.00029447 0.02464164 -0.00223242
v 0.00029447 0.02458963 -0.00239683
v 0.00845851 0.01133678 -0.00583885
v 0.00852202 0.01209694 -0.00562512
v 0.00855428 0.01182889 -0.00565352
v 0.00858653 0.01155883 -0.00568192
v 0.00874177 0.01138879 -0.00558029
v 0.00882544 0.01182889 -0.00539645
v 0.00888491 0.01129077 -0.00545474
v 0.00900789 0.01137279 -0.00530678
v 0.00907240 0.01182889 -0.00511846
v 0.00910668 0.01128677 -0.00520515
v 0.00919034 0.01100671 -0.00516180
v 0.00932542 0.00807008 -0.00563409
v 0.00351614 0.01827027 -0.00648750
v 0.00297886 0.01853833 -0.00650842
v 0.00324800 0.01853833 -0.00647405
v 0.00380645 0.01829228 -0.00643369
v 0.00399999 0.01821626 -0.00641128
v 0.00417842 0.01812424 -0.00639185
v 0.00432156 0.01827027 -0.00632907
v 0.00458969 0.01800021 -0.00631861
v 0.00217344 0.01880639 -0.00652187
v 0.00244259 0.01880639 -0.00650543
v 0.00271072 0.01880639 -0.00648152
v 0.00797466 0.01290112 -0.00587771
v 0.00810873 0.01290112 -0.00578505
v 0.00822868 0.01336322 -0.00560121
v 0.00825388 0.01317118 -0.00562214
v 0.00690211 0.01472151 -0.00614225
v 0.00729121 0.01478352 -0.00592255
v 0.00739303 0.01487754 -0.00584782
v 0.00746460 0.01558569 -0.00562811
v 0.00752609 0.01478352 -0.00578056
v 0.00774281 0.01477952 -0.00563409
v 0.00778817 0.01451346 -0.00566548
v 0.00759060 0.01451346 -0.00579999
v 0.00783757 0.01426941 -0.00568491
v 0.00499593 0.01706601 -0.00639483
v 0.00523584 0.01675995 -0.00638736
v 0.00539410 0.01692798 -0.00630068
v 0.00538906 0.01666593 -0.00635747
v 0.00566325 0.01665792 -0.00626630
v 0.00593138 0.01638987 -0.00622296
v 0.00644245 0.01475552 -0.00633206
v 0.00633560 0.01464949 -0.00639483
v 0.00620758 0.01610581 -0.00616766
v 0.00649890 0.01451346 -0.00635299
v 0.00655636 0.01424341 -0.00637541
v 0.00662692 0.01389933 -0.00640380
v 0.00673680 0.01424341 -0.00630217
v 0.00660676 0.01545967 -0.00612730
v 0.00979113 0.00780002 -0.00498544
v 0.00962682 0.00807208 -0.00520664
v 0.00961977 0.00833814 -0.00515433
v 0.00977299 0.00807008 -0.00495256
v 0.00929014 0.01090669 -0.00505569
v 0.00954920 0.00816410 -0.00531126
v 0.00956533 0.00906829 -0.00506615
v 0.00056261 0.02445760 -0.00276898
v 0.00056261 0.02435758 -0.00300213
v 0.00056261 0.02429356 -0.00313665
v 0.00136803 0.02352940 -0.00427402
v 0.00109989 0.02340737 -0.00441302
v 0.00109989 0.02327134 -0.00454903
v 0.00109989 0.02312931 -0.00468354
v 0.00109989 0.02299529 -0.00480759
v 0.00136803 0.02326534 -0.00454305
v 0.00083075 0.02366943 -0.00412008
v 0.00109989 0.02283325 -0.00493313
v 0.00109989 0.02268922 -0.00504373
v 0.00109989 0.02255519 -0.00513789
v 0.00109989 0.02235115 -0.00527091
v 0.00109989 0.02221712 -0.00535461
v 0.00083075 0.02387547 -0.00384358
v 0.00083075 0.02377945 -0.00398557
v 0.00136803 0.02400150 -0.00364181
v 0.00109989 0.02420154 -0.00330703
v 0.00109989 0.02408552 -0.00351179
v 0.00136803 0.02429156 -0.00312917
v 0.00163616 0.02219111 -0.00533816
v 0.00136803 0.02202908 -0.00544578
v 0.00136803 0.02182703 -0.00555488
v 0.00136803 0.02169301 -0.00562363
v 0.00136803 0.02149096 -0.00571928
v 0.00136803 0.02126891 -0.00581942
v 0.00136803 0.02113288 -0.00587621
v 0.00136803 0.02095485 -0.00594945
v 0.00217344 0.02068679 -0.00599578
v 0.00217344 0.02043674 -0.00608546
v 0.00190531 0.02046274 -0.00609442
v 0.00217344 0.02030271 -0.00613179
v 0.00217344 0.02014867 -0.00617961
v 0.00217344 0.01988062 -0.00626182
v 0.00217344 0.01942652 -0.00638138
v 0.00217344 0.01961256 -0.00633505
v 0.00244259 0.01925448 -0.00640530
v 0.00217344 0.01907444 -0.00646508
v 0.00432156 0.01853833 0.00636143
v 0.01007439 0.00807008 -0.00417090
v 0.00982137 0.00925433 -0.00450568
v 0.00974678 0.01102271 -0.00411261
v 0.00982843 0.01065864 -0.00399155
v 0.00980827 0.01102271 -0.00391831
v 0.00983044 0.00824612 -0.00479563
v 0.00987278 0.00833614 -0.00466710
v 0.00983246 0.01122476 -0.00374046
v 0.01008749 0.00896027 -0.00367021
v 0.01013487 0.00860620 -0.00357456
v 0.00988891 0.01102271 -0.00357456
v 0.00991713 0.01075466 -0.00357456
v 0.00994536 0.01048460 -0.00357456
v 0.00990201 0.01129077 -0.00330703
v 0.00992923 0.01102271 -0.00330703
v 0.00993225 0.01129077 -0.00303800
v 0.00993024 0.01155883 -0.00276898
v 0.00995141 0.01155883 -0.00250145
v 0.00996249 0.01155883 -0.00223242
v 0.00994334 0.01182889 -0.00196340
v 0.00991613 0.01209694 -0.00196340
v 0.00985968 0.01263306 -0.00196340
v 0.00982036 0.01299514 -0.00196340
v 0.00979819 0.01317118 -0.00196340
v 0.00969234 0.01397535 -0.00196340
v 0.00962985 0.01451346 -0.00169587
v 0.00958852 0.01477952 -0.00169587
v 0.00954013 0.01508759 -0.00142684
v 0.00940909 0.01585375 -0.00142684
v 0.00935667 0.01612181 -0.00169587
v 0.00931332 0.01637186 -0.00142684
v 0.00940405 0.01585375 -0.00169587
v 0.00925284 0.01665792 0.00045035
v 0.00928409 0.01650989 0.00125593
v 0.00919337 0.01692798 0.00071938
v 0.00913188 0.01719604 0.00098840
v 0.00906938 0.01746410 0.00125593
v 0.00902906 0.01764013 0.00125593
v 0.00899680 0.01777416 0.00125593
v 0.00893632 0.01800021 0.00125593
v 0.00893330 0.01800021 0.00152496
v 0.00885568 0.01827027 0.00152496
v 0.00874479 0.01865235 0.00152496
v 0.00871758 0.01852833 0.00233801
v 0.00874580 0.01839030 0.00243366
v 0.00862786 0.01907444 0.00125593
v 0.00854722 0.01934450 0.00125593
v 0.00853916 0.01934450 0.00152496
v 0.00851698 0.01936250 0.00178651
v 0.00851295 0.01930649 0.00206151
v 0.00863391 0.01880639 0.00233054
v 0.00877403 0.01821026 0.00259807
v 0.00875790 0.01816025 0.00277443
v 0.00858956 0.01880639 0.00259807
v 0.00849682 0.01898042 0.00278788
v 0.00852908 0.01881839 0.00287307
v 0.00847263 0.01891441 0.00296723
v 0.00850387 0.01873637 0.00306288
v 0.00850287 0.01846431 0.00332593
v 0.00847162 0.01864235 0.00324074
v 0.00822868 0.01925048 0.00330351
v 0.00818635 0.01913846 0.00348286
v 0.00763092 0.01965857 0.00401942
v 0.00747770 0.02014867 0.00389088
v 0.00814905 0.01934050 0.00339767
v 0.00802506 0.01962056 0.00341560
v 0.00797869 0.01982660 0.00333490
v 0.00794039 0.02000464 0.00325867
v 0.00777406 0.02016668 0.00342308
v 0.00766923 0.02026670 0.00352471
v 0.00761983 0.02016668 0.00368164
v 0.00744242 0.02061677 0.00358748
v 0.00749181 0.02041273 0.00367566
v 0.00743032 0.02032071 0.00383409
v 0.00752709 0.01958255 0.00419129
v 0.00742226 0.01950654 0.00435869
v 0.00759564 0.01934450 0.00424809
v 0.00764302 0.01914046 0.00430488
v 0.00754221 0.01829628 0.00480706
v 0.00731641 0.01934450 0.00453056
v 0.00745250 0.01822226 0.00492065
v 0.00734363 0.01800021 0.00510000
v 0.00720956 0.01800021 0.00519864
v 0.00699687 0.01801221 0.00534511
v 0.00708054 0.01773215 0.00537650
v 0.00685776 0.01811024 0.00540938
v 0.00675595 0.01801221 0.00549905
v 0.00652007 0.01800021 0.00563954
v 0.00657047 0.01780217 0.00566794
v 0.00661483 0.01762413 0.00569335
v 0.00665515 0.01746410 0.00571577
v 0.00674486 0.01718404 0.00574416
v 0.00663196 0.01658391 0.00597134
v 0.00681139 0.01638987 0.00592202
v 0.00685071 0.01620783 0.00594444
v 0.00646866 0.01638987 0.00609390
v 0.00618137 0.01664592 0.00616115
v 0.00602815 0.01672794 0.00620748
v 0.00597069 0.01692798 0.00618357
v 0.00593138 0.01746410 0.00606998
v 0.00584267 0.01800021 0.00597582
v 0.00566325 0.01800021 0.00604906
v 0.00537495 0.01798621 0.00616564
v 0.00539410 0.01827027 0.00608493
v 0.00514814 0.01882639 0.00602066
v 0.00496569 0.01837229 0.00621496
v 0.00486892 0.01827827 0.00626876
v 0.00445663 0.01894241 0.00622392
v 0.00432156 0.01880639 0.00629417
v 0.00432156 0.01900643 0.00624186
v 0.00458969 0.01934450 0.00605504
v 0.00456348 0.01904844 0.00615667
v 0.00446873 0.01975859 0.00595938
v 0.00457155 0.01959455 0.00598031
v 0.00429636 0.02012267 0.00588017
v 0.00432861 0.02042873 0.00574715
v 0.00404435 0.02068479 0.00573221
v 0.00424293 0.02059477 0.00570530
v 0.00412801 0.02077481 0.00566645
v 0.00404435 0.02094084 0.00561862
v 0.00404939 0.02122891 0.00547813
v 0.00378428 0.02102886 0.00565897
v 0.00378428 0.02122290 0.00556481
v 0.00363610 0.02161899 0.00541386
v 0.00340727 0.02217311 0.00515679
v 0.00324800 0.02266921 0.00485788
v 0.00333570 0.02295328 0.00459931
v 0.00326111 0.02310731 0.00448274
v 0.00318551 0.02325934 0.00436616
v 0.00297886 0.02314332 0.00452757
v 0.00297886 0.02328335 0.00439306
v 0.00297886 0.02341738 0.00424809
v 0.00271072 0.02344738 0.00427947
v 0.00297886 0.02353940 0.00411357
v 0.00298390 0.02368943 0.00392227
v 0.00307664 0.02376745 0.00379672
v 0.00271072 0.02402351 0.00350827
v 0.00271072 0.02409952 0.00337376
v 0.00244763 0.02410552 0.00342607
v 0.00236195 0.02404751 0.00354862
v 0.00238513 0.02432157 0.00302402
v 0.00217344 0.02441159 0.00286709
v 0.00202425 0.02457763 0.00246057
v 0.00217344 0.02451561 0.00259807
v 0.00217344 0.02461363 0.00230812
v 0.00192244 0.02461563 0.00235445
v 0.00190531 0.02469965 0.00206151
v 0.00217344 0.02480968 0.00152496
v 0.00191841 0.02482768 0.00150852
v 0.00217344 0.02468565 0.00206151
v 0.00217344 0.02475166 0.00179249
v 0.00190531 0.02494570 -0.00008471
v 0.00190531 0.02493970 -0.00035373
v 0.00190531 0.02492570 -0.00062126
v 0.00190531 0.02490169 -0.00089029
v 0.00217344 0.02485969 -0.00111448
v 0.00201216 0.02484568 -0.00128486
v 0.00163616 0.02487969 -0.00115931
v 0.00183273 0.02484968 -0.00130877
v 0.00163616 0.02485368 -0.00132969
v 0.00136803 0.02485969 -0.00135361
v 0.00109989 0.02486369 -0.00137154
v 0.00083075 0.02486569 -0.00138051
v 0.00201619 0.02484568 0.00138297
v 0.00236497 0.02485368 0.00115878
v 0.00217344 0.02488369 0.00098840
v 0.00217344 0.02484168 0.00134561
v 0.00217344 0.02490570 0.00071938
v 0.00244259 0.02488569 0.00071938
v 0.00217344 0.02491970 0.00045035
v 0.00217344 0.02492370 0.00018282
v 0.00083075 0.02483768 -0.00151353
v 0.00083075 0.02479767 -0.00169587
v 0.00109989 0.02473166 -0.00196340
v 0.00056261 0.02465364 -0.00223242
v 0.00056261 0.02459363 -0.00240729
v 0.00056261 0.02454562 -0.00254180
v 0.00847565 0.01247503 -0.00558328
v 0.00868834 0.01182889 -0.00553097
v 0.00875084 0.01249903 -0.00532023
v 0.00877100 0.01231899 -0.00534115
v 0.00904620 0.01209694 -0.00508558
v 0.00893027 0.01209694 -0.00522009
v 0.00901091 0.01245702 -0.00504074
v 0.00927603 0.01108473 -0.00503476
v 0.00352521 0.01855233 -0.00642622
v 0.00373085 0.01847231 -0.00640978
v 0.00297886 0.01880639 -0.00645163
v 0.00314317 0.01896042 -0.00639932
v 0.00332260 0.01889640 -0.00638437
v 0.00390927 0.01839630 -0.00639185
v 0.00407459 0.01829228 -0.00637839
v 0.00405342 0.01853833 -0.00632608
v 0.00405342 0.01880639 -0.00626182
v 0.00432156 0.01853833 -0.00626331
v 0.00458969 0.01827027 -0.00625883
v 0.00485884 0.01800021 -0.00624239
v 0.00485884 0.01773215 -0.00629769
v 0.00244259 0.01907444 -0.00644715
v 0.00270468 0.01908645 -0.00642024
v 0.00297886 0.01900243 -0.00640978
v 0.00820449 0.01354326 -0.00558178
v 0.00797063 0.01419740 -0.00560719
v 0.00845650 0.01263306 -0.00556534
v 0.00667632 0.01638987 -0.00589714
v 0.00685071 0.01620383 -0.00584632
v 0.00698780 0.01611781 -0.00579102
v 0.00718335 0.01638987 -0.00561616
v 0.00742931 0.01577974 -0.00560420
v 0.00767427 0.01624784 -0.00531874
v 0.00770451 0.01499157 -0.00560868
v 0.00787688 0.01477952 -0.00554143
v 0.00792224 0.01451346 -0.00557281
v 0.00794442 0.01437543 -0.00558776
v 0.00512697 0.01746410 -0.00627377
v 0.00512697 0.01773215 -0.00621698
v 0.00539410 0.01719604 -0.00624239
v 0.00593541 0.01664592 -0.00616616
v 0.00532354 0.01773215 -0.00614972
v 0.00566325 0.01692798 -0.00620652
v 0.00583562 0.01692798 -0.00614225
v 0.00607855 0.01654790 -0.00613179
v 0.00611887 0.01638987 -0.00614823
v 0.00630234 0.01618382 -0.00611236
v 0.00651201 0.01585375 -0.00608845
v 0.00646866 0.01638987 -0.00599578
v 0.00955223 0.01032456 -0.00477620
v 0.00935264 0.01100671 -0.00493463
v 0.00109989 0.02454762 -0.00254180
v 0.00109989 0.02445760 -0.00276898
v 0.00163616 0.02352340 -0.00426655
v 0.00136803 0.02339937 -0.00440853
v 0.00136803 0.02366143 -0.00411261
v 0.00136803 0.02312131 -0.00467756
v 0.00163616 0.02311131 -0.00467009
v 0.00163616 0.02297728 -0.00478965
v 0.00163616 0.02283325 -0.00490175
v 0.00163616 0.02325734 -0.00453557
v 0.00136803 0.02267922 -0.00503626
v 0.00163616 0.02266721 -0.00502879
v 0.00163616 0.02253319 -0.00511996
v 0.00136803 0.02233914 -0.00526344
v 0.00136803 0.02386747 -0.00383910
v 0.00136803 0.02377145 -0.00397361
v 0.00136803 0.02408152 -0.00350730
v 0.00163616 0.02399550 -0.00363285
v 0.00136803 0.02419754 -0.00330703
v 0.00163616 0.02428756 -0.00312170
v 0.00136803 0.02435158 -0.00299615
v 0.00190531 0.02217511 -0.00532770
v 0.00163616 0.02202908 -0.00542784
v 0.00163616 0.02232514 -0.00525297
v 0.00190531 0.02179103 -0.00553545
v 0.00190531 0.02165700 -0.00560420
v 0.00190531 0.02149096 -0.00568192
v 0.00191136 0.02120090 -0.00581045
v 0.00200510 0.02108287 -0.00585529
v 0.00163616 0.02111288 -0.00586725
v 0.00191136 0.02097685 -0.00590312
v 0.00217344 0.02093084 -0.00590162
v 0.00244259 0.02068679 -0.00596738
v 0.00242243 0.02039273 -0.00607798
v 0.00232062 0.02028670 -0.00612730
v 0.00244259 0.01988062 -0.00623940
v 0.00244259 0.01961256 -0.00631413
v 0.00261093 0.01922447 -0.00639782
v 0.00981835 0.00842616 -0.00476873
v 0.00964396 0.01102271 -0.00438014
v 0.00971351 0.01129077 -0.00411261
v 0.00979718 0.01130477 -0.00383611
v 0.00956029 0.01118675 -0.00452362
v 0.00982137 0.01140280 -0.00369412
v 0.00985262 0.01130477 -0.00359249
v 0.00987076 0.01155883 -0.00330703
v 0.00982137 0.01220497 -0.00314561
v 0.00990504 0.01155883 -0.00303800
v 0.00990201 0.01182889 -0.00276898
v 0.00989395 0.01209694 -0.00250145
v 0.00982641 0.01278309 -0.00239533
v 0.00990705 0.01209694 -0.00223242
v 0.00993528 0.01182889 -0.00223242
v 0.00984960 0.01263306 -0.00223242
v 0.00981431 0.01294913 -0.00223242
v 0.00978710 0.01317118 -0.00223242
v 0.00961977 0.01451346 -0.00196340
v 0.00975182 0.01343923 -0.00223242
v 0.00957440 0.01479752 -0.00195742
v 0.00955727 0.01492355 -0.00186326
v 0.00945042 0.01558569 -0.00169587
v 0.00934256 0.01612181 -0.00196340
v 0.00930324 0.01632385 -0.00196340
v 0.00931030 0.01635586 -0.00169587
v 0.00942320 0.01558569 -0.00223242
v 0.00924982 0.01665792 -0.00142684
v 0.00928409 0.01650989 -0.00115931
v 0.00925284 0.01665792 -0.00035373
v 0.00948469 0.01531564 -0.00196340
v 0.00943731 0.01558569 -0.00196340
v 0.00919438 0.01692798 0.00045035
v 0.00913289 0.01719604 0.00071938
v 0.00902906 0.01764013 -0.00115931
v 0.00907140 0.01746410 0.00071938
v 0.00899579 0.01777416 -0.00115931
v 0.00893632 0.01800021 0.00098840
v 0.00886173 0.01827027 0.00098840
v 0.00885971 0.01827027 0.00125593
v 0.00878612 0.01852833 0.00125593
v 0.00874782 0.01866235 0.00125593
v 0.00855125 0.01907444 0.00233054
v 0.00862988 0.01907444 0.00098840
v 0.00863391 0.01907444 0.00045035
v 0.00854823 0.01934450 0.00098840
v 0.00849379 0.01951054 0.00125593
v 0.00848976 0.01949853 0.00152496
v 0.00848472 0.01948453 0.00169235
v 0.00847767 0.01946453 0.00187021
v 0.00849581 0.01925248 0.00233054
v 0.00846960 0.01944052 0.00206151
v 0.00848371 0.01921447 0.00247103
v 0.00850892 0.01907244 0.00257565
v 0.00846355 0.01916046 0.00265038
v 0.00821860 0.01976059 0.00274902
v 0.00819038 0.01968657 0.00292837
v 0.00822465 0.01950654 0.00303598
v 0.00819542 0.01942852 0.00321533
v 0.00835469 0.01907444 0.00313612
v 0.00844440 0.01881839 0.00314508
v 0.00745149 0.01982860 0.00412703
v 0.00736581 0.02014867 0.00402390
v 0.00740411 0.02000664 0.00407023
v 0.00802304 0.01990062 0.00315555
v 0.00797466 0.02008466 0.00307932
v 0.00793635 0.02026270 0.00297769
v 0.00790914 0.02016468 0.00315555
v 0.00767124 0.02080882 0.00298815
v 0.00771459 0.02063078 0.00308231
v 0.00767225 0.02054276 0.00326166
v 0.00771963 0.02036472 0.00334536
v 0.00763697 0.02043874 0.00342308
v 0.00750290 0.02069879 0.00341710
v 0.00739403 0.02079481 0.00351574
v 0.00727710 0.02042273 0.00394469
v 0.00717731 0.02034472 0.00411357
v 0.00732952 0.02069879 0.00367566
v 0.00714404 0.02082682 0.00381167
v 0.00718638 0.02068679 0.00386248
v 0.00737186 0.01968457 0.00430638
v 0.00713900 0.02001264 0.00434374
v 0.00719344 0.01983461 0.00439157
v 0.00725896 0.01958655 0.00446480
v 0.00714505 0.01948853 0.00461725
v 0.00740714 0.01840230 0.00488030
v 0.00718235 0.01934450 0.00465013
v 0.00727811 0.01905644 0.00469646
v 0.00713598 0.01893441 0.00487880
v 0.00716420 0.01817825 0.00516726
v 0.00644850 0.01825427 0.00559919
v 0.00634568 0.01815425 0.00569185
v 0.00660071 0.01920647 0.00514783
v 0.00681038 0.01827027 0.00537799
v 0.00662390 0.01843831 0.00543180
v 0.00667632 0.01827027 0.00546169
v 0.00638600 0.01800021 0.00571427
v 0.00631141 0.01729006 0.00594444
v 0.00640818 0.01692798 0.00599077
v 0.00648580 0.01666793 0.00601917
v 0.00619952 0.01692798 0.00608493
v 0.00612795 0.01746410 0.00598330
v 0.00626202 0.01746410 0.00592202
v 0.00597674 0.01800021 0.00591305
v 0.00580235 0.01814224 0.00595639
v 0.00565518 0.01824627 0.00598778
v 0.00556143 0.01845231 0.00596835
v 0.00525096 0.01892841 0.00595042
v 0.00505439 0.01907444 0.00597881
v 0.00485884 0.01907444 0.00605055
v 0.00485884 0.01880639 0.00612977
v 0.00473787 0.01949253 0.00595938
v 0.00464816 0.01967257 0.00592949
v 0.00457155 0.01986061 0.00588465
v 0.00460582 0.02016668 0.00575612
v 0.00452820 0.02034672 0.00571278
v 0.00442236 0.02052475 0.00567541
v 0.00434071 0.02097485 0.00549905
v 0.00432861 0.02068479 0.00563655
v 0.00426410 0.02114289 0.00544525
v 0.00413608 0.02132293 0.00540041
v 0.00395665 0.02138294 0.00543030
v 0.00378428 0.02157298 0.00538995
v 0.00378428 0.02143895 0.00545720
v 0.00403326 0.02175902 0.00520014
v 0.00393044 0.02190105 0.00515380
v 0.00378428 0.02194306 0.00517772
v 0.00358670 0.02213110 0.00512989
v 0.00350404 0.02227713 0.00505516
v 0.00351614 0.02247717 0.00491318
v 0.00351614 0.02261120 0.00481603
v 0.00351614 0.02278524 0.00468301
v 0.00351614 0.02292127 0.00457092
v 0.00336393 0.02323134 0.00433776
v 0.00333973 0.02349339 0.00406126
v 0.00316131 0.02351740 0.00408966
v 0.00368851 0.02378545 0.00355460
v 0.00351614 0.02380546 0.00358599
v 0.00297886 0.02399750 0.00346642
v 0.00324901 0.02359741 0.00395963
v 0.00324800 0.02374545 0.00376683
v 0.00297886 0.02407752 0.00333191
v 0.00297886 0.02418154 0.00313612
v 0.00271072 0.02422155 0.00313612
v 0.00246174 0.02426156 0.00312267
v 0.00256456 0.02430957 0.00299712
v 0.00271072 0.02436158 0.00284168
v 0.00246174 0.02436958 0.00289101
v 0.00271072 0.02446160 0.00259807
v 0.00244259 0.02448961 0.00259807
v 0.00217344 0.02457162 0.00244114
v 0.00244259 0.02460363 0.00226926
v 0.00244259 0.02466564 0.00206151
v 0.00244259 0.02473166 0.00179249
v 0.00244259 0.02478567 0.00152496
v 0.00217344 0.02492170 -0.00008471
v 0.00244259 0.02489369 -0.00035373
v 0.00217344 0.02491770 -0.00035373
v 0.00244259 0.02488569 -0.00062126
v 0.00217344 0.02488569 -0.00089029
v 0.00236094 0.02485368 -0.00106216
v 0.00217344 0.02484168 -0.00124749
v 0.00217344 0.02480767 -0.00142684
v 0.00191539 0.02482768 -0.00140891
v 0.00163616 0.02482968 -0.00146421
v 0.00136803 0.02483368 -0.00148812
v 0.00136803 0.02479167 -0.00169587
v 0.00109989 0.02483568 -0.00150606
v 0.00244964 0.02483168 0.00125145
v 0.00271072 0.02480367 0.00125593
v 0.00254440 0.02484368 0.00109302
v 0.00244964 0.02486169 0.00099737
v 0.00271072 0.02476166 0.00152496
v 0.00262403 0.02485368 0.00091367
v 0.00267645 0.02486169 0.00071938
v 0.00244259 0.02489569 0.00045035
v 0.00244259 0.02489769 0.00018282
v 0.00109989 0.02479567 -0.00169587
v 0.00136803 0.02472566 -0.00196340
v 0.00109989 0.02465164 -0.00223242
v 0.00083075 0.02465364 -0.00223242
v 0.00109989 0.02459363 -0.00240878
v 0.00853311 0.01317118 -0.00536806
v 0.00870145 0.01290112 -0.00527240
v 0.00876999 0.01343923 -0.00507362
v 0.00880124 0.01317118 -0.00510650
v 0.00909357 0.01263306 -0.00488531
v 0.00899277 0.01263306 -0.00501832
v 0.00906837 0.01290112 -0.00484944
v 0.00925687 0.01129077 -0.00500786
v 0.00928812 0.01196492 -0.00478367
v 0.00930022 0.01182889 -0.00480161
v 0.00932340 0.01155883 -0.00483748
v 0.00934558 0.01129077 -0.00487335
v 0.00362098 0.01865235 -0.00638886
v 0.00380645 0.01855233 -0.00637690
v 0.00297886 0.01934450 -0.00632309
v 0.00324800 0.01934450 -0.00628125
v 0.00323893 0.01906044 -0.00635747
v 0.00351614 0.01907444 -0.00630665
v 0.00352521 0.01880639 -0.00637092
v 0.00378428 0.01880639 -0.00632160
v 0.00432156 0.01880639 -0.00619606
v 0.00378428 0.01907444 -0.00625434
v 0.00407761 0.01910045 -0.00617961
v 0.00445663 0.01894241 -0.00612581
v 0.00451409 0.01880639 -0.00614375
v 0.00460885 0.01855633 -0.00617961
v 0.00486993 0.01827827 -0.00617214
v 0.00503625 0.01819425 -0.00614076
v 0.00512596 0.01798821 -0.00616019
v 0.00278935 0.01918247 -0.00638736
v 0.00833049 0.01370729 -0.00542784
v 0.00838795 0.01317118 -0.00550257
v 0.00842323 0.01290112 -0.00553396
v 0.00805026 0.01477952 -0.00540692
v 0.00820751 0.01462749 -0.00531575
v 0.00825993 0.01424341 -0.00536208
v 0.00663196 0.01658191 -0.00587323
v 0.00700493 0.01638987 -0.00571779
v 0.00715110 0.01654990 -0.00559673
v 0.00731742 0.01638987 -0.00552648
v 0.00736782 0.01612181 -0.00556086
v 0.00751097 0.01638987 -0.00539197
v 0.00764503 0.01638987 -0.00529781
v 0.00775793 0.01665792 -0.00512145
v 0.00782749 0.01638787 -0.00514835
v 0.00795954 0.01629585 -0.00506466
v 0.00794543 0.01545167 -0.00532023
v 0.00796659 0.01531564 -0.00533816
v 0.00527415 0.01789019 -0.00613179
v 0.00556446 0.01738808 -0.00613926
v 0.00565720 0.01717003 -0.00615421
v 0.00579832 0.01706401 -0.00612581
v 0.00580235 0.01814224 -0.00585977
v 0.00618137 0.01664592 -0.00606304
v 0.00625294 0.01638987 -0.00609143
v 0.00648479 0.01666593 -0.00592105
v 0.00952098 0.01075466 -0.00471642
v 0.00136803 0.02454562 -0.00253732
v 0.00136803 0.02445160 -0.00276898
v 0.00163616 0.02339137 -0.00440106
v 0.00163616 0.02364743 -0.00411261
v 0.00217344 0.02374145 -0.00393326
v 0.00183676 0.02351340 -0.00425459
v 0.00185491 0.02324734 -0.00452511
v 0.00178434 0.02297128 -0.00478517
v 0.00190531 0.02265121 -0.00501683
v 0.00190531 0.02251718 -0.00510800
v 0.00190531 0.02230914 -0.00524251
v 0.00163616 0.02386147 -0.00383013
v 0.00163616 0.02376345 -0.00396315
v 0.00163616 0.02407552 -0.00349833
v 0.00190531 0.02406952 -0.00348638
v 0.00190531 0.02398750 -0.00362089
v 0.00163616 0.02418554 -0.00330703
v 0.00190531 0.02427756 -0.00310675
v 0.00190531 0.02417154 -0.00330703
v 0.00163616 0.02434758 -0.00298719
v 0.00190531 0.02434157 -0.00297224
v 0.00205248 0.02216511 -0.00532172
v 0.00190531 0.02202908 -0.00540841
v 0.00209583 0.02164099 -0.00559673
v 0.00217344 0.02122290 -0.00577907
v 0.00217344 0.02106487 -0.00584782
v 0.00244259 0.02089483 -0.00588668
v 0.00271072 0.02084882 -0.00586874
v 0.00271072 0.02068679 -0.00593151
v 0.00271072 0.02041673 -0.00603165
v 0.00271072 0.02021269 -0.00610339
v 0.00249904 0.02025270 -0.00611684
v 0.00242243 0.02015868 -0.00615570
v 0.00271072 0.01988062 -0.00620801
v 0.00271072 0.01961256 -0.00628573
v 0.00270468 0.01932650 -0.00636046
v 0.00960263 0.01128077 -0.00439508
v 0.00959255 0.01155883 -0.00432932
v 0.00967722 0.01155883 -0.00411261
v 0.00976089 0.01155883 -0.00384358
v 0.00950082 0.01102271 -0.00467905
v 0.00948973 0.01128077 -0.00462674
v 0.00954719 0.01136479 -0.00449522
v 0.00971150 0.01236500 -0.00357456
v 0.00976996 0.01236500 -0.00330703
v 0.00980524 0.01210695 -0.00330404
v 0.00972258 0.01182889 -0.00384358
v 0.00959759 0.01265707 -0.00386899
v 0.00983145 0.01202493 -0.00321287
v 0.00955424 0.01410138 -0.00316205
v 0.00977803 0.01263306 -0.00303800
v 0.00982137 0.01246902 -0.00287061
v 0.00983145 0.01228899 -0.00296626
v 0.00984153 0.01237300 -0.00277645
v 0.00987278 0.01209694 -0.00276898
v 0.00983044 0.01255104 -0.00269126
v 0.00982036 0.01273108 -0.00257319
v 0.00980726 0.01288511 -0.00249099
v 0.00976996 0.01317118 -0.00250145
v 0.00960666 0.01451346 -0.00223242
v 0.00957138 0.01473751 -0.00223242
v 0.00955323 0.01489755 -0.00204112
v 0.00932744 0.01612181 -0.00223242
v 0.00929518 0.01628985 -0.00223242
v 0.00928006 0.01648989 -0.00169587
v 0.00911978 0.01719604 -0.00169587
v 0.00918934 0.01692798 -0.00142684
v 0.00947058 0.01531564 -0.00223242
v 0.00956432 0.01469550 -0.00244017
v 0.00929014 0.01626584 -0.00238188
v 0.00919337 0.01692798 -0.00062126
v 0.00919438 0.01692798 -0.00035373
v 0.00954819 0.01487154 -0.00223242
v 0.00913389 0.01719604 0.00018282
v 0.00902805 0.01763613 -0.00142684
v 0.00899579 0.01777016 -0.00142684
v 0.00907140 0.01746410 -0.00062126
v 0.00913289 0.01719604 -0.00062126
v 0.00913188 0.01719604 -0.00089029
v 0.00906938 0.01746410 -0.00115931
v 0.00893330 0.01800021 -0.00142684
v 0.00893430 0.01800021 -0.00115931
v 0.00886173 0.01827027 0.00071938
v 0.00874983 0.01867036 0.00045035
v 0.00871153 0.01880639 0.00045035
v 0.00874983 0.01866836 0.00071938
v 0.00863391 0.01907444 -0.00008471
v 0.00855024 0.01934450 0.00045035
v 0.00849379 0.01951254 0.00098840
v 0.00844944 0.01964857 0.00071938
v 0.00837384 0.01988062 0.00018282
v 0.00837283 0.01988062 0.00045035
v 0.00836981 0.01988062 0.00098840
v 0.00836779 0.01988062 0.00125593
v 0.00844339 0.01963456 0.00152496
v 0.00835771 0.01988062 0.00152496
v 0.00833654 0.01988062 0.00179249
v 0.00844944 0.01938651 0.00233054
v 0.00840811 0.01961256 0.00206151
v 0.00836678 0.01961256 0.00233054
v 0.00823574 0.01980660 0.00259807
v 0.00818534 0.01994063 0.00259807
v 0.00810369 0.02014867 0.00259807
v 0.00796962 0.02033671 0.00279984
v 0.00814703 0.01986261 0.00285065
v 0.00815510 0.01960256 0.00313014
v 0.00801397 0.02016468 0.00288054
v 0.00789906 0.02042273 0.00288054
v 0.00776096 0.02070679 0.00288652
v 0.00763999 0.02070679 0.00315704
v 0.00770652 0.02087683 0.00280880
v 0.00763193 0.02096085 0.00288652
v 0.00748778 0.02123491 0.00287457
v 0.00739303 0.02133293 0.00296723
v 0.00744544 0.02115289 0.00306886
v 0.00750391 0.02096885 0.00314957
v 0.00744645 0.02088883 0.00333639
v 0.00739504 0.02106687 0.00324821
v 0.00735069 0.02096885 0.00341710
v 0.00716017 0.02112088 0.00356506
v 0.00720049 0.02093084 0.00366221
v 0.00712086 0.02052475 0.00405529
v 0.00688296 0.02083682 0.00408667
v 0.00701300 0.02042873 0.00421670
v 0.00709767 0.02014867 0.00430488
v 0.00708558 0.02100486 0.00374441
v 0.00690615 0.02113889 0.00384604
v 0.00696260 0.02014867 0.00442594
v 0.00685877 0.01999664 0.00460230
v 0.00709364 0.01966657 0.00457092
v 0.00691421 0.01981660 0.00464864
v 0.00700393 0.01959055 0.00468301
v 0.00685474 0.01944852 0.00486983
v 0.00706138 0.01853833 0.00509402
v 0.00647471 0.01853233 0.00548560
v 0.00619952 0.01855433 0.00563506
v 0.00628923 0.01833228 0.00566196
v 0.00605234 0.01865435 0.00567990
v 0.00619952 0.01825427 0.00573370
v 0.00619952 0.01800021 0.00580843
v 0.00655838 0.01934450 0.00511943
v 0.00636685 0.01952654 0.00517024
v 0.00642431 0.01934450 0.00520611
v 0.00656846 0.01861835 0.00539742
v 0.00639004 0.01876038 0.00545123
v 0.00621262 0.01719804 0.00601169
v 0.00618238 0.01772215 0.00589063
v 0.00590719 0.01824627 0.00587569
v 0.00595053 0.01855433 0.00576060
v 0.00573986 0.01832228 0.00592949
v 0.00565518 0.01854033 0.00589960
v 0.00566325 0.01880639 0.00581291
v 0.00549591 0.01863035 0.00594145
v 0.00540217 0.01882639 0.00592052
v 0.00539410 0.01907444 0.00584131
v 0.00518846 0.01907444 0.00592650
v 0.00510177 0.01931849 0.00587718
v 0.00491629 0.01939051 0.00592501
v 0.00483968 0.01931849 0.00597881
v 0.00483968 0.01959455 0.00588465
v 0.00487396 0.01989462 0.00575911
v 0.00470662 0.02026670 0.00567990
v 0.00460582 0.02042873 0.00564702
v 0.00458969 0.02068679 0.00553791
v 0.00444353 0.02107887 0.00541237
v 0.00404939 0.02148096 0.00534810
v 0.00433164 0.02150496 0.00523003
v 0.00424898 0.02166900 0.00517473
v 0.00410886 0.02184704 0.00511943
v 0.00403326 0.02200507 0.00505068
v 0.00378428 0.02207709 0.00509551
v 0.00405342 0.02220712 0.00491318
v 0.00376916 0.02230314 0.00494905
v 0.00366936 0.02244117 0.00488777
v 0.00373387 0.02274123 0.00464415
v 0.00378428 0.02301129 0.00438708
v 0.00351614 0.02306730 0.00443640
v 0.00380746 0.02283125 0.00453804
v 0.00378428 0.02328335 0.00412404
v 0.00351614 0.02333136 0.00417635
v 0.00351614 0.02320133 0.00430936
v 0.00351614 0.02346539 0.00402689
v 0.00351614 0.02357341 0.00389238
v 0.00351614 0.02370744 0.00371900
v 0.00405342 0.02381746 0.00333639
v 0.00378024 0.02384547 0.00341710
v 0.00351614 0.02402151 0.00323476
v 0.00351614 0.02391948 0.00340365
v 0.00378428 0.02352940 0.00383857
v 0.00392439 0.02350740 0.00380868
v 0.00386693 0.02375745 0.00351425
v 0.00336796 0.02403951 0.00326465
v 0.00326615 0.02398150 0.00339319
v 0.00318853 0.02405751 0.00329604
v 0.00326615 0.02411753 0.00316003
v 0.00326816 0.02426756 0.00285813
v 0.00297886 0.02427956 0.00293285
v 0.00297886 0.02434157 0.00279984
v 0.00297886 0.02442559 0.00259807
v 0.00295769 0.02453362 0.00230513
v 0.00271072 0.02454562 0.00235893
v 0.00244259 0.02455762 0.00240377
v 0.00271072 0.02458963 0.00222592
v 0.00271072 0.02470765 0.00179249
v 0.00271072 0.02463764 0.00206151
v 0.00271072 0.02486969 -0.00008471
v 0.00273592 0.02486369 -0.00037316
v 0.00267947 0.02486169 -0.00062126
v 0.00262706 0.02485368 -0.00081107
v 0.00244662 0.02486369 -0.00089627
v 0.00254037 0.02484368 -0.00099042
v 0.00271072 0.02480167 -0.00115931
v 0.00271072 0.02476166 -0.00142684
v 0.00244259 0.02478567 -0.00142684
v 0.00244259 0.02473166 -0.00169587
v 0.00217344 0.02475166 -0.00169587
v 0.00190531 0.02476967 -0.00169587
v 0.00163616 0.02478367 -0.00169587
v 0.00297886 0.02477367 0.00125593
v 0.00297886 0.02473166 0.00152496
v 0.00297886 0.02480167 0.00098840
v 0.00273592 0.02486369 0.00046978
v 0.00281052 0.02484368 0.00071938
v 0.00284177 0.02484768 0.00057291
v 0.00271072 0.02486969 0.00018282
v 0.00163616 0.02471565 -0.00196340
v 0.00163616 0.02463764 -0.00223242
v 0.00136803 0.02464564 -0.00223242
v 0.00136803 0.02459163 -0.00240430
v 0.00866718 0.01317118 -0.00524102
v 0.00846456 0.01370729 -0.00530379
v 0.00875286 0.01358526 -0.00505419
v 0.00876596 0.01444745 -0.00480310
v 0.00893531 0.01317118 -0.00494658
v 0.00896455 0.01290112 -0.00498395
v 0.00853714 0.01424341 -0.00510501
v 0.00850287 0.01451346 -0.00507213
v 0.00922764 0.01263306 -0.00468802
v 0.00925183 0.01236500 -0.00472688
v 0.00904115 0.01317118 -0.00481207
v 0.00929518 0.01281110 -0.00452810
v 0.00931030 0.01263306 -0.00455351
v 0.00933248 0.01236500 -0.00459237
v 0.00938893 0.01182889 -0.00464916
v 0.00943328 0.01155883 -0.00464916
v 0.00297886 0.01961256 -0.00625135
v 0.00324800 0.01961256 -0.00620801
v 0.00351614 0.01934450 -0.00623491
v 0.00432156 0.01900643 -0.00614375
v 0.00371573 0.01953254 -0.00614225
v 0.00379738 0.01935850 -0.00617214
v 0.00418245 0.01920647 -0.00612432
v 0.00432156 0.01914046 -0.00610489
v 0.00432156 0.01934450 -0.00604211
v 0.00458969 0.01934450 -0.00595991
v 0.00456348 0.01904844 -0.00606005
v 0.00485884 0.01880639 -0.00603315
v 0.00464816 0.01880639 -0.00610190
v 0.00486993 0.01855633 -0.00609891
v 0.00471166 0.01865835 -0.00612133
v 0.00478727 0.01847832 -0.00614524
v 0.00496670 0.01837229 -0.00611684
v 0.00521568 0.01806823 -0.00610937
v 0.00512697 0.01853833 -0.00601372
v 0.00512596 0.01827827 -0.00608546
v 0.00839400 0.01424341 -0.00523952
v 0.00835973 0.01475952 -0.00513939
v 0.00848472 0.01465549 -0.00505419
v 0.00833251 0.01452747 -0.00522607
v 0.00819441 0.01565971 -0.00503476
v 0.00822263 0.01547967 -0.00506017
v 0.00635778 0.01710802 -0.00586874
v 0.00630939 0.01728606 -0.00584632
v 0.00638500 0.01800021 -0.00561616
v 0.00647572 0.01771815 -0.00564455
v 0.00725392 0.01664792 -0.00549510
v 0.00656946 0.01780017 -0.00556983
v 0.00671664 0.01771815 -0.00551004
v 0.00690111 0.01793220 -0.00533966
v 0.00711985 0.01755412 -0.00530678
v 0.00745351 0.01665792 -0.00535162
v 0.00758858 0.01665792 -0.00525596
v 0.00770551 0.01692798 -0.00507661
v 0.00792728 0.01647588 -0.00503626
v 0.00808252 0.01639987 -0.00491968
v 0.00823574 0.01632185 -0.00480460
v 0.00812183 0.01612181 -0.00496900
v 0.00798776 0.01612181 -0.00509006
v 0.00803010 0.01585375 -0.00512892
v 0.00537596 0.01798821 -0.00606902
v 0.00545761 0.01773215 -0.00609891
v 0.00574288 0.01724205 -0.00610489
v 0.00566325 0.01773215 -0.00601820
v 0.00566325 0.01800021 -0.00595244
v 0.00565518 0.01824627 -0.00589116
v 0.00556143 0.01845231 -0.00587173
v 0.00549793 0.01863035 -0.00584483
v 0.00566325 0.01880639 -0.00571480
v 0.00595053 0.01855233 -0.00566099
v 0.00605234 0.01865235 -0.00558178
v 0.00590719 0.01824627 -0.00577757
v 0.00619851 0.01825227 -0.00563559
v 0.00634467 0.01815225 -0.00559523
v 0.00619952 0.01800021 -0.00570882
v 0.00163616 0.02453762 -0.00252686
v 0.00163616 0.02444160 -0.00276898
v 0.00163616 0.02458763 -0.00239384
v 0.00184583 0.02458363 -0.00238039
v 0.00190531 0.02375145 -0.00394970
v 0.00244259 0.02372344 -0.00390934
v 0.00244259 0.02358941 -0.00407524
v 0.00217344 0.02360742 -0.00409766
v 0.00190531 0.02385147 -0.00381519
v 0.00217344 0.02383947 -0.00379874
v 0.00217344 0.02349139 -0.00423217
v 0.00193555 0.02337537 -0.00438462
v 0.00217344 0.02322733 -0.00450568
v 0.00244259 0.02307330 -0.00460283
v 0.00244259 0.02291127 -0.00473734
v 0.00217344 0.02280124 -0.00486588
v 0.00188615 0.02285325 -0.00486438
v 0.00244259 0.02320733 -0.00448775
v 0.00217344 0.02262521 -0.00499889
v 0.00217344 0.02249118 -0.00509156
v 0.00217344 0.02405751 -0.00346844
v 0.00217344 0.02397350 -0.00360295
v 0.00217344 0.02433357 -0.00294982
v 0.00217344 0.02426556 -0.00308433
v 0.00217344 0.02414753 -0.00330703
v 0.00190531 0.02442759 -0.00276898
v 0.00217344 0.02441159 -0.00276898
v 0.00270165 0.02231514 -0.00512145
v 0.00223191 0.02214110 -0.00530827
v 0.00215429 0.02204308 -0.00537403
v 0.00227525 0.02161699 -0.00558477
v 0.00218050 0.02151297 -0.00564605
v 0.00244259 0.02122290 -0.00574619
v 0.00244259 0.02102886 -0.00583287
v 0.00271072 0.02098285 -0.00581344
v 0.00285286 0.02082482 -0.00585828
v 0.00297886 0.02041673 -0.00599130
v 0.00298188 0.02013667 -0.00608695
v 0.00289419 0.02003865 -0.00613328
v 0.00298188 0.01989462 -0.00616616
v 0.00956029 0.01199092 -0.00425609
v 0.00963892 0.01182889 -0.00411261
v 0.00956835 0.01258505 -0.00400948
v 0.00955525 0.01276309 -0.00397511
v 0.00951090 0.01182889 -0.00441750
v 0.00940001 0.01263306 -0.00438014
v 0.00967218 0.01263306 -0.00357456
v 0.00957844 0.01290112 -0.00379874
v 0.00945646 0.01451346 -0.00330703
v 0.00951191 0.01451346 -0.00303800
v 0.00954618 0.01426541 -0.00305893
v 0.00956735 0.01418939 -0.00298420
v 0.00956735 0.01445545 -0.00271517
v 0.00973871 0.01317118 -0.00276898
v 0.00977601 0.01290112 -0.00276898
v 0.00981028 0.01263706 -0.00277645
v 0.00962279 0.01424341 -0.00250145
v 0.00926393 0.01642387 -0.00223242
v 0.00904519 0.01744409 -0.00196340
v 0.00901898 0.01759813 -0.00182590
v 0.00916514 0.01692798 -0.00196340
v 0.00902402 0.01762213 -0.00164655
v 0.00906736 0.01746410 -0.00142684
v 0.00958045 0.01453147 -0.00251789
v 0.00955424 0.01463349 -0.00261802
v 0.00930324 0.01610981 -0.00248351
v 0.00925788 0.01610981 -0.00275852
v 0.00919942 0.01638987 -0.00276898
v 0.00913793 0.01665792 -0.00276898
v 0.00904821 0.01720404 -0.00249846
v 0.00902503 0.01735607 -0.00240729
v 0.00900285 0.01753011 -0.00223242
v 0.00914599 0.01692798 -0.00223242
v 0.00901394 0.01757812 -0.00196340
v 0.00946554 0.01477952 -0.00303800
v 0.00913389 0.01719604 -0.00008471
v 0.00892221 0.01800021 -0.00169587
v 0.00899579 0.01772015 -0.00171978
v 0.00884459 0.01827027 -0.00169587
v 0.00874479 0.01865235 -0.00142684
v 0.00862685 0.01907444 -0.00115931
v 0.00863089 0.01907444 -0.00062126
v 0.00871052 0.01880639 -0.00008471
v 0.00871153 0.01880639 0.00018282
v 0.00874983 0.01867036 0.00018282
v 0.00854722 0.01934450 -0.00115931
v 0.00855024 0.01934450 -0.00035373
v 0.00845045 0.01964857 0.00018282
v 0.00849379 0.01951454 0.00071938
v 0.00837384 0.01988062 -0.00008471
v 0.00827908 0.02014867 0.00018282
v 0.00827304 0.02014867 0.00098840
v 0.00827102 0.02014867 0.00125593
v 0.00821558 0.02028870 0.00141735
v 0.00825388 0.02016868 0.00151450
v 0.00825187 0.02011467 0.00179249
v 0.00822465 0.02004265 0.00224535
v 0.00831033 0.01988062 0.00206151
v 0.00816719 0.02013867 0.00233353
v 0.00805329 0.02041673 0.00233054
v 0.00799180 0.02042273 0.00258910
v 0.00792829 0.02051475 0.00267280
v 0.00773576 0.02096085 0.00259508
v 0.00765915 0.02105687 0.00268326
v 0.00743133 0.02139694 0.00278937
v 0.00741621 0.02163899 0.00248448
v 0.00735069 0.02123491 0.00314957
v 0.00737992 0.02157698 0.00266383
v 0.00734061 0.02148896 0.00287457
v 0.00715916 0.02165500 0.00303449
v 0.00720956 0.02148496 0.00312864
v 0.00710473 0.02157098 0.00321384
v 0.00716118 0.02139094 0.00330351
v 0.00721057 0.02121490 0.00339767
v 0.00709969 0.02130092 0.00348286
v 0.00685776 0.02160699 0.00352321
v 0.00692127 0.02142895 0.00359645
v 0.00700292 0.02121890 0.00366968
v 0.00681744 0.02101686 0.00402390
v 0.00663801 0.02113288 0.00410610
v 0.00673176 0.02093684 0.00415393
v 0.00660172 0.02081882 0.00434225
v 0.00674688 0.02071279 0.00428097
v 0.00690514 0.02033271 0.00437363
v 0.00659971 0.02162099 0.00380420
v 0.00680736 0.02014867 0.00456045
v 0.00661987 0.02030671 0.00462472
v 0.00680333 0.01961256 0.00483247
v 0.00666825 0.01961256 0.00492812
v 0.00622673 0.01883239 0.00551998
v 0.00599993 0.01880639 0.00565449
v 0.00586586 0.01880639 0.00571876
v 0.00646161 0.01961456 0.00506861
v 0.00630334 0.01970458 0.00513138
v 0.00620859 0.01961456 0.00522554
v 0.00603420 0.01943452 0.00540041
v 0.00609670 0.01925648 0.00543628
v 0.00629024 0.01907444 0.00539144
v 0.00633359 0.01894041 0.00541685
v 0.00615617 0.01907444 0.00547066
v 0.00581143 0.01896042 0.00569335
v 0.00565720 0.01906044 0.00572922
v 0.00540015 0.01934450 0.00574416
v 0.00531447 0.01954454 0.00570979
v 0.00514109 0.01962456 0.00575313
v 0.00506145 0.01981660 0.00571427
v 0.00487396 0.02016668 0.00565150
v 0.00510681 0.02039873 0.00545272
v 0.00485884 0.02041673 0.00554987
v 0.00472678 0.02082282 0.00541834
v 0.00458969 0.02088283 0.00544674
v 0.00483364 0.02066678 0.00544674
v 0.00458969 0.02101686 0.00538247
v 0.00461590 0.02124891 0.00525095
v 0.00454332 0.02142495 0.00518668
v 0.00442841 0.02160499 0.00513736
v 0.00433164 0.02175902 0.00508505
v 0.00419757 0.02216911 0.00488478
v 0.00405342 0.02234314 0.00481453
v 0.00384778 0.02239516 0.00485489
v 0.00379032 0.02256919 0.00475027
v 0.00391230 0.02269722 0.00460978
v 0.00394254 0.02297928 0.00435420
v 0.00378428 0.02314732 0.00425855
v 0.00404032 0.02284325 0.00443192
v 0.00412197 0.02293927 0.00431534
v 0.00395161 0.02325134 0.00408966
v 0.00378428 0.02341738 0.00397159
v 0.00422882 0.02378946 0.00329305
v 0.00403225 0.02395749 0.00311220
v 0.00378428 0.02398950 0.00317498
v 0.00378428 0.02406552 0.00304196
v 0.00351614 0.02409752 0.00310025
v 0.00410382 0.02347539 0.00376982
v 0.00405342 0.02372344 0.00347090
v 0.00351614 0.02421755 0.00286709
v 0.00337098 0.02430957 0.00272810
v 0.00319256 0.02432357 0.00276247
v 0.00326816 0.02436958 0.00262348
v 0.00324800 0.02448360 0.00233054
v 0.00303329 0.02456962 0.00216016
v 0.00295769 0.02460563 0.00206749
v 0.00297886 0.02467365 0.00179249
v 0.00287402 0.02485168 0.00018282
v 0.00287100 0.02485168 -0.00008471
v 0.00285890 0.02484968 -0.00029694
v 0.00284177 0.02484768 -0.00047479
v 0.00281354 0.02484368 -0.00062126
v 0.00297886 0.02480167 -0.00089029
v 0.00271476 0.02483368 -0.00089627
v 0.00297886 0.02477167 -0.00115931
v 0.00297886 0.02472966 -0.00142684
v 0.00271072 0.02470765 -0.00169587
v 0.00244259 0.02466564 -0.00196340
v 0.00217344 0.02468565 -0.00196340
v 0.00190531 0.02470165 -0.00196340
v 0.00324800 0.02473366 0.00125593
v 0.00324800 0.02476367 0.00098840
v 0.00324800 0.02463364 0.00179249
v 0.00324800 0.02468965 0.00152496
v 0.00286294 0.02484968 0.00039356
v 0.00324800 0.02478167 0.00071938
v 0.00296273 0.02483368 0.00046978
v 0.00192345 0.02461563 -0.00225783
v 0.00870447 0.01397535 -0.00500188
v 0.00865710 0.01452747 -0.00490175
v 0.00874580 0.01462549 -0.00477620
v 0.00884459 0.01452747 -0.00467158
v 0.00893733 0.01424541 -0.00463123
v 0.00900487 0.01350925 -0.00476275
v 0.00902402 0.01332921 -0.00478965
v 0.00921454 0.01290112 -0.00462973
v 0.00914901 0.01317118 -0.00464916
v 0.00908752 0.01342723 -0.00466411
v 0.00927905 0.01299114 -0.00449970
v 0.00934659 0.01290112 -0.00439807
v 0.00324800 0.01981460 -0.00614823
v 0.00341836 0.01976659 -0.00613328
v 0.00351110 0.01961856 -0.00615869
v 0.00407761 0.01935850 -0.00610489
v 0.00359779 0.01971058 -0.00611535
v 0.00379738 0.01961856 -0.00609592
v 0.00405342 0.01961256 -0.00603464
v 0.00432156 0.01961256 -0.00595842
v 0.00485884 0.01907444 -0.00595393
v 0.00457155 0.01959455 -0.00588369
v 0.00473888 0.01949253 -0.00586276
v 0.00514814 0.01882639 -0.00592404
v 0.00539410 0.01827027 -0.00598831
v 0.00540217 0.01854033 -0.00590910
v 0.00855327 0.01504758 -0.00486139
v 0.00857041 0.01475952 -0.00493014
v 0.00867121 0.01424341 -0.00496452
v 0.00826598 0.01612181 -0.00483449
v 0.00849178 0.01548567 -0.00479414
v 0.00651906 0.01800021 -0.00554143
v 0.00728315 0.01691398 -0.00539197
v 0.00741823 0.01681596 -0.00532770
v 0.00675595 0.01801221 -0.00540094
v 0.00685776 0.01811024 -0.00531126
v 0.00699687 0.01801221 -0.00524700
v 0.00708054 0.01773215 -0.00527838
v 0.00728819 0.01773015 -0.00513341
v 0.00737891 0.01699600 -0.00529931
v 0.00742427 0.01764013 -0.00506466
v 0.00767830 0.01706601 -0.00505270
v 0.00804018 0.01665792 -0.00487036
v 0.00820550 0.01650189 -0.00477471
v 0.00849279 0.01629185 -0.00452810
v 0.00840005 0.01612181 -0.00469101
v 0.00531850 0.01874837 -0.00588070
v 0.00525096 0.01892841 -0.00585380
v 0.00540217 0.01882639 -0.00582241
v 0.00539410 0.01907444 -0.00574320
v 0.00565720 0.01905844 -0.00563260
v 0.00581143 0.01895842 -0.00559523
v 0.00586485 0.01880639 -0.00562064
v 0.00599892 0.01880639 -0.00555637
v 0.00615315 0.01907444 -0.00537403
v 0.00644850 0.01825227 -0.00549958
v 0.00667430 0.01827027 -0.00536208
v 0.00192345 0.02453962 -0.00248202
v 0.00202425 0.02457763 -0.00236395
v 0.00217344 0.02451561 -0.00250145
v 0.00217344 0.02461563 -0.00221000
v 0.00271072 0.02369744 -0.00387945
v 0.00244259 0.02381946 -0.00377483
v 0.00271072 0.02379946 -0.00374494
v 0.00289923 0.02378345 -0.00372252
v 0.00271072 0.02356341 -0.00404535
v 0.00244259 0.02347139 -0.00420976
v 0.00244864 0.02396949 -0.00355513
v 0.00244259 0.02333736 -0.00435324
v 0.00217344 0.02335736 -0.00437117
v 0.00271072 0.02304530 -0.00457892
v 0.00271072 0.02288526 -0.00471343
v 0.00271072 0.02275123 -0.00482403
v 0.00244259 0.02277724 -0.00484495
v 0.00271072 0.02331135 -0.00432783
v 0.00271072 0.02317932 -0.00446234
v 0.00244259 0.02259320 -0.00497797
v 0.00270165 0.02254319 -0.00497050
v 0.00278431 0.02241716 -0.00504224
v 0.00236396 0.02404751 -0.00345200
v 0.00254238 0.02403751 -0.00343407
v 0.00239017 0.02432157 -0.00292591
v 0.00246476 0.02426156 -0.00302455
v 0.00244864 0.02410552 -0.00332945
v 0.00244259 0.02448961 -0.00250145
v 0.00271072 0.02446160 -0.00250145
v 0.00246476 0.02436958 -0.00279439
v 0.00297886 0.02225313 -0.00511099
v 0.00271072 0.02207109 -0.00526941
v 0.00244259 0.02197707 -0.00536507
v 0.00244259 0.02175902 -0.00548164
v 0.00244259 0.02159098 -0.00557132
v 0.00244259 0.02145695 -0.00563708
v 0.00271072 0.02122290 -0.00570583
v 0.00295668 0.02093084 -0.00579401
v 0.00298793 0.02124291 -0.00564904
v 0.00303229 0.02078081 -0.00584184
v 0.00324800 0.02059477 -0.00587472
v 0.00324800 0.02041673 -0.00594198
v 0.00324800 0.02014867 -0.00603763
v 0.00954719 0.01217096 -0.00422321
v 0.00951997 0.01265707 -0.00410364
v 0.00947763 0.01290112 -0.00411261
v 0.00943126 0.01317118 -0.00411261
v 0.00929921 0.01417339 -0.00400350
v 0.00928308 0.01435143 -0.00396464
v 0.00931635 0.01451346 -0.00379127
v 0.00929921 0.01470550 -0.00374195
v 0.00938288 0.01451346 -0.00357456
v 0.00933147 0.01317118 -0.00433231
v 0.00940909 0.01477952 -0.00330703
v 0.00954517 0.01453147 -0.00278990
v 0.00897664 0.01773215 -0.00196340
v 0.00931131 0.01558369 -0.00303352
v 0.00920446 0.01612181 -0.00303800
v 0.00941413 0.01504758 -0.00303800
v 0.00914801 0.01638987 -0.00303800
v 0.00901898 0.01706001 -0.00290200
v 0.00906232 0.01695399 -0.00279588
v 0.00901192 0.01730006 -0.00258664
v 0.00898672 0.01745209 -0.00249846
v 0.00891414 0.01773215 -0.00250145
v 0.00895346 0.01773215 -0.00223242
v 0.00929619 0.01549367 -0.00320241
v 0.00890507 0.01800021 -0.00196340
v 0.00882645 0.01827027 -0.00196340
v 0.00873875 0.01863035 -0.00169587
v 0.00862181 0.01907444 -0.00142684
v 0.00854016 0.01934450 -0.00142684
v 0.00849379 0.01951054 -0.00115931
v 0.00849379 0.01951454 -0.00062126
v 0.00845045 0.01964857 -0.00008471
v 0.00837283 0.01988062 -0.00035373
v 0.00827908 0.02014867 -0.00008471
v 0.00844944 0.01964857 -0.00062126
v 0.00822163 0.02030471 0.00018282
v 0.00817123 0.02043874 0.00018282
v 0.00821659 0.02029270 0.00125593
v 0.00820852 0.02027070 0.00159670
v 0.00816417 0.02042673 0.00125593
v 0.00806236 0.02068679 0.00125593
v 0.00804925 0.02068679 0.00152496
v 0.00816619 0.02039473 0.00151450
v 0.00823775 0.02007666 0.00206151
v 0.00820046 0.02024869 0.00179249
v 0.00818534 0.02021269 0.00206151
v 0.00810066 0.02041673 0.00206151
v 0.00793333 0.02079281 0.00212727
v 0.00797063 0.02061077 0.00233054
v 0.00795248 0.02056876 0.00249345
v 0.00787890 0.02066878 0.00258910
v 0.00768939 0.02111288 0.00250391
v 0.00743637 0.02167300 0.00233054
v 0.00735170 0.02180703 0.00233054
v 0.00714807 0.02217511 0.00222143
v 0.00711884 0.02213110 0.00240078
v 0.00717025 0.02194106 0.00259807
v 0.00730835 0.02174102 0.00258462
v 0.00753617 0.02149096 0.00233054
v 0.00714203 0.02189705 0.00273706
v 0.00718940 0.02175102 0.00284318
v 0.00690111 0.02220512 0.00278639
v 0.00684869 0.02213310 0.00296573
v 0.00686079 0.02188105 0.00325269
v 0.00692631 0.02170101 0.00334386
v 0.00680434 0.02177902 0.00342158
v 0.00660979 0.02217111 0.00327960
v 0.00660575 0.02189705 0.00354115
v 0.00666220 0.02175902 0.00360542
v 0.00638701 0.02142295 0.00412105
v 0.00645959 0.02121090 0.00420325
v 0.00654930 0.02095485 0.00429890
v 0.00649285 0.02152297 0.00396262
v 0.00631443 0.02160299 0.00405977
v 0.00635274 0.02111088 0.00435869
v 0.00641524 0.02095485 0.00440502
v 0.00666422 0.02064078 0.00439456
v 0.00653015 0.02207709 0.00345745
v 0.00635072 0.02218111 0.00355460
v 0.00633661 0.02189705 0.00380868
v 0.00640112 0.02175902 0.00386398
v 0.00630133 0.02077881 0.00458885
v 0.00646362 0.02040473 0.00468152
v 0.00631342 0.02025470 0.00486684
v 0.00637693 0.02007666 0.00491019
v 0.00661785 0.01976859 0.00489076
v 0.00591324 0.01906044 0.00560666
v 0.00646665 0.01986661 0.00494755
v 0.00612492 0.01982260 0.00518370
v 0.00621464 0.02015868 0.00497445
v 0.00620859 0.01989862 0.00509850
v 0.00605537 0.02000064 0.00514334
v 0.00593945 0.01963256 0.00537201
v 0.00585578 0.01955455 0.00544824
v 0.00593945 0.01934450 0.00548560
v 0.00565720 0.01934450 0.00562609
v 0.00549390 0.01943452 0.00567093
v 0.00523886 0.01972258 0.00567691
v 0.00512697 0.02014867 0.00555136
v 0.00527314 0.02029670 0.00542432
v 0.00500500 0.02056276 0.00542283
v 0.00490621 0.02074280 0.00538098
v 0.00483364 0.02092884 0.00532120
v 0.00500803 0.02110288 0.00515679
v 0.00485884 0.02116489 0.00518967
v 0.00472174 0.02135493 0.00514783
v 0.00461590 0.02150496 0.00511196
v 0.00480743 0.02168900 0.00492065
v 0.00459372 0.02177102 0.00496399
v 0.00450703 0.02193106 0.00490271
v 0.00437700 0.02210909 0.00484741
v 0.00458969 0.02223512 0.00466508
v 0.00431551 0.02229313 0.00474429
v 0.00425402 0.02246917 0.00463967
v 0.00405342 0.02265921 0.00458138
v 0.00432156 0.02275323 0.00438858
v 0.00403729 0.02309531 0.00420325
v 0.00432156 0.02288726 0.00427200
v 0.00449897 0.02299128 0.00409713
v 0.00432156 0.02303329 0.00413749
v 0.00413104 0.02321133 0.00405080
v 0.00432156 0.02329735 0.00387145
v 0.00458969 0.02380546 0.00304943
v 0.00431954 0.02384747 0.00314508
v 0.00447074 0.02351140 0.00354713
v 0.00440825 0.02375345 0.00324223
v 0.00410886 0.02401951 0.00295826
v 0.00392943 0.02404551 0.00300758
v 0.00378428 0.02415553 0.00286709
v 0.00432156 0.02343138 0.00371751
v 0.00432156 0.02353940 0.00358300
v 0.00380343 0.02427356 0.00259657
v 0.00351614 0.02429556 0.00269372
v 0.00351614 0.02434958 0.00255921
v 0.00349396 0.02453362 0.00203760
v 0.00324800 0.02455362 0.00210486
v 0.00351614 0.02443559 0.00233054
v 0.00324800 0.02459163 0.00197034
v 0.00300809 0.02483368 0.00018282
v 0.00324800 0.02479567 -0.00008471
v 0.00324800 0.02478967 -0.00035373
v 0.00324800 0.02478167 -0.00062126
v 0.00324800 0.02476367 -0.00089029
v 0.00324800 0.02473366 -0.00115931
v 0.00324800 0.02468965 -0.00142684
v 0.00297886 0.02467365 -0.00169587
v 0.00295668 0.02460563 -0.00196938
v 0.00271072 0.02463764 -0.00196340
v 0.00244259 0.02460363 -0.00217114
v 0.00351614 0.02464164 0.00152496
v 0.00377319 0.02459563 0.00150403
v 0.00351614 0.02468165 0.00125593
v 0.00351614 0.02471365 0.00098840
v 0.00349396 0.02459563 0.00178203
v 0.00338913 0.02457963 0.00193148
v 0.00367642 0.02458363 0.00168338
v 0.00351614 0.02473166 0.00071938
v 0.00324800 0.02479167 0.00045035
v 0.00872463 0.01477952 -0.00475079
v 0.00876495 0.01523962 -0.00453557
v 0.00882443 0.01477952 -0.00461628
v 0.00899075 0.01451346 -0.00446832
v 0.00900991 0.01433543 -0.00449970
v 0.00902805 0.01415739 -0.00452960
v 0.00926191 0.01317118 -0.00446682
v 0.00929215 0.01359727 -0.00425459
v 0.00930627 0.01343923 -0.00428448
v 0.00908652 0.01424541 -0.00439807
v 0.00351110 0.01986661 -0.00608097
v 0.00351614 0.02014867 -0.00598233
v 0.00378428 0.01988062 -0.00601372
v 0.00405342 0.01988062 -0.00594497
v 0.00429636 0.01986061 -0.00588070
v 0.00446873 0.01975859 -0.00586127
v 0.00483968 0.01931849 -0.00588219
v 0.00505540 0.01907444 -0.00588219
v 0.00464816 0.01967257 -0.00583138
v 0.00483968 0.01959455 -0.00578803
v 0.00491730 0.01939251 -0.00582839
v 0.00499593 0.01921447 -0.00585828
v 0.00701602 0.01826827 -0.00513789
v 0.00716420 0.01817825 -0.00506914
v 0.00662188 0.01843431 -0.00533219
v 0.00642431 0.01934450 -0.00510800
v 0.00660071 0.01920647 -0.00504971
v 0.00692732 0.01853833 -0.00509156
v 0.00720856 0.01800021 -0.00510053
v 0.00738597 0.01781817 -0.00503476
v 0.00754826 0.01774616 -0.00492267
v 0.00767124 0.01785218 -0.00477770
v 0.00770652 0.01767414 -0.00481058
v 0.00779926 0.01716603 -0.00490773
v 0.00792023 0.01726805 -0.00476126
v 0.00829723 0.01665792 -0.00460881
v 0.00788192 0.01746410 -0.00472539
v 0.00794643 0.01787018 -0.00451614
v 0.00822163 0.01708402 -0.00452362
v 0.00846355 0.01646988 -0.00449074
v 0.00856032 0.01638387 -0.00439359
v 0.00866012 0.01610981 -0.00435921
v 0.00868532 0.01585375 -0.00442049
v 0.00872060 0.01558569 -0.00447131
v 0.00510278 0.01931849 -0.00578056
v 0.00531447 0.01954454 -0.00561317
v 0.00540015 0.01934450 -0.00564605
v 0.00556345 0.01925448 -0.00560570
v 0.00565720 0.01934450 -0.00552798
v 0.00591324 0.01905844 -0.00550855
v 0.00609670 0.01925648 -0.00533816
v 0.00217344 0.02457162 -0.00234452
v 0.00298491 0.02368743 -0.00382565
v 0.00297886 0.02353740 -0.00401397
v 0.00271072 0.02391548 -0.00357456
v 0.00307765 0.02376745 -0.00369861
v 0.00271072 0.02344538 -0.00417837
v 0.00297886 0.02300929 -0.00454903
v 0.00292443 0.02272523 -0.00480310
v 0.00297886 0.02328335 -0.00429495
v 0.00297886 0.02341738 -0.00414848
v 0.00318551 0.02325934 -0.00426804
v 0.00297886 0.02314332 -0.00442946
v 0.00297886 0.02238715 -0.00502131
v 0.00271072 0.02409952 -0.00327714
v 0.00271072 0.02402351 -0.00341015
v 0.00271072 0.02436158 -0.00274506
v 0.00256859 0.02430957 -0.00290200
v 0.00271072 0.02422155 -0.00303800
v 0.00244259 0.02455762 -0.00230566
v 0.00271072 0.02454362 -0.00226082
v 0.00295668 0.02453362 -0.00220701
v 0.00297886 0.02442559 -0.00250145
v 0.00324800 0.02220512 -0.00507960
v 0.00324800 0.02202908 -0.00518572
v 0.00306958 0.02188105 -0.00531276
v 0.00289015 0.02190905 -0.00532770
v 0.00297987 0.02177902 -0.00538300
v 0.00298793 0.02147696 -0.00553694
v 0.00290427 0.02137894 -0.00559822
v 0.00324800 0.02117489 -0.00562961
v 0.00324800 0.02095485 -0.00572676
v 0.00308269 0.02134493 -0.00558328
v 0.00324800 0.02072880 -0.00582092
v 0.00339417 0.02055876 -0.00585977
v 0.00349699 0.02041673 -0.00589116
v 0.00953207 0.01236500 -0.00418584
v 0.00933248 0.01369529 -0.00412307
v 0.00927502 0.01377731 -0.00421872
v 0.00918430 0.01451346 -0.00411261
v 0.00926796 0.01451346 -0.00392578
v 0.00928107 0.01488354 -0.00368665
v 0.00932844 0.01478752 -0.00358801
v 0.00924579 0.01478752 -0.00383611
v 0.00902503 0.01601579 -0.00372252
v 0.00930324 0.01504758 -0.00349534
v 0.00927804 0.01567171 -0.00312020
v 0.00906837 0.01640387 -0.00332197
v 0.00904115 0.01661191 -0.00324426
v 0.00907140 0.01668393 -0.00306341
v 0.00904115 0.01688197 -0.00299018
v 0.00913591 0.01612181 -0.00330703
v 0.00901797 0.01678995 -0.00316953
v 0.00876899 0.01792820 -0.00296327
v 0.00886677 0.01773215 -0.00276898
v 0.00893733 0.01746410 -0.00276898
v 0.00883854 0.01800021 -0.00250145
v 0.00887987 0.01800021 -0.00223242
v 0.00927099 0.01536765 -0.00338176
v 0.00925083 0.01558369 -0.00329806
v 0.00919236 0.01585375 -0.00330703
v 0.00875891 0.01843231 -0.00215919
v 0.00872867 0.01859834 -0.00196340
v 0.00860669 0.01907444 -0.00169587
v 0.00848472 0.01948653 -0.00159872
v 0.00848976 0.01950053 -0.00142684
v 0.00836779 0.01988062 -0.00115931
v 0.00836981 0.01988062 -0.00089029
v 0.00827102 0.02014867 -0.00115931
v 0.00822163 0.02030471 -0.00008471
v 0.00817123 0.02043874 -0.00008471
v 0.00807143 0.02068679 0.00018282
v 0.00806941 0.02068679 0.00045035
v 0.00797869 0.02089683 0.00098840
v 0.00797768 0.02089283 0.00125593
v 0.00802304 0.02068679 0.00179249
v 0.00797063 0.02087483 0.00152496
v 0.00795651 0.02084682 0.00179249
v 0.00794845 0.02082882 0.00194792
v 0.00788192 0.02093284 0.00204657
v 0.00773273 0.02123691 0.00205703
v 0.00781237 0.02095485 0.00233054
v 0.00791115 0.02074480 0.00233054
v 0.00771156 0.02115689 0.00233054
v 0.00764201 0.02129092 0.00233054
v 0.00746964 0.02172701 0.00206151
v 0.00738799 0.02186104 0.00206151
v 0.00728315 0.02202908 0.00206151
v 0.00761177 0.02147496 0.00205703
v 0.00716924 0.02220712 0.00206151
v 0.00707751 0.02234114 0.00206151
v 0.00704425 0.02227713 0.00231858
v 0.00687490 0.02243516 0.00247252
v 0.00693236 0.02229513 0.00257714
v 0.00707953 0.02207509 0.00259807
v 0.00766519 0.02133493 0.00214222
v 0.00683155 0.02238315 0.00265187
v 0.00675091 0.02231514 0.00288951
v 0.00659668 0.02242516 0.00299264
v 0.00665918 0.02223112 0.00313612
v 0.00654225 0.02236715 0.00313612
v 0.00634871 0.02244517 0.00328558
v 0.00643943 0.02226713 0.00337226
v 0.00620456 0.02149696 0.00421371
v 0.00627411 0.02129092 0.00429890
v 0.00621464 0.02177902 0.00400596
v 0.00605033 0.02187905 0.00406425
v 0.00613601 0.02170101 0.00412852
v 0.00619045 0.02120890 0.00441100
v 0.00604630 0.02106687 0.00459931
v 0.00620657 0.02096885 0.00454551
v 0.00601404 0.02156898 0.00430787
v 0.00607251 0.02216911 0.00381316
v 0.00625193 0.02207509 0.00373395
v 0.00626302 0.02236115 0.00346493
v 0.00608460 0.02244917 0.00355460
v 0.00616827 0.02226513 0.00364428
v 0.00617734 0.02200307 0.00385800
v 0.00612190 0.02088883 0.00465162
v 0.00621464 0.02044074 0.00483247
v 0.00606041 0.02054676 0.00487731
v 0.00613400 0.02036672 0.00492364
v 0.00580639 0.02029470 0.00515530
v 0.00599791 0.02014867 0.00510897
v 0.00578723 0.01973458 0.00541237
v 0.00568341 0.01963256 0.00550354
v 0.00540015 0.01962456 0.00564104
v 0.00539410 0.01988062 0.00554090
v 0.00564611 0.02039673 0.00518967
v 0.00537495 0.02039873 0.00532568
v 0.00537898 0.02067079 0.00519266
v 0.00510681 0.02066678 0.00532568
v 0.00553019 0.02001664 0.00541834
v 0.00563704 0.02012267 0.00531821
v 0.00510883 0.02093884 0.00519117
v 0.00510883 0.02120490 0.00505068
v 0.00512697 0.02142495 0.00491915
v 0.00498686 0.02162099 0.00487731
v 0.00488202 0.02151497 0.00498641
v 0.00485884 0.02129892 0.00511644
v 0.00518645 0.02101886 0.00511345
v 0.00488202 0.02177102 0.00483247
v 0.00468546 0.02186704 0.00486385
v 0.00475400 0.02218311 0.00462622
v 0.00458969 0.02236915 0.00456643
v 0.00443345 0.02241916 0.00460230
v 0.00433466 0.02256119 0.00453505
v 0.00447780 0.02271122 0.00435420
v 0.00457760 0.02282725 0.00420474
v 0.00467840 0.02294327 0.00405080
v 0.00467538 0.02321133 0.00378028
v 0.00449595 0.02325734 0.00382811
v 0.00432156 0.02316732 0.00400596
v 0.00458969 0.02371544 0.00318394
v 0.00479735 0.02353740 0.00331547
v 0.00472779 0.02377545 0.00300459
v 0.00458969 0.02390748 0.00286709
v 0.00433768 0.02399550 0.00286709
v 0.00457256 0.02336336 0.00366371
v 0.00465017 0.02347139 0.00349482
v 0.00457256 0.02356941 0.00340514
v 0.00425906 0.02406552 0.00277891
v 0.00403225 0.02408752 0.00286709
v 0.00405342 0.02421155 0.00259807
v 0.00390625 0.02430757 0.00245608
v 0.00372682 0.02432757 0.00250690
v 0.00378428 0.02446560 0.00206151
v 0.00356755 0.02456562 0.00186273
v 0.00380343 0.02436558 0.00235296
v 0.00324800 0.02479567 0.00018282
v 0.00351614 0.02474766 0.00018282
v 0.00351614 0.02474566 -0.00008471
v 0.00351614 0.02474166 -0.00035373
v 0.00351614 0.02473166 -0.00062126
v 0.00351614 0.02471365 -0.00089029
v 0.00351614 0.02468365 -0.00115931
v 0.00351614 0.02464164 -0.00142684
v 0.00367642 0.02458363 -0.00158676
v 0.00349296 0.02459563 -0.00168391
v 0.00324800 0.02463364 -0.00169587
v 0.00324800 0.02459163 -0.00187223
v 0.00303128 0.02456962 -0.00206204
v 0.00285185 0.02457963 -0.00210090
v 0.00271072 0.02458763 -0.00212631
v 0.00385585 0.02456562 0.00157876
v 0.00392439 0.02457963 0.00139941
v 0.00378428 0.02462764 0.00125593
v 0.00396068 0.02458963 0.00125593
v 0.00378428 0.02465364 0.00098840
v 0.00377319 0.02454162 0.00178203
v 0.00378428 0.02467165 0.00071938
v 0.00351614 0.02474166 0.00045035
v 0.00875689 0.01601379 -0.00425609
v 0.00895850 0.01477952 -0.00441750
v 0.00904015 0.01477952 -0.00428299
v 0.00906938 0.01451346 -0.00433381
v 0.00371472 0.02032471 -0.00587323
v 0.00379637 0.02016468 -0.00591059
v 0.00389314 0.02026470 -0.00585081
v 0.00418950 0.02001664 -0.00585828
v 0.00405342 0.02020469 -0.00582839
v 0.00436893 0.01993663 -0.00582839
v 0.00457155 0.01986061 -0.00578803
v 0.00460683 0.02016668 -0.00565801
v 0.00479533 0.02008866 -0.00561765
v 0.00487396 0.01989662 -0.00566099
v 0.00523987 0.01972458 -0.00558029
v 0.00514109 0.01962456 -0.00565651
v 0.00711279 0.01835829 -0.00503327
v 0.00734363 0.01800021 -0.00500188
v 0.00713598 0.01893441 -0.00478069
v 0.00718235 0.01875637 -0.00481805
v 0.00728617 0.01829027 -0.00492865
v 0.00636685 0.01952654 -0.00507213
v 0.00655838 0.01934450 -0.00502281
v 0.00673982 0.01910045 -0.00499591
v 0.00700997 0.01881439 -0.00492118
v 0.00750492 0.01800021 -0.00486737
v 0.00763899 0.01800021 -0.00474930
v 0.00780229 0.01775016 -0.00469400
v 0.00781539 0.01797621 -0.00459536
v 0.00772164 0.01827027 -0.00455650
v 0.00790712 0.01804822 -0.00447430
v 0.00801700 0.01797621 -0.00438313
v 0.00820046 0.01783018 -0.00422918
v 0.00811982 0.01773816 -0.00436669
v 0.00818937 0.01726405 -0.00448625
v 0.00852908 0.01665792 -0.00431438
v 0.00823070 0.01765014 -0.00426954
v 0.00849883 0.01684596 -0.00427103
v 0.00873471 0.01619182 -0.00421573
v 0.00549390 0.01943252 -0.00557281
v 0.00568341 0.01963256 -0.00540542
v 0.00578723 0.01973458 -0.00531575
v 0.00585578 0.01955455 -0.00535012
v 0.00593945 0.01934450 -0.00538749
v 0.00603420 0.01943452 -0.00530379
v 0.00315930 0.02351740 -0.00399155
v 0.00324800 0.02374545 -0.00367021
v 0.00324901 0.02359741 -0.00386152
v 0.00298491 0.02385147 -0.00359548
v 0.00297886 0.02399750 -0.00336831
v 0.00324800 0.02383347 -0.00353570
v 0.00351614 0.02380546 -0.00348787
v 0.00368851 0.02378545 -0.00345649
v 0.00315728 0.02298328 -0.00452661
v 0.00310386 0.02269522 -0.00478069
v 0.00300003 0.02258920 -0.00487933
v 0.00336393 0.02323134 -0.00424114
v 0.00326111 0.02310731 -0.00438462
v 0.00333873 0.02349339 -0.00396315
v 0.00297886 0.02407752 -0.00323529
v 0.00297886 0.02418154 -0.00303800
v 0.00297886 0.02434157 -0.00270322
v 0.00271072 0.02429957 -0.00287958
v 0.00324800 0.02448360 -0.00223242
v 0.00326816 0.02436958 -0.00252536
v 0.00337098 0.02430957 -0.00263148
v 0.00340727 0.02217311 -0.00505868
v 0.00324800 0.02233914 -0.00498843
v 0.00363610 0.02161899 -0.00531724
v 0.00324800 0.02184304 -0.00529183
v 0.00324800 0.02170901 -0.00536507
v 0.00324800 0.02149096 -0.00547716
v 0.00324800 0.02130892 -0.00556534
v 0.00344860 0.02112488 -0.00560570
v 0.00352924 0.02097285 -0.00565352
v 0.00349699 0.02066278 -0.00579252
v 0.00357360 0.02050475 -0.00583885
v 0.00912684 0.01477952 -0.00411261
v 0.00918631 0.01504758 -0.00384358
v 0.00900487 0.01619582 -0.00366872
v 0.00905325 0.01611181 -0.00357755
v 0.00910970 0.01585375 -0.00357456
v 0.00916716 0.01558569 -0.00357456
v 0.00902503 0.01547567 -0.00399005
v 0.00895245 0.01611181 -0.00382415
v 0.00901293 0.01650189 -0.00342211
v 0.00903511 0.01632185 -0.00348937
v 0.00899680 0.01668393 -0.00332197
v 0.00893531 0.01692798 -0.00330703
v 0.00874076 0.01783018 -0.00314262
v 0.00879620 0.01773816 -0.00304697
v 0.00871455 0.01801021 -0.00304697
v 0.00847263 0.01891241 -0.00286911
v 0.00874076 0.01810624 -0.00285566
v 0.00878713 0.01801021 -0.00276748
v 0.00875790 0.01816025 -0.00267781
v 0.00877403 0.01821226 -0.00250145
v 0.00874681 0.01839030 -0.00233854
v 0.00879116 0.01828827 -0.00224288
v 0.00863391 0.01880639 -0.00223242
v 0.00855125 0.01907444 -0.00223242
v 0.00858553 0.01907444 -0.00196340
v 0.00866617 0.01880639 -0.00196340
v 0.00851698 0.01936250 -0.00169138
v 0.00847767 0.01946453 -0.00177807
v 0.00844138 0.01959055 -0.00169138
v 0.00835872 0.01988062 -0.00142684
v 0.00821558 0.02028870 -0.00132222
v 0.00821659 0.02029270 -0.00115931
v 0.00816417 0.02042673 -0.00115931
v 0.00806236 0.02068679 -0.00115931
v 0.00807143 0.02068679 -0.00008471
v 0.00797970 0.02089883 0.00045035
v 0.00792023 0.02103086 0.00071938
v 0.00791922 0.02103086 0.00098840
v 0.00791619 0.02102686 0.00125593
v 0.00790813 0.02100886 0.00152496
v 0.00789402 0.02098085 0.00179249
v 0.00777910 0.02122290 0.00179249
v 0.00768435 0.02137294 0.00196436
v 0.00740613 0.02189105 0.00191056
v 0.00762790 0.02152897 0.00179249
v 0.00748274 0.02178502 0.00181042
v 0.00719848 0.02225113 0.00179249
v 0.00710775 0.02238715 0.00179249
v 0.00694344 0.02252118 0.00206151
v 0.00690111 0.02246917 0.00233054
v 0.00679022 0.02260320 0.00233054
v 0.00665616 0.02276324 0.00233054
v 0.00661886 0.02271723 0.00249644
v 0.00672571 0.02255119 0.00257415
v 0.00657148 0.02266521 0.00267579
v 0.00665212 0.02248718 0.00281329
v 0.00637794 0.02274723 0.00286709
v 0.00633459 0.02269922 0.00300161
v 0.00639306 0.02254719 0.00310921
v 0.00606343 0.02296728 0.00299862
v 0.00607654 0.02270922 0.00328109
v 0.00617028 0.02253719 0.00337376
v 0.00583461 0.02166300 0.00436915
v 0.00590517 0.02227513 0.00385651
v 0.00577614 0.02214310 0.00406126
v 0.00609468 0.02138894 0.00436466
v 0.00592432 0.02094684 0.00474279
v 0.00592735 0.02148496 0.00441996
v 0.00578320 0.02134293 0.00460380
v 0.00586788 0.02116489 0.00465611
v 0.00597775 0.02234915 0.00373395
v 0.00579832 0.02296928 0.00327212
v 0.00580135 0.02270322 0.00354264
v 0.00589005 0.02252918 0.00363830
v 0.00579832 0.02243116 0.00380719
v 0.00599892 0.02068679 0.00483994
v 0.00586485 0.02068679 0.00492065
v 0.00564611 0.02067079 0.00505217
v 0.00554631 0.02057076 0.00515829
v 0.00572373 0.01988062 0.00538098
v 0.00558966 0.01988062 0.00544674
v 0.00545861 0.02075080 0.00511345
v 0.00528019 0.02083882 0.00515829
v 0.00526709 0.02136293 0.00488478
v 0.00512697 0.02155898 0.00484293
v 0.00513302 0.02177102 0.00470692
v 0.00504835 0.02193906 0.00464116
v 0.00537898 0.02093884 0.00505666
v 0.00554027 0.02109888 0.00488777
v 0.00537192 0.02120290 0.00491915
v 0.00484876 0.02202908 0.00468152
v 0.00493242 0.02211710 0.00458287
v 0.00486488 0.02230114 0.00448274
v 0.00479735 0.02247917 0.00438110
v 0.00465622 0.02265921 0.00431086
v 0.00457659 0.02256719 0.00441996
v 0.00485884 0.02275523 0.00412404
v 0.00485884 0.02288926 0.00400148
v 0.00501911 0.02298328 0.00382363
v 0.00485884 0.02302729 0.00386846
v 0.00485884 0.02316132 0.00372648
v 0.00485884 0.02328535 0.00359197
v 0.00497678 0.02349739 0.00325867
v 0.00483364 0.02381546 0.00285364
v 0.00512697 0.02354740 0.00306886
v 0.00458969 0.02401150 0.00266084
v 0.00443849 0.02403551 0.00272062
v 0.00487597 0.02343138 0.00340514
v 0.00433768 0.02411553 0.00261750
v 0.00430744 0.02425156 0.00231410
v 0.00405342 0.02429156 0.00240527
v 0.00405342 0.02433557 0.00227075
v 0.00420866 0.02431557 0.00221396
v 0.00405342 0.02439959 0.00206151
v 0.00378428 0.02468765 0.00018282
v 0.00378428 0.02468765 -0.00008471
v 0.00378428 0.02468165 -0.00035373
v 0.00378428 0.02467165 -0.00062126
v 0.00378428 0.02465564 -0.00089029
v 0.00396068 0.02458963 -0.00115931
v 0.00378428 0.02462764 -0.00115931
v 0.00392439 0.02457963 -0.00130279
v 0.00377319 0.02459563 -0.00140592
v 0.00385484 0.02456562 -0.00148065
v 0.00377319 0.02454162 -0.00168391
v 0.00356755 0.02456562 -0.00176462
v 0.00338812 0.02457963 -0.00183337
v 0.00349296 0.02453362 -0.00193948
v 0.00324800 0.02455362 -0.00200674
v 0.00405342 0.02446960 0.00179249
v 0.00402923 0.02453562 0.00150403
v 0.00409475 0.02455562 0.00125593
v 0.00415019 0.02456962 0.00098840
v 0.00401612 0.02460163 0.00098840
v 0.00417842 0.02457763 0.00080457
v 0.00407459 0.02460563 0.00071639
v 0.00378428 0.02468165 0.00045035
v 0.00887080 0.01585375 -0.00411261
v 0.00900083 0.01510559 -0.00421125
v 0.00902200 0.01492755 -0.00425160
v 0.00379637 0.02041673 -0.00581643
v 0.00378428 0.02068679 -0.00571032
v 0.00405342 0.02041673 -0.00574320
v 0.00429636 0.02012267 -0.00578206
v 0.00432861 0.02042873 -0.00565053
v 0.00452820 0.02034672 -0.00561466
v 0.00470662 0.02026670 -0.00558178
v 0.00497476 0.01999664 -0.00558178
v 0.00514109 0.01989662 -0.00555189
v 0.00512697 0.02014867 -0.00545325
v 0.00527314 0.02029670 -0.00532621
v 0.00539410 0.01988062 -0.00544279
v 0.00745250 0.01822426 -0.00482253
v 0.00685474 0.01944852 -0.00477172
v 0.00709566 0.01907444 -0.00474930
v 0.00714606 0.01948853 -0.00452063
v 0.00718335 0.01934450 -0.00455351
v 0.00740815 0.01840430 -0.00478367
v 0.00620859 0.01961456 -0.00512892
v 0.00630334 0.01970458 -0.00503327
v 0.00646161 0.01961456 -0.00497050
v 0.00666926 0.01961256 -0.00483001
v 0.00675393 0.01935250 -0.00488232
v 0.00754221 0.01829628 -0.00470895
v 0.00768435 0.01842030 -0.00452212
v 0.00763999 0.01860034 -0.00448027
v 0.00785571 0.01827027 -0.00441900
v 0.00797667 0.01827027 -0.00428448
v 0.00816820 0.01800021 -0.00418584
v 0.00826195 0.01800021 -0.00405133
v 0.00829824 0.01773816 -0.00412905
v 0.00846960 0.01702400 -0.00422769
v 0.00870548 0.01638987 -0.00416342
v 0.00880326 0.01610981 -0.00412157
v 0.00877705 0.01638987 -0.00403041
v 0.00612492 0.01982260 -0.00508558
v 0.00593945 0.01963256 -0.00527390
v 0.00545156 0.02019468 -0.00528287
v 0.00580639 0.02029470 -0.00505718
v 0.00586384 0.02014867 -0.00509006
v 0.00351614 0.02370744 -0.00362238
v 0.00318954 0.02405751 -0.00319942
v 0.00336897 0.02403951 -0.00316803
v 0.00351614 0.02391948 -0.00330703
v 0.00378024 0.02384547 -0.00331898
v 0.00405342 0.02381746 -0.00323977
v 0.00386794 0.02375745 -0.00341763
v 0.00392439 0.02350740 -0.00371206
v 0.00351614 0.02357341 -0.00379426
v 0.00333570 0.02295328 -0.00450120
v 0.00324700 0.02285125 -0.00461180
v 0.00351614 0.02278524 -0.00458490
v 0.00324800 0.02266721 -0.00475976
v 0.00324800 0.02253319 -0.00485541
v 0.00351614 0.02333136 -0.00407823
v 0.00378428 0.02328335 -0.00402742
v 0.00351614 0.02320133 -0.00421274
v 0.00378428 0.02301329 -0.00429046
v 0.00351614 0.02306730 -0.00433829
v 0.00351614 0.02292127 -0.00447280
v 0.00351614 0.02346539 -0.00392877
v 0.00326615 0.02411753 -0.00306192
v 0.00297886 0.02427956 -0.00283623
v 0.00326816 0.02426756 -0.00276001
v 0.00351614 0.02443559 -0.00223242
v 0.00351614 0.02434758 -0.00246259
v 0.00351614 0.02429556 -0.00259561
v 0.00351614 0.02421755 -0.00276898
v 0.00350404 0.02227713 -0.00495705
v 0.00358569 0.02212910 -0.00503178
v 0.00378428 0.02194106 -0.00507960
v 0.00392842 0.02189905 -0.00505569
v 0.00403225 0.02175902 -0.00510202
v 0.00378428 0.02157298 -0.00529183
v 0.00404939 0.02148096 -0.00525148
v 0.00395665 0.02138294 -0.00533368
v 0.00378428 0.02143895 -0.00536058
v 0.00378428 0.02122290 -0.00546670
v 0.00378428 0.02102886 -0.00556086
v 0.00362803 0.02107487 -0.00558328
v 0.00352924 0.02121890 -0.00553993
v 0.00353428 0.02151297 -0.00539496
v 0.00345767 0.02166100 -0.00533966
v 0.00378428 0.02089483 -0.00562064
v 0.00906636 0.01502957 -0.00411709
v 0.00904418 0.01531564 -0.00402742
v 0.00887080 0.01638987 -0.00384358
v 0.00874782 0.01705201 -0.00370309
v 0.00878411 0.01719604 -0.00352075
v 0.00875991 0.01736608 -0.00346396
v 0.00898370 0.01640387 -0.00357755
v 0.00897563 0.01531564 -0.00416193
v 0.00873572 0.01754411 -0.00339521
v 0.00878915 0.01745810 -0.00330703
v 0.00871153 0.01773816 -0.00330703
v 0.00863089 0.01800021 -0.00330703
v 0.00863089 0.01827027 -0.00303800
v 0.00846859 0.01836829 -0.00340418
v 0.00822767 0.01924848 -0.00320540
v 0.00819542 0.01942652 -0.00311722
v 0.00825691 0.01934050 -0.00303202
v 0.00822465 0.01950854 -0.00293936
v 0.00821860 0.01976059 -0.00265240
v 0.00843936 0.01907244 -0.00277496
v 0.00849682 0.01898042 -0.00268976
v 0.00859057 0.01880639 -0.00250145
v 0.00873270 0.01834629 -0.00250145
v 0.00849581 0.01925248 -0.00223242
v 0.00851295 0.01930649 -0.00196340
v 0.00846960 0.01944052 -0.00196340
v 0.00840912 0.01961256 -0.00196340
v 0.00833856 0.01988062 -0.00169587
v 0.00820953 0.02027270 -0.00150157
v 0.00825388 0.02016868 -0.00141788
v 0.00816719 0.02039473 -0.00141788
v 0.00804925 0.02068679 -0.00142684
v 0.00797063 0.02087683 -0.00142684
v 0.00797768 0.02089083 -0.00115931
v 0.00797970 0.02089683 -0.00008471
v 0.00797970 0.02089883 0.00018282
v 0.00783656 0.02122290 0.00018282
v 0.00792023 0.02103286 0.00045035
v 0.00783555 0.02122290 0.00045035
v 0.00772668 0.02146696 0.00018282
v 0.00783353 0.02122290 0.00071938
v 0.00772467 0.02145895 0.00071938
v 0.00783051 0.02122290 0.00098840
v 0.00772265 0.02145495 0.00098840
v 0.00782446 0.02122290 0.00125593
v 0.00771862 0.02144695 0.00125593
v 0.00780632 0.02122290 0.00152496
v 0.00770955 0.02142495 0.00152496
v 0.00769543 0.02139494 0.00179249
v 0.00741823 0.02191105 0.00173270
v 0.00735170 0.02206709 0.00152496
v 0.00734666 0.02201107 0.00181042
v 0.00764403 0.02155898 0.00152496
v 0.00753213 0.02175902 0.00152496
v 0.00743032 0.02193306 0.00152496
v 0.00721763 0.02228113 0.00152496
v 0.00712892 0.02241516 0.00152496
v 0.00701703 0.02256519 0.00152496
v 0.00687994 0.02271122 0.00169833
v 0.00695856 0.02258320 0.00178950
v 0.00677611 0.02281325 0.00178950
v 0.00683558 0.02265521 0.00206151
v 0.00657954 0.02294327 0.00212429
v 0.00653721 0.02289726 0.00233054
v 0.00635879 0.02299128 0.00250989
v 0.00646564 0.02282925 0.00259209
v 0.00630637 0.02294127 0.00268924
v 0.00620960 0.02289726 0.00289250
v 0.00599791 0.02290727 0.00313612
v 0.00612694 0.02301929 0.00281927
v 0.00601807 0.02319733 0.00266383
v 0.00583864 0.02327134 0.00278340
v 0.00565115 0.02336336 0.00285514
v 0.00576203 0.02321133 0.00296275
v 0.00586384 0.02301729 0.00313612
v 0.00573885 0.02184104 0.00430488
v 0.00556043 0.02192305 0.00436317
v 0.00565518 0.02175502 0.00441996
v 0.00551305 0.02161099 0.00460230
v 0.00568139 0.02150897 0.00456344
v 0.00566829 0.02203308 0.00421371
v 0.00567736 0.02230514 0.00399700
v 0.00559672 0.02222112 0.00412105
v 0.00571869 0.02100486 0.00483546
v 0.00580235 0.02082682 0.00488328
v 0.00560377 0.02143095 0.00465611
v 0.00558260 0.02327535 0.00305392
v 0.00548583 0.02320933 0.00323327
v 0.00566325 0.02301529 0.00332742
v 0.00550902 0.02295528 0.00352321
v 0.00566325 0.02275923 0.00359645
v 0.00566325 0.02262120 0.00373096
v 0.00550599 0.02268322 0.00379074
v 0.00566325 0.02248518 0.00385501
v 0.00548886 0.02239916 0.00404931
v 0.00564308 0.02093084 0.00491915
v 0.00539007 0.02148696 0.00474429
v 0.00533362 0.02168700 0.00465312
v 0.00522576 0.02186704 0.00459334
v 0.00513302 0.02202908 0.00453505
v 0.00527717 0.02217711 0.00435420
v 0.00512697 0.02223112 0.00439605
v 0.00497678 0.02242116 0.00433477
v 0.00487597 0.02256719 0.00427051
v 0.00500601 0.02270922 0.00408368
v 0.00510177 0.02281725 0.00392675
v 0.00519753 0.02292727 0.00376683
v 0.00533059 0.02301329 0.00358748
v 0.00510177 0.02308730 0.00365623
v 0.00500500 0.02324334 0.00354713
v 0.00510782 0.02330735 0.00339916
v 0.00512697 0.02345538 0.00320337
v 0.00527314 0.02351140 0.00301207
v 0.00501609 0.02378545 0.00275500
v 0.00483464 0.02395549 0.00257415
v 0.00472981 0.02404351 0.00246953
v 0.00458969 0.02406952 0.00252633
v 0.00438809 0.02429156 0.00212877
v 0.00458969 0.02414753 0.00233054
v 0.00430744 0.02433557 0.00204806
v 0.00419253 0.02458163 0.00062522
v 0.00405342 0.02462364 0.00018282
v 0.00405342 0.02462364 -0.00008471
v 0.00419253 0.02458163 -0.00052860
v 0.00407459 0.02460563 -0.00061977
v 0.00417842 0.02457763 -0.00070795
v 0.00401713 0.02460163 -0.00089029
v 0.00415120 0.02456962 -0.00089029
v 0.00409475 0.02455562 -0.00115931
v 0.00402923 0.02453562 -0.00140592
v 0.00405342 0.02446960 -0.00169587
v 0.00405342 0.02439959 -0.00196340
v 0.00378428 0.02446560 -0.00196340
v 0.00447276 0.02431557 0.00194942
v 0.00432156 0.02439359 0.00179249
v 0.00432156 0.02444760 0.00152496
v 0.00432156 0.02448761 0.00125593
v 0.00432156 0.02451561 0.00098840
v 0.00458969 0.02442559 0.00098840
v 0.00458969 0.02444160 0.00071938
v 0.00429736 0.02454162 0.00071639
v 0.00394959 0.02084282 -0.00559822
v 0.00404435 0.02068479 -0.00563409
v 0.00442236 0.02052475 -0.00557730
v 0.00412801 0.02077481 -0.00556833
v 0.00460683 0.02042873 -0.00555040
v 0.00487396 0.02016668 -0.00555338
v 0.00485884 0.02041673 -0.00545325
v 0.00510681 0.02039873 -0.00535461
v 0.00500500 0.02056276 -0.00532621
v 0.00518342 0.02047474 -0.00528436
v 0.00554631 0.02057076 -0.00506167
v 0.00564712 0.02039673 -0.00509156
v 0.00680333 0.01961256 -0.00473435
v 0.00691421 0.01981660 -0.00455052
v 0.00700493 0.01959055 -0.00458639
v 0.00709364 0.01966657 -0.00447430
v 0.00719344 0.01983661 -0.00429495
v 0.00742226 0.01950654 -0.00426057
v 0.00731742 0.01934450 -0.00443394
v 0.00741621 0.01895642 -0.00452212
v 0.00620859 0.01989862 -0.00500188
v 0.00631342 0.02025470 -0.00477022
v 0.00637693 0.02007666 -0.00481207
v 0.00646765 0.01986661 -0.00485093
v 0.00661785 0.01976859 -0.00479414
v 0.00768535 0.01896042 -0.00425609
v 0.00794643 0.01840630 -0.00424861
v 0.00811982 0.01826827 -0.00410065
v 0.00822969 0.01817825 -0.00400201
v 0.00844138 0.01773215 -0.00390038
v 0.00846859 0.01755412 -0.00395119
v 0.00849581 0.01737408 -0.00400201
v 0.00875588 0.01654190 -0.00398706
v 0.00599791 0.02014867 -0.00501235
v 0.00572574 0.02047274 -0.00501235
v 0.00580336 0.02082682 -0.00478666
v 0.00606142 0.02054676 -0.00478069
v 0.00613400 0.02036672 -0.00482552
v 0.00351614 0.02402151 -0.00313814
v 0.00351614 0.02409752 -0.00300363
v 0.00378428 0.02398950 -0.00307836
v 0.00422882 0.02378946 -0.00319493
v 0.00403326 0.02395749 -0.00301409
v 0.00405342 0.02372344 -0.00337279
v 0.00432156 0.02353940 -0.00348638
v 0.00410382 0.02347539 -0.00367171
v 0.00402822 0.02336336 -0.00383312
v 0.00378428 0.02341738 -0.00387497
v 0.00373387 0.02274123 -0.00454604
v 0.00351614 0.02260920 -0.00471941
v 0.00351614 0.02247517 -0.00481506
v 0.00395262 0.02325134 -0.00399304
v 0.00378428 0.02314732 -0.00416193
v 0.00394455 0.02297928 -0.00425758
v 0.00380847 0.02283125 -0.00444142
v 0.00380343 0.02436558 -0.00225484
v 0.00390625 0.02430757 -0.00235946
v 0.00372682 0.02432757 -0.00240878
v 0.00380343 0.02427356 -0.00249995
v 0.00378428 0.02415553 -0.00276898
v 0.00376714 0.02230314 -0.00485093
v 0.00405342 0.02220712 -0.00481506
v 0.00378428 0.02207509 -0.00499740
v 0.00403225 0.02200507 -0.00495256
v 0.00410685 0.02184704 -0.00502281
v 0.00424898 0.02166900 -0.00507661
v 0.00434071 0.02122891 -0.00527539
v 0.00413608 0.02132293 -0.00530230
v 0.00404939 0.02122891 -0.00538001
v 0.00879721 0.01664192 -0.00384508
v 0.00863290 0.01719604 -0.00384358
v 0.00854621 0.01746410 -0.00385554
v 0.00851093 0.01773215 -0.00376586
v 0.00848775 0.01788419 -0.00372103
v 0.00860468 0.01773215 -0.00357456
v 0.00872665 0.01719604 -0.00365527
v 0.00869036 0.01745810 -0.00356260
v 0.00850186 0.01819025 -0.00348040
v 0.00822163 0.01896242 -0.00345649
v 0.00815006 0.01934050 -0.00329955
v 0.00815510 0.01960256 -0.00303202
v 0.00794039 0.02000464 -0.00316205
v 0.00802304 0.01990062 -0.00305893
v 0.00814703 0.01986261 -0.00275254
v 0.00823574 0.01980660 -0.00250145
v 0.00830832 0.01961256 -0.00250145
v 0.00846355 0.01916046 -0.00255376
v 0.00796962 0.02033671 -0.00270172
v 0.00810369 0.02014867 -0.00250145
v 0.00818534 0.01994063 -0.00250145
v 0.00848371 0.01921447 -0.00237441
v 0.00850992 0.01907244 -0.00247903
v 0.00844944 0.01938651 -0.00223242
v 0.00822465 0.02004265 -0.00214873
v 0.00831134 0.01988062 -0.00196340
v 0.00825187 0.02011667 -0.00169587
v 0.00820147 0.02025070 -0.00169587
v 0.00802506 0.02068679 -0.00169587
v 0.00795752 0.02084682 -0.00169587
v 0.00790813 0.02101086 -0.00142684
v 0.00782345 0.02122290 -0.00115931
v 0.00766419 0.02160099 -0.00008471
v 0.00766419 0.02160099 0.00018282
v 0.00765814 0.02158898 0.00098840
v 0.00765411 0.02158098 0.00125593
v 0.00736480 0.02208709 0.00125593
v 0.00755431 0.02175902 0.00125593
v 0.00744242 0.02195306 0.00125593
v 0.00721662 0.02232114 0.00127088
v 0.00713799 0.02242916 0.00137102
v 0.00690917 0.02275123 0.00125593
v 0.00689304 0.02272923 0.00152496
v 0.00678720 0.02286326 0.00152496
v 0.00662692 0.02299529 0.00179249
v 0.00660777 0.02297328 0.00194494
v 0.00668438 0.02284525 0.00204507
v 0.00645959 0.02309331 0.00203312
v 0.00630637 0.02321133 0.00212130
v 0.00640314 0.02303529 0.00233054
v 0.00625597 0.02316932 0.00233054
v 0.00607855 0.02324734 0.00248448
v 0.00619246 0.02309531 0.00258611
v 0.00578925 0.02349939 0.00245309
v 0.00573381 0.02345938 0.00259807
v 0.00554127 0.02351340 0.00274753
v 0.00545156 0.02345538 0.00292688
v 0.00541124 0.02177102 0.00455448
v 0.00545660 0.02210309 0.00430040
v 0.00538301 0.02228713 0.00420325
v 0.00537898 0.02336136 0.00312267
v 0.00530640 0.02326734 0.00330650
v 0.00541829 0.02285125 0.00368911
v 0.00532656 0.02274723 0.00385053
v 0.00540821 0.02257519 0.00394917
v 0.00530943 0.02246917 0.00410610
v 0.00512697 0.02236515 0.00429292
v 0.00510782 0.02256119 0.00414795
v 0.00518544 0.02264721 0.00402988
v 0.00518443 0.02319133 0.00348436
v 0.00537495 0.02354740 0.00284916
v 0.00511387 0.02382146 0.00258462
v 0.00519552 0.02373944 0.00266383
v 0.00512697 0.02392749 0.00233054
v 0.00492738 0.02401750 0.00233054
v 0.00479331 0.02406952 0.00233054
v 0.00457356 0.02424955 0.00204806
v 0.00498988 0.02404151 0.00219154
v 0.00458969 0.02444960 0.00045035
v 0.00434071 0.02454162 0.00018282
v 0.00419858 0.02458363 0.00045035
v 0.00420664 0.02458563 0.00018282
v 0.00420664 0.02458563 -0.00008471
v 0.00419858 0.02458363 -0.00035373
v 0.00458969 0.02443960 -0.00062126
v 0.00458969 0.02442759 -0.00089029
v 0.00432156 0.02451561 -0.00089029
v 0.00432156 0.02448961 -0.00115931
v 0.00432156 0.02444760 -0.00142684
v 0.00432156 0.02439359 -0.00169587
v 0.00447276 0.02431557 -0.00185130
v 0.00430744 0.02433557 -0.00194995
v 0.00420866 0.02431557 -0.00211734
v 0.00405342 0.02433557 -0.00217413
v 0.00471368 0.02430757 0.00163855
v 0.00452820 0.02433357 0.00179249
v 0.00466227 0.02428756 0.00179249
v 0.00461086 0.02435558 0.00153990
v 0.00458969 0.02440159 0.00125593
v 0.00478223 0.02433357 0.00125593
v 0.00481549 0.02434558 0.00098840
v 0.00483565 0.02435358 0.00071938
v 0.00404435 0.02094084 -0.00552050
v 0.00432861 0.02068479 -0.00553844
v 0.00444353 0.02107887 -0.00531575
v 0.00458969 0.02088283 -0.00535012
v 0.00458969 0.02068679 -0.00543980
v 0.00434071 0.02097485 -0.00540094
v 0.00483364 0.02066678 -0.00535012
v 0.00472678 0.02082282 -0.00532172
v 0.00490621 0.02074280 -0.00528287
v 0.00500803 0.02110288 -0.00505868
v 0.00510883 0.02093884 -0.00509305
v 0.00510681 0.02066678 -0.00522757
v 0.00528019 0.02083882 -0.00506167
v 0.00564712 0.02067079 -0.00495555
v 0.00545861 0.02075080 -0.00501683
v 0.00673781 0.01988262 -0.00465066
v 0.00685877 0.01999664 -0.00450419
v 0.00702711 0.01991662 -0.00439957
v 0.00737186 0.01968457 -0.00420976
v 0.00714001 0.02001464 -0.00424563
v 0.00745250 0.01982860 -0.00403041
v 0.00752709 0.01958255 -0.00409467
v 0.00759564 0.01934450 -0.00415147
v 0.00764302 0.01914046 -0.00420826
v 0.00621464 0.02015868 -0.00487634
v 0.00661987 0.02030671 -0.00452661
v 0.00646765 0.02015868 -0.00470895
v 0.00655636 0.01994663 -0.00475079
v 0.00621464 0.02044074 -0.00473585
v 0.00620758 0.02068879 -0.00460582
v 0.00637189 0.02060077 -0.00454155
v 0.00646463 0.02040473 -0.00458340
v 0.00667329 0.02014867 -0.00456696
v 0.00775692 0.01906044 -0.00411560
v 0.00770854 0.01934450 -0.00401695
v 0.00793837 0.01892641 -0.00396763
v 0.00819340 0.01835629 -0.00394372
v 0.00827908 0.01826827 -0.00384956
v 0.00839803 0.01798421 -0.00382415
v 0.00564308 0.02093084 -0.00482253
v 0.00571969 0.02100486 -0.00473884
v 0.00592533 0.02094684 -0.00464617
v 0.00599993 0.02068679 -0.00474332
v 0.00612291 0.02088883 -0.00455351
v 0.00378428 0.02406552 -0.00294384
v 0.00392943 0.02404551 -0.00290947
v 0.00431954 0.02384747 -0.00304846
v 0.00458969 0.02380546 -0.00295281
v 0.00440825 0.02375345 -0.00314412
v 0.00447074 0.02351140 -0.00344901
v 0.00410886 0.02401951 -0.00286015
v 0.00432156 0.02343138 -0.00362089
v 0.00432156 0.02329735 -0.00377334
v 0.00391330 0.02269722 -0.00451316
v 0.00379032 0.02256719 -0.00465215
v 0.00384577 0.02239516 -0.00475677
v 0.00413104 0.02321133 -0.00395269
v 0.00432156 0.02303329 -0.00404087
v 0.00412297 0.02293927 -0.00421872
v 0.00404132 0.02284325 -0.00433530
v 0.00405342 0.02429156 -0.00230715
v 0.00405342 0.02421155 -0.00250145
v 0.00403326 0.02408752 -0.00277047
v 0.00419858 0.02216911 -0.00478816
v 0.00405342 0.02234314 -0.00471791
v 0.00433164 0.02175902 -0.00498694
v 0.00442841 0.02160499 -0.00504074
v 0.00426410 0.02114289 -0.00534863
v 0.00845650 0.01806223 -0.00365975
v 0.00852706 0.01798421 -0.00357157
v 0.00830227 0.01855833 -0.00359698
v 0.00818030 0.01880639 -0.00364779
v 0.00812889 0.01906044 -0.00355812
v 0.00800792 0.01933850 -0.00357904
v 0.00797264 0.01954054 -0.00349236
v 0.00802506 0.01962256 -0.00331898
v 0.00797869 0.01982660 -0.00323828
v 0.00801397 0.02016468 -0.00278243
v 0.00797466 0.02008466 -0.00298270
v 0.00790309 0.01990062 -0.00331898
v 0.00777507 0.02016668 -0.00332496
v 0.00771963 0.02036672 -0.00324874
v 0.00767326 0.02054476 -0.00316504
v 0.00771459 0.02063078 -0.00298569
v 0.00767124 0.02080882 -0.00289004
v 0.00790914 0.02016468 -0.00305893
v 0.00793635 0.02026270 -0.00288107
v 0.00836678 0.01961256 -0.00223242
v 0.00789906 0.02042273 -0.00278243
v 0.00776096 0.02070679 -0.00278841
v 0.00770652 0.02087683 -0.00271069
v 0.00792829 0.02051475 -0.00257468
v 0.00799180 0.02042273 -0.00249099
v 0.00805329 0.02041673 -0.00223242
v 0.00816719 0.02013867 -0.00223541
v 0.00793333 0.02079281 -0.00203065
v 0.00798776 0.02069679 -0.00194995
v 0.00810167 0.02041673 -0.00196340
v 0.00818534 0.02021269 -0.00196340
v 0.00823775 0.02007866 -0.00196340
v 0.00794845 0.02082882 -0.00185130
v 0.00789502 0.02098085 -0.00169587
v 0.00780833 0.02122290 -0.00142684
v 0.00771862 0.02144695 -0.00115931
v 0.00765814 0.02158698 -0.00089029
v 0.00757447 0.02175902 -0.00035373
v 0.00757850 0.02175902 -0.00008471
v 0.00757850 0.02175902 0.00018282
v 0.00757447 0.02175902 0.00045035
v 0.00756439 0.02175902 0.00098840
v 0.00737085 0.02209709 0.00098840
v 0.00724888 0.02229713 0.00098840
v 0.00744847 0.02196306 0.00098840
v 0.00714606 0.02243917 0.00119167
v 0.00691925 0.02276524 0.00098840
v 0.00681643 0.02289926 0.00098840
v 0.00680534 0.02288526 0.00125593
v 0.00665313 0.02302129 0.00152496
v 0.00652007 0.02315532 0.00152496
v 0.00649285 0.02312931 0.00179249
v 0.00633863 0.02324134 0.00194195
v 0.00612190 0.02328335 0.00233054
v 0.00605940 0.02350139 0.00190907
v 0.00602614 0.02347339 0.00206151
v 0.00593037 0.02343338 0.00234997
v 0.00546970 0.02373944 0.00233054
v 0.00559974 0.02354740 0.00259807
v 0.00583965 0.02353540 0.00227374
v 0.00552212 0.02376945 0.00218407
v 0.00527818 0.02378345 0.00248597
v 0.00533564 0.02381746 0.00233054
v 0.00541729 0.02386547 0.00208094
v 0.00513403 0.02400750 0.00208692
v 0.00488404 0.02411553 0.00208692
v 0.00504935 0.02406752 0.00201369
v 0.00484674 0.02435558 0.00045035
v 0.00498786 0.02430957 0.00018282
v 0.00458969 0.02445360 0.00018282
v 0.00434071 0.02453962 -0.00008471
v 0.00458969 0.02444560 -0.00035373
v 0.00485380 0.02435758 -0.00008471
v 0.00483565 0.02435158 -0.00062126
v 0.00481650 0.02434558 -0.00089029
v 0.00478223 0.02433357 -0.00115931
v 0.00458969 0.02440159 -0.00115931
v 0.00474997 0.02432157 -0.00136258
v 0.00461086 0.02435558 -0.00144179
v 0.00471368 0.02430757 -0.00154043
v 0.00452820 0.02433357 -0.00169587
v 0.00466227 0.02428756 -0.00169587
v 0.00457356 0.02425156 -0.00194995
v 0.00438809 0.02429156 -0.00203065
v 0.00430744 0.02425156 -0.00221748
v 0.00475098 0.02432157 0.00145920
v 0.00485884 0.02420955 0.00179249
v 0.00513403 0.02409152 0.00178352
v 0.00484775 0.02426956 0.00153990
v 0.00491629 0.02427956 0.00125593
v 0.00495057 0.02429356 0.00098840
v 0.00497073 0.02430157 0.00071938
v 0.00498081 0.02430557 0.00045035
v 0.00461590 0.02124891 -0.00515284
v 0.00485884 0.02116489 -0.00509305
v 0.00458969 0.02101686 -0.00528436
v 0.00483364 0.02092884 -0.00522308
v 0.00510883 0.02120490 -0.00495256
v 0.00518745 0.02101886 -0.00501534
v 0.00485884 0.02129892 -0.00501982
v 0.00498686 0.02162099 -0.00478069
v 0.00537898 0.02093884 -0.00496004
v 0.00554027 0.02110088 -0.00478965
v 0.00680736 0.02014867 -0.00446234
v 0.00690514 0.02033271 -0.00427701
v 0.00696360 0.02014867 -0.00432783
v 0.00717731 0.02034472 -0.00401695
v 0.00740512 0.02000864 -0.00397361
v 0.00709767 0.02014867 -0.00420826
v 0.00763092 0.01965857 -0.00392280
v 0.00755532 0.01990462 -0.00385853
v 0.00767729 0.01947853 -0.00397809
v 0.00655132 0.02048475 -0.00447729
v 0.00660172 0.02081882 -0.00424563
v 0.00666523 0.02064078 -0.00429794
v 0.00673176 0.02040873 -0.00437715
v 0.00630133 0.02077881 -0.00449223
v 0.00773273 0.01958655 -0.00383760
v 0.00784966 0.01933850 -0.00383013
v 0.00792325 0.01942452 -0.00367021
v 0.00795954 0.01924648 -0.00373149
v 0.00824280 0.01848232 -0.00376437
v 0.00586788 0.02116489 -0.00455949
v 0.00604730 0.02106887 -0.00450269
v 0.00620758 0.02096885 -0.00444889
v 0.00433768 0.02399550 -0.00277047
v 0.00458969 0.02390948 -0.00276898
v 0.00472880 0.02377545 -0.00290648
v 0.00497678 0.02349739 -0.00316205
v 0.00479835 0.02353740 -0.00321885
v 0.00458969 0.02371544 -0.00308732
v 0.00457256 0.02357141 -0.00330703
v 0.00465017 0.02347139 -0.00339820
v 0.00457356 0.02336536 -0.00356559
v 0.00426007 0.02406552 -0.00268080
v 0.00449695 0.02325734 -0.00372999
v 0.00432156 0.02316732 -0.00390785
v 0.00432156 0.02275323 -0.00429196
v 0.00405342 0.02265921 -0.00448476
v 0.00449897 0.02299128 -0.00399902
v 0.00432156 0.02288926 -0.00417538
v 0.00433768 0.02411553 -0.00252088
v 0.00437700 0.02210909 -0.00474930
v 0.00450703 0.02193106 -0.00480609
v 0.00430140 0.02202308 -0.00483599
v 0.00425503 0.02246917 -0.00454305
v 0.00443446 0.02241916 -0.00450568
v 0.00458969 0.02223512 -0.00456696
v 0.00459372 0.02177102 -0.00486737
v 0.00480743 0.02168900 -0.00482253
v 0.00461590 0.02150496 -0.00501384
v 0.00472275 0.02135493 -0.00505121
v 0.00788595 0.01962256 -0.00357904
v 0.00793232 0.01971858 -0.00341763
v 0.00775995 0.01988662 -0.00358502
v 0.00771257 0.02008866 -0.00350132
v 0.00766923 0.02026870 -0.00342809
v 0.00763798 0.02044074 -0.00332496
v 0.00750391 0.02069879 -0.00332048
v 0.00744746 0.02088883 -0.00323977
v 0.00750391 0.02096885 -0.00305295
v 0.00764100 0.02070679 -0.00306042
v 0.00744443 0.02115289 -0.00297224
v 0.00739303 0.02133293 -0.00286911
v 0.00763092 0.02096085 -0.00278841
v 0.00765814 0.02105487 -0.00258365
v 0.00768939 0.02111288 -0.00240430
v 0.00773576 0.02096085 -0.00249696
v 0.00741621 0.02163899 -0.00238786
v 0.00787890 0.02066878 -0.00249099
v 0.00795248 0.02056876 -0.00239533
v 0.00797063 0.02061077 -0.00223242
v 0.00791115 0.02074480 -0.00223242
v 0.00781136 0.02095485 -0.00223242
v 0.00768435 0.02137294 -0.00186476
v 0.00788091 0.02093284 -0.00194995
v 0.00778011 0.02122290 -0.00169587
v 0.00771055 0.02142695 -0.00142684
v 0.00765411 0.02158098 -0.00115931
v 0.00756439 0.02175902 -0.00089029
v 0.00745653 0.02197907 -0.00008471
v 0.00745653 0.02197907 0.00018282
v 0.00737387 0.02210309 0.00071938
v 0.00737992 0.02211310 0.00018282
v 0.00726097 0.02229713 0.00045035
v 0.00715513 0.02245317 0.00071938
v 0.00715110 0.02244717 0.00098840
v 0.00692933 0.02277724 0.00045035
v 0.00682450 0.02291127 0.00045035
v 0.00668236 0.02305330 0.00098840
v 0.00667128 0.02304129 0.00125593
v 0.00654124 0.02317532 0.00125593
v 0.00640717 0.02330935 0.00125593
v 0.00638600 0.02328735 0.00152496
v 0.00635879 0.02325934 0.00179249
v 0.00618540 0.02341337 0.00180893
v 0.00608662 0.02352140 0.00172972
v 0.00595457 0.02359741 0.00180893
v 0.00574994 0.02374345 0.00179249
v 0.00589207 0.02357341 0.00206151
v 0.00566325 0.02371944 0.00208094
v 0.00557454 0.02380146 0.00200472
v 0.00537495 0.02397149 0.00178352
v 0.00522778 0.02402751 0.00186572
v 0.00512697 0.02423355 0.00045035
v 0.00512697 0.02423955 0.00018282
v 0.00498786 0.02430957 -0.00008471
v 0.00458969 0.02445160 -0.00008471
v 0.00497980 0.02430557 -0.00035373
v 0.00496972 0.02430157 -0.00062126
v 0.00495057 0.02429356 -0.00089029
v 0.00491730 0.02427756 -0.00115931
v 0.00484775 0.02426756 -0.00144179
v 0.00513605 0.02409152 -0.00168391
v 0.00485884 0.02421155 -0.00169587
v 0.00488404 0.02411753 -0.00198881
v 0.00499089 0.02404151 -0.00209492
v 0.00479432 0.02406952 -0.00223242
v 0.00458969 0.02414753 -0.00223242
v 0.00472981 0.02404351 -0.00237291
v 0.00458969 0.02406952 -0.00242821
v 0.00527314 0.02404951 0.00168787
v 0.00512697 0.02414753 0.00152496
v 0.00512697 0.02418154 0.00125593
v 0.00533765 0.02407952 0.00125593
v 0.00512697 0.02420755 0.00098840
v 0.00512697 0.02422555 0.00071938
v 0.00512697 0.02142495 -0.00482104
v 0.00526709 0.02136293 -0.00478666
v 0.00537192 0.02120290 -0.00482104
v 0.00488202 0.02177102 -0.00473435
v 0.00484976 0.02202908 -0.00458340
v 0.00493242 0.02211910 -0.00448476
v 0.00504835 0.02193906 -0.00454454
v 0.00513403 0.02177102 -0.00460881
v 0.00533362 0.02168900 -0.00455650
v 0.00512697 0.02155898 -0.00474482
v 0.00578320 0.02134293 -0.00450568
v 0.00551305 0.02161099 -0.00450568
v 0.00684365 0.02051275 -0.00422171
v 0.00688296 0.02083682 -0.00398856
v 0.00693336 0.02068679 -0.00403489
v 0.00701300 0.02042873 -0.00412008
v 0.00712086 0.02052475 -0.00395867
v 0.00727710 0.02042273 -0.00384657
v 0.00743032 0.02032071 -0.00373597
v 0.00736682 0.02014867 -0.00392728
v 0.00747770 0.02014867 -0.00379426
v 0.00770249 0.01980060 -0.00374345
v 0.00648681 0.02071079 -0.00439508
v 0.00674688 0.02071279 -0.00418435
v 0.00641524 0.02095485 -0.00430690
v 0.00635375 0.02111288 -0.00426057
v 0.00654930 0.02095485 -0.00420228
v 0.00673176 0.02093884 -0.00405731
v 0.00765814 0.01997864 -0.00368067
v 0.00592735 0.02148496 -0.00432334
v 0.00601404 0.02156898 -0.00421125
v 0.00619145 0.02121090 -0.00431438
v 0.00443849 0.02403751 -0.00262251
v 0.00483565 0.02395549 -0.00247753
v 0.00483464 0.02381546 -0.00275553
v 0.00458969 0.02401150 -0.00256273
v 0.00490722 0.02373344 -0.00283623
v 0.00512697 0.02354740 -0.00297075
v 0.00527314 0.02351140 -0.00291545
v 0.00512697 0.02345538 -0.00310526
v 0.00510883 0.02330935 -0.00330105
v 0.00500601 0.02324534 -0.00344901
v 0.00485884 0.02328535 -0.00349534
v 0.00487597 0.02343138 -0.00330703
v 0.00467538 0.02321133 -0.00368217
v 0.00458768 0.02310131 -0.00384209
v 0.00447780 0.02271322 -0.00425609
v 0.00433567 0.02256119 -0.00443843
v 0.00467840 0.02294327 -0.00395418
v 0.00457760 0.02282725 -0.00410663
v 0.00475400 0.02218311 -0.00452810
v 0.00459372 0.02202308 -0.00470745
v 0.00468646 0.02186704 -0.00476574
v 0.00458969 0.02236915 -0.00446832
v 0.00465723 0.02265921 -0.00421424
v 0.00479835 0.02247917 -0.00428448
v 0.00762084 0.02016668 -0.00358502
v 0.00744343 0.02061677 -0.00349086
v 0.00739403 0.02079681 -0.00341912
v 0.00739605 0.02106887 -0.00315159
v 0.00735170 0.02123491 -0.00305295
v 0.00748576 0.02123491 -0.00277496
v 0.00715916 0.02165500 -0.00293787
v 0.00734061 0.02148896 -0.00277496
v 0.00737992 0.02157498 -0.00256571
v 0.00753516 0.02149096 -0.00223242
v 0.00764100 0.02128892 -0.00223242
v 0.00771055 0.02115489 -0.00223242
v 0.00730835 0.02174102 -0.00248650
v 0.00717025 0.02194106 -0.00250145
v 0.00711884 0.02213110 -0.00230117
v 0.00714707 0.02217311 -0.00212332
v 0.00743637 0.02167300 -0.00223242
v 0.00761076 0.02147496 -0.00195742
v 0.00762790 0.02153097 -0.00169587
v 0.00769543 0.02139694 -0.00169587
v 0.00764403 0.02156098 -0.00142684
v 0.00755532 0.02175902 -0.00115931
v 0.00744847 0.02196306 -0.00089029
v 0.00737992 0.02211310 -0.00008471
v 0.00726601 0.02229713 0.00018282
v 0.00715815 0.02245717 0.00045035
v 0.00706743 0.02259720 0.00018282
v 0.00705836 0.02258720 0.00071938
v 0.00693336 0.02278124 0.00018282
v 0.00682752 0.02291527 0.00018282
v 0.00669345 0.02306730 0.00018282
v 0.00668640 0.02305930 0.00071938
v 0.00656140 0.02319333 0.00071938
v 0.00655434 0.02318733 0.00098840
v 0.00642028 0.02332536 0.00098840
v 0.00628318 0.02345938 0.00098840
v 0.00626806 0.02344338 0.00125593
v 0.00624387 0.02342138 0.00152496
v 0.00610980 0.02354140 0.00152496
v 0.00590820 0.02368743 0.00151151
v 0.00577816 0.02376145 0.00159221
v 0.00567837 0.02384347 0.00151151
v 0.00561587 0.02382946 0.00179249
v 0.00543644 0.02399350 0.00152496
v 0.00550700 0.02403151 0.00071938
v 0.00551204 0.02403351 0.00045035
v 0.00551607 0.02403551 0.00018282
v 0.00537999 0.02410552 -0.00008471
v 0.00512697 0.02423755 -0.00008471
v 0.00550498 0.02402951 -0.00062126
v 0.00512697 0.02422355 -0.00062126
v 0.00512697 0.02420955 -0.00089029
v 0.00512697 0.02418154 -0.00115931
v 0.00512697 0.02414553 -0.00142684
v 0.00527112 0.02404751 -0.00158826
v 0.00522979 0.02402751 -0.00176611
v 0.00505238 0.02406752 -0.00191707
v 0.00513605 0.02400950 -0.00198881
v 0.00512697 0.02392749 -0.00223242
v 0.00492839 0.02401750 -0.00223242
v 0.00530237 0.02406151 0.00152496
v 0.00547273 0.02401350 0.00125593
v 0.00549490 0.02402551 0.00098840
v 0.00513403 0.02202908 -0.00443843
v 0.00486589 0.02230114 -0.00438462
v 0.00497778 0.02242116 -0.00423815
v 0.00512697 0.02223312 -0.00429943
v 0.00522677 0.02186704 -0.00449671
v 0.00537797 0.02201908 -0.00430690
v 0.00541124 0.02177102 -0.00445636
v 0.00568139 0.02150897 -0.00446533
v 0.00583461 0.02166300 -0.00427253
v 0.00556043 0.02192305 -0.00426655
v 0.00565518 0.02175502 -0.00432185
v 0.00681744 0.02101686 -0.00392728
v 0.00690715 0.02114089 -0.00374793
v 0.00698477 0.02092284 -0.00382116
v 0.00714404 0.02082682 -0.00371505
v 0.00718739 0.02068679 -0.00376586
v 0.00737791 0.02050075 -0.00367021
v 0.00646060 0.02121290 -0.00410513
v 0.00663902 0.02113489 -0.00400948
v 0.00627512 0.02129092 -0.00420228
v 0.00631544 0.02160299 -0.00396165
v 0.00594247 0.02177102 -0.00412008
v 0.00613601 0.02170101 -0.00403190
v 0.00620557 0.02149696 -0.00411709
v 0.00511488 0.02382346 -0.00248800
v 0.00501710 0.02378545 -0.00265688
v 0.00537495 0.02354740 -0.00275104
v 0.00554228 0.02351340 -0.00264941
v 0.00545156 0.02345538 -0.00282876
v 0.00537999 0.02336136 -0.00302605
v 0.00530741 0.02326734 -0.00320838
v 0.00518544 0.02319133 -0.00338773
v 0.00533059 0.02301329 -0.00349086
v 0.00510278 0.02308730 -0.00355961
v 0.00501911 0.02298328 -0.00372551
v 0.00485884 0.02302729 -0.00377035
v 0.00485884 0.02288926 -0.00390486
v 0.00485884 0.02275523 -0.00402592
v 0.00500702 0.02270922 -0.00398557
v 0.00733053 0.02069879 -0.00357904
v 0.00720049 0.02093284 -0.00356410
v 0.00716118 0.02112088 -0.00346695
v 0.00721259 0.02121690 -0.00330105
v 0.00735170 0.02096885 -0.00332048
v 0.00716219 0.02139294 -0.00320689
v 0.00720956 0.02148696 -0.00303202
v 0.00710574 0.02157298 -0.00311572
v 0.00701098 0.02176702 -0.00304697
v 0.00691623 0.02195506 -0.00297822
v 0.00684970 0.02213510 -0.00286911
v 0.00690111 0.02220512 -0.00268976
v 0.00714203 0.02189705 -0.00264044
v 0.00718940 0.02175102 -0.00274506
v 0.00707953 0.02207509 -0.00250145
v 0.00704425 0.02227713 -0.00222047
v 0.00687490 0.02243516 -0.00237590
v 0.00707751 0.02234114 -0.00196340
v 0.00716823 0.02220712 -0.00196340
v 0.00728113 0.02202908 -0.00196340
v 0.00738698 0.02186104 -0.00196340
v 0.00746964 0.02172701 -0.00196340
v 0.00748375 0.02178502 -0.00171231
v 0.00753314 0.02175902 -0.00142684
v 0.00744343 0.02195506 -0.00115931
v 0.00737085 0.02209709 -0.00089029
v 0.00737387 0.02210309 -0.00062126
v 0.00724888 0.02229713 -0.00089029
v 0.00726097 0.02229713 -0.00035373
v 0.00726601 0.02229713 -0.00008471
v 0.00716017 0.02246117 0.00018282
v 0.00706743 0.02259720 -0.00008471
v 0.00693336 0.02278124 -0.00008471
v 0.00682752 0.02291527 -0.00008471
v 0.00669345 0.02306730 -0.00008471
v 0.00657047 0.02320133 0.00018282
v 0.00656644 0.02319733 0.00045035
v 0.00643237 0.02333736 0.00045035
v 0.00629024 0.02346539 0.00071938
v 0.00614912 0.02357141 0.00098840
v 0.00613299 0.02355941 0.00125593
v 0.00595255 0.02369344 0.00125593
v 0.00580336 0.02377745 0.00141286
v 0.00566325 0.02389348 0.00125593
v 0.00566325 0.02393349 0.00071938
v 0.00566325 0.02394949 0.00018282
v 0.00566325 0.02394749 -0.00008471
v 0.00551406 0.02403351 -0.00008471
v 0.00566325 0.02393349 -0.00062126
v 0.00549390 0.02402351 -0.00089029
v 0.00535983 0.02409152 -0.00089029
v 0.00547273 0.02401350 -0.00115931
v 0.00533866 0.02407952 -0.00115931
v 0.00530136 0.02406151 -0.00142684
v 0.00543543 0.02399350 -0.00142684
v 0.00537394 0.02397149 -0.00168391
v 0.00541628 0.02386347 -0.00198283
v 0.00533564 0.02381746 -0.00223242
v 0.00527919 0.02378345 -0.00238935
v 0.00566325 0.02391948 0.00098840
v 0.00527818 0.02217711 -0.00425609
v 0.00512697 0.02236715 -0.00419630
v 0.00510883 0.02256119 -0.00404984
v 0.00531043 0.02246917 -0.00400948
v 0.00573986 0.02184104 -0.00420826
v 0.00587191 0.02196506 -0.00402891
v 0.00545660 0.02210309 -0.00420228
v 0.00559772 0.02222112 -0.00402443
v 0.00566829 0.02203308 -0.00411560
v 0.00659971 0.02162099 -0.00370608
v 0.00684264 0.02131892 -0.00367768
v 0.00692127 0.02142895 -0.00349983
v 0.00700393 0.02122090 -0.00357306
v 0.00708658 0.02100686 -0.00364630
v 0.00621565 0.02177902 -0.00390934
v 0.00605033 0.02187905 -0.00396614
v 0.00519653 0.02373944 -0.00256721
v 0.00559974 0.02354740 -0.00250145
v 0.00578925 0.02349939 -0.00235498
v 0.00573381 0.02345938 -0.00250145
v 0.00583965 0.02327134 -0.00268827
v 0.00565216 0.02336336 -0.00275852
v 0.00558361 0.02327535 -0.00295730
v 0.00548583 0.02320933 -0.00313665
v 0.00550902 0.02295528 -0.00342659
v 0.00519854 0.02292727 -0.00366872
v 0.00510278 0.02281925 -0.00382864
v 0.00518645 0.02264721 -0.00393176
v 0.00685877 0.02160899 -0.00342510
v 0.00710070 0.02130092 -0.00338624
v 0.00692631 0.02170301 -0.00324724
v 0.00686079 0.02188105 -0.00315607
v 0.00680333 0.02203908 -0.00305594
v 0.00666019 0.02223312 -0.00303800
v 0.00659769 0.02242516 -0.00289602
v 0.00675091 0.02231514 -0.00279289
v 0.00665313 0.02248718 -0.00271667
v 0.00683155 0.02238315 -0.00255376
v 0.00693236 0.02229513 -0.00247903
v 0.00690111 0.02247117 -0.00223242
v 0.00672571 0.02255119 -0.00247604
v 0.00661886 0.02271723 -0.00239982
v 0.00665616 0.02276324 -0.00223242
v 0.00679022 0.02260520 -0.00223242
v 0.00710775 0.02238715 -0.00169587
v 0.00694344 0.02252518 -0.00196340
v 0.00719848 0.02225313 -0.00169587
v 0.00740512 0.02188905 -0.00181394
v 0.00741923 0.02191305 -0.00163459
v 0.00743234 0.02193506 -0.00142684
v 0.00736480 0.02208909 -0.00115931
v 0.00721662 0.02232314 -0.00117575
v 0.00714606 0.02243917 -0.00109803
v 0.00715110 0.02244717 -0.00089029
v 0.00715513 0.02245317 -0.00062126
v 0.00715815 0.02245717 -0.00035373
v 0.00716017 0.02246117 -0.00008471
v 0.00692933 0.02277724 -0.00035373
v 0.00682450 0.02291127 -0.00035373
v 0.00668640 0.02305930 -0.00062126
v 0.00657047 0.02320133 -0.00008471
v 0.00643640 0.02334136 0.00018282
v 0.00630032 0.02347539 0.00018282
v 0.00629528 0.02347139 0.00045035
v 0.00615617 0.02357741 0.00071938
v 0.00598178 0.02371144 0.00071938
v 0.00597069 0.02370544 0.00098840
v 0.00583663 0.02380146 0.00098840
v 0.00581747 0.02378746 0.00125593
v 0.00584771 0.02381146 0.00071938
v 0.00586183 0.02382146 0.00018282
v 0.00586183 0.02382146 -0.00008471
v 0.00584771 0.02381146 -0.00062126
v 0.00566325 0.02391948 -0.00089029
v 0.00566325 0.02389548 -0.00115931
v 0.00568139 0.02384547 -0.00141788
v 0.00561788 0.02382946 -0.00169587
v 0.00557252 0.02379946 -0.00190511
v 0.00552111 0.02376945 -0.00208446
v 0.00546970 0.02373944 -0.00223242
v 0.00538402 0.02228913 -0.00410663
v 0.00532757 0.02274923 -0.00375391
v 0.00550599 0.02268322 -0.00369412
v 0.00548886 0.02239916 -0.00395119
v 0.00577614 0.02214310 -0.00396315
v 0.00567736 0.02230514 -0.00390038
v 0.00633762 0.02189705 -0.00371206
v 0.00635173 0.02218311 -0.00345798
v 0.00660676 0.02189905 -0.00344453
v 0.00666321 0.02175902 -0.00350880
v 0.00676099 0.02152497 -0.00360295
v 0.00607351 0.02217111 -0.00371505
v 0.00594953 0.02204308 -0.00391233
v 0.00592937 0.02343138 -0.00225185
v 0.00612089 0.02328335 -0.00223242
v 0.00607855 0.02324734 -0.00238786
v 0.00593037 0.02331535 -0.00248650
v 0.00568542 0.02360342 -0.00225185
v 0.00583864 0.02353540 -0.00217563
v 0.00601908 0.02319933 -0.00256571
v 0.00606343 0.02296728 -0.00290200
v 0.00576304 0.02321133 -0.00286613
v 0.00579933 0.02296928 -0.00317401
v 0.00566325 0.02301529 -0.00322931
v 0.00566325 0.02289526 -0.00336382
v 0.00580336 0.02270522 -0.00344602
v 0.00566325 0.02276123 -0.00349983
v 0.00541829 0.02285125 -0.00359249
v 0.00665716 0.02200507 -0.00328610
v 0.00661079 0.02217311 -0.00318148
v 0.00680635 0.02177902 -0.00332496
v 0.00633459 0.02270122 -0.00290498
v 0.00637895 0.02274723 -0.00276898
v 0.00652814 0.02257119 -0.00279140
v 0.00654326 0.02236715 -0.00303800
v 0.00630637 0.02294127 -0.00259112
v 0.00657148 0.02266521 -0.00257767
v 0.00683760 0.02265921 -0.00196340
v 0.00646564 0.02282925 -0.00249547
v 0.00635879 0.02299128 -0.00241327
v 0.00653721 0.02289726 -0.00223242
v 0.00657954 0.02294327 -0.00202617
v 0.00712892 0.02241716 -0.00142684
v 0.00695957 0.02258520 -0.00169587
v 0.00688095 0.02271122 -0.00160619
v 0.00686079 0.02268722 -0.00178554
v 0.00721864 0.02228313 -0.00142684
v 0.00735270 0.02206909 -0.00142684
v 0.00734565 0.02201307 -0.00171231
v 0.00713799 0.02242916 -0.00127738
v 0.00691018 0.02275323 -0.00115931
v 0.00691925 0.02276524 -0.00089029
v 0.00705836 0.02258720 -0.00062126
v 0.00681643 0.02289926 -0.00089029
v 0.00668236 0.02305330 -0.00089029
v 0.00656140 0.02319333 -0.00062126
v 0.00656644 0.02319733 -0.00035373
v 0.00643640 0.02334136 -0.00008471
v 0.00630032 0.02347539 -0.00008471
v 0.00616625 0.02358541 0.00018282
v 0.00599590 0.02371944 0.00018282
v 0.00598985 0.02371544 0.00045035
v 0.00599590 0.02371944 -0.00008471
v 0.00598985 0.02371544 -0.00035373
v 0.00598178 0.02371144 -0.00062126
v 0.00583763 0.02380346 -0.00089029
v 0.00597170 0.02370544 -0.00089029
v 0.00581949 0.02378946 -0.00115931
v 0.00580437 0.02377745 -0.00132222
v 0.00578320 0.02376345 -0.00150157
v 0.00575195 0.02374545 -0.00169587
v 0.00566224 0.02371744 -0.00198283
v 0.00566325 0.02262120 -0.00363434
v 0.00579933 0.02243316 -0.00371056
v 0.00566325 0.02248718 -0.00375839
v 0.00590517 0.02227513 -0.00375839
v 0.00625193 0.02207709 -0.00363733
v 0.00616827 0.02226513 -0.00354766
v 0.00608460 0.02244917 -0.00345798
v 0.00626403 0.02236115 -0.00336831
v 0.00644044 0.02226713 -0.00327564
v 0.00597775 0.02234915 -0.00363733
v 0.00602513 0.02347339 -0.00196340
v 0.00625496 0.02316932 -0.00223242
v 0.00619246 0.02309531 -0.00248949
v 0.00589106 0.02357341 -0.00196340
v 0.00612795 0.02301929 -0.00272265
v 0.00621061 0.02289726 -0.00279439
v 0.00625597 0.02262521 -0.00308433
v 0.00634971 0.02244517 -0.00318896
v 0.00607755 0.02271122 -0.00318447
v 0.00589005 0.02253119 -0.00354168
v 0.00668640 0.02284525 -0.00194696
v 0.00660777 0.02297328 -0.00184682
v 0.00640314 0.02303529 -0.00223242
v 0.00630536 0.02321133 -0.00201870
v 0.00645858 0.02309331 -0.00193351
v 0.00689405 0.02273123 -0.00142684
v 0.00677712 0.02281525 -0.00169587
v 0.00678821 0.02286526 -0.00142684
v 0.00680534 0.02288726 -0.00115931
v 0.00667128 0.02304129 -0.00115931
v 0.00655434 0.02318733 -0.00089029
v 0.00642028 0.02332536 -0.00089029
v 0.00643237 0.02333736 -0.00035373
v 0.00629528 0.02347139 -0.00035373
v 0.00616625 0.02358541 -0.00008471
v 0.00616121 0.02358141 -0.00035373
v 0.00615617 0.02357741 -0.00062126
v 0.00614912 0.02357141 -0.00089029
v 0.00595356 0.02369344 -0.00115931
v 0.00613400 0.02355941 -0.00115931
v 0.00590920 0.02368943 -0.00141788
v 0.00608662 0.02352140 -0.00163310
v 0.00595457 0.02359941 -0.00171231
v 0.00605940 0.02350139 -0.00181244
v 0.00617028 0.02253719 -0.00327714
v 0.00633762 0.02323934 -0.00183935
v 0.00649084 0.02312931 -0.00169587
v 0.00662692 0.02299328 -0.00169587
v 0.00665414 0.02302129 -0.00142684
v 0.00654225 0.02317532 -0.00115931
v 0.00628318 0.02345938 -0.00089029
v 0.00629024 0.02346539 -0.00062126
v 0.00640818 0.02331135 -0.00115931
v 0.00610980 0.02354140 -0.00142684
v 0.00626806 0.02344538 -0.00115931
v 0.00624488 0.02342338 -0.00142684
v 0.00618540 0.02341337 -0.00171231
v 0.00635677 0.02325934 -0.00169587
v 0.00652108 0.02315732 -0.00142684
v 0.00638701 0.02328735 -0.00142684
f 111 148 149
f 111 156 148
f 146 147 108
f 69 107 65
f 372 373 275
f 275 276 372
f 275 373 374
f 373 503 374
f 351 275 374
f 4 5 1
f 709 710 530
f 78 43 70
f 65 107 70
f 154 205 203
f 277 254 342
f 254 277 208
f 208 277 256
f 376 277 342
f 851 849 637
f 259 466 349
f 190 147 146
f 190 191 147
f 899 1140 900
f 900 1140 1141
f 1141 901 900
f 904 674 903
f 373 372 501
f 645 474 644
f 193 195 260
f 193 196 149
f 260 196 193
f 149 148 193
f 148 195 193
f 148 156 194
f 194 195 148
f 351 468 350
f 88 121 126
f 126 127 88
f 529 528 699
f 78 70 112
f 156 111 155
f 111 154 155
f 155 194 156
f 155 154 203
f 195 194 155
f 155 207 195
f 153 154 111
f 149 196 197
f 111 151 152
f 342 254 253
f 1598 1872 1599
f 189 190 146
f 254 208 188
f 1076 1077 848
f 848 1077 1078
f 1322 1078 1077
f 638 637 467
f 467 636 638
f 349 466 467
f 466 636 467
f 851 637 850
f 850 637 638
f 850 638 848
f 67 66 109
f 109 66 108
f 108 66 110
f 110 66 73
f 147 191 192
f 191 258 192
f 192 258 259
f 256 191 255
f 191 190 255
f 190 189 255
f 255 208 256
f 255 189 208
f 3 4 1
f 71 36 41
f 1326 1598 1599
f 1591 1592 1319
f 2152 2434 2160
f 1082 1328 1324
f 1324 1079 1082
f 1602 1328 1601
f 1679 1944 1947
f 1947 1944 2232
f 2232 2244 1947
f 2232 2233 2511
f 2511 2244 2232
f 1680 1675 1681
f 1140 899 898
f 55 80 46
f 230 226 314
f 856 855 913
f 645 644 856
f 856 644 855
f 911 910 1152
f 903 1134 896
f 896 904 903
f 373 501 504
f 375 372 276
f 375 501 372
f 276 367 375
f 375 367 496
f 373 506 502
f 506 676 502
f 502 503 373
f 502 676 503
f 503 676 677
f 677 644 503
f 855 644 677
f 913 855 677
f 910 911 677
f 907 908 677
f 473 374 503
f 503 644 473
f 351 374 473
f 473 474 351
f 473 644 474
f 206 155 203
f 207 155 206
f 206 276 275
f 275 207 206
f 260 195 261
f 261 350 260
f 261 207 275
f 195 207 261
f 261 275 351
f 351 350 261
f 263 196 260
f 260 350 263
f 293 301 222
f 222 221 293
f 389 529 530
f 84 85 121
f 121 88 84
f 949 722 720
f 532 715 716
f 366 495 491
f 366 360 481
f 293 221 292
f 553 554 390
f 390 554 555
f 293 292 390
f 744 554 553
f 555 554 744
f 78 112 79
f 79 45 78
f 121 85 122
f 154 153 202
f 150 151 111
f 150 111 149
f 149 197 150
f 268 360 366
f 360 359 365
f 365 482 360
f 631 464 630
f 1068 1069 840
f 342 253 341
f 341 253 340
f 1872 1598 1873
f 187 253 254
f 254 188 187
f 208 189 158
f 158 188 208
f 158 115 144
f 843 630 842
f 842 1072 843
f 843 1072 1073
f 631 632 465
f 465 464 631
f 465 634 466
f 257 191 256
f 257 258 191
f 346 258 345
f 258 257 345
f 847 1076 848
f 846 1076 847
f 851 850 1080
f 848 1078 1080
f 1080 850 848
f 1077 1076 1321
f 1321 1322 1077
f 146 108 145
f 108 110 145
f 145 189 146
f 78 45 44
f 44 43 78
f 4 3 17
f 17 44 45
f 73 66 37
f 12 36 37
f 75 115 114
f 75 64 63
f 36 71 72
f 73 37 72
f 72 37 36
f 72 110 73
f 1592 1598 1594
f 1598 1326 1594
f 1594 1326 1322
f 1594 1321 1592
f 1322 1321 1594
f 851 1080 1081
f 1590 1863 1866
f 1866 1591 1590
f 1590 1591 1319
f 1601 1328 1327
f 1328 1082 1327
f 1327 1082 1325
f 1879 1602 1601
f 1595 1602 1382
f 1382 1381 1595
f 1324 1328 1595
f 1328 1602 1595
f 499 498 673
f 900 901 673
f 673 674 499
f 901 674 673
f 672 899 900
f 900 673 672
f 672 673 498
f 897 898 672
f 672 898 899
f 370 499 500
f 370 498 499
f 1868 2147 1876
f 1601 1876 1877
f 1876 2147 1877
f 2160 2161 1877
f 2152 2147 1871
f 1871 1868 1597
f 2147 1868 1871
f 2511 2233 2444
f 2233 2161 2444
f 2444 2161 2160
f 2160 2443 2444
f 2803 3070 3071
f 1384 1675 1387
f 1675 1680 1387
f 1387 1138 1384
f 1388 1680 1681
f 1138 1387 1388
f 1388 1387 1680
f 1135 898 897
f 1135 1381 1382
f 1384 1138 1137
f 1382 1385 1137
f 1138 898 1137
f 1384 1137 1386
f 1386 1137 1385
f 89 81 93
f 160 165 209
f 124 165 160
f 87 80 55
f 55 46 23
f 581 776 582
f 230 316 231
f 315 316 230
f 230 314 315
f 315 314 425
f 313 226 312
f 313 314 226
f 1152 910 909
f 909 677 908
f 910 677 909
f 1145 908 907
f 857 858 645
f 645 856 857
f 269 367 276
f 269 206 203
f 276 206 269
f 496 367 269
f 904 896 675
f 674 904 675
f 500 499 675
f 499 674 675
f 368 497 496
f 496 269 368
f 505 506 373
f 373 504 505
f 507 375 496
f 501 375 508
f 375 507 508
f 508 504 501
f 496 497 508
f 508 507 496
f 508 505 504
f 907 677 906
f 906 677 905
f 905 896 906
f 906 1134 907
f 906 896 1134
f 776 581 580
f 309 310 225
f 308 310 309
f 392 301 293
f 306 222 305
f 301 403 303
f 225 226 166
f 221 222 166
f 389 292 388
f 85 84 52
f 209 165 171
f 535 720 721
f 721 720 722
f 713 716 715
f 532 716 717
f 533 716 718
f 533 717 716
f 532 717 533
f 533 390 532
f 702 703 528
f 702 700 933
f 704 699 528
f 528 703 704
f 530 529 708
f 708 711 530
f 664 495 528
f 664 491 495
f 528 495 665
f 665 700 528
f 1343 1617 1344
f 1616 1617 1343
f 545 390 544
f 544 390 543
f 543 390 542
f 543 729 544
f 543 728 729
f 531 715 532
f 532 390 531
f 709 715 531
f 710 709 531
f 530 710 531
f 531 389 530
f 205 154 204
f 154 202 204
f 357 356 477
f 357 479 361
f 266 356 357
f 361 358 357
f 357 358 266
f 200 152 151
f 628 838 839
f 839 838 1064
f 679 838 628
f 629 463 628
f 629 630 464
f 464 463 629
f 840 1069 841
f 842 630 841
f 841 630 840
f 460 376 342
f 342 341 460
f 456 341 340
f 619 456 618
f 340 253 339
f 339 454 340
f 2695 2968 2408
f 2408 2406 2695
f 2695 2406 2693
f 1567 1302 1566
f 834 679 625
f 2113 2114 1835
f 1835 2114 1837
f 1837 2114 1839
f 2407 2406 2408
f 2408 2121 2407
f 2705 2974 2706
f 2142 1863 2141
f 2141 2425 2142
f 1867 1873 1598
f 1867 1598 1592
f 1867 1591 1866
f 1592 1591 1867
f 2706 2707 2416
f 2132 2416 2417
f 2417 2416 2707
f 2141 1863 1862
f 1862 1865 2141
f 1073 1317 1318
f 633 632 631
f 633 465 632
f 634 465 633
f 634 633 845
f 845 633 843
f 627 626 628
f 628 463 627
f 346 463 347
f 347 258 346
f 347 463 464
f 464 465 347
f 347 465 466
f 343 257 256
f 256 277 343
f 277 376 343
f 346 345 462
f 626 627 462
f 462 463 346
f 462 627 463
f 846 847 635
f 635 845 846
f 634 845 635
f 635 847 848
f 848 638 635
f 638 636 635
f 635 636 466
f 466 634 635
f 1320 1076 1319
f 1320 1321 1076
f 1319 1592 1320
f 1592 1321 1320
f 4047 3791 3790
f 2911 3184 3185
f 3185 3184 3470
f 2909 2899 2620
f 4012 4015 4014
f 3754 4011 4012
f 3176 3179 2909
f 4003 4244 4246
f 4473 4708 4709
f 5235 5359 5360
f 5359 5462 5360
f 5193 5321 5198
f 5198 5318 5193
f 5052 5196 5197
f 5513 5426 5512
f 5550 5469 5466
f 114 145 113
f 113 145 110
f 110 72 113
f 113 72 71
f 189 145 157
f 157 158 189
f 114 115 157
f 157 145 114
f 2 3 1
f 1 11 2
f 4 17 18
f 18 17 45
f 16 17 3
f 43 44 16
f 44 17 16
f 33 66 67
f 33 37 66
f 67 68 33
f 33 68 69
f 33 69 65
f 12 37 33
f 77 71 41
f 115 75 106
f 106 75 63
f 38 64 74
f 74 75 38
f 64 75 74
f 38 75 76
f 76 75 114
f 114 113 76
f 41 40 76
f 76 77 41
f 76 113 71
f 71 77 76
f 1326 1081 1323
f 1322 1326 1323
f 1078 1322 1323
f 1323 1080 1078
f 1323 1081 1080
f 1599 1872 1874
f 1874 1875 1599
f 1947 2244 2243
f 3068 3066 2799
f 2525 2244 2511
f 1600 1876 1601
f 1601 1327 1600
f 1600 1868 1876
f 2162 2161 2233
f 1382 1602 1674
f 1602 1879 1674
f 1674 1385 1382
f 500 497 371
f 371 370 500
f 273 370 371
f 497 368 371
f 1596 1327 1325
f 1596 1325 1597
f 1597 1868 1596
f 1596 1600 1327
f 1868 1600 1596
f 2160 1877 2159
f 2159 1877 2147
f 2159 2152 2160
f 2159 2147 2152
f 2738 2796 2511
f 2511 2444 2738
f 5487 5417 5488
f 5576 5575 5577
f 3070 2803 3069
f 1945 1679 1947
f 1945 1946 1679
f 2803 2806 2517
f 1139 898 1138
f 1138 1388 1139
f 1140 898 1139
f 1389 1388 1681
f 1389 1139 1388
f 1383 1135 1382
f 1382 1137 1383
f 1384 1386 1676
f 1676 1386 1679
f 1676 1675 1384
f 1677 1386 1385
f 1385 1674 1677
f 61 60 98
f 98 60 97
f 97 60 92
f 19 20 5
f 46 20 19
f 5 23 19
f 19 23 46
f 90 89 93
f 47 80 81
f 47 46 80
f 47 20 46
f 58 91 93
f 93 94 58
f 58 60 59
f 58 92 60
f 97 92 58
f 57 91 58
f 124 160 116
f 116 87 124
f 80 87 116
f 81 80 116
f 5 21 22
f 22 23 5
f 311 310 308
f 225 310 311
f 311 226 225
f 312 226 311
f 232 231 317
f 317 231 316
f 423 313 312
f 314 313 423
f 2658 2657 2938
f 2364 2657 2658
f 1152 909 1149
f 1146 1134 903
f 903 1145 1146
f 907 1134 1146
f 1146 1145 907
f 1148 1149 908
f 1406 1149 1148
f 1148 1402 1403
f 1395 1694 1695
f 1395 1396 1145
f 1395 1148 1396
f 901 1141 902
f 903 674 902
f 902 674 901
f 477 643 646
f 861 862 648
f 671 508 497
f 671 497 500
f 500 675 671
f 671 675 896
f 506 505 678
f 505 508 678
f 678 676 506
f 678 677 676
f 905 677 678
f 678 896 905
f 678 671 896
f 508 671 678
f 773 1003 1004
f 308 309 224
f 224 309 225
f 225 166 224
f 414 572 573
f 573 773 774
f 774 773 1004
f 419 420 308
f 401 398 561
f 416 576 561
f 407 301 406
f 406 405 407
f 301 405 406
f 757 756 758
f 758 756 989
f 989 990 758
f 990 762 758
f 758 762 563
f 2324 2613 2325
f 569 572 571
f 572 414 571
f 302 222 301
f 301 303 302
f 302 303 222
f 402 303 403
f 402 301 407
f 402 403 301
f 299 222 298
f 299 300 222
f 308 300 400
f 400 300 401
f 401 419 400
f 400 419 308
f 128 88 127
f 408 402 407
f 303 402 408
f 563 762 759
f 759 762 990
f 291 292 221
f 291 388 292
f 123 165 124
f 124 87 86
f 86 123 124
f 170 234 209
f 209 171 170
f 170 233 234
f 232 233 170
f 230 231 170
f 170 231 232
f 989 756 755
f 755 988 989
f 1218 988 987
f 2056 2336 2057
f 2055 2336 2056
f 946 720 718
f 946 947 720
f 1184 947 946
f 712 943 944
f 530 711 712
f 712 713 530
f 950 722 949
f 536 721 722
f 536 390 535
f 535 721 536
f 940 715 709
f 940 713 715
f 535 533 719
f 719 533 718
f 719 720 535
f 718 720 719
f 535 390 534
f 534 533 535
f 390 533 534
f 5044 5046 5045
f 5047 5046 5048
f 5052 4878 5051
f 5051 5046 5052
f 5051 5048 5046
f 5052 5046 5194
f 5194 5198 5052
f 5318 5198 5194
f 5194 5046 5193
f 5193 5318 5194
f 3709 3410 3409
f 3719 3410 3709
f 3709 3701 3697
f 3960 3709 3697
f 391 392 293
f 293 396 391
f 301 392 391
f 293 390 393
f 393 390 555
f 555 556 393
f 395 396 293
f 3713 3410 3712
f 3712 3410 3711
f 3711 3963 3712
f 3719 3711 3710
f 3710 3410 3719
f 3711 3410 3710
f 1447 1445 1448
f 528 700 701
f 701 702 528
f 700 702 701
f 703 702 934
f 934 702 933
f 699 704 928
f 366 481 492
f 492 493 366
f 360 482 483
f 483 484 360
f 480 481 360
f 360 484 480
f 480 484 481
f 670 665 495
f 670 895 700
f 730 545 544
f 544 729 730
f 730 729 731
f 390 545 546
f 546 730 731
f 545 730 546
f 960 961 731
f 731 729 960
f 729 959 960
f 2296 2575 2576
f 2295 2575 2296
f 2591 3124 2867
f 3123 2867 3124
f 2864 3124 2591
f 3723 3421 3721
f 2601 2313 2600
f 555 747 748
f 746 747 555
f 981 748 747
f 354 355 265
f 265 356 266
f 265 355 356
f 475 352 468
f 360 268 267
f 268 200 267
f 267 359 360
f 267 365 359
f 364 365 267
f 267 358 361
f 266 358 267
f 267 200 266
f 151 198 199
f 199 200 151
f 198 265 199
f 266 200 199
f 199 265 266
f 152 200 201
f 201 200 268
f 1568 1302 1567
f 459 341 458
f 459 460 341
f 625 460 624
f 457 619 458
f 457 456 619
f 458 341 457
f 341 456 457
f 458 619 620
f 1295 1296 1056
f 2378 2667 2668
f 4067 3810 4066
f 4066 4304 4067
f 4298 4299 4056
f 4516 4299 4298
f 4750 4917 4918
f 4067 4304 4305
f 4520 4305 4304
f 826 618 825
f 619 618 826
f 820 1050 1051
f 1831 1832 1558
f 1558 1832 1559
f 1832 1833 1559
f 2408 2968 2696
f 2968 2969 2696
f 2108 2107 2392
f 2680 2678 2388
f 4064 4066 3810
f 4304 4066 4064
f 3237 2969 2967
f 2967 2964 3237
f 2967 2969 2968
f 2406 2407 2119
f 2119 2407 2121
f 1846 1845 2118
f 2399 2115 2398
f 2681 2678 2680
f 2680 2960 2681
f 2114 2115 1840
f 1839 2114 1840
f 1840 2115 2116
f 1846 2121 2122
f 2121 2125 2122
f 1846 1847 1573
f 1308 1572 1573
f 1573 1845 1846
f 1573 1572 1845
f 1071 841 1069
f 1071 1072 842
f 1578 1853 1579
f 2130 1852 2129
f 2129 1852 1851
f 1073 1072 1313
f 1313 1314 1073
f 1072 1312 1313
f 2146 2142 2425
f 2146 1867 1866
f 1873 1867 2146
f 2134 2135 1858
f 2141 1865 2144
f 1865 1862 1589
f 1589 1590 1319
f 1863 1590 1589
f 1589 1862 1863
f 1864 1861 2140
f 2140 2143 1864
f 1864 2143 1865
f 1865 1589 1864
f 1864 1589 1861
f 1075 1076 846
f 1319 1076 1075
f 1075 1318 1319
f 1588 1318 1317
f 1319 1318 1588
f 2138 1860 2136
f 1859 2135 2136
f 1858 2135 1859
f 1587 1588 1317
f 1861 1588 1587
f 844 633 631
f 843 633 844
f 631 630 844
f 630 843 844
f 846 845 1074
f 1074 845 843
f 1074 1075 846
f 1318 1075 1074
f 1074 843 1073
f 1073 1318 1074
f 348 347 466
f 258 347 348
f 466 259 348
f 259 258 348
f 344 345 257
f 257 343 344
f 626 462 509
f 509 460 625
f 376 460 509
f 625 679 509
f 628 626 509
f 509 679 628
f 4509 4297 4515
f 3789 3790 3500
f 2337 2336 2055
f 2911 2621 2910
f 4105 4101 4347
f 4099 3841 4098
f 5235 5236 5098
f 2436 2726 2728
f 2435 2154 2425
f 2615 2620 2899
f 4272 4027 4271
f 4026 4027 3769
f 4015 4027 4026
f 4272 4269 4273
f 4273 4027 4272
f 4269 4027 4273
f 3769 4027 4028
f 3760 4017 3769
f 4012 4014 3760
f 3760 4014 4015
f 4005 4251 4008
f 4008 4006 4005
f 4008 3754 4009
f 4002 4244 4003
f 4012 3760 4013
f 3756 3754 4012
f 4012 4013 3756
f 3453 3454 3170
f 4496 4269 4272
f 4272 4500 4496
f 2907 3176 2909
f 3176 2907 2905
f 4473 4246 4472
f 4707 4708 4473
f 5358 5359 5235
f 5361 5236 5235
f 5235 5360 5361
f 5362 5360 5462
f 5362 5361 5360
f 5236 5361 5362
f 5195 5196 5052
f 5052 5198 5195
f 5195 5198 5196
f 5328 5198 5327
f 5329 5198 5328
f 5054 4879 4878
f 5054 5055 4879
f 5199 5197 5196
f 5320 5321 5193
f 5320 5428 5321
f 5321 5428 5427
f 5077 4901 5076
f 5447 5533 5448
f 5078 4901 5077
f 5681 5680 5666
f 5492 5403 5473
f 5493 5403 5492
f 5495 5574 5575
f 5637 5640 5670
f 5637 5638 5569
f 5469 5550 5551
f 5250 5249 5292
f 115 158 159
f 159 157 115
f 158 157 159
f 63 64 31
f 31 30 63
f 29 62 63
f 63 30 29
f 61 62 29
f 42 70 43
f 43 16 42
f 63 104 105
f 105 106 63
f 115 106 105
f 105 104 144
f 144 115 105
f 38 76 39
f 39 76 40
f 144 104 103
f 103 139 140
f 103 104 63
f 2158 2154 2436
f 2160 2434 2440
f 2801 2800 2804
f 3645 3670 3646
f 2796 3064 3065
f 2798 2525 2511
f 2816 2525 2798
f 2244 2525 2524
f 3667 3671 3930
f 1878 1877 2161
f 2161 2162 1878
f 1878 2162 1879
f 1878 1879 1601
f 1601 1877 1878
f 1879 2162 1938
f 1938 1674 1879
f 1938 2162 2233
f 2233 2232 1938
f 203 205 270
f 270 271 203
f 203 271 272
f 272 273 203
f 273 371 274
f 274 371 368
f 203 273 274
f 274 269 203
f 274 368 269
f 2443 2735 2736
f 3268 3009 3279
f 2442 2443 2160
f 2442 2735 2443
f 2733 2724 2998
f 2796 2738 3012
f 3012 3064 2796
f 4620 4626 4621
f 4166 3923 4167
f 5503 5417 5486
f 5417 5487 5486
f 5193 5046 5192
f 5511 5512 5426
f 5587 5590 5511
f 5499 5498 5578
f 5578 5577 5499
f 5498 5577 5578
f 5594 5590 5639
f 5503 5563 5583
f 5583 5584 5503
f 5563 5584 5583
f 2238 1942 2237
f 2239 1942 2238
f 2237 2517 2238
f 2238 2517 2239
f 1681 1675 1943
f 1675 1942 1943
f 1943 1942 2239
f 2513 2800 2801
f 2237 1942 2236
f 1679 1946 1940
f 1940 1676 1679
f 1675 1676 1940
f 1947 2243 2242
f 2242 1945 1947
f 2243 1945 2242
f 2521 2243 2522
f 2516 2517 2237
f 2803 2517 2516
f 898 1135 1136
f 1135 1383 1136
f 1136 1137 898
f 1136 1383 1137
f 1678 1677 1944
f 1386 1677 1678
f 1944 1679 1678
f 1679 1386 1678
f 1944 1677 1939
f 1939 1677 1674
f 1939 2232 1944
f 1939 1938 2232
f 1674 1938 1939
f 20 47 48
f 57 58 27
f 27 26 57
f 51 22 21
f 1247 1009 1246
f 1245 1009 1247
f 798 597 596
f 1019 789 1018
f 597 682 680
f 680 511 597
f 430 511 379
f 426 317 316
f 426 315 425
f 316 315 426
f 280 381 281
f 234 233 280
f 382 383 281
f 281 381 382
f 382 381 515
f 379 511 512
f 512 511 682
f 312 311 422
f 422 423 312
f 3484 3483 3783
f 3470 3184 3469
f 690 922 923
f 688 922 690
f 516 382 515
f 917 684 682
f 685 684 917
f 800 597 798
f 800 682 597
f 1707 1974 1709
f 3785 3786 3492
f 3786 3785 4045
f 3492 3494 3493
f 1151 909 908
f 1151 1149 909
f 1152 1149 1408
f 1603 1408 1604
f 908 1145 1147
f 1147 1148 908
f 1145 1396 1397
f 1396 1148 1397
f 1397 1147 1145
f 1148 1147 1397
f 1399 1395 1695
f 1148 1395 1399
f 1696 1697 1400
f 1695 1694 1400
f 1400 1694 1696
f 1400 1399 1695
f 1148 1399 1400
f 1681 1682 1391
f 1391 1389 1681
f 1392 1391 1682
f 1696 1694 1693
f 1694 1395 1693
f 1144 1145 903
f 1144 1394 1145
f 903 902 1144
f 1144 902 1143
f 1143 1394 1144
f 485 479 648
f 648 655 485
f 361 479 485
f 472 468 351
f 472 639 468
f 477 639 472
f 472 643 477
f 351 474 469
f 469 470 351
f 859 853 648
f 859 646 853
f 648 479 478
f 477 646 478
f 479 357 478
f 478 357 477
f 643 470 642
f 642 646 643
f 853 646 642
f 875 655 866
f 866 655 648
f 648 862 863
f 863 864 648
f 1084 856 913
f 1084 857 856
f 1005 774 1004
f 578 584 580
f 579 417 578
f 1004 1009 777
f 777 1005 1004
f 580 584 777
f 771 572 569
f 573 572 771
f 1003 773 1002
f 222 300 223
f 223 166 222
f 223 224 166
f 223 300 308
f 308 224 223
f 574 414 573
f 573 774 574
f 586 561 576
f 420 561 586
f 586 584 420
f 586 774 584
f 2338 2633 2634
f 2057 2336 2338
f 2336 2633 2338
f 1528 1527 1801
f 1801 1527 1800
f 1018 789 1017
f 1017 1019 1018
f 1258 1014 1257
f 1257 1521 1258
f 562 758 563
f 562 563 407
f 407 405 562
f 1475 1476 1214
f 2328 2325 2613
f 1782 1490 1780
f 2057 2052 1780
f 1780 2056 2057
f 2055 2056 1780
f 1214 1476 1215
f 398 294 397
f 416 561 397
f 397 561 398
f 416 397 307
f 307 397 294
f 222 306 307
f 307 294 222
f 399 296 398
f 399 299 298
f 300 299 399
f 399 398 401
f 401 300 399
f 222 294 295
f 295 296 222
f 295 294 398
f 398 296 295
f 227 226 230
f 227 166 226
f 166 167 125
f 125 128 166
f 88 128 125
f 125 171 165
f 169 170 125
f 125 170 171
f 165 123 125
f 125 86 88
f 123 86 125
f 303 408 304
f 305 222 304
f 222 303 304
f 408 409 304
f 407 563 564
f 564 408 407
f 568 408 564
f 993 1233 1228
f 565 408 568
f 568 763 565
f 767 763 568
f 729 728 956
f 727 543 542
f 728 543 727
f 559 755 756
f 987 1217 1219
f 942 712 711
f 1180 943 942
f 943 712 942
f 948 950 949
f 949 720 948
f 720 947 948
f 714 940 709
f 713 940 714
f 714 709 530
f 530 713 714
f 5047 5048 4872
f 5044 5045 4872
f 4872 5046 5047
f 4872 5045 5046
f 4878 5048 5050
f 5050 5051 4878
f 5048 5051 5050
f 5039 5048 4878
f 4878 4874 5039
f 5513 5512 5431
f 5432 5514 5520
f 3409 3701 3708
f 3708 3709 3409
f 3701 3709 3708
f 1448 1445 1742
f 1742 1449 1448
f 2855 3116 2856
f 2856 2575 2855
f 2576 2575 2856
f 404 405 301
f 301 391 404
f 404 562 405
f 404 391 396
f 293 393 394
f 394 393 556
f 394 395 293
f 556 395 394
f 557 395 556
f 753 559 557
f 753 557 751
f 751 557 556
f 751 556 555
f 555 750 751
f 985 1217 987
f 4434 4658 4437
f 3973 3723 3721
f 3962 3963 3711
f 4870 4872 4665
f 5042 4872 5041
f 5041 4872 5036
f 4442 4670 4671
f 4879 5055 5056
f 5056 4884 4879
f 5055 4884 5056
f 4885 4884 5061
f 5061 4886 4885
f 1448 1449 1190
f 1190 1449 1450
f 1190 1447 1448
f 1190 1450 1191
f 1445 1447 1446
f 1427 1171 1426
f 1427 1428 1171
f 1172 934 933
f 1171 1428 1172
f 1428 1429 1172
f 699 928 705
f 529 699 705
f 705 928 704
f 1937 1978 1721
f 1979 1978 2272
f 1170 931 1169
f 1171 931 1170
f 1169 1424 1170
f 1170 1424 1425
f 1170 1425 1426
f 1426 1171 1170
f 1169 931 930
f 930 931 700
f 933 700 932
f 700 931 932
f 932 1172 933
f 932 931 1171
f 1171 1172 932
f 1721 1422 1720
f 1720 1422 1673
f 2851 2565 2563
f 3719 3709 3694
f 3709 3960 3694
f 3393 3110 3392
f 3109 3110 2849
f 486 483 482
f 484 483 486
f 700 665 891
f 891 670 700
f 665 670 891
f 495 668 669
f 669 668 895
f 669 670 495
f 895 670 669
f 1620 1618 1346
f 1617 1616 1346
f 1881 1618 1620
f 1620 1893 1881
f 1881 1611 1618
f 958 960 959
f 961 960 958
f 958 959 729
f 958 1195 961
f 1191 1450 1451
f 1451 1195 1191
f 1458 1753 1459
f 1752 1753 1458
f 549 390 548
f 734 548 733
f 967 734 966
f 966 965 967
f 734 733 966
f 966 733 965
f 2009 1746 2008
f 2591 2867 2865
f 2865 2866 2591
f 2577 2296 2576
f 2867 3123 3132
f 3697 3701 3698
f 3701 3699 3698
f 3421 3723 3724
f 2590 2307 2306
f 2314 2315 2025
f 1466 1465 1755
f 2027 1761 1755
f 2598 2600 2313
f 2598 2312 2597
f 2313 2312 2598
f 3422 3138 3421
f 749 750 555
f 555 748 749
f 748 981 749
f 555 744 752
f 744 746 752
f 747 743 977
f 747 746 737
f 737 743 747
f 737 744 553
f 737 746 744
f 1210 1211 979
f 979 1211 981
f 476 355 354
f 476 639 477
f 354 475 476
f 477 356 476
f 356 355 476
f 468 639 476
f 476 475 468
f 264 262 352
f 198 262 264
f 264 265 198
f 354 265 353
f 352 475 353
f 353 475 354
f 353 264 352
f 265 264 353
f 1569 1842 1843
f 1567 1842 1569
f 1569 1568 1567
f 837 629 628
f 837 1068 840
f 840 630 837
f 630 629 837
f 1303 1062 1302
f 833 834 625
f 625 624 833
f 1058 1296 1297
f 1297 1298 1058
f 825 1293 1055
f 4054 4295 4055
f 4055 4295 4056
f 4059 3802 3801
f 3802 3508 3801
f 4291 4297 4052
f 3800 4055 4056
f 3800 3801 3508
f 4051 4052 3797
f 4065 3810 4068
f 4068 4069 4065
f 4068 3810 4067
f 4067 4069 4068
f 4070 4069 4309
f 4309 4308 4070
f 4309 4069 4067
f 4067 4308 4309
f 4073 3818 4078
f 4078 3818 4070
f 4078 4308 4073
f 4070 4308 4078
f 4056 4295 4294
f 4294 4298 4056
f 4294 4510 4511
f 4294 4052 4293
f 4295 4052 4294
f 4293 4509 4294
f 4294 4509 4510
f 4488 4494 4493
f 4493 4268 4488
f 4493 4494 4266
f 4266 4268 4493
f 4918 4917 4726
f 4727 4488 4726
f 4511 4510 4747
f 4059 4299 4300
f 4300 4299 4516
f 4516 4298 4512
f 4512 4294 4511
f 4298 4294 4512
f 4754 4524 4523
f 4756 4524 4755
f 4755 4524 4754
f 4752 4754 4753
f 4753 4520 4752
f 4304 4302 4521
f 4521 4520 4304
f 4305 4520 4522
f 4754 4523 4522
f 4522 4753 4754
f 4520 4753 4522
f 455 617 618
f 340 454 455
f 455 456 340
f 455 618 456
f 616 455 454
f 617 455 616
f 818 820 616
f 1291 1292 1051
f 1555 1292 1291
f 1045 820 1043
f 1551 1827 1552
f 1552 1287 1551
f 1286 1287 1049
f 1050 820 1049
f 1295 1056 1294
f 1294 1559 1295
f 1294 1055 1293
f 1056 1055 1294
f 1558 1559 1294
f 1835 1836 1560
f 1560 1559 1835
f 1295 1559 1560
f 1835 1559 1834
f 1834 1559 1833
f 1834 2108 1835
f 2107 2108 1834
f 1834 1833 1832
f 1832 2107 1834
f 2105 2388 2389
f 2389 2678 2392
f 2389 2388 2678
f 2106 1832 2105
f 2106 2107 1832
f 2104 1831 1830
f 1832 1831 2104
f 2105 1832 2103
f 2103 2387 2105
f 1832 2104 2103
f 1829 2104 1830
f 1829 2103 2104
f 834 1062 914
f 679 834 914
f 1064 838 914
f 838 679 914
f 1302 1062 1301
f 1835 2108 2109
f 4303 4302 4304
f 3806 3805 3803
f 1838 1837 1839
f 2693 2406 2694
f 2120 2121 1846
f 1846 2119 2120
f 2120 2119 2121
f 2404 2694 2405
f 2406 2119 2405
f 2405 2694 2406
f 1844 2118 1845
f 1843 1842 2117
f 2117 1842 2116
f 2116 2115 2400
f 2400 2399 2116
f 2115 2399 2400
f 2403 2404 2116
f 2116 2402 2403
f 2116 2399 2401
f 2401 2402 2116
f 2682 2681 2960
f 1841 1840 2116
f 1841 1842 1567
f 2116 1842 1841
f 1567 1566 1841
f 1566 1840 1841
f 1847 2125 2126
f 2129 1851 2126
f 2126 1851 1847
f 2410 2125 2121
f 2410 2411 2125
f 2701 2411 2410
f 2128 2125 1847
f 2128 2122 2125
f 842 841 1070
f 1070 1071 842
f 841 1071 1070
f 2415 2705 2706
f 2706 2416 2415
f 2415 2416 2132
f 1311 1312 1072
f 1072 1071 1311
f 1073 1314 1315
f 2133 2134 1858
f 2417 2134 2133
f 3820 3821 3536
f 3532 3534 3240
f 4104 4099 4098
f 4084 3824 4083
f 4083 4086 4084
f 4103 4086 4083
f 3843 3560 3827
f 3827 4086 3843
f 3843 4086 4103
f 2425 2154 2153
f 2153 2146 2425
f 2153 2154 1873
f 1873 2146 2153
f 2418 2417 2707
f 2418 2134 2417
f 2707 2419 2418
f 2418 2419 2135
f 2135 2134 2418
f 1861 1589 1593
f 1593 1588 1861
f 1593 1589 1319
f 1319 1588 1593
f 2136 1860 2137
f 2137 1859 2136
f 1860 1859 2137
f 1586 1587 1317
f 1860 1587 1586
f 1043 820 817
f 817 820 818
f 376 509 461
f 461 509 462
f 461 343 376
f 461 344 343
f 461 462 345
f 345 344 461
f 4046 3789 3788
f 3790 3789 4046
f 3788 4045 4046
f 4047 3790 4046
f 3792 3791 4047
f 4048 3792 4047
f 4047 4046 4048
f 4048 4046 4284
f 4287 4048 4286
f 3779 4037 4041
f 4041 3780 3779
f 4041 4279 4281
f 4037 4279 4041
f 1976 1975 2270
f 2269 2270 1975
f 2550 2835 2662
f 2369 2269 2550
f 3462 3467 3463
f 3771 3768 4025
f 3769 3764 3763
f 3763 3764 3463
f 3763 3467 3769
f 3463 3467 3763
f 4023 4024 3766
f 3766 4024 3771
f 3771 4025 3766
f 3766 4025 3768
f 3179 3176 3461
f 3461 3176 3460
f 2336 2337 2050
f 2050 2337 2055
f 2055 1780 2050
f 2914 2916 2630
f 2634 2633 2632
f 2632 2633 2336
f 2630 2916 2631
f 2631 2632 2336
f 2916 2632 2631
f 2898 2910 2621
f 2898 2615 2899
f 2621 2615 2898
f 3842 3841 4101
f 3841 4099 4100
f 4343 4101 4100
f 4101 3841 4100
f 4345 4559 4560
f 4347 4101 4345
f 4345 4560 4347
f 4559 4345 4344
f 4344 4101 4343
f 4344 4345 4101
f 4347 4560 4561
f 4560 4770 4561
f 3560 3841 3559
f 3559 3842 3561
f 3841 3842 3559
f 3561 3275 3559
f 2999 2728 2726
f 3002 2728 2999
f 3560 3274 3544
f 3827 3560 3544
f 3254 3545 3544
f 2620 2615 2330
f 4259 4027 4015
f 4259 4271 4027
f 4270 4027 4269
f 4269 4028 4270
f 4270 4028 4027
f 4490 4488 4263
f 4263 4268 4264
f 4263 4488 4268
f 4016 4026 3769
f 3769 4017 4016
f 4015 4026 4016
f 4016 3760 4015
f 4017 3760 4016
f 3769 3467 3761
f 3761 3760 3769
f 3460 3760 3761
f 4247 4246 4473
f 4003 4246 4247
f 4247 4248 4003
f 4003 4248 4004
f 4004 4251 4005
f 3759 3760 3460
f 3759 4013 3760
f 3759 3756 4013
f 3755 3756 3458
f 3754 3756 3755
f 4009 3754 3753
f 3754 3454 3753
f 3456 3170 3455
f 3455 3170 3454
f 4499 4500 4272
f 4264 4268 4260
f 4021 3764 3769
f 4019 4018 4023
f 3764 4018 4019
f 4500 4490 4489
f 4269 4496 4489
f 4489 4496 4500
f 4489 4263 4269
f 4490 4263 4489
f 2909 2620 2908
f 2908 2907 2909
f 2620 2907 2908
f 3176 2905 3175
f 2906 2907 2620
f 2620 2905 2906
f 2906 2905 2907
f 3444 3157 3443
f 4901 4707 4900
f 5322 5198 5329
f 5196 5198 5322
f 5196 5324 5203
f 5203 5199 5196
f 5430 5328 5327
f 5327 5431 5430
f 5430 5431 5514
f 5430 5514 5432
f 5432 5328 5430
f 5329 5328 5433
f 5433 5328 5432
f 5200 5202 5201
f 5200 5203 5202
f 5199 5203 5200
f 5201 5055 5200
f 5055 5054 5200
f 5426 5427 5319
f 5319 5427 5428
f 5319 5320 5193
f 5428 5320 5319
f 5327 5198 5326
f 5077 5076 5217
f 5448 5533 5449
f 5679 5681 5677
f 5677 5681 5666
f 5533 5447 5532
f 4902 4707 4901
f 4901 5078 4902
f 4708 4707 4902
f 5451 5345 5344
f 5023 4850 4849
f 4629 4410 4414
f 5670 5669 5668
f 5668 5669 5624
f 5624 5550 5623
f 5666 5680 5665
f 5549 5550 5466
f 5549 5623 5550
f 5622 5623 5549
f 5494 5403 5493
f 5494 5495 5403
f 5574 5495 5571
f 5571 5494 5493
f 5495 5494 5571
f 5650 5637 5670
f 5638 5637 5650
f 5568 5569 5493
f 5568 5637 5569
f 5625 5550 5624
f 5625 5551 5550
f 5624 5669 5625
f 5670 5640 5625
f 5625 5669 5670
f 5469 5551 5470
f 5582 5500 5499
f 5580 5581 5499
f 5473 5403 5400
f 5403 5491 5400
f 5499 5500 5408
f 5406 5498 5499
f 5499 5408 5406
f 5406 5408 5407
f 5298 5408 5409
f 5407 5408 5298
f 5298 5299 5158
f 5404 5295 5403
f 5294 5295 5158
f 5293 5295 5294
f 5402 5491 5403
f 5403 5295 5402
f 4162 4401 4395
f 5163 5299 5301
f 5158 5009 5157
f 5157 5294 5158
f 5293 5294 5157
f 5291 5293 5157
f 5291 5157 5156
f 5156 5157 5009
f 32 64 38
f 32 31 64
f 11 31 32
f 9 29 10
f 10 11 1
f 1 9 10
f 10 31 11
f 30 31 10
f 10 29 30
f 65 70 34
f 70 42 34
f 34 33 65
f 34 42 16
f 12 33 34
f 99 98 97
f 99 62 61
f 61 98 99
f 140 139 182
f 524 695 525
f 524 525 387
f 129 94 93
f 81 118 119
f 161 160 209
f 2155 2158 1874
f 1873 2154 2155
f 2154 2158 2155
f 2439 2158 2436
f 2434 2152 2151
f 2998 2724 2723
f 3558 3265 3557
f 3558 3266 3265
f 3280 3009 3268
f 3268 3558 3280
f 5112 5248 5113
f 5365 5366 5241
f 5241 5366 5242
f 3651 3655 3652
f 3915 3655 3651
f 3656 3657 3347
f 3067 2804 2800
f 2800 2799 3067
f 3067 2799 3066
f 3073 3347 3070
f 3070 3069 3073
f 3069 2804 3073
f 2801 2804 2514
f 2514 2513 2801
f 2803 2516 2514
f 2234 2513 2514
f 2514 2236 2234
f 2237 2236 2514
f 2514 2516 2237
f 3078 3079 2812
f 2812 3079 3068
f 3068 2799 2812
f 2799 2805 2812
f 3352 3079 3078
f 3912 3650 3911
f 3651 3650 3910
f 3671 3670 3906
f 3906 3645 3648
f 3670 3645 3906
f 2796 3065 2797
f 2511 2796 2797
f 2797 2798 2511
f 2797 3065 2816
f 2816 2798 2797
f 2523 2243 2244
f 2244 2524 2523
f 2522 2243 2523
f 2814 2525 2816
f 2814 2524 2525
f 4175 4411 4409
f 3356 3665 3666
f 3930 4175 3931
f 369 370 273
f 273 272 369
f 2737 2738 2444
f 2737 2444 2443
f 2443 2736 2737
f 3010 2738 2737
f 2737 2736 3010
f 3008 3279 3009
f 3008 3007 3279
f 2734 2733 2998
f 2998 3007 2734
f 3064 3012 3011
f 3011 2738 3010
f 3011 3012 2738
f 1123 1122 1371
f 5190 5192 5046
f 5316 5192 5190
f 5190 5044 5189
f 5189 5316 5190
f 5575 5590 5642
f 5575 5574 5641
f 5641 5590 5575
f 5574 5639 5641
f 5641 5639 5590
f 5510 5511 5426
f 5512 5511 5591
f 5591 5511 5590
f 5645 5577 5575
f 5562 5584 5563
f 5562 5566 5632
f 5587 5511 5588
f 5587 5588 5509
f 5509 5588 5511
f 5511 5510 5509
f 5508 5584 5509
f 5584 5589 5509
f 5644 5589 5584
f 5671 5645 5644
f 5644 5645 5575
f 1949 1682 1681
f 1941 1942 1675
f 1675 1940 1941
f 1941 2236 1942
f 2515 2521 2805
f 2515 2805 2799
f 81 89 82
f 82 47 81
f 57 26 56
f 56 82 89
f 48 82 56
f 56 90 57
f 89 90 56
f 26 25 49
f 49 56 26
f 20 48 49
f 48 56 49
f 1 5 6
f 5 20 6
f 28 27 58
f 28 58 59
f 59 60 28
f 28 60 61
f 61 29 28
f 28 29 9
f 26 27 8
f 8 25 26
f 8 9 1
f 21 52 50
f 50 51 21
f 50 52 84
f 84 51 50
f 53 51 84
f 53 84 88
f 88 86 53
f 53 87 55
f 53 86 87
f 23 22 53
f 22 51 53
f 1007 777 1009
f 1268 1028 1026
f 595 794 795
f 795 596 595
f 793 792 789
f 789 1019 793
f 793 794 595
f 595 792 793
f 682 511 681
f 681 680 682
f 511 680 681
f 514 684 685
f 514 516 515
f 685 516 514
f 514 512 684
f 515 381 514
f 381 512 514
f 511 430 429
f 597 511 429
f 595 596 429
f 429 596 597
f 429 430 317
f 317 428 429
f 594 792 595
f 595 429 594
f 594 429 428
f 427 428 317
f 317 426 427
f 379 381 380
f 380 280 379
f 381 280 380
f 319 233 232
f 319 280 233
f 513 381 379
f 379 512 513
f 513 512 381
f 682 684 683
f 683 512 682
f 684 512 683
f 582 423 583
f 423 422 583
f 418 417 579
f 418 583 422
f 418 422 311
f 579 578 418
f 418 581 582
f 582 583 418
f 418 311 308
f 308 417 418
f 418 580 581
f 418 578 580
f 425 314 424
f 314 423 424
f 3782 3783 3483
f 3784 3783 3782
f 3784 3774 3485
f 3485 3783 3784
f 3484 3783 3485
f 3784 3782 3781
f 4035 3781 4043
f 4043 3781 3780
f 3470 3469 3471
f 3770 3768 3771
f 3771 3469 3770
f 3770 3469 3768
f 3183 3469 3184
f 3183 3184 2911
f 2911 3182 3183
f 3778 4037 3779
f 2918 3191 2921
f 2916 3190 2917
f 3190 3191 2917
f 2634 2632 2917
f 2917 2632 2916
f 2917 2918 2634
f 2917 3191 2918
f 1164 922 921
f 686 516 685
f 382 516 517
f 383 382 517
f 688 690 517
f 517 516 688
f 1708 1709 1415
f 1707 1709 1708
f 1158 1157 1413
f 1413 1708 1415
f 1707 1708 1413
f 915 1157 1158
f 682 800 915
f 915 800 1032
f 1707 1413 1412
f 1412 1413 1157
f 4281 4284 4282
f 2939 2658 2938
f 908 1149 1150
f 1150 1151 908
f 1149 1151 1150
f 1407 1149 1406
f 1407 1408 1149
f 1406 1148 1405
f 1705 1704 1604
f 1705 1407 1406
f 1604 1408 1705
f 1408 1407 1705
f 1604 1704 1605
f 1402 1148 1401
f 1148 1400 1401
f 1401 1400 1697
f 1401 1699 1402
f 1403 1402 1701
f 1402 1699 1701
f 1143 1392 1393
f 1687 1688 1393
f 1393 1394 1143
f 1391 1392 1142
f 1142 902 1141
f 1143 902 1142
f 1142 1392 1143
f 2239 2517 2518
f 2518 2806 2807
f 2518 2517 2806
f 1145 1394 1398
f 1398 1395 1145
f 1398 1693 1395
f 2544 2259 2262
f 1966 1693 1965
f 1965 2262 1966
f 1689 1393 1688
f 361 485 362
f 362 267 361
f 881 882 659
f 655 877 874
f 881 659 874
f 874 659 655
f 471 470 643
f 643 472 471
f 351 470 471
f 471 472 351
f 470 469 641
f 641 854 853
f 641 469 640
f 647 859 648
f 646 859 647
f 648 478 647
f 647 478 646
f 648 864 865
f 865 866 648
f 862 1091 1092
f 1092 863 862
f 1090 1091 862
f 1090 1334 1091
f 1086 1330 1088
f 858 857 852
f 852 640 645
f 645 858 852
f 852 641 640
f 854 641 852
f 584 578 577
f 577 578 417
f 779 777 584
f 1005 777 779
f 584 774 779
f 774 1005 779
f 770 771 569
f 573 771 770
f 414 574 575
f 575 576 416
f 575 574 774
f 575 586 576
f 774 586 575
f 2344 2637 2639
f 2636 2343 2638
f 2634 2638 2342
f 2638 2343 2342
f 2342 2338 2634
f 2364 2084 2363
f 2069 1794 2068
f 1253 1517 1256
f 1257 1014 1256
f 1016 1017 789
f 1263 1017 1016
f 1016 1014 1263
f 1022 1023 794
f 1260 1261 1014
f 1214 1473 1474
f 1474 1475 1214
f 2324 2323 2322
f 2322 2323 2037
f 1228 1233 1493
f 569 571 570
f 570 409 569
f 571 409 570
f 412 306 305
f 305 411 412
f 410 411 305
f 305 304 410
f 410 304 409
f 410 409 571
f 416 307 415
f 415 307 414
f 415 575 416
f 414 575 415
f 297 399 298
f 296 399 297
f 298 222 297
f 222 296 297
f 220 167 166
f 166 227 220
f 220 227 167
f 169 125 168
f 168 170 169
f 168 125 167
f 563 759 760
f 760 759 568
f 991 759 990
f 990 993 991
f 1223 993 990
f 1232 1225 1490
f 1490 1233 1232
f 1233 993 1232
f 569 409 567
f 567 409 408
f 567 763 569
f 567 565 763
f 999 1241 1240
f 1234 1241 999
f 763 767 994
f 955 727 726
f 396 395 558
f 558 559 396
f 395 557 558
f 558 557 559
f 754 559 753
f 987 988 754
f 988 755 754
f 755 559 754
f 754 985 987
f 753 985 754
f 1217 1215 1479
f 1479 1215 1478
f 1221 990 989
f 989 988 1221
f 1224 1225 990
f 1220 1218 987
f 987 1219 1220
f 988 1218 1220
f 1220 1219 1481
f 1990 1988 2284
f 1728 1988 1990
f 935 704 703
f 703 934 935
f 2284 2565 2285
f 2285 2565 2566
f 5044 4872 5043
f 5043 4872 5042
f 5042 5186 5043
f 4661 4658 4868
f 4868 4663 4661
f 4871 5039 4874
f 4878 4879 4668
f 4668 4874 4878
f 3114 3113 3397
f 2576 2856 2857
f 562 404 560
f 757 758 560
f 758 562 560
f 560 404 396
f 396 559 560
f 560 756 757
f 560 559 756
f 984 750 753
f 753 751 984
f 984 751 750
f 753 750 986
f 986 985 753
f 750 985 986
f 2891 2892 2606
f 2606 2892 2893
f 2030 1764 2027
f 2030 2025 2315
f 3723 3973 3974
f 3965 3712 3963
f 3965 3966 3713
f 3713 3712 3965
f 4434 4437 4436
f 3963 3962 4203
f 3964 3711 3719
f 3964 3962 3711
f 3964 4203 3962
f 3722 3973 3721
f 3131 2866 3130
f 3412 3131 3130
f 5044 5043 5187
f 5187 5043 5186
f 5185 5186 5042
f 5185 5041 5184
f 5042 5041 5185
f 5182 5149 5184
f 5036 5149 5182
f 5035 5149 5036
f 5035 5033 5149
f 4664 4870 4665
f 4664 4663 4868
f 5037 4870 5036
f 4869 4664 4868
f 4870 4664 4869
f 5036 4870 4869
f 4869 5035 5036
f 5315 5316 5189
f 5315 5419 5316
f 5392 5390 5416
f 5417 5315 5416
f 5488 5417 5416
f 5416 5390 5488
f 4222 4221 4455
f 4673 4450 4449
f 4449 4671 4673
f 4673 4675 4674
f 4674 4450 4673
f 4223 4222 4455
f 4882 4671 4670
f 4440 4661 4662
f 4456 4223 4455
f 4677 4678 4455
f 4677 4886 4678
f 4677 4885 4886
f 5063 4682 4889
f 4678 4886 4887
f 4887 4886 5061
f 4684 4460 4683
f 3985 3986 3737
f 3988 3985 3989
f 3988 3986 3985
f 1449 1742 1743
f 1188 1446 1447
f 1445 1446 1187
f 1428 1427 1727
f 1727 1429 1428
f 1727 1988 1728
f 1430 1172 1429
f 529 705 706
f 941 942 711
f 2272 1978 2225
f 1978 1937 2225
f 2225 2229 2504
f 1673 1379 1672
f 1672 1937 1721
f 1721 1720 1672
f 1672 1720 1673
f 1937 1672 1936
f 1169 930 1168
f 3063 3062 2795
f 1726 1727 1427
f 2284 1988 2283
f 2283 2282 2284
f 1988 1727 2283
f 3112 3397 3113
f 2849 2851 2850
f 2851 2563 2850
f 2562 2563 2284
f 2563 2562 2845
f 2564 2565 2284
f 2284 2563 2564
f 2564 2563 2565
f 484 486 654
f 872 871 880
f 872 654 871
f 873 654 872
f 1884 1889 1616
f 494 495 366
f 366 493 494
f 493 492 651
f 651 494 493
f 651 492 481
f 495 494 651
f 1619 1889 1620
f 1620 1346 1619
f 1616 1889 1619
f 1619 1346 1616
f 1883 1611 1882
f 1611 1883 1612
f 729 956 957
f 957 958 729
f 1191 1195 1194
f 1195 958 1194
f 1195 1451 1452
f 1746 1747 1452
f 1752 1458 1457
f 2013 1750 1747
f 2013 2303 2304
f 2010 1746 2009
f 2009 1747 2010
f 2010 1747 1746
f 390 546 547
f 547 548 390
f 547 546 731
f 550 390 549
f 550 551 390
f 549 548 550
f 550 548 734
f 734 551 550
f 735 551 734
f 967 969 735
f 732 733 548
f 731 961 732
f 1459 1755 1461
f 967 965 1202
f 1202 969 967
f 1205 971 1204
f 2296 2577 2578
f 2578 2577 2298
f 3409 3401 3400
f 3400 3701 3409
f 2862 3123 3124
f 3124 2864 2862
f 2582 2861 2586
f 2860 2861 2582
f 2860 2582 2859
f 2298 2584 2585
f 2300 2301 2009
f 2583 2584 2298
f 2583 2582 2586
f 2298 2582 2583
f 3402 3132 3123
f 3128 2865 2867
f 3409 3410 3128
f 2590 2306 2589
f 2589 2588 2590
f 2304 2303 2589
f 2303 2588 2589
f 2023 2313 2314
f 2023 2312 2313
f 1760 1761 1466
f 1466 1755 1760
f 1760 1755 1761
f 2314 2025 2024
f 2025 1755 2024
f 2024 2023 2314
f 1755 2023 2024
f 2314 2313 2599
f 2599 2315 2314
f 2604 2315 2599
f 2601 2600 2884
f 2884 2885 2601
f 2882 2600 2881
f 2876 2598 2597
f 2597 2875 2876
f 3421 3724 3725
f 3729 3422 3728
f 2874 2875 2597
f 2597 2596 2874
f 2874 2596 2873
f 3136 3138 2874
f 2874 2873 3136
f 3141 2875 3140
f 3141 2876 2875
f 3422 3729 3423
f 3417 3418 3136
f 745 746 555
f 555 752 745
f 745 752 746
f 1213 1211 1210
f 1213 1469 1214
f 982 1213 1214
f 1211 1213 982
f 982 749 981
f 981 1211 982
f 1214 1215 982
f 1215 1212 982
f 975 743 742
f 980 981 747
f 747 979 980
f 980 979 981
f 1208 979 972
f 972 1207 1208
f 972 735 971
f 971 1207 972
f 836 1063 1066
f 836 837 628
f 1066 1063 1304
f 1058 829 1057
f 1057 829 828
f 1057 1296 1058
f 1057 1056 1296
f 828 1056 1057
f 828 829 621
f 621 459 458
f 458 620 621
f 623 624 460
f 827 1056 828
f 827 1055 1056
f 827 826 825
f 825 1055 827
f 828 621 827
f 827 621 620
f 3509 3508 3802
f 3509 3227 3508
f 2959 3227 3228
f 4056 4299 4057
f 4057 3800 4056
f 3801 3800 4057
f 1283 1045 1284
f 3500 3790 3501
f 2948 2668 2667
f 2667 2949 2948
f 4296 4295 4054
f 4054 4052 4296
f 4296 4052 4295
f 4297 4509 4292
f 4292 4052 4297
f 4292 4509 4293
f 4293 4052 4292
f 3811 4069 4070
f 4070 3818 3811
f 4065 4069 3811
f 4073 4317 4074
f 4762 4763 4529
f 5453 5348 5347
f 5539 5348 5453
f 5453 5538 5539
f 4734 4745 4502
f 4502 4279 4277
f 4277 4279 4278
f 4494 4488 4729
f 4023 4268 4265
f 4265 4266 4023
f 4492 4266 4495
f 4495 4266 4494
f 4023 4266 4267
f 4730 4488 4490
f 4918 4726 4730
f 4510 4509 4746
f 4059 4300 4060
f 4302 4061 4060
f 4060 3802 4059
f 4060 4061 3802
f 4751 4750 4752
f 4518 4751 4752
f 4927 4754 4752
f 4752 4925 4927
f 4752 4750 4926
f 4926 4925 4752
f 4750 4925 4926
f 4919 4750 4918
f 4919 4925 4750
f 4500 4741 4742
f 4756 4923 4742
f 4740 4739 4742
f 4742 4741 4740
f 4731 4490 4500
f 4917 4750 4748
f 4748 4747 4917
f 4511 4747 4748
f 4748 4512 4511
f 4928 4755 4754
f 4928 4923 4756
f 4756 4755 4928
f 4754 4927 4928
f 4928 4927 4925
f 4306 4522 4523
f 4306 4523 4524
f 4524 4525 4306
f 4067 4305 4306
f 4305 4522 4306
f 4524 4527 4526
f 4757 4524 4756
f 4756 4739 4757
f 818 616 615
f 1830 1831 1553
f 1831 1554 1553
f 1552 1828 1553
f 1553 1289 1552
f 1554 1289 1553
f 1553 1829 1830
f 1828 1829 1553
f 1556 1831 1558
f 1556 1554 1831
f 1555 1554 1556
f 1558 1294 1556
f 1556 1292 1555
f 1556 1294 1292
f 1555 1291 1290
f 1290 1554 1555
f 1051 1050 1290
f 1290 1291 1051
f 1050 1289 1290
f 1290 1289 1554
f 2098 2099 2097
f 1050 1049 1288
f 1552 1289 1288
f 1288 1289 1050
f 1288 1287 1552
f 1288 1049 1287
f 1293 1292 1557
f 1557 1294 1293
f 1292 1294 1557
f 825 618 824
f 618 617 824
f 824 822 1053
f 1054 1293 825
f 1054 1292 1293
f 825 824 1054
f 1054 824 1053
f 1710 1709 1974
f 1974 1975 1710
f 1415 1709 1710
f 1710 1711 1415
f 1713 1715 1418
f 1561 1560 1836
f 1297 1560 1561
f 1298 1297 1561
f 2392 2107 2390
f 2390 2389 2392
f 2105 2389 2390
f 2390 2106 2105
f 2107 2106 2390
f 2110 2109 2108
f 1835 2109 2110
f 2110 2111 1835
f 2685 2396 2395
f 2395 2396 2111
f 3228 3227 3229
f 3229 2959 3228
f 2960 2959 3229
f 4064 3806 4063
f 4304 4064 4063
f 4063 4303 4304
f 4302 4303 4063
f 3803 3802 4063
f 4063 3806 3803
f 1835 1837 1562
f 1837 1838 1562
f 1562 1836 1835
f 1562 1561 1836
f 1562 1563 1298
f 1298 1561 1562
f 2404 2405 2124
f 2116 2404 2124
f 1846 2118 2124
f 2118 2117 2124
f 2124 2117 2116
f 2124 2119 1846
f 2124 2405 2119
f 1843 1844 1570
f 1570 1569 1843
f 1571 1572 1308
f 1571 1570 1844
f 1845 1572 1571
f 1571 1844 1845
f 2693 2403 2692
f 2692 2695 2693
f 2968 2695 2692
f 2692 2967 2968
f 2685 2401 2690
f 2690 2401 2399
f 2398 2685 2690
f 2690 2399 2398
f 2412 2130 2129
f 1846 2122 2123
f 2122 2128 2123
f 2123 1847 1846
f 2123 2128 1847
f 1848 1573 1847
f 1309 1068 1308
f 1069 1068 1309
f 1310 1071 1069
f 1069 1309 1310
f 1310 1309 1575
f 1310 1311 1071
f 1578 1311 1310
f 1576 1852 1853
f 1576 1851 1852
f 1576 1310 1575
f 2132 2417 1856
f 2417 2133 1856
f 1856 2133 1581
f 1856 2131 2132
f 1581 1855 1856
f 1856 1855 2131
f 1580 1855 1581
f 1579 1855 1580
f 2130 2131 1854
f 2131 1855 1854
f 1854 1855 1579
f 1579 1853 1854
f 1853 1852 1854
f 1852 2130 1854
f 3529 3522 3530
f 3523 3522 3529
f 3825 3824 4084
f 4084 4086 3825
f 2973 3244 3245
f 2973 3246 2974
f 3245 3246 2973
f 3533 3239 3532
f 3532 3240 3533
f 3533 3240 3239
f 4102 3843 4103
f 4085 4083 3824
f 4325 4323 4085
f 4085 4323 4083
f 3252 2978 2979
f 2421 2138 2136
f 1584 1859 1860
f 1860 1586 1584
f 1316 1317 1073
f 1073 1315 1316
f 253 187 252
f 252 337 253
f 336 337 252
f 336 252 335
f 142 187 188
f 188 158 142
f 454 339 338
f 338 339 253
f 253 337 338
f 1043 817 819
f 4506 4284 4281
f 4048 4287 4288
f 4290 4279 4048
f 4286 4048 4285
f 4048 4279 4285
f 4502 4745 4503
f 4503 4279 4502
f 4508 4297 4291
f 4291 4288 4508
f 4508 4288 4287
f 2372 2369 2662
f 2271 2269 2369
f 2270 2269 2271
f 2369 2088 2271
f 2268 1975 2267
f 2267 2269 2268
f 2268 2269 1975
f 2662 2369 2661
f 2661 2550 2662
f 2369 2550 2661
f 2549 2269 2267
f 2549 2550 2269
f 2365 2084 2364
f 2366 2084 2365
f 2662 2835 2944
f 2835 2943 2944
f 2946 2949 2667
f 3788 3789 3497
f 3497 3789 3500
f 3500 3498 3497
f 3788 3497 3495
f 3495 3497 3496
f 3492 3786 3495
f 3495 3494 3492
f 3164 2899 2909
f 3164 3165 2899
f 4023 3766 4020
f 4020 4019 4023
f 3764 4019 4020
f 3463 3764 3765
f 3765 3766 3463
f 3764 4020 3765
f 3765 4020 3766
f 3767 3768 3463
f 3463 3766 3767
f 3767 3766 3768
f 3180 3462 3181
f 3467 3462 3180
f 3180 3181 2909
f 3180 3461 3460
f 2909 3179 3180
f 3179 3461 3180
f 2051 2050 1778
f 2912 2621 2911
f 2628 2627 2911
f 3187 2914 2915
f 3187 3190 2916
f 2916 2914 3187
f 2630 2631 2335
f 2336 2050 2335
f 2335 2631 2336
f 2899 3165 3163
f 3163 2898 2899
f 2910 2898 3163
f 2911 2910 3163
f 3163 3182 2911
f 3165 3182 3163
f 4342 4344 4343
f 4343 4100 4342
f 4342 4100 4099
f 4560 4559 4558
f 4559 4344 4558
f 4790 4770 4560
f 5357 5375 5459
f 5357 5358 5235
f 3272 3000 3271
f 3271 3559 3272
f 3272 3559 3275
f 3001 3000 3273
f 3273 3272 3275
f 3000 3272 3273
f 3002 3274 3270
f 3270 3000 3002
f 3270 3274 3271
f 3271 3000 3270
f 2727 3000 3001
f 2727 2439 2436
f 2732 2439 2727
f 2436 2728 2729
f 2729 2727 2436
f 3000 2727 2729
f 2729 2728 3002
f 3002 3000 2729
f 3254 3544 3255
f 3255 3544 3274
f 2620 2330 2619
f 2614 2330 2329
f 2626 2332 2331
f 4274 4028 4269
f 4269 4263 4274
f 4022 4263 4264
f 4022 4021 3769
f 4264 4260 4022
f 4022 4018 3764
f 3764 4021 4022
f 4023 4018 4022
f 3460 3761 3762
f 3762 3761 3467
f 4244 4243 4469
f 4469 4246 4244
f 4469 4472 4246
f 4235 4467 4468
f 3458 3756 3757
f 3756 3759 3757
f 3757 3759 3460
f 3460 3758 3757
f 3460 3176 3459
f 3459 3758 3460
f 3459 3176 3458
f 3458 3757 3459
f 3459 3757 3758
f 3754 3755 3751
f 3751 3454 3754
f 3751 3455 3454
f 3751 3755 3458
f 3458 3455 3751
f 4272 4486 4497
f 3457 3455 3458
f 3456 3455 3457
f 3458 3176 3457
f 3176 3175 3457
f 3174 3175 2905
f 3442 3443 3157
f 3741 3744 3743
f 3744 3443 3743
f 3743 3442 3741
f 3443 3442 3743
f 4234 3990 4233
f 4461 4230 4228
f 4686 4684 4683
f 4706 4707 4473
f 4706 4900 4707
f 4473 4472 4706
f 5459 5375 5474
f 5474 5544 5459
f 5542 5544 5474
f 4894 5070 5071
f 5071 4895 4894
f 5605 5606 5527
f 5204 5203 5324
f 5521 5522 5433
f 5053 5200 5054
f 5199 5200 5053
f 5053 5054 4878
f 5053 4878 5052
f 5052 5197 5053
f 5197 5199 5053
f 5317 5319 5193
f 5193 5192 5317
f 5317 5192 5316
f 5424 5506 5425
f 5508 5509 5425
f 5425 5509 5510
f 5425 5510 5426
f 5426 5319 5425
f 5425 5319 5424
f 5503 5584 5585
f 5585 5506 5503
f 5584 5506 5585
f 5325 5326 5198
f 5427 5326 5325
f 5325 5198 5321
f 5321 5427 5325
f 5327 5326 5429
f 5513 5431 5429
f 5429 5431 5327
f 5429 5326 5427
f 5429 5426 5513
f 5429 5427 5426
f 5655 5654 5675
f 5675 5656 5655
f 5605 5652 5655
f 5655 5652 5654
f 5676 5656 5675
f 5341 5342 5218
f 5218 5217 5341
f 5077 5217 5218
f 5218 5344 5077
f 5343 5218 5342
f 5344 5218 5343
f 5660 5659 5678
f 5446 5532 5447
f 5215 5217 5340
f 5078 5079 4903
f 4903 4902 5078
f 4708 4902 4903
f 4633 4849 4850
f 4633 4629 4414
f 4632 4633 4414
f 4849 4633 4632
f 4610 4611 4401
f 4610 4609 4829
f 4401 4609 4610
f 4409 4411 4628
f 4628 4411 4410
f 4628 4629 4409
f 4410 4629 4628
f 3930 3671 3935
f 3671 3934 3935
f 4414 4410 4179
f 5680 5681 5682
f 5682 5668 5680
f 5682 5681 5679
f 5667 5623 5622
f 5622 5665 5667
f 5667 5665 5680
f 5624 5623 5667
f 5667 5668 5624
f 5680 5668 5667
f 5466 5465 5464
f 5570 5639 5574
f 5574 5571 5570
f 5570 5571 5493
f 5493 5569 5570
f 5569 5638 5570
f 5570 5638 5594
f 5594 5639 5570
f 5573 5568 5493
f 5637 5568 5573
f 5640 5637 5573
f 5469 5470 5367
f 5554 5492 5473
f 5493 5492 5554
f 5371 5372 5246
f 5473 5400 5371
f 5370 5371 5246
f 5499 5577 5579
f 5579 5580 5499
f 5577 5580 5579
f 5290 5292 5249
f 5249 5372 5290
f 5291 5156 5290
f 5290 5156 5292
f 5372 5371 5290
f 5290 5371 5400
f 5297 5406 5407
f 5297 5298 5158
f 5407 5298 5297
f 5158 5295 5296
f 5295 5406 5296
f 5296 5297 5158
f 5406 5297 5296
f 5498 5406 5405
f 5405 5406 5295
f 5295 5404 5405
f 5496 5404 5403
f 5403 5495 5496
f 5496 5575 5576
f 5496 5495 5575
f 5576 5577 5497
f 5497 5496 5576
f 5404 5496 5497
f 5497 5405 5404
f 5497 5577 5498
f 5498 5405 5497
f 4829 4609 4608
f 4400 4401 4162
f 4400 4609 4401
f 4400 4608 4609
f 4614 4613 4626
f 4401 4613 4614
f 5165 5014 5013
f 5013 5163 5165
f 5165 5163 5301
f 5299 5163 5162
f 4621 4626 4838
f 4626 4613 4838
f 4837 4838 4613
f 4612 4613 4401
f 4401 4611 4612
f 4612 4611 4832
f 4832 4834 4612
f 4832 5009 5010
f 5161 5162 5011
f 5011 4834 4832
f 5011 5163 5013
f 5011 5162 5163
f 4832 5010 5011
f 5011 5010 5161
f 5008 5009 4832
f 5008 5156 5009
f 5024 4850 5023
f 5250 5292 5289
f 5289 5171 5250
f 5292 5156 5289
f 14 2 11
f 11 32 14
f 14 39 40
f 38 39 14
f 14 32 38
f 12 34 13
f 13 34 16
f 13 16 3
f 13 2 12
f 3 2 13
f 63 62 100
f 100 99 63
f 62 99 100
f 139 180 181
f 181 182 139
f 138 180 139
f 138 137 180
f 139 103 138
f 103 137 138
f 63 99 101
f 288 218 278
f 692 690 923
f 120 129 93
f 93 81 120
f 81 119 120
f 160 161 117
f 81 116 117
f 117 116 160
f 210 161 214
f 214 278 210
f 214 161 213
f 213 280 281
f 213 161 209
f 209 234 213
f 234 280 213
f 1875 1874 2157
f 1874 2158 2156
f 2438 2157 2156
f 2156 2157 1874
f 2730 2439 2732
f 3267 3558 3268
f 3266 3558 3267
f 2150 2151 1870
f 1597 1869 1870
f 1870 1871 1597
f 2152 1871 1870
f 1870 2151 2152
f 2433 2723 2724
f 2434 2151 2433
f 2433 2440 2434
f 2724 2440 2433
f 2997 3267 3268
f 3283 3011 3010
f 3064 3011 3283
f 3009 3281 3282
f 3282 3283 3010
f 3281 3283 3282
f 3566 3280 3558
f 3557 3840 3566
f 3566 3558 3557
f 3839 3840 3557
f 5247 5372 5249
f 5249 5248 5247
f 5246 5372 5247
f 5247 5112 5246
f 5248 5112 5247
f 5114 5249 5250
f 5114 5248 5249
f 5250 5171 5114
f 5114 5171 5023
f 5023 5022 5114
f 5113 5248 5114
f 5023 4849 4847
f 4847 5022 5023
f 4846 5022 4847
f 5109 5244 5111
f 5111 5244 5112
f 5240 5365 5241
f 5241 5242 5107
f 5107 5242 5109
f 5109 5108 5107
f 3346 3652 3655
f 3655 3656 3346
f 3346 3347 3066
f 3346 3656 3347
f 3345 3650 3651
f 3651 3652 3345
f 3345 3346 3066
f 3652 3346 3345
f 3655 3915 3917
f 3917 3923 3662
f 3917 3915 3923
f 4163 4167 3923
f 3923 3915 4163
f 3918 3656 3655
f 3657 3656 3918
f 3655 3917 3918
f 3662 3657 3918
f 3918 3917 3662
f 3066 3347 3343
f 3347 3073 3343
f 3343 3067 3066
f 2802 2804 3069
f 2802 2514 2804
f 2802 3069 2803
f 2803 2514 2802
f 4162 4394 4159
f 3651 3910 3914
f 3914 3915 3651
f 3914 4163 3915
f 3671 3906 3908
f 3908 3906 3648
f 2816 3065 3084
f 3065 3342 3084
f 3084 3083 2816
f 2811 2812 2522
f 2522 2523 2811
f 3356 3352 3081
f 3081 3352 3078
f 2813 2523 2524
f 3080 3081 2813
f 2813 2811 2523
f 2813 3081 3078
f 3078 2812 2813
f 2812 2811 2813
f 4174 4175 3930
f 4411 4175 4174
f 3669 3665 3359
f 3930 3931 3668
f 3931 3932 3668
f 3668 3667 3930
f 3932 3669 3668
f 3668 3669 3359
f 3082 2814 2816
f 2816 3083 3082
f 3360 3342 3646
f 3360 3084 3342
f 3083 3084 3360
f 2441 2734 2735
f 2735 2442 2441
f 2441 2442 2160
f 2733 2734 2441
f 2160 2440 2441
f 2441 2440 2724
f 2724 2733 2441
f 5409 5408 5410
f 5410 5408 5500
f 5411 5301 5410
f 5301 5299 5410
f 5410 5298 5409
f 5299 5298 5410
f 5306 5169 5305
f 5411 5410 5305
f 5305 5301 5411
f 5500 5582 5556
f 5484 5562 5563
f 1369 1648 1649
f 1649 1648 1651
f 5191 5046 5044
f 5044 5190 5191
f 5191 5190 5046
f 5515 5431 5512
f 5512 5591 5515
f 5633 5562 5632
f 5646 5580 5633
f 5632 5566 5633
f 5566 5636 5633
f 5633 5645 5671
f 5633 5580 5577
f 5577 5645 5633
f 5584 5562 5635
f 5635 5644 5584
f 5587 5509 5586
f 5586 5509 5589
f 5589 5644 5586
f 5575 5642 5586
f 5586 5590 5587
f 5586 5642 5590
f 1681 1943 1948
f 1948 1949 1681
f 2240 2519 2520
f 2239 2518 2240
f 2240 2518 2519
f 2240 1943 2239
f 2240 1948 1943
f 2247 1951 1950
f 1682 1949 1950
f 1950 1951 1682
f 1946 1945 2235
f 2234 1940 2235
f 2235 1940 1946
f 2512 2799 2800
f 2512 2515 2799
f 2512 2235 2515
f 2800 2513 2512
f 2512 2513 2234
f 2234 2235 2512
f 83 48 47
f 47 82 83
f 83 82 48
f 20 49 24
f 24 6 20
f 24 49 25
f 25 6 24
f 1 6 7
f 7 8 1
f 7 6 25
f 25 8 7
f 55 23 54
f 54 53 55
f 23 53 54
f 1245 1006 1008
f 1008 1009 1245
f 1008 1007 1009
f 776 580 775
f 580 777 775
f 777 1007 775
f 775 1008 1006
f 1007 1008 775
f 778 775 1006
f 582 776 778
f 776 775 778
f 1239 1505 1242
f 1004 1003 1242
f 1003 1239 1242
f 1245 1247 1243
f 1004 1242 1243
f 1795 1508 1794
f 1530 1268 1529
f 1026 1023 1267
f 1267 1268 1026
f 1267 1529 1268
f 1528 1529 1267
f 789 792 791
f 791 594 789
f 792 594 791
f 590 427 425
f 592 427 590
f 591 426 425
f 425 427 591
f 591 427 426
f 593 592 789
f 593 427 592
f 789 594 593
f 593 594 428
f 428 427 593
f 379 280 378
f 280 319 378
f 378 430 379
f 587 424 423
f 587 423 582
f 582 778 587
f 587 778 780
f 588 587 780
f 424 587 588
f 588 784 785
f 592 590 588
f 588 590 781
f 3472 3471 3473
f 3768 3469 3468
f 3469 3183 3468
f 3178 3462 3463
f 3178 3183 3182
f 3178 3182 3165
f 3165 3164 3178
f 3178 3164 2909
f 3482 3481 3777
f 3777 3778 3482
f 3482 3778 3779
f 3482 3782 3483
f 3482 3781 3782
f 3779 3780 3482
f 3780 3781 3482
f 3773 4034 3777
f 3773 3481 3473
f 3777 3481 3773
f 3777 4034 4036
f 4037 3778 4040
f 4280 4279 4040
f 4040 4279 4037
f 4038 4279 4280
f 4278 4279 4038
f 4280 4040 4038
f 3475 3485 3774
f 2918 2921 2919
f 2919 2921 2637
f 2919 2638 2634
f 2634 2918 2919
f 3197 2921 3196
f 3196 3475 3197
f 3196 3195 3484
f 2921 3195 3196
f 3484 3485 3196
f 3485 3475 3196
f 921 1162 1163
f 1163 1164 921
f 923 922 1165
f 922 1164 1165
f 921 922 687
f 687 922 688
f 688 516 687
f 516 686 687
f 920 686 685
f 921 687 920
f 920 687 686
f 1158 1159 916
f 916 1159 917
f 916 915 1158
f 916 917 682
f 682 915 916
f 1706 1974 1707
f 1531 1268 1530
f 797 800 798
f 798 596 797
f 1032 800 797
f 797 1031 1032
f 596 796 797
f 797 796 1031
f 1414 1159 1158
f 1158 1413 1414
f 1414 1413 1415
f 4044 4282 4045
f 4044 3785 4035
f 4044 4045 3785
f 4284 4046 4283
f 4283 4282 4284
f 4283 4046 4045
f 4045 4282 4283
f 4035 4043 4042
f 4042 4044 4035
f 4282 4044 4042
f 4281 4282 4042
f 4042 4043 3780
f 4042 4041 4281
f 3780 4041 4042
f 2937 2939 2938
f 1353 1106 1352
f 1607 1335 1606
f 1969 1903 2189
f 1107 1355 1354
f 1107 1106 1353
f 1353 1355 1107
f 1404 1148 1403
f 1404 1405 1148
f 1704 1405 1404
f 1703 1605 1704
f 1703 1404 1403
f 1704 1404 1703
f 1403 1607 1703
f 1606 1605 1703
f 1703 1607 1606
f 1969 1699 1698
f 1699 1401 1698
f 1952 1953 1682
f 1682 1951 1952
f 2248 1951 2247
f 1687 1393 1686
f 1682 1953 1683
f 1683 1392 1682
f 1390 1142 1141
f 1391 1142 1390
f 1390 1141 1140
f 1389 1391 1390
f 1140 1139 1390
f 1139 1389 1390
f 2807 2806 3074
f 3075 3074 3072
f 3072 3074 2806
f 3072 2803 3071
f 3072 2806 2803
f 3349 3075 3348
f 3348 3661 3349
f 3075 3072 3348
f 3348 3072 3071
f 3347 3657 3348
f 3348 3657 3662
f 3071 3070 3348
f 3070 3347 3348
f 2547 2263 2546
f 2264 2263 2547
f 2264 1966 2263
f 1968 1697 1696
f 1696 1693 1968
f 2544 2262 2261
f 1688 1960 1961
f 1961 1689 1688
f 881 874 1105
f 886 661 885
f 883 882 881
f 363 486 482
f 363 362 485
f 482 365 363
f 363 365 364
f 364 267 363
f 267 362 363
f 1928 1659 1927
f 1657 1927 1659
f 1921 1927 1657
f 1928 1930 1929
f 1929 1662 1928
f 1930 1662 1929
f 1661 1659 1928
f 1928 1662 1661
f 1661 1662 1376
f 875 866 1094
f 1094 865 864
f 866 865 1094
f 1094 1335 1336
f 1334 1335 1094
f 862 861 860
f 648 853 860
f 860 861 648
f 1331 1090 1330
f 1408 1603 1332
f 1332 1331 1409
f 1332 1603 1604
f 1604 1605 1332
f 1090 1331 1332
f 857 1084 1083
f 1083 852 857
f 1084 852 1083
f 1329 1330 1086
f 1086 1155 1329
f 1086 852 1085
f 1085 1155 1086
f 1085 852 1084
f 1084 1155 1085
f 421 417 308
f 421 577 417
f 308 420 421
f 420 577 421
f 420 584 585
f 585 577 420
f 584 577 585
f 569 763 768
f 763 994 768
f 998 1239 1003
f 1003 1002 998
f 998 768 994
f 998 994 767
f 1240 1241 998
f 998 999 1240
f 767 999 998
f 3776 3785 3492
f 4035 3785 3775
f 3775 3781 4035
f 3785 3776 3775
f 3775 3776 3478
f 3784 3781 3775
f 3775 3774 3784
f 2637 2921 2922
f 2922 2639 2637
f 2920 2636 2638
f 2637 2636 2920
f 2638 2919 2920
f 2920 2919 2637
f 2340 2343 2341
f 2341 2637 2344
f 2341 2636 2637
f 2344 2060 2341
f 2057 2338 2053
f 2053 2052 2057
f 2053 1780 2052
f 2068 2063 2346
f 2346 2644 2645
f 2345 2346 2063
f 2644 2346 2345
f 2062 2063 1784
f 2062 2345 2063
f 2059 2342 2343
f 2059 2339 2338
f 2338 2342 2059
f 2059 2343 2340
f 2059 2060 1784
f 2340 2341 2059
f 2059 2341 2060
f 2932 2933 2654
f 2359 2363 2084
f 2084 2362 2359
f 2358 2654 2655
f 2357 2654 2358
f 2358 2359 2080
f 2655 2363 2358
f 2363 2359 2358
f 2068 2346 2348
f 1253 1256 1255
f 1255 1256 1014
f 1516 1256 1517
f 1013 784 1012
f 1251 1012 1245
f 1013 1012 1251
f 1245 1243 1251
f 1515 1516 1249
f 1249 1516 1517
f 1019 1017 1265
f 1265 1264 1019
f 1017 1264 1265
f 786 588 785
f 1019 1264 1020
f 1020 1022 794
f 794 793 1020
f 1020 793 1019
f 1262 1017 1263
f 1262 1264 1017
f 1023 1022 1262
f 1262 1267 1023
f 1528 1267 1262
f 1262 1527 1528
f 1262 1526 1527
f 1525 1526 1262
f 1262 1260 1525
f 1261 1260 1262
f 1263 1014 1262
f 1014 1261 1262
f 1796 1523 1794
f 1796 1797 1525
f 1522 1258 1521
f 1522 1523 1258
f 1522 1521 1794
f 1794 1523 1522
f 1014 1258 1259
f 1259 1260 1014
f 1258 1260 1259
f 1766 1767 1476
f 1765 1767 1766
f 1476 1475 1766
f 2607 2606 2893
f 2317 2606 2607
f 2324 2322 2610
f 2610 2611 2324
f 1781 1490 1782
f 1216 1215 1217
f 1216 1212 1215
f 413 412 411
f 413 571 414
f 414 307 413
f 413 307 306
f 306 412 413
f 230 170 229
f 170 168 229
f 229 168 167
f 761 564 563
f 563 760 761
f 568 564 761
f 761 760 568
f 992 993 759
f 759 991 992
f 992 991 993
f 1225 1232 1226
f 1226 1232 993
f 990 1225 1226
f 1494 1500 1235
f 1228 1493 1229
f 1229 1493 1494
f 1229 993 1228
f 1229 1230 993
f 1494 1235 1229
f 1229 1235 1230
f 764 765 568
f 993 765 764
f 568 759 764
f 759 993 764
f 996 765 993
f 766 767 568
f 568 765 766
f 1234 999 995
f 995 999 767
f 767 766 995
f 995 766 765
f 408 565 566
f 566 567 408
f 565 567 566
f 1506 1793 1508
f 541 726 727
f 542 390 541
f 541 727 542
f 1481 1219 1480
f 1480 1479 1481
f 1480 1219 1217
f 1217 1479 1480
f 990 1221 1222
f 1222 1224 990
f 1485 1224 1222
f 1222 1221 988
f 988 1220 1222
f 1222 1220 1485
f 1491 1224 1490
f 1488 1780 1489
f 1489 1224 1488
f 1489 1780 1490
f 1490 1224 1489
f 1482 1220 1481
f 1482 1483 1220
f 1432 1729 1730
f 2292 1742 2004
f 2566 2854 2573
f 1999 2000 1738
f 1999 1998 2287
f 1738 1998 1999
f 1991 1990 2284
f 2284 2285 1991
f 1730 1729 1991
f 2286 1991 2285
f 1183 1440 1441
f 1736 1440 1735
f 1736 1186 1442
f 1442 1441 1736
f 1736 1441 1440
f 4440 4210 4438
f 4438 4661 4440
f 4210 4439 4438
f 5039 4871 4873
f 4665 4872 4873
f 4873 4871 4665
f 4879 4884 4880
f 4880 4668 4879
f 4441 4664 4665
f 4663 4664 4441
f 4441 4670 4442
f 4442 4210 4441
f 4441 4210 4440
f 4440 4662 4441
f 4441 4661 4663
f 4441 4662 4661
f 4670 4668 4877
f 5594 5595 5516
f 5516 5515 5591
f 5595 5517 5516
f 5431 5515 5516
f 5516 5517 5431
f 5594 5638 5649
f 5649 5595 5594
f 5638 5650 5649
f 1741 1742 1445
f 1445 1740 1741
f 2000 1999 2289
f 3116 2854 2853
f 2853 2854 2566
f 2853 3112 3113
f 2853 3113 3114
f 2566 2565 2853
f 3392 3699 3700
f 3399 3699 3701
f 3701 3400 3399
f 3399 3700 3699
f 3397 3700 3399
f 3115 2856 3116
f 3115 2857 2856
f 3116 2853 3115
f 3115 2853 3114
f 2026 2030 2027
f 2025 2030 2026
f 2027 1755 2026
f 2026 1755 2025
f 3975 3974 4220
f 3723 3974 3975
f 3713 3966 3967
f 3967 3968 3713
f 3966 3968 3967
f 3714 3410 3713
f 3713 3968 3714
f 3714 3715 3410
f 3714 3968 3715
f 4448 4449 4218
f 4218 4449 4450
f 4868 4658 4865
f 3693 3957 3959
f 3693 3959 3719
f 3719 3694 3693
f 4206 3965 4205
f 4199 4202 3959
f 4199 3957 3956
f 3959 3957 4199
f 3959 4202 3972
f 3719 3959 3972
f 3963 4203 3972
f 3972 3964 3719
f 4203 3964 3972
f 4217 4208 3972
f 3972 3965 3963
f 3972 4208 3965
f 2866 2865 3127
f 3721 3421 3416
f 3416 3722 3721
f 3421 3138 3416
f 3416 3138 3136
f 3136 3415 3416
f 3717 3718 3410
f 3702 3404 3410
f 3410 3718 3702
f 3704 3404 3703
f 3703 3718 3704
f 3961 3722 3704
f 3704 3718 3961
f 3973 3722 3961
f 3961 3971 3973
f 3707 3406 3415
f 5186 5185 5285
f 5285 5185 5184
f 5184 5149 5285
f 5183 5041 5036
f 5036 5182 5183
f 5184 5041 5183
f 5183 5182 5184
f 4872 4870 5038
f 4870 5037 5038
f 5036 4872 5038
f 5038 5037 5036
f 5032 4869 4868
f 5033 4869 5032
f 5033 5035 5034
f 5034 4869 5033
f 5035 4869 5034
f 5188 5315 5189
f 5189 5044 5188
f 5044 5187 5188
f 5188 5187 5186
f 5186 5315 5188
f 5415 5315 5392
f 5392 5416 5415
f 5415 5416 5315
f 2504 2552 2277
f 4220 4221 3977
f 4221 4222 3977
f 4453 4674 4675
f 4452 4221 4220
f 4220 4450 4452
f 4450 4674 4452
f 4452 4453 4221
f 4674 4453 4452
f 4222 4223 3978
f 3730 3977 3978
f 3978 3977 4222
f 4683 4460 4459
f 4459 4682 4683
f 4455 4678 4679
f 4679 4456 4455
f 4678 4456 4679
f 4225 4456 4457
f 4223 4456 4225
f 4885 4677 4676
f 4884 4885 4676
f 4680 4456 4678
f 5062 5063 4889
f 5205 5204 5062
f 4889 4682 4888
f 4888 5062 4889
f 4460 4684 4685
f 4685 4686 4461
f 4684 4686 4685
f 3736 3737 3434
f 3439 3740 3742
f 3740 3992 3742
f 3741 3439 3742
f 3742 3992 3741
f 3994 3995 3741
f 3741 3992 3994
f 4235 3995 3994
f 2005 1742 2292
f 2005 1743 1742
f 1447 1190 1189
f 1189 1188 1447
f 1446 1188 951
f 951 1187 1446
f 1174 1430 1429
f 707 708 529
f 529 706 707
f 707 706 708
f 708 706 938
f 2272 2225 2274
f 2274 1979 2272
f 1934 2225 1937
f 1937 1936 1934
f 2229 2225 1934
f 1934 2228 2229
f 1934 1936 1669
f 1671 1672 1379
f 1671 1936 1672
f 2789 2552 2504
f 2506 2789 2504
f 2507 2789 2506
f 2229 2228 2506
f 2506 2228 2507
f 3063 2795 2794
f 2794 2795 2510
f 2791 2795 3062
f 2510 2795 2791
f 1979 2277 2278
f 2554 2551 2555
f 2279 2551 2554
f 2551 2278 2553
f 2553 2277 2552
f 2553 2278 2277
f 1426 1425 1725
f 1982 1726 1725
f 1725 1427 1426
f 1725 1726 1427
f 1423 1422 1721
f 1423 1168 1422
f 1423 1424 1169
f 1169 1168 1423
f 1982 1725 1723
f 2849 2850 2561
f 2561 2845 2562
f 2284 2282 2561
f 2561 2562 2284
f 3384 3385 3107
f 2840 2838 3104
f 2282 2283 1985
f 1726 1984 1985
f 3110 3393 3111
f 3111 3393 3392
f 3111 2851 2849
f 2849 3110 3111
f 3397 3112 3396
f 3392 3700 3396
f 3396 3700 3397
f 3391 3696 3697
f 3697 3698 3391
f 3391 3698 3699
f 3392 3110 3391
f 3391 3699 3392
f 1101 872 880
f 880 1115 1101
f 1338 1612 1377
f 1611 1612 1338
f 1617 1346 1345
f 1346 1103 1345
f 1103 1339 1345
f 1345 1344 1617
f 1345 1339 1344
f 1347 1346 1618
f 1347 1103 1346
f 1921 1925 2208
f 2208 1925 1928
f 1926 1925 1921
f 1928 1925 2212
f 2212 1925 1924
f 1928 2212 2211
f 2211 2212 1924
f 2477 2219 2202
f 2478 2498 2766
f 2218 2219 1930
f 1889 1884 2165
f 2165 1888 2173
f 2165 1884 1888
f 2452 2176 2450
f 1363 1364 1112
f 1342 1616 1343
f 1342 1341 1616
f 879 1112 880
f 880 1112 1113
f 1112 1364 1113
f 1906 1639 1636
f 1913 1644 1912
f 1887 1913 1912
f 667 668 495
f 667 892 668
f 495 651 666
f 666 651 869
f 666 667 495
f 869 892 666
f 892 667 666
f 1380 1379 1673
f 1673 1422 1380
f 1422 1168 1380
f 895 1132 1133
f 1133 1380 1168
f 958 957 1193
f 1193 1194 958
f 1193 957 956
f 1192 954 1191
f 1191 1194 1192
f 1194 1193 1192
f 1192 955 954
f 1746 1452 1745
f 1744 2007 1745
f 2007 2008 1745
f 1745 2008 1746
f 1453 1452 1747
f 962 732 961
f 1455 1199 1454
f 1454 1199 1198
f 1198 1453 1454
f 1747 1750 1749
f 1455 1454 1749
f 1455 1749 1456
f 1456 1749 1750
f 1456 1199 1455
f 2011 1747 2009
f 2303 2013 2302
f 968 734 967
f 967 735 968
f 968 735 734
f 971 735 970
f 970 735 969
f 970 1204 971
f 969 1204 970
f 553 390 552
f 390 551 552
f 742 743 552
f 743 737 552
f 1201 1457 1458
f 1201 1456 1457
f 1201 1200 1199
f 1199 1456 1201
f 1208 1461 1463
f 1463 1755 1465
f 1463 1461 1755
f 1206 971 1205
f 1205 1207 1206
f 1206 1207 971
f 1462 1461 1208
f 1208 1207 1462
f 1205 1461 1462
f 1462 1207 1205
f 1210 979 1209
f 1209 1464 1210
f 1209 979 1208
f 1208 1463 1209
f 1209 1463 1465
f 1209 1465 1466
f 1466 1464 1209
f 2009 2008 2297
f 3120 2861 2860
f 3120 2862 2861
f 3120 3400 3401
f 3123 2862 3122
f 3401 3402 3122
f 3122 3402 3123
f 3122 3120 3401
f 2862 3120 3122
f 2586 2861 2587
f 2861 2862 2587
f 2579 2859 2582
f 2298 2577 2579
f 2579 2577 2576
f 2576 2857 2579
f 2299 2300 2009
f 2867 3132 3133
f 3133 3128 2867
f 3410 3404 3403
f 3403 3128 3410
f 3413 3402 3401
f 3132 3402 3413
f 3413 3401 3409
f 2014 1753 1752
f 2014 2013 2304
f 1752 2013 2014
f 2312 2023 2021
f 2597 2312 2311
f 2311 2596 2597
f 2312 2021 2311
f 2594 2596 2311
f 2016 2014 2306
f 2016 2306 2307
f 2309 2307 2592
f 2592 2593 2309
f 2309 2593 2594
f 2309 2311 2595
f 2594 2311 2309
f 2603 2599 2313
f 3149 2882 3148
f 3149 3148 3434
f 3434 3148 3433
f 3433 3736 3434
f 3735 3736 3433
f 3734 3978 3981
f 3983 3978 3734
f 2598 2876 2877
f 2877 2876 3143
f 3727 3422 3421
f 3728 3422 3727
f 3140 3425 3426
f 3728 3727 3427
f 3424 3425 3140
f 3143 2876 3142
f 2876 3141 3142
f 3142 3141 3140
f 3140 3426 3142
f 3142 3426 3143
f 3422 3423 3139
f 3138 3422 3139
f 3139 2874 3138
f 2875 2874 3139
f 3412 3418 3720
f 3418 3417 3720
f 3407 3127 3405
f 3405 3406 3407
f 3406 3707 3407
f 2592 2868 2869
f 2868 3134 2869
f 2869 2593 2592
f 983 982 1212
f 983 985 750
f 750 749 983
f 749 982 983
f 1217 985 983
f 983 1216 1217
f 1212 1216 983
f 978 979 747
f 747 975 978
f 978 972 979
f 747 977 976
f 976 975 747
f 976 977 743
f 743 975 976
f 835 836 628
f 1063 836 835
f 835 1065 1063
f 628 839 835
f 835 839 1064
f 1064 1065 835
f 1568 1569 1305
f 1569 1304 1305
f 1302 1568 1305
f 1305 1303 1302
f 1064 1303 1305
f 1305 1065 1064
f 830 829 1058
f 830 623 829
f 829 623 622
f 459 621 622
f 622 621 829
f 460 459 622
f 622 623 460
f 834 833 832
f 832 833 624
f 1298 1563 1299
f 1300 1301 1062
f 3510 3509 3802
f 3227 3509 3510
f 3508 3227 3226
f 3227 2959 3226
f 2677 2960 2680
f 2677 2959 2960
f 4058 4299 4059
f 4058 4057 4299
f 4059 3801 4058
f 3801 4057 4058
f 1286 1049 1048
f 1048 1049 820
f 820 1045 1046
f 1045 1283 1046
f 2379 2670 2671
f 2379 2096 2378
f 2378 2670 2379
f 2953 2673 2952
f 3500 3501 3214
f 3214 2948 2949
f 3502 3790 3791
f 3502 3501 3790
f 3502 3217 3216
f 3216 3214 3502
f 3502 3214 3501
f 3791 3792 3502
f 3218 3217 3502
f 2951 3217 3218
f 3218 2953 2951
f 2953 2952 2951
f 3217 2951 2950
f 2950 2948 3216
f 3216 3217 2950
f 4054 4055 3799
f 3799 3798 4054
f 4055 3800 3799
f 4053 3797 4052
f 4053 3798 3797
f 4053 4052 4054
f 4054 3798 4053
f 3520 3522 3236
f 3237 2964 3236
f 3236 3241 3237
f 3236 3522 3523
f 3236 3524 3241
f 3519 3522 3520
f 3808 3521 3517
f 3811 3519 3808
f 3519 3521 3808
f 4538 4323 4537
f 4313 4529 4531
f 4320 4318 4534
f 4534 4535 4320
f 4081 3821 3820
f 4071 4074 4310
f 4931 4932 5091
f 4763 4932 4931
f 4313 4071 4312
f 4312 4529 4313
f 5351 5226 5350
f 5080 5079 5221
f 5221 5347 5222
f 5222 5347 5348
f 5222 5080 5221
f 5223 5080 5222
f 5219 5344 5345
f 5077 5344 5219
f 5454 5539 5540
f 5348 5539 5454
f 4492 4734 4501
f 4501 4734 4502
f 4502 4277 4501
f 4268 4266 4491
f 4491 4265 4268
f 4266 4265 4491
f 4745 4734 4733
f 4733 4734 4492
f 4492 4495 4733
f 4030 4024 4023
f 4023 4267 4030
f 3771 4024 4030
f 4030 4031 3771
f 4725 4726 4488
f 4488 4730 4725
f 4725 4730 4726
f 4728 4747 4510
f 4510 4746 4728
f 4917 4747 4728
f 4728 4735 4494
f 4494 4729 4728
f 4727 4726 4728
f 4728 4726 4917
f 4728 4488 4727
f 4728 4729 4488
f 4517 4300 4516
f 4516 4512 4517
f 4517 4518 4300
f 4751 4518 4517
f 4750 4751 4517
f 4520 4521 4301
f 4301 4521 4302
f 4300 4518 4301
f 4302 4060 4301
f 4301 4060 4300
f 4925 4919 4744
f 4744 4731 4500
f 4922 4739 4756
f 4756 4742 4922
f 4922 4742 4739
f 4924 4928 4925
f 4925 4744 4924
f 4924 4744 4742
f 4924 4742 4923
f 4923 4928 4924
f 4527 4316 4315
f 4073 4308 4315
f 4315 4316 4073
f 4307 4306 4525
f 4307 4526 4527
f 4307 4525 4524
f 4524 4526 4307
f 4307 4308 4067
f 4067 4306 4307
f 4307 4315 4308
f 4527 4315 4307
f 4759 4527 4524
f 448 610 451
f 617 616 823
f 616 822 823
f 823 824 617
f 822 824 823
f 1044 820 1051
f 1051 822 1044
f 1053 822 1052
f 1292 1054 1052
f 1052 1054 1053
f 1051 1292 1052
f 1052 822 1051
f 1552 1827 1826
f 1826 1828 1552
f 1827 1551 1826
f 2674 2673 2957
f 1416 1162 1415
f 1813 1715 1977
f 1715 1713 1977
f 1977 2088 1813
f 1977 1711 1976
f 1976 2270 1977
f 2270 2271 1977
f 1977 2271 2088
f 2397 2685 2398
f 2397 2396 2685
f 2111 2110 2393
f 2392 2678 2393
f 2393 2108 2392
f 2393 2110 2108
f 2678 2681 2393
f 3234 2962 3233
f 3230 3231 2960
f 2960 3229 3230
f 3230 3229 3231
f 3810 3518 3809
f 3809 3518 3806
f 3809 4064 3810
f 3809 3806 4064
f 4062 4061 4302
f 4302 4063 4062
f 3802 4061 4062
f 4062 4063 3802
f 1066 1304 1306
f 1570 1571 1306
f 2132 2131 2413
f 2413 2131 2130
f 2130 2412 2413
f 3239 3240 2971
f 2971 3241 3242
f 3237 3241 2971
f 2700 2699 2698
f 2974 2975 2700
f 2700 2973 2974
f 2700 2975 2701
f 2701 2410 2700
f 2410 2699 2700
f 2697 2696 2969
f 1851 1576 1850
f 1850 1576 1575
f 1573 1848 1849
f 1849 1850 1575
f 1848 1850 1849
f 1853 1578 1577
f 1578 1310 1577
f 1577 1576 1853
f 1310 1576 1577
f 1857 1582 1581
f 1858 1582 1857
f 1857 2133 1858
f 1581 2133 1857
f 3820 3536 3535
f 3536 3244 3535
f 3535 3817 3820
f 3535 3534 3532
f 3532 3817 3535
f 3537 3244 3536
f 3536 3538 3537
f 3245 3244 3537
f 3537 3247 3245
f 3822 3536 3821
f 3822 3538 3536
f 3545 3825 3826
f 3827 3544 3826
f 3826 3544 3545
f 3826 4086 3827
f 3826 3825 4086
f 3243 3240 3534
f 3244 2973 3243
f 3534 3535 3243
f 3243 3535 3244
f 4103 4083 4324
f 4324 4102 4103
f 4324 4323 4346
f 4083 4323 4324
f 4346 4104 4324
f 4104 4102 4324
f 3560 3843 3844
f 3843 4102 3844
f 4098 3841 3844
f 3844 3841 3560
f 3844 4104 4098
f 3844 4102 4104
f 3543 3825 3545
f 3543 3545 3254
f 3254 3253 3543
f 2708 2979 2978
f 2708 2419 2707
f 2420 2421 2136
f 2136 2135 2420
f 2135 2419 2420
f 3254 2985 2980
f 2980 3253 3254
f 2980 2978 3252
f 3252 3253 2980
f 2140 1860 2139
f 1860 2138 2139
f 1865 2143 2145
f 2145 2144 1865
f 2145 2139 2423
f 2141 2144 2145
f 2145 2423 2141
f 1585 1586 1317
f 1317 1316 1585
f 1585 1584 1586
f 1585 1316 1584
f 1583 1316 1315
f 1584 1316 1583
f 449 335 448
f 336 335 449
f 448 335 334
f 334 335 252
f 187 142 186
f 143 158 144
f 143 142 158
f 144 103 143
f 103 142 143
f 141 103 140
f 141 142 103
f 324 241 323
f 325 243 324
f 324 323 325
f 325 323 437
f 325 437 326
f 801 927 1033
f 1033 1034 801
f 3792 4048 4049
f 4048 4288 4049
f 4281 4279 4505
f 4279 4290 4505
f 4504 4287 4286
f 4286 4285 4504
f 4504 4285 4279
f 4279 4503 4504
f 2089 2088 2369
f 2089 2086 1813
f 1813 2088 2089
f 2366 2365 2367
f 2367 2084 2366
f 2367 2549 2267
f 2550 2549 2367
f 2835 2550 2660
f 2660 2943 2835
f 2550 2367 2660
f 2660 2367 2365
f 2662 2944 2945
f 2945 2944 2943
f 2943 2664 2945
f 2666 2664 2943
f 2666 2946 2667
f 2364 2658 2659
f 2659 2365 2364
f 2658 2939 2659
f 2659 2660 2365
f 3787 4045 3788
f 3788 3495 3787
f 3786 4045 3787
f 3787 3495 3786
f 3466 3180 3460
f 3467 3180 3466
f 3460 3762 3466
f 3466 3762 3467
f 1779 1778 2050
f 1779 1780 1488
f 1779 2050 1780
f 1778 1779 1487
f 1488 1224 1487
f 1487 1779 1488
f 2911 2627 2913
f 2913 2912 2911
f 2630 2335 2334
f 2334 2335 2050
f 2334 2050 2049
f 2629 2628 2911
f 2911 2915 2629
f 2630 2334 2629
f 2629 2334 2628
f 2915 2914 2629
f 2629 2914 2630
f 2623 2913 2627
f 2624 2331 2623
f 2912 2913 2623
f 2333 2334 2049
f 2333 2332 2626
f 2628 2334 2333
f 2626 2331 2333
f 2627 2628 2333
f 3189 3187 2915
f 3190 3187 3189
f 4341 4342 4099
f 4341 4104 4346
f 4099 4104 4341
f 2726 2435 2725
f 2435 2716 2725
f 2725 2999 2726
f 2984 2999 2725
f 2714 2712 2984
f 2984 2725 2714
f 2714 2725 2716
f 2712 2985 2986
f 2904 2905 2618
f 2618 2619 2330
f 2618 2905 2620
f 2620 2619 2618
f 2612 2328 2613
f 2329 2328 2612
f 2612 2614 2329
f 2612 2613 2324
f 2324 2611 2612
f 2900 2902 2901
f 2616 2615 2621
f 2621 2331 2616
f 2616 2330 2615
f 2616 2331 2330
f 2896 2902 2900
f 2896 2903 2902
f 4263 4022 4262
f 4028 4274 4262
f 4262 4274 4263
f 4023 4022 4261
f 4261 4022 4260
f 4261 4268 4023
f 4261 4260 4268
f 4701 4469 4700
f 4472 4469 4701
f 4470 4468 4698
f 4698 4468 4467
f 4467 4697 4698
f 4245 4468 4470
f 3444 3443 3745
f 3745 3443 3744
f 3744 3998 3745
f 3453 3170 3452
f 3452 3748 3453
f 3749 3454 3453
f 3451 3452 3170
f 3748 3452 3451
f 4009 3753 3752
f 3752 3753 3454
f 3454 3749 3752
f 3752 4008 4009
f 4006 4008 3752
f 4272 4271 4487
f 4487 4486 4272
f 5091 4932 4915
f 4012 4011 4256
f 4256 4015 4012
f 4249 4004 4248
f 5081 5080 5223
f 4739 4497 4738
f 4718 4486 4485
f 4485 4497 4718
f 4718 4497 4486
f 4498 4739 4740
f 4498 4497 4739
f 4740 4741 4498
f 4498 4499 4272
f 4272 4497 4498
f 4500 4499 4498
f 4498 4741 4500
f 3173 2905 2904
f 3173 3174 2905
f 2904 2903 3173
f 3175 3174 3173
f 4466 4234 4233
f 4466 4467 4235
f 4235 4234 4466
f 3989 3985 4229
f 3985 4228 4229
f 4229 4230 3989
f 4229 4228 4230
f 4462 4230 4461
f 4683 4682 4891
f 4705 4706 4472
f 4705 4701 4700
f 4472 4701 4705
f 4900 4706 4705
f 4899 4900 4705
f 5461 5362 5462
f 5461 5462 5359
f 5622 5549 5620
f 5620 5665 5622
f 5546 5461 5460
f 5460 5357 5459
f 5358 5357 5460
f 5359 5358 5460
f 5460 5461 5359
f 5615 5539 5614
f 4895 4703 4702
f 4702 4697 4895
f 4470 4698 4702
f 4702 4698 4697
f 4897 4703 4895
f 4897 4895 5071
f 4471 4245 4470
f 4469 4245 4471
f 4470 4702 4471
f 4471 4702 4703
f 4233 4464 4465
f 4465 4466 4233
f 4467 4466 4465
f 4231 4464 4233
f 4231 3990 3989
f 4233 3990 4231
f 3989 4230 4231
f 5070 4894 4893
f 5442 5440 5525
f 5330 5204 5324
f 5330 5322 5329
f 5330 5331 5204
f 5207 5208 5065
f 5523 5522 5603
f 5522 5521 5603
f 5602 5524 5523
f 5523 5603 5602
f 5602 5603 5521
f 5525 5524 5602
f 5418 5315 5417
f 5419 5315 5418
f 5316 5419 5418
f 5418 5420 5316
f 5424 5319 5423
f 5423 5506 5424
f 5319 5317 5421
f 5421 5317 5316
f 5316 5420 5421
f 5504 5417 5503
f 5504 5418 5417
f 5420 5418 5504
f 5508 5425 5507
f 5507 5425 5506
f 5507 5584 5508
f 5507 5506 5584
f 5601 5602 5521
f 5525 5602 5601
f 5609 5655 5656
f 5452 5345 5451
f 5452 5347 5345
f 5452 5538 5453
f 5453 5347 5452
f 5613 5659 5660
f 5535 5611 5659
f 5607 5532 5529
f 5532 5446 5529
f 5071 5070 5211
f 5216 5215 5340
f 5216 5217 5076
f 5340 5217 5216
f 5341 5217 5339
f 5217 5215 5339
f 4409 4629 4627
f 4629 4633 4627
f 4627 4608 4607
f 4173 3935 3934
f 4173 4179 4410
f 3934 4179 4173
f 4410 4411 4173
f 4411 4174 4173
f 3930 3935 4173
f 4173 4174 3930
f 4846 4847 4630
f 5679 5676 5685
f 5685 5676 5675
f 5672 5650 5670
f 5363 5464 5465
f 5362 5464 5363
f 5239 5238 5363
f 5236 5362 5363
f 5363 5238 5236
f 5572 5573 5493
f 5553 5573 5572
f 5493 5554 5572
f 5572 5554 5553
f 5640 5573 5626
f 5626 5573 5553
f 5626 5625 5640
f 5469 5367 5468
f 5468 5367 5366
f 5466 5469 5468
f 5366 5365 5468
f 5472 5554 5473
f 5553 5554 5472
f 5473 5371 5472
f 5371 5370 5472
f 5553 5472 5471
f 5471 5472 5370
f 5291 5290 5401
f 5401 5290 5400
f 5401 5293 5291
f 5401 5295 5293
f 5401 5400 5491
f 5491 5402 5401
f 5401 5402 5295
f 4399 4400 4162
f 4608 4400 4399
f 4606 4395 4401
f 4401 4614 4606
f 5158 5299 5300
f 5300 5162 5158
f 5299 5162 5300
f 5158 5162 5159
f 5159 5162 5161
f 5161 5010 5159
f 5159 5009 5158
f 4835 4612 4834
f 4834 5011 4835
f 5012 5008 4833
f 4832 4611 4833
f 4833 5008 4832
f 5155 5008 5012
f 5156 5008 5155
f 5155 5289 5156
f 4830 4627 4633
f 4608 4627 4830
f 4830 4633 4850
f 4850 5006 4830
f 4829 4608 4830
f 4830 5006 4829
f 5007 5024 5012
f 5012 4833 5007
f 5007 5006 4850
f 4850 5024 5007
f 12 2 15
f 2 14 15
f 15 40 41
f 15 14 40
f 242 241 324
f 182 241 242
f 324 243 242
f 240 241 182
f 239 241 240
f 182 181 240
f 134 179 135
f 135 99 134
f 135 101 99
f 286 278 214
f 279 210 278
f 387 527 435
f 435 323 434
f 433 435 434
f 434 323 433
f 239 320 321
f 523 521 694
f 523 695 524
f 523 694 695
f 524 387 523
f 387 521 523
f 386 521 387
f 924 692 923
f 923 926 924
f 924 926 925
f 95 58 94
f 94 131 95
f 235 236 175
f 175 174 235
f 131 174 175
f 162 161 212
f 162 117 161
f 212 161 211
f 211 210 212
f 161 210 211
f 164 129 118
f 2437 2730 2438
f 2439 2730 2437
f 2438 2156 2437
f 2158 2439 2437
f 2437 2156 2158
f 3004 3273 3275
f 3001 3273 3004
f 2427 2426 2717
f 2989 2988 3260
f 2719 2988 2989
f 2723 2433 2432
f 2998 2997 3269
f 3269 3007 2998
f 3279 3007 3269
f 3268 3279 3269
f 3269 2997 3268
f 3569 3283 3281
f 3280 3566 3567
f 4334 4550 4551
f 4333 4093 4092
f 4092 4332 4333
f 4333 4332 4548
f 4548 4334 4333
f 4333 4334 4093
f 3837 3555 3553
f 4780 4781 4550
f 4947 5107 5108
f 5106 5107 4947
f 3548 3549 3260
f 3549 3548 3833
f 3557 3265 3264
f 3648 3567 3848
f 3848 3566 3840
f 3848 3567 3566
f 5246 5112 5245
f 5112 5244 5245
f 5368 5367 5470
f 5470 5471 5368
f 5368 5471 5370
f 5366 5367 5243
f 5243 5242 5366
f 5367 5368 5243
f 5109 5242 5243
f 5243 5244 5109
f 5364 5240 5239
f 5239 5363 5364
f 5364 5363 5465
f 5364 5465 5466
f 5365 5240 5364
f 5105 5107 5106
f 5106 4945 5105
f 5105 5240 5241
f 5241 5107 5105
f 3653 3352 3356
f 3344 3345 3066
f 3344 3066 3068
f 3068 3079 3344
f 3910 4159 4160
f 4160 3914 3910
f 4160 4159 4394
f 4394 4167 4160
f 4167 4163 4160
f 4163 3914 4160
f 3838 3555 3837
f 3933 4176 3934
f 3933 3934 3671
f 3671 3908 3933
f 3907 3908 3648
f 3356 3081 3355
f 3355 3665 3356
f 3359 3665 3355
f 2815 2813 2524
f 3080 2813 2815
f 2815 3082 3080
f 2524 2814 2815
f 2814 3082 2815
f 3667 3668 3358
f 3359 3083 3358
f 3358 3668 3359
f 4171 4175 4409
f 4171 3929 3932
f 4171 3931 4175
f 4171 3932 3931
f 4607 4608 4398
f 4398 4399 4162
f 4608 4399 4398
f 3912 3929 4161
f 3916 3912 3911
f 3916 3929 3912
f 3666 3929 3916
f 3928 3666 3665
f 3928 3929 3666
f 3665 3669 3928
f 3928 3669 3932
f 3932 3929 3928
f 3646 3670 3361
f 3361 3360 3646
f 3361 3670 3671
f 3671 3667 3361
f 3083 3360 3361
f 3667 3358 3361
f 3361 3358 3083
f 4842 4837 5014
f 5014 5018 4842
f 4621 4838 4842
f 4838 4837 4842
f 5166 5165 5169
f 5014 5165 5166
f 5166 5018 5014
f 5501 5410 5500
f 5414 5410 5501
f 5500 5556 5501
f 5412 5410 5414
f 5412 5305 5410
f 5414 5413 5412
f 5412 5413 5305
f 5169 5165 5302
f 5302 5305 5169
f 5302 5165 5301
f 5301 5305 5302
f 5557 5556 5582
f 5557 5582 5499
f 5499 5581 5557
f 5557 5581 5627
f 4987 4812 4993
f 5503 5486 5485
f 5564 5563 5503
f 5503 5484 5564
f 5564 5484 5563
f 5562 5484 5561
f 5488 5390 5388
f 5388 5487 5488
f 5388 5387 5484
f 5484 5485 5388
f 5388 5486 5487
f 5388 5485 5486
f 5489 5396 5398
f 5566 5561 5489
f 5489 5561 5484
f 5484 5396 5489
f 2770 2769 2771
f 2771 2480 2770
f 2770 2480 2769
f 2771 2769 3046
f 2769 3045 3046
f 1376 1375 1374
f 1374 1375 1123
f 1123 1373 1374
f 1370 1371 1122
f 1370 1654 1371
f 1370 1122 1369
f 1369 1649 1370
f 1370 1649 1651
f 1651 1917 1918
f 1918 1917 1922
f 1656 1918 1922
f 1656 1926 1921
f 1924 1925 1656
f 1925 1926 1656
f 1924 1656 1923
f 1923 1656 1922
f 4132 3884 4131
f 5562 5633 5634
f 5634 5635 5562
f 5644 5635 5634
f 5671 5644 5634
f 5634 5633 5671
f 5643 5644 5575
f 5575 5586 5643
f 5643 5586 5644
f 1949 1948 2245
f 1948 2240 2245
f 2245 2240 2520
f 2246 2526 2247
f 2247 1950 2246
f 2520 2526 2246
f 2246 2245 2520
f 2246 1950 1949
f 1949 2245 2246
f 2521 2515 2241
f 2515 2235 2241
f 2241 2235 1945
f 2241 1945 2243
f 2243 2521 2241
f 784 588 783
f 1511 1242 1505
f 1004 1243 1244
f 1244 1243 1247
f 1244 1247 1246
f 1246 1009 1244
f 1244 1009 1004
f 1509 1241 1508
f 1508 1795 1509
f 1791 1502 1518
f 1803 2080 1805
f 1805 1529 1528
f 596 795 799
f 799 796 596
f 799 795 794
f 1156 915 1032
f 1157 915 1156
f 1026 1028 1027
f 1027 796 1026
f 1028 796 1027
f 425 424 589
f 589 590 425
f 781 590 589
f 589 588 781
f 424 588 589
f 430 378 318
f 318 378 319
f 317 430 318
f 232 317 318
f 318 319 232
f 3470 3471 3186
f 3471 3472 3186
f 3473 3190 3186
f 3186 3472 3473
f 3186 3185 3470
f 3186 2915 2911
f 2911 3185 3186
f 3768 3468 3465
f 3465 3468 3183
f 3183 3178 3465
f 3463 3768 3464
f 3464 3178 3463
f 3768 3465 3464
f 3464 3465 3178
f 3177 3178 2909
f 3462 3178 3177
f 2909 3181 3177
f 3181 3462 3177
f 3772 3773 3473
f 4034 3773 3772
f 3473 3471 3772
f 3772 3471 3469
f 3772 3469 3771
f 3771 4034 3772
f 4033 3778 3777
f 3777 4036 4033
f 4033 4038 3778
f 4033 4034 3771
f 4033 4036 4034
f 4039 4040 3778
f 3778 4038 4039
f 4039 4038 4040
f 3473 3481 3194
f 3194 2921 3191
f 3194 3195 2921
f 3194 3482 3483
f 3481 3482 3194
f 3194 3483 3484
f 3484 3195 3194
f 1418 1163 1417
f 1417 1163 1162
f 1417 1713 1418
f 1162 1416 1417
f 1417 1416 1713
f 919 920 685
f 921 920 919
f 1411 1412 1157
f 1707 1412 1411
f 1411 1706 1707
f 1974 1706 1973
f 2267 1975 1973
f 1973 1975 1974
f 2085 2367 2267
f 2084 2367 2085
f 1028 1268 1269
f 1268 1531 1269
f 2656 2937 2938
f 2938 2657 2656
f 2656 2363 2655
f 2655 2654 2656
f 2656 2654 2933
f 2656 2657 2364
f 2364 2363 2656
f 1609 1627 1353
f 1353 1352 1609
f 1351 1106 1336
f 1351 1352 1106
f 1336 1609 1351
f 1351 1609 1352
f 1630 1622 1354
f 1354 1355 1630
f 1630 1355 1622
f 1622 1355 1631
f 1108 1107 1354
f 877 1107 1108
f 876 1107 877
f 876 655 875
f 876 877 655
f 2528 2819 2820
f 2528 2248 2247
f 1684 1393 1392
f 1392 1683 1684
f 2810 2526 2520
f 2520 2809 2810
f 2808 3074 3075
f 2807 3074 2808
f 2808 2809 2520
f 2520 2519 2808
f 2808 2518 2807
f 2519 2518 2808
f 3662 3923 3924
f 3924 3923 4166
f 4405 4620 4621
f 3673 3674 3362
f 3927 3936 3672
f 3673 3362 3672
f 3672 3664 3927
f 3672 3362 3664
f 1969 1698 1700
f 1697 1968 1700
f 1700 1968 1970
f 1700 1401 1697
f 1700 1698 1401
f 2548 2266 2265
f 2265 2264 2547
f 1970 2264 2265
f 2543 2262 2259
f 1966 2264 1967
f 1693 1966 1967
f 1967 1968 1693
f 1967 2264 1970
f 1970 1968 1967
f 1687 1686 1958
f 1958 1957 2254
f 1686 1957 1958
f 2260 2259 2544
f 2260 1961 2259
f 2544 2261 2260
f 1963 1691 1689
f 1692 1691 1965
f 1965 1693 1692
f 1693 1398 1692
f 1692 1398 1394
f 1394 1691 1692
f 1393 1689 1690
f 1689 1691 1690
f 1394 1393 1690
f 1690 1691 1394
f 1116 1117 881
f 881 1105 1116
f 1104 874 877
f 1104 1105 874
f 877 1108 1104
f 1623 1622 1624
f 1369 1122 1121
f 1121 1119 1369
f 1121 1122 885
f 1369 1119 1368
f 885 661 884
f 661 883 884
f 884 883 881
f 660 659 882
f 882 883 660
f 660 883 661
f 2209 1927 1921
f 1928 1927 2209
f 1921 2208 2209
f 2209 2208 1928
f 1658 1659 1376
f 1658 1657 1659
f 1921 1657 1655
f 1655 1656 1921
f 1371 1656 1655
f 1905 1662 1930
f 1636 1641 1905
f 1905 1906 1636
f 1376 1659 1660
f 1660 1661 1376
f 1659 1661 1660
f 1091 1334 1093
f 1334 1094 1093
f 1093 1092 1091
f 863 1092 1093
f 864 863 1093
f 1093 1094 864
f 862 860 1089
f 1089 860 1088
f 1089 1088 1330
f 1089 1090 862
f 1330 1090 1089
f 853 854 1087
f 1087 860 853
f 1087 852 1086
f 854 852 1087
f 1086 1088 1087
f 1088 860 1087
f 1333 1332 1605
f 1090 1332 1333
f 1333 1605 1606
f 1606 1335 1333
f 912 1329 1155
f 912 1155 1084
f 912 1084 913
f 913 677 912
f 912 677 911
f 769 770 569
f 569 768 769
f 769 998 770
f 768 998 769
f 1241 1502 1236
f 1236 998 1241
f 1238 1505 1239
f 1239 998 1238
f 2939 2937 3207
f 2937 3206 3207
f 3193 3478 3479
f 3476 3475 3774
f 3774 3775 3476
f 3476 3775 3478
f 3476 3478 3193
f 3193 3477 3476
f 3197 3475 3192
f 3192 3477 3193
f 3475 3476 3192
f 3192 3476 3477
f 3193 2921 3192
f 3192 2921 3197
f 2643 2345 2344
f 2644 2345 2643
f 2642 2927 2928
f 2642 2643 2344
f 2928 2643 2642
f 2344 2641 2642
f 2642 2641 2927
f 1794 2069 2070
f 2069 2072 2070
f 2070 2072 2071
f 2071 1797 2070
f 2070 1796 1794
f 1797 1796 2070
f 2343 2636 2635
f 2635 2341 2343
f 2636 2341 2635
f 2068 1788 2066
f 1494 1493 1785
f 1785 1500 1494
f 1785 1493 1784
f 1784 2063 1785
f 1784 2060 2061
f 2061 2062 1784
f 2345 2062 2061
f 2061 2060 2344
f 2344 2345 2061
f 2932 2654 2653
f 2653 2931 2932
f 2653 2654 2357
f 1254 1014 1253
f 1253 1255 1254
f 1254 1255 1014
f 1519 1521 1257
f 1257 1256 1519
f 1794 1521 1519
f 1519 1792 1794
f 1010 1006 1245
f 1010 1012 784
f 1010 783 1006
f 784 783 1010
f 1242 1511 1512
f 1512 1511 1505
f 1505 1791 1512
f 1512 1791 1518
f 1250 1517 1253
f 1250 1249 1517
f 1253 1014 1250
f 1011 784 1013
f 1013 1249 1011
f 1249 1250 1011
f 785 784 1011
f 1011 786 785
f 789 592 788
f 788 1016 789
f 592 588 787
f 588 786 787
f 786 1011 787
f 1266 1020 1264
f 1264 1262 1266
f 1022 1020 1266
f 1266 1262 1022
f 1524 1796 1525
f 1523 1796 1524
f 1525 1260 1524
f 1258 1523 1524
f 1524 1260 1258
f 1472 1764 1765
f 1472 1474 1473
f 1472 1473 1214
f 1765 1766 1472
f 1475 1474 1472
f 1472 1766 1475
f 1468 1213 1210
f 1469 1213 1468
f 1476 1767 1768
f 1768 1769 1476
f 1767 1769 1768
f 2036 1769 1767
f 2037 1769 2036
f 2321 2322 2036
f 2036 2322 2037
f 2320 2322 2321
f 2321 2036 2320
f 2031 2030 2317
f 2317 2033 2031
f 2031 2033 2032
f 2032 1764 2031
f 1764 2030 2031
f 2029 1767 1765
f 2029 2033 1767
f 1765 1764 2029
f 2029 1764 2032
f 2032 2033 2029
f 2322 2607 2609
f 2609 2610 2322
f 2609 2607 2893
f 2893 2610 2609
f 2611 2610 2894
f 2894 2610 2893
f 1784 1493 1783
f 1493 1781 1783
f 1496 1493 1233
f 1496 1781 1493
f 2054 1781 1782
f 1782 1780 2054
f 1780 2053 2054
f 2338 2339 2054
f 2054 2053 2338
f 2058 2059 1784
f 1784 1783 2058
f 2058 1783 1781
f 2339 2059 2058
f 2058 2054 2339
f 1781 2054 2058
f 230 229 228
f 228 229 167
f 228 227 230
f 167 227 228
f 993 1223 1227
f 1227 1226 993
f 1227 1223 990
f 990 1226 1227
f 993 1230 1231
f 1230 1235 1231
f 1501 1235 1500
f 1234 995 997
f 997 995 765
f 765 996 997
f 997 1235 1234
f 997 1231 1235
f 997 996 993
f 993 1231 997
f 1794 1508 1790
f 1508 1793 1790
f 2068 1794 1790
f 1790 1788 2068
f 1508 1241 1507
f 1507 1506 1508
f 1241 1506 1507
f 1499 1506 1241
f 1498 1506 1499
f 1499 1241 1234
f 1234 1498 1499
f 952 725 724
f 950 951 724
f 724 951 952
f 722 950 724
f 1225 1224 1492
f 1224 1491 1492
f 1490 1225 1492
f 1492 1491 1490
f 1485 1220 1484
f 1220 1483 1484
f 1484 1224 1485
f 1484 1483 1224
f 1477 1215 1476
f 1478 1215 1477
f 1739 1740 1444
f 704 935 936
f 936 705 704
f 2292 2004 2291
f 1989 1991 1729
f 1990 1991 1989
f 1989 1729 1728
f 1728 1990 1989
f 2287 1998 1993
f 1993 2286 2287
f 1991 2286 1993
f 1730 1991 1993
f 1993 1992 1730
f 1998 1992 1993
f 2567 2568 2287
f 2287 2286 2567
f 2567 2285 2566
f 2567 2286 2285
f 1737 1996 1738
f 4658 4661 4660
f 4661 4438 4660
f 5040 4872 5048
f 5040 4873 4872
f 5048 5039 5040
f 5039 4873 5040
f 4875 4880 4884
f 4668 4880 4875
f 4668 4441 4667
f 4874 4668 4667
f 4665 4871 4667
f 4667 4871 4874
f 4669 4668 4670
f 4670 4441 4669
f 4669 4441 4668
f 4881 4882 4670
f 4670 4877 4881
f 4673 4671 4881
f 4671 4882 4881
f 5514 5431 5518
f 5431 5517 5518
f 5594 5516 5593
f 5593 5516 5591
f 5593 5590 5594
f 5593 5591 5590
f 5650 5672 5651
f 5651 5672 5648
f 3114 3397 3398
f 3397 3399 3398
f 3114 3398 3119
f 3119 3398 3399
f 3117 3115 3114
f 2857 3115 3117
f 2888 2889 2606
f 2888 2605 2604
f 2606 2605 2888
f 2316 2030 2315
f 2316 2315 2604
f 2604 2605 2316
f 2317 2030 2316
f 2316 2606 2317
f 2316 2605 2606
f 4442 4671 4444
f 4446 4449 4448
f 4671 4449 4446
f 4448 4218 4446
f 4446 4218 4447
f 3966 4210 4211
f 4211 4210 4442
f 3974 4218 4219
f 4220 3974 4219
f 4864 4865 4653
f 4653 4652 4860
f 4428 4652 4653
f 4653 4654 4428
f 4434 4435 4428
f 4655 4654 4653
f 4655 4865 4658
f 4655 4428 4654
f 4655 4658 4434
f 3330 3045 3329
f 4201 4426 4432
f 2842 2553 2841
f 2841 2553 2552
f 3062 3106 2841
f 2552 2789 2841
f 3696 3391 3695
f 3697 3696 3695
f 3695 3960 3697
f 3695 3694 3960
f 3390 3385 3384
f 3390 3693 3694
f 3694 3695 3390
f 3110 3385 3390
f 3390 3391 3110
f 3390 3695 3391
f 3955 4197 3956
f 3957 3693 3688
f 3956 3957 3688
f 3688 3955 3956
f 3379 3687 3688
f 3686 3687 3379
f 4209 4206 4205
f 4209 4210 3966
f 4209 4439 4210
f 4209 4436 4437
f 4437 4438 4209
f 4209 4438 4439
f 4209 4205 4434
f 4434 4436 4209
f 4205 3965 4204
f 3965 4208 4204
f 4204 4208 4435
f 4434 4205 4204
f 4204 4435 4434
f 4215 3972 4202
f 3126 3406 3405
f 3404 3406 3126
f 3405 3127 3126
f 3126 3127 2865
f 3705 3404 3704
f 3704 3406 3705
f 3705 3406 3404
f 3722 3416 3706
f 3706 3416 3415
f 3415 3406 3706
f 3704 3722 3706
f 3706 3406 3704
f 3718 3717 3716
f 3716 3961 3718
f 3971 3961 3716
f 3716 3717 3410
f 3410 3715 3716
f 3715 3971 3716
f 4214 4446 4447
f 4213 4446 4214
f 4447 4218 4214
f 3973 3971 4214
f 4214 3974 3973
f 4214 4218 3974
f 3970 4211 4213
f 3970 3971 3715
f 4213 4214 3970
f 3970 4214 3971
f 3420 3415 3136
f 3420 3707 3415
f 3420 3407 3707
f 5314 5315 5186
f 5392 5315 5314
f 5147 4997 5141
f 4998 4997 5150
f 5150 4997 5149
f 5150 5033 4998
f 5149 5033 5150
f 4819 4997 4998
f 4998 4999 4819
f 5285 5277 5275
f 5392 5314 5275
f 5275 5314 5285
f 5033 5032 5151
f 5151 5032 4999
f 4998 5033 5151
f 5151 4999 4998
f 3976 3975 4220
f 4220 3977 3976
f 3976 3724 3723
f 3723 3975 3976
f 3976 3977 3730
f 3730 3725 3976
f 3976 3725 3724
f 4221 4453 4454
f 4455 4221 4454
f 4454 4677 4455
f 4454 4676 4677
f 4454 4453 4675
f 4675 4676 4454
f 3731 3427 3730
f 3730 3978 3731
f 3981 3978 4224
f 4224 3978 4223
f 4457 4456 4458
f 4456 4459 4458
f 4227 4459 4460
f 4227 4458 4459
f 4457 4458 4227
f 4227 4225 4457
f 4226 4225 4227
f 5063 5062 5206
f 5206 5062 5204
f 5205 5062 5057
f 5202 5203 5057
f 5057 5062 5058
f 5057 5204 5205
f 5203 5204 5057
f 5201 5202 5057
f 5057 5055 5201
f 5057 4884 5055
f 5057 5058 4884
f 5061 4884 5060
f 5060 4887 5061
f 5060 4888 4887
f 5062 4888 5060
f 4678 4887 4681
f 4887 4888 4681
f 4681 4680 4678
f 4681 4888 4682
f 4456 4680 4681
f 4681 4459 4456
f 4682 4459 4681
f 3434 3737 3738
f 3738 3737 3986
f 3986 3988 3738
f 3738 3988 3989
f 3989 3990 3738
f 3738 3990 3991
f 3985 3737 3984
f 3737 3736 3984
f 3984 3736 3735
f 3993 3992 3740
f 3993 3994 3992
f 4235 3994 3993
f 3157 2892 2890
f 2890 3156 3157
f 2890 2892 2891
f 2891 2606 2890
f 2890 2889 3155
f 2606 2889 2890
f 3441 3440 3741
f 3741 3442 3441
f 3441 3442 3157
f 3157 3156 3441
f 2885 2884 3151
f 3151 3153 2885
f 2293 2005 2292
f 2005 2293 2294
f 2294 2293 2574
f 954 725 953
f 1188 1189 953
f 953 725 952
f 953 1189 1190
f 952 951 953
f 953 951 1188
f 1191 954 953
f 953 1190 1191
f 1173 1174 934
f 1430 1174 1173
f 934 1172 1173
f 1172 1430 1173
f 1432 1174 1431
f 1728 1729 1431
f 1729 1432 1431
f 1431 1174 1429
f 1431 1727 1728
f 1429 1727 1431
f 1180 942 939
f 942 941 939
f 939 941 711
f 711 708 939
f 708 938 939
f 1180 939 937
f 937 939 938
f 705 936 937
f 937 936 1176
f 1181 945 944
f 944 943 1181
f 1181 943 1180
f 1996 1737 1733
f 1179 937 1176
f 1180 937 1179
f 1179 1181 1180
f 2504 2277 2505
f 2505 2225 2504
f 2505 2274 2225
f 2276 2277 1979
f 2231 2509 2510
f 2510 2507 2231
f 2507 2228 2231
f 1935 2231 2228
f 2792 2789 2507
f 2792 2791 3062
f 2507 2791 2792
f 3062 2841 2792
f 2792 2841 2789
f 2504 2229 2508
f 2508 2506 2504
f 2229 2506 2508
f 2790 2507 2510
f 2510 2791 2790
f 2790 2791 2507
f 2163 2164 1882
f 2222 2164 2163
f 2273 2551 2279
f 2273 2278 2551
f 1979 2278 2273
f 1722 1723 1423
f 1978 1979 1722
f 1979 2273 1722
f 1721 1978 1722
f 1722 1423 1721
f 1423 1723 1724
f 1425 1424 1724
f 1424 1423 1724
f 1724 1725 1425
f 1724 1723 1725
f 2279 1984 1983
f 1983 1984 1726
f 1983 1982 2279
f 1983 1726 1982
f 2279 2554 2280
f 2280 1984 2279
f 2280 2554 2555
f 2280 1985 1984
f 2846 2561 2843
f 2843 3107 2846
f 2846 3109 2849
f 2844 2850 2563
f 2844 2561 2850
f 2563 2845 2844
f 2845 2561 2844
f 3386 3385 3110
f 3386 3107 3385
f 2839 2551 2838
f 2838 2840 2839
f 2839 2840 2551
f 3104 3379 3380
f 3379 3688 3380
f 1987 2283 1727
f 1727 1726 1987
f 2852 3111 3112
f 2852 2853 2565
f 3112 2853 2852
f 3394 3111 3392
f 3392 3396 3394
f 3112 3111 3395
f 3395 3396 3112
f 3111 3394 3395
f 3395 3394 3396
f 1618 1611 1610
f 1928 2211 2215
f 1930 2219 2220
f 2220 2221 1930
f 2219 2221 2220
f 2201 2477 2202
f 2219 2477 2201
f 2201 2221 2219
f 2202 2219 2484
f 2479 2480 2202
f 2202 2478 2479
f 2766 2480 2479
f 2479 2478 2766
f 2214 1930 1928
f 2498 2478 2217
f 1887 2169 2170
f 2170 2171 1887
f 2170 2450 2171
f 2173 1888 2172
f 2172 1888 1887
f 1887 2171 2172
f 2167 2445 2169
f 3607 3611 3608
f 1620 1890 1891
f 2452 2450 2449
f 2449 2450 2169
f 1102 1101 1115
f 1115 1340 1102
f 1344 1339 1102
f 873 872 1102
f 872 1101 1102
f 1102 1103 873
f 1102 1339 1103
f 1343 1344 1102
f 1102 1342 1343
f 1102 1340 1341
f 1341 1342 1102
f 1362 1363 1112
f 1642 1644 1362
f 1644 1363 1362
f 1645 1363 1644
f 1365 1340 1115
f 486 363 490
f 1376 1662 1635
f 1662 1632 1635
f 1357 1126 1358
f 1376 1635 1358
f 1358 1635 1632
f 1125 1126 889
f 1376 1358 1125
f 1125 1358 1126
f 880 871 658
f 658 879 880
f 486 657 658
f 657 878 658
f 658 878 879
f 871 654 658
f 658 654 486
f 1639 1906 1907
f 1907 1908 1639
f 1906 1905 1907
f 1909 1640 1639
f 1639 1908 1909
f 1911 1912 1644
f 1644 1909 1911
f 1911 1909 1908
f 1911 2201 2202
f 1886 1913 1887
f 1886 1644 1913
f 1886 1885 1644
f 1644 1885 1615
f 1615 1645 1644
f 1887 1888 1615
f 1615 1886 1887
f 1885 1886 1615
f 1888 1884 1615
f 1341 1340 1615
f 1615 1884 1616
f 1616 1341 1615
f 873 1103 1097
f 1103 1098 1097
f 653 649 481
f 653 868 649
f 650 651 481
f 481 649 650
f 1131 1130 1132
f 1378 1666 1379
f 1379 1132 1378
f 1132 1130 1378
f 929 1168 930
f 929 1133 1168
f 895 1133 929
f 700 895 929
f 929 930 700
f 1452 1453 1196
f 1195 1452 1196
f 961 1195 1196
f 1196 962 961
f 1198 1199 963
f 733 732 963
f 732 962 963
f 1748 1453 1747
f 1748 1454 1453
f 1747 1749 1748
f 1748 1749 1454
f 1750 2013 1751
f 1751 1456 1750
f 1751 2013 1752
f 1752 1457 1751
f 1457 1456 1751
f 2012 2013 1747
f 1747 2011 2012
f 2012 2011 2009
f 2009 2301 2012
f 738 737 553
f 553 552 738
f 738 552 737
f 551 735 736
f 736 552 551
f 735 552 736
f 735 972 740
f 742 552 741
f 741 975 742
f 741 740 972
f 552 740 741
f 1459 1461 1460
f 1467 1468 1210
f 1210 1464 1467
f 2863 2862 2864
f 2863 2587 2862
f 2581 2582 2298
f 2581 2579 2582
f 2865 3128 3125
f 3128 3403 3125
f 3125 3403 3404
f 3125 3126 2865
f 3404 3126 3125
f 3132 3413 3408
f 3409 3128 3408
f 3408 3413 3409
f 2305 2589 2306
f 2306 2014 2305
f 2304 2589 2305
f 2305 2014 2304
f 2022 2023 1755
f 1755 2021 2022
f 2022 2021 2023
f 2014 2016 2015
f 1755 2019 2020
f 2020 2021 1755
f 2020 2311 2021
f 2308 2016 2307
f 2307 2309 2308
f 2309 2020 2308
f 2602 2603 2313
f 2885 2603 2602
f 2602 2313 2601
f 2601 2885 2602
f 2885 3153 3152
f 2883 2884 2600
f 2600 2882 2883
f 2882 3149 2883
f 3434 3738 3436
f 3436 3738 3739
f 3436 3739 3740
f 3148 3431 3432
f 3432 3433 3148
f 3432 3431 3735
f 3735 3433 3432
f 2878 2877 3143
f 2881 2600 2878
f 2878 3143 2881
f 2600 2598 2878
f 2598 2877 2878
f 3146 3426 3425
f 3143 3426 3146
f 3726 3725 3730
f 3730 3427 3726
f 3421 3725 3726
f 3726 3727 3421
f 3726 3427 3727
f 3419 3418 3412
f 3407 3420 3419
f 3136 3418 3419
f 3419 3420 3136
f 3129 3130 2866
f 2866 3127 3129
f 3127 3407 3129
f 3135 3134 3414
f 3414 3137 3135
f 3135 3137 2873
f 2593 2869 2870
f 2870 2869 3134
f 3134 3135 2870
f 974 978 975
f 972 978 974
f 975 741 974
f 974 741 972
f 831 832 624
f 831 830 1058
f 624 623 831
f 623 830 831
f 1298 1299 1059
f 1059 1299 1060
f 1058 1298 1059
f 1059 831 1058
f 1060 832 1059
f 832 831 1059
f 1061 1062 834
f 1061 1300 1062
f 834 832 1061
f 1301 1300 1565
f 1839 1840 1565
f 1565 1840 1566
f 1563 1562 1564
f 1564 1562 1838
f 1564 1299 1563
f 1564 1838 1839
f 1839 1565 1564
f 1564 1565 1300
f 3512 3510 3802
f 3512 3513 3229
f 3512 3802 3803
f 3511 3229 3227
f 3227 3510 3511
f 3511 3512 3229
f 3510 3512 3511
f 3508 3226 3224
f 3224 3226 2959
f 2680 2388 2679
f 2679 2677 2680
f 1548 1287 1286
f 1286 1285 1548
f 1047 1285 1286
f 1283 1285 1047
f 1286 1048 1047
f 1047 1048 820
f 820 1046 1047
f 1047 1046 1283
f 2096 2095 2377
f 2378 2096 2377
f 2377 2667 2378
f 2377 2666 2667
f 2664 2666 2377
f 2371 2372 2662
f 1818 1820 1824
f 2095 1821 1824
f 2094 2095 1824
f 1824 1820 2094
f 1546 1547 1819
f 1819 1820 1546
f 1284 1547 1546
f 1546 1283 1284
f 1546 1820 1818
f 2673 2674 2382
f 2097 2096 2380
f 2380 2379 2097
f 2096 2379 2380
f 2672 2952 2673
f 2673 2382 2672
f 2672 2382 2379
f 2672 2379 2671
f 2672 2951 2952
f 2671 2950 2672
f 2672 2950 2951
f 3508 3222 3507
f 3507 3800 3508
f 3218 3220 2954
f 2954 2953 3218
f 2954 2673 2953
f 3216 2948 3215
f 3215 3214 3216
f 2948 3214 3215
f 2669 2950 2671
f 2671 2670 2669
f 2668 2948 2669
f 2948 2950 2669
f 2378 2668 2669
f 2669 2670 2378
f 3530 3522 3812
f 3522 3519 3812
f 3812 3818 3530
f 3812 3811 3818
f 3812 3519 3811
f 3235 3519 3520
f 3235 3521 3519
f 3235 3236 2964
f 3520 3236 3235
f 3517 3521 3235
f 2964 2963 3235
f 3234 3517 3235
f 3235 2962 3234
f 3235 2963 2962
f 4065 3811 3807
f 3811 3808 3807
f 3807 3810 4065
f 3807 3518 3810
f 3532 3239 3528
f 3527 3817 3532
f 3532 3528 3527
f 3530 3818 3531
f 4764 4529 4763
f 4764 4531 4529
f 4763 4931 4764
f 4313 4531 4532
f 4534 4318 4532
f 4532 4531 4534
f 4534 4531 4766
f 4766 4535 4534
f 4536 4320 4535
f 4536 4323 4325
f 4537 4323 4536
f 4536 4538 4537
f 4536 4535 4538
f 3823 3822 3821
f 3538 3822 3823
f 4322 4085 4082
f 4082 4081 4322
f 4082 4085 3824
f 3824 3823 4082
f 3821 4081 4082
f 4082 3823 3821
f 4322 4081 4080
f 4077 4320 4080
f 3820 4077 4080
f 4080 4081 3820
f 4528 4759 4760
f 5349 5351 5350
f 5349 5222 5348
f 5350 5223 5349
f 5223 5222 5349
f 4933 4931 5091
f 5091 5092 4933
f 4933 4764 4931
f 5227 5084 5226
f 5345 5347 5346
f 5346 5219 5345
f 5346 5347 5221
f 5543 5457 5456
f 5456 5457 5351
f 5456 5542 5543
f 4275 4501 4277
f 4275 4266 4492
f 4492 4501 4275
f 4275 4267 4266
f 4275 4030 4267
f 4514 4495 4494
f 4514 4733 4495
f 4494 4735 4514
f 4745 4733 4514
f 4514 4509 4515
f 4514 4746 4509
f 4735 4728 4514
f 4514 4728 4746
f 4515 4297 4514
f 4297 4513 4514
f 4750 4517 4749
f 4749 4517 4512
f 4749 4748 4750
f 4512 4748 4749
f 4520 4301 4519
f 4519 4301 4518
f 4752 4520 4519
f 4519 4518 4752
f 4918 4730 4732
f 4732 4730 4490
f 4732 4919 4918
f 4732 4744 4919
f 4490 4731 4732
f 4731 4744 4732
f 4500 4742 4743
f 4743 4744 4500
f 4742 4744 4743
f 4921 4757 4739
f 4739 4738 4921
f 4524 4757 4758
f 4758 4759 4524
f 4757 4759 4758
f 448 451 450
f 450 449 448
f 336 449 450
f 450 337 336
f 450 451 337
f 813 819 614
f 614 819 817
f 614 817 818
f 818 615 614
f 613 610 813
f 613 451 610
f 813 614 613
f 452 338 337
f 337 451 452
f 451 613 452
f 452 613 614
f 821 822 616
f 821 1044 822
f 821 616 820
f 820 1044 821
f 1825 1826 1551
f 2098 1826 1825
f 2099 2098 1825
f 2097 2099 1825
f 1418 1715 1716
f 1716 1714 1418
f 1713 1416 1712
f 1415 1711 1712
f 1712 1416 1415
f 2396 2397 2112
f 2111 2396 2112
f 2112 2113 1835
f 1835 2111 2112
f 2394 2395 2111
f 2111 2393 2394
f 2394 2393 2681
f 2394 2682 2683
f 2681 2682 2394
f 2688 2403 2402
f 2395 2687 2688
f 2686 2963 2964
f 2962 2963 2686
f 2683 2962 2686
f 2686 2395 2683
f 2686 2687 2395
f 3806 3518 3515
f 3515 3233 3232
f 3515 3518 3234
f 3234 3233 3515
f 3805 3806 3515
f 3232 3233 2961
f 3231 3232 2961
f 2961 2962 2683
f 2961 3233 2962
f 2683 2682 2961
f 2960 3231 2961
f 2961 2682 2960
f 3231 3229 3514
f 3229 3513 3514
f 3514 3232 3231
f 3513 3512 3514
f 3805 3515 3514
f 3514 3515 3232
f 1066 1306 1067
f 1308 1068 1067
f 1068 837 1067
f 1067 836 1066
f 837 836 1067
f 2703 2413 2412
f 2409 2410 2121
f 2409 2699 2410
f 2409 2121 2408
f 2698 2699 2409
f 2409 2697 2698
f 2408 2696 2409
f 2696 2697 2409
f 2970 2697 2969
f 2970 2969 3237
f 3237 2971 2970
f 2970 2971 2698
f 2698 2697 2970
f 1847 1851 2127
f 1851 1850 2127
f 2127 1848 1847
f 2127 1850 1848
f 1575 1309 1574
f 1574 1849 1575
f 1573 1849 1574
f 1308 1573 1574
f 1574 1309 1308
f 3248 3537 3538
f 3247 3537 3248
f 2973 2700 2972
f 2972 3243 2973
f 3240 3243 2972
f 2972 2971 3240
f 2698 2971 2972
f 2972 2700 2698
f 3824 3825 3540
f 3825 3543 3540
f 2421 2420 2709
f 2709 2710 2421
f 2709 2708 2978
f 2419 2708 2709
f 2709 2420 2419
f 2978 2980 2709
f 2421 2710 2422
f 2710 2709 2422
f 2423 2139 2422
f 333 334 250
f 250 186 249
f 251 252 187
f 187 186 251
f 251 186 250
f 250 334 251
f 251 334 252
f 184 141 140
f 243 244 184
f 247 184 246
f 246 328 329
f 329 247 246
f 245 184 244
f 245 328 246
f 246 184 245
f 436 435 527
f 323 435 436
f 807 1034 1033
f 1281 1045 1043
f 1284 1045 1281
f 813 610 811
f 811 819 813
f 3794 3504 3796
f 3795 3794 3797
f 3504 3794 3795
f 3218 3502 3503
f 3503 3504 3218
f 3502 3504 3503
f 3793 4049 3796
f 3796 3504 3793
f 3793 3504 3502
f 3793 3502 3792
f 3792 4049 3793
f 4289 4290 4048
f 4289 4505 4290
f 4281 4505 4289
f 4289 4506 4281
f 4289 4048 4284
f 4284 4506 4289
f 4507 4513 4297
f 4297 4508 4507
f 4507 4514 4513
f 4507 4508 4287
f 4287 4504 4507
f 4745 4514 4507
f 4507 4503 4745
f 4507 4504 4503
f 2369 2372 2370
f 2370 2089 2369
f 1813 2086 1812
f 2368 2370 2372
f 2089 2370 2368
f 2086 2089 2368
f 2368 2091 2086
f 2942 2659 2941
f 2660 2659 2942
f 2942 2941 2943
f 2943 2660 2942
f 2943 2941 3212
f 3212 3211 2943
f 2943 3211 2947
f 2947 3211 2946
f 2947 2666 2943
f 2946 2666 2947
f 3211 3212 2940
f 2940 3212 2941
f 2940 2659 2939
f 2941 2659 2940
f 2051 1778 1777
f 1778 1487 1777
f 2049 2050 1777
f 1777 2050 2051
f 2622 2331 2621
f 2622 2623 2331
f 2621 2912 2622
f 2912 2623 2622
f 2625 2331 2624
f 2625 2333 2331
f 2627 2333 2625
f 2625 2623 2627
f 2624 2623 2625
f 4342 4341 4556
f 5098 4938 5097
f 5097 4961 5098
f 4938 4961 5097
f 4789 4961 4938
f 4789 4938 4770
f 4770 4790 4789
f 4789 4790 4560
f 4560 4788 4789
f 4960 4961 4789
f 4789 4788 4960
f 4560 4558 4787
f 4787 4788 4560
f 4558 4786 4787
f 2423 2714 2715
f 2984 2712 2983
f 2712 2986 2983
f 3002 2999 2983
f 2983 2999 2984
f 2983 2986 3255
f 2904 2618 2617
f 2617 2618 2330
f 2617 2903 2904
f 2902 2903 2617
f 2617 2901 2902
f 2330 2614 2617
f 2900 2901 2617
f 3448 3168 3444
f 3170 2903 3169
f 3169 3168 3170
f 2903 3168 3169
f 3445 3157 3444
f 3167 3168 2903
f 3161 2896 3162
f 2893 2892 3161
f 3161 3162 2893
f 3769 4028 4029
f 4028 4262 4029
f 4029 4022 3769
f 4029 4262 4022
f 4242 4469 4243
f 4242 4245 4469
f 4252 4237 4468
f 4468 4245 4252
f 3997 3998 3744
f 3997 4239 3998
f 4239 3997 3996
f 3996 3997 3744
f 3996 3744 3741
f 3741 3995 3996
f 3996 3995 4235
f 4240 4000 4238
f 4239 3996 4238
f 3998 4239 4238
f 4238 3996 4237
f 4238 4252 4240
f 4237 4252 4238
f 3444 3745 3746
f 3746 3745 3998
f 3746 3451 3444
f 4485 4486 4258
f 4486 4487 4258
f 4258 4259 4015
f 4015 4257 4258
f 4271 4259 4258
f 4258 4487 4271
f 4916 4915 4762
f 4930 4763 4762
f 4762 4915 4930
f 4930 4932 4763
f 4930 4915 4932
f 5091 4915 5088
f 5088 4915 4913
f 4011 3754 4010
f 3754 4008 4010
f 4010 4008 4251
f 4248 4247 4475
f 4475 4249 4248
f 4720 4721 4485
f 4913 4721 4720
f 4716 4482 4480
f 3172 3173 2903
f 3456 3457 3172
f 3172 3457 3175
f 3175 3173 3172
f 4461 4686 4687
f 4687 4462 4461
f 4686 4462 4687
f 5548 5620 5549
f 5548 5549 5466
f 5466 5464 5548
f 5664 5677 5666
f 5459 5544 5545
f 5545 5460 5459
f 5546 5460 5545
f 5545 5544 5540
f 5540 5539 5616
f 5539 5615 5616
f 5616 5545 5540
f 5615 5545 5616
f 4704 4471 4703
f 4696 4697 4467
f 4467 4465 4696
f 4695 4696 4465
f 4895 4697 4695
f 4697 4696 4695
f 4683 4891 4892
f 4693 4893 4894
f 5440 5442 5441
f 5441 5442 5336
f 5444 5336 5443
f 5336 5442 5443
f 5442 5529 5443
f 5323 5330 5324
f 5322 5330 5323
f 5323 5324 5196
f 5196 5322 5323
f 5331 5330 5437
f 5437 5522 5523
f 5437 5524 5438
f 5523 5524 5437
f 5438 5524 5439
f 5439 5334 5438
f 5439 5524 5525
f 5525 5440 5439
f 5208 5334 5209
f 5064 5207 5065
f 5063 5206 5064
f 5064 5206 5207
f 5208 5207 5333
f 5438 5334 5333
f 5333 5334 5208
f 5333 5437 5438
f 5331 5437 5333
f 5329 5435 5436
f 5436 5435 5522
f 5436 5330 5329
f 5522 5437 5436
f 5436 5437 5330
f 5433 5522 5434
f 5522 5435 5434
f 5329 5433 5434
f 5434 5435 5329
f 5503 5506 5505
f 5505 5504 5503
f 5432 5520 5519
f 5519 5520 5598
f 5597 5652 5605
f 5521 5519 5597
f 5597 5601 5521
f 5525 5601 5526
f 5526 5442 5525
f 5527 5442 5526
f 5599 5653 5654
f 5654 5652 5599
f 5599 5519 5598
f 5652 5597 5599
f 5599 5597 5519
f 5592 5647 5648
f 5592 5520 5514
f 5514 5518 5592
f 5596 5517 5595
f 5648 5647 5596
f 5596 5518 5517
f 5595 5649 5596
f 5647 5592 5596
f 5596 5592 5518
f 5596 5651 5648
f 5596 5649 5650
f 5650 5651 5596
f 5608 5609 5533
f 5608 5532 5606
f 5533 5532 5608
f 5655 5609 5608
f 5608 5606 5605
f 5605 5655 5608
f 5534 5449 5533
f 5533 5609 5534
f 5534 5535 5449
f 5611 5535 5534
f 5659 5611 5610
f 5611 5534 5610
f 5610 5534 5609
f 5679 5677 5658
f 5658 5676 5679
f 5659 5610 5658
f 5658 5678 5659
f 5677 5678 5658
f 5538 5452 5537
f 5537 5452 5536
f 5614 5539 5537
f 5537 5539 5538
f 5450 5452 5451
f 5536 5452 5450
f 5451 5344 5450
f 5344 5343 5450
f 5659 5613 5612
f 5612 5535 5659
f 5607 5529 5528
f 5528 5532 5607
f 5606 5532 5528
f 5528 5527 5606
f 5528 5442 5527
f 5528 5529 5442
f 5070 4893 5069
f 5069 5211 5070
f 5075 4900 4899
f 5075 5216 5076
f 5075 5076 4901
f 4901 4900 5075
f 4414 4179 4413
f 4631 4632 4414
f 4414 4413 4631
f 4631 4413 4630
f 5686 5682 5679
f 5679 5685 5686
f 5668 5682 5683
f 5670 5668 5683
f 5683 5672 5670
f 5674 5685 5675
f 5674 5653 5648
f 5675 5654 5674
f 5654 5653 5674
f 5552 5470 5551
f 5552 5471 5470
f 5551 5625 5552
f 5625 5626 5552
f 5552 5626 5553
f 5553 5471 5552
f 4407 4606 4614
f 4407 4614 4626
f 4626 4620 4407
f 4620 4405 4407
f 5160 5010 5009
f 5009 5159 5160
f 5160 5159 5010
f 4613 4612 4836
f 4612 4835 4836
f 4836 4837 4613
f 4836 5011 5013
f 4836 4835 5011
f 5013 5014 4836
f 5014 4837 4836
f 4611 4610 4831
f 4831 4833 4611
f 4831 4610 4829
f 4829 5006 4831
f 5006 5007 4831
f 4831 5007 4833
f 5012 5024 5164
f 5164 5155 5012
f 5289 5155 5164
f 5164 5024 5023
f 5023 5171 5164
f 5171 5289 5164
f 41 36 35
f 35 15 41
f 35 36 12
f 12 15 35
f 136 179 180
f 136 135 179
f 180 137 136
f 101 135 136
f 377 286 387
f 431 320 377
f 377 320 288
f 288 278 377
f 278 286 377
f 178 179 134
f 522 433 431
f 387 435 522
f 435 433 522
f 431 433 322
f 322 433 323
f 322 323 241
f 322 241 239
f 239 321 322
f 282 213 281
f 283 213 282
f 521 386 520
f 694 521 520
f 383 517 518
f 517 689 518
f 519 689 692
f 383 518 519
f 519 518 689
f 691 517 690
f 691 689 517
f 690 692 691
f 692 689 691
f 129 235 172
f 235 174 172
f 97 58 96
f 58 95 96
f 134 99 133
f 117 162 163
f 163 164 118
f 218 216 163
f 173 235 129
f 129 164 173
f 219 173 164
f 3003 3004 2730
f 3003 2730 2732
f 3001 3004 3003
f 2732 2727 3003
f 3003 2727 3001
f 2150 1870 2149
f 2149 1870 1869
f 1869 2148 2149
f 2717 2988 2718
f 2718 2427 2717
f 2718 2988 2719
f 3261 2989 3260
f 3064 3283 3341
f 3283 3569 3341
f 3648 3645 3341
f 3341 3065 3064
f 3341 3342 3065
f 3341 3645 3646
f 3646 3342 3341
f 3647 3567 3648
f 3648 3341 3647
f 3647 3341 3569
f 3280 3567 3568
f 3568 3569 3281
f 3568 3647 3569
f 3567 3647 3568
f 4773 4945 4775
f 4090 4329 4330
f 4549 4334 4548
f 4550 4334 4549
f 4549 4780 4550
f 4335 4334 4551
f 4093 4334 4335
f 4336 4335 4551
f 4093 4335 4336
f 2991 3261 3262
f 3835 4091 4092
f 3835 3833 4091
f 4953 5022 4846
f 4950 5112 5113
f 4950 5111 5112
f 5109 5111 4950
f 4948 5108 5109
f 4948 4947 5108
f 2992 3264 3265
f 4089 4329 4090
f 4088 4329 4089
f 3557 3264 3556
f 3556 3264 3555
f 3556 3839 3557
f 3554 3553 3555
f 3555 3264 3554
f 5369 5368 5370
f 5369 5243 5368
f 5244 5243 5369
f 5369 5245 5244
f 5369 5370 5246
f 5246 5245 5369
f 5467 5364 5466
f 5365 5364 5467
f 5466 5468 5467
f 5467 5468 5365
f 4944 4945 4773
f 5240 5105 5104
f 5104 5105 4945
f 5239 5240 5104
f 3356 3666 3654
f 3654 3653 3356
f 3345 3653 3654
f 3654 3916 3911
f 3666 3916 3654
f 3911 3650 3654
f 3650 3345 3654
f 3079 3352 3353
f 3353 3344 3079
f 3352 3653 3353
f 3837 4094 4095
f 4176 3933 4158
f 4158 3933 3908
f 3908 3907 4158
f 3839 3838 3909
f 3909 4158 3907
f 3840 3839 3909
f 3909 3848 3840
f 3648 3848 3909
f 3909 3907 3648
f 3354 3081 3080
f 3354 3355 3081
f 3080 3082 3354
f 3359 3355 3357
f 3357 3083 3359
f 3357 3082 3083
f 3357 3354 3082
f 3355 3354 3357
f 4397 4398 4162
f 3929 4171 4172
f 4398 4397 4172
f 4172 4161 3929
f 4162 4161 4172
f 4172 4397 4162
f 3913 4161 4162
f 3912 4161 3913
f 4162 4159 3913
f 3913 4159 3910
f 3650 3912 3913
f 3913 3910 3650
f 5019 4842 5018
f 5019 5166 5169
f 5018 5166 5019
f 5565 5484 5503
f 5503 5485 5565
f 5565 5485 5484
f 5566 5562 5631
f 5631 5561 5566
f 5562 5561 5631
f 5567 5566 5490
f 5566 5489 5490
f 5490 5489 5398
f 5398 5397 5490
f 4133 3884 4132
f 4132 4371 4133
f 4988 4812 4987
f 4988 4989 4812
f 4994 4988 4987
f 4989 4988 4994
f 4812 4989 4814
f 5628 5557 5627
f 5628 5636 5566
f 5566 5630 5628
f 5628 5580 5646
f 5646 5633 5628
f 5628 5633 5636
f 5627 5581 5628
f 5581 5580 5628
f 3321 3042 3041
f 3041 3040 3321
f 2766 3040 3041
f 3623 3889 3890
f 3044 3045 2769
f 3044 3324 3045
f 661 886 887
f 887 888 661
f 887 886 885
f 887 1122 1123
f 885 1122 887
f 1123 1375 1124
f 1124 1375 1376
f 1376 1125 1124
f 889 888 1124
f 1124 1125 889
f 1652 1370 1651
f 1651 1918 1652
f 1918 1656 1652
f 1626 1625 1897
f 2184 1896 2183
f 1897 1896 2184
f 3337 3339 3061
f 3321 3040 3320
f 3320 3322 3321
f 3320 3040 3061
f 3061 3339 3320
f 3045 3324 3323
f 3323 3322 3045
f 3043 3042 3321
f 3321 3322 3043
f 3324 3044 3043
f 3043 3323 3324
f 3322 3323 3043
f 4368 4130 4367
f 3620 3322 3619
f 3889 3623 3622
f 4135 4130 4366
f 4366 4374 4136
f 4136 4135 4366
f 4374 4137 4136
f 3890 3889 4136
f 4136 4137 3890
f 3618 3322 3617
f 3617 3880 3618
f 3619 3322 3618
f 3643 3884 3883
f 3883 3880 3643
f 3883 3884 3619
f 3619 3618 3883
f 3883 3618 3880
f 3905 3884 3643
f 3905 4131 3884
f 782 588 780
f 782 783 588
f 1006 783 782
f 782 778 1006
f 780 778 782
f 1510 1509 1795
f 1510 1792 1502
f 1510 1502 1241
f 1241 1509 1510
f 1510 1795 1794
f 1794 1792 1510
f 1518 1502 1252
f 1252 1512 1518
f 1251 1512 1252
f 1013 1251 1252
f 1252 1249 1013
f 1530 1529 1806
f 1806 1805 1530
f 1529 1805 1806
f 1808 1531 1530
f 1528 1803 1804
f 1804 1805 1528
f 1803 1805 1804
f 1021 799 794
f 796 799 1021
f 794 1025 1021
f 1021 1025 796
f 1024 1023 1026
f 1026 796 1024
f 796 1025 1024
f 794 1023 1024
f 1024 1025 794
f 1032 1031 1030
f 1030 1156 1032
f 1031 796 1030
f 3188 3189 2915
f 2915 3186 3188
f 3190 3189 3188
f 3188 3186 3190
f 3771 4031 4032
f 4032 4033 3771
f 4032 4277 4278
f 4278 4038 4032
f 4038 4033 4032
f 4031 4030 4032
f 4030 4275 4032
f 3473 3194 3474
f 3474 3194 3191
f 3474 3190 3473
f 3474 3191 3190
f 1033 927 1167
f 1167 1275 1033
f 1165 1275 1166
f 923 1165 1166
f 1166 926 923
f 927 926 1166
f 921 919 1161
f 1415 1162 1161
f 1161 1162 921
f 1161 1414 1415
f 1159 1414 1161
f 685 917 918
f 918 919 685
f 2267 1973 1972
f 1972 1973 1706
f 1972 2085 2267
f 2084 2085 1811
f 1811 1972 1706
f 2085 1972 1811
f 1029 796 1028
f 1028 1270 1029
f 1029 1030 796
f 2934 2656 2933
f 1335 1607 1608
f 1336 1335 1608
f 1608 1609 1336
f 1627 1609 1608
f 1880 1900 1627
f 1627 1608 1880
f 1880 1608 1607
f 1403 1701 1702
f 1702 1607 1403
f 1702 1701 1699
f 1699 1900 1702
f 1353 1627 1628
f 1895 1631 1903
f 1622 1631 1895
f 2183 1896 1895
f 1895 1896 1624
f 1624 1622 1895
f 1356 1108 1354
f 2248 2528 2249
f 1953 1952 2249
f 2249 2250 1953
f 1956 1957 1685
f 1685 1957 1686
f 1685 1683 1956
f 1685 1684 1683
f 1685 1686 1393
f 1393 1684 1685
f 3350 3075 3349
f 3349 3664 3350
f 3664 3362 3350
f 2247 2526 2527
f 2526 2810 2527
f 2527 2528 2247
f 2819 2528 2527
f 2817 3087 3085
f 2817 2527 2810
f 4164 4165 3919
f 3919 3924 4164
f 3662 3924 3919
f 4166 4167 4168
f 4168 4167 4394
f 4394 4407 4168
f 4168 4407 4405
f 4168 3924 4166
f 4625 4405 4624
f 4621 4842 4843
f 3086 2817 3085
f 3085 3362 3363
f 3363 3086 3085
f 3927 4165 4170
f 4165 4404 4170
f 4170 3936 3927
f 3349 3661 3660
f 3661 3348 3660
f 3663 3664 3349
f 3349 3660 3663
f 3926 4165 3927
f 3926 3921 4165
f 3927 3664 3926
f 5567 5490 5559
f 5559 5628 5630
f 5559 5566 5567
f 5559 5630 5566
f 5414 5501 5502
f 5502 5501 5556
f 1971 1700 1970
f 1970 2265 1971
f 1971 2265 2266
f 1969 1700 1971
f 1971 2266 2190
f 1971 1903 1969
f 1971 2190 1903
f 1687 1958 1959
f 1959 1958 2256
f 1959 1688 1687
f 1959 1960 1688
f 1959 2256 1960
f 2255 1958 2254
f 2256 1958 2255
f 2535 2256 2255
f 2255 2534 2535
f 2254 2534 2255
f 1689 1961 1962
f 1961 2260 1962
f 1962 1963 1689
f 1962 2260 2261
f 2261 1963 1962
f 1964 1963 2261
f 1964 2262 1965
f 1964 2261 2262
f 1965 1691 1964
f 1691 1963 1964
f 1117 1116 1350
f 1350 1116 1105
f 1625 1626 1350
f 1624 1625 1350
f 1105 1104 1349
f 1349 1104 1108
f 1108 1356 1349
f 1349 1350 1105
f 1622 1623 1349
f 1349 1623 1624
f 1624 1350 1349
f 1354 1622 1349
f 1349 1356 1354
f 885 1119 1120
f 1120 1121 885
f 1119 1121 1120
f 487 363 485
f 487 485 655
f 655 659 487
f 1371 1655 1372
f 1372 1655 1657
f 1376 1374 1372
f 1372 1658 1376
f 1657 1658 1372
f 1372 1374 1373
f 1123 1371 1372
f 1372 1373 1123
f 1330 1329 1154
f 1329 912 1154
f 1153 912 911
f 1409 1154 1153
f 1153 1154 912
f 573 770 772
f 770 1000 772
f 772 998 1002
f 772 773 573
f 772 1002 773
f 770 998 1001
f 1001 1000 770
f 998 772 1001
f 1001 772 1000
f 1504 1791 1505
f 1505 1238 1504
f 1502 1238 1237
f 1237 1238 998
f 1237 1236 1502
f 998 1236 1237
f 1502 1791 1503
f 1503 1238 1502
f 1791 1504 1503
f 1503 1504 1238
f 3491 3490 3492
f 3206 3490 3208
f 3208 3207 3206
f 3490 3491 3208
f 2939 3207 3208
f 3492 3493 3208
f 3208 3491 3492
f 3208 2940 2939
f 3208 3493 3494
f 3206 3479 3488
f 3193 3479 3480
f 3480 3479 3206
f 2644 2643 2930
f 2645 2644 2930
f 2344 2639 2640
f 2640 2641 2344
f 2639 2641 2640
f 2923 2924 2639
f 2639 2922 2923
f 2923 2921 3193
f 2923 2922 2921
f 2925 2641 2639
f 2639 2924 2925
f 1798 2072 2069
f 2071 2072 1798
f 1798 1797 2071
f 1525 1797 1798
f 1798 1526 1525
f 2068 2348 2349
f 2348 2350 2349
f 2349 2069 2068
f 1256 1516 1520
f 1520 1519 1256
f 1245 1012 1248
f 1248 1010 1245
f 1012 1010 1248
f 1513 1251 1243
f 1513 1512 1251
f 1513 1243 1242
f 1242 1512 1513
f 1015 1250 1014
f 1015 1011 1250
f 1014 787 1015
f 1015 787 1011
f 790 788 592
f 592 787 790
f 1016 788 790
f 1014 1016 790
f 790 787 1014
f 2035 2036 1767
f 2033 2320 2035
f 2035 2320 2036
f 2319 2033 2317
f 2317 2320 2319
f 2319 2320 2033
f 2608 2607 2322
f 2322 2320 2608
f 2317 2607 2608
f 2608 2320 2317
f 2895 2896 2611
f 2611 2894 2895
f 3162 2896 2895
f 2893 3162 2895
f 2895 2894 2893
f 1490 1781 1495
f 1781 1496 1495
f 1495 1233 1490
f 1495 1496 1233
f 1497 1501 1498
f 1235 1501 1497
f 1497 1498 1234
f 1234 1235 1497
f 1793 1506 1786
f 1786 1790 1793
f 1501 1790 1786
f 1786 1506 1498
f 1498 1501 1786
f 1787 2066 1788
f 1788 1501 1787
f 1787 1501 1500
f 2068 2066 1787
f 1500 1785 1787
f 1785 2065 1787
f 1789 1501 1788
f 1788 1790 1789
f 1789 1790 1501
f 723 536 722
f 722 724 723
f 540 725 726
f 540 724 725
f 540 541 390
f 726 541 540
f 1771 1477 1476
f 1482 1477 1771
f 1478 1477 1772
f 1772 1477 1482
f 1772 1482 1481
f 1772 1479 1478
f 1481 1479 1772
f 1175 936 935
f 1175 935 934
f 934 1174 1175
f 1997 1998 1738
f 2288 1999 2287
f 2292 2291 2572
f 2568 2567 2572
f 2566 2573 2572
f 2572 2567 2566
f 1443 1737 1738
f 1443 2000 1739
f 1738 2000 1443
f 1186 1736 1443
f 4659 4438 4437
f 4659 4660 4438
f 4659 4437 4658
f 4658 4660 4659
f 4876 4877 4668
f 4668 4875 4876
f 4876 4881 4877
f 5049 4881 4876
f 4884 5049 4876
f 4876 4875 4884
f 4666 4441 4665
f 4665 4667 4666
f 4666 4667 4441
f 4673 4881 4883
f 4883 4881 5049
f 4883 4675 4673
f 4883 4676 4675
f 4883 5049 4884
f 4884 4676 4883
f 2001 2002 1740
f 2289 2002 2001
f 2001 1740 1739
f 1742 1741 2003
f 2003 2004 1742
f 2003 2291 2004
f 2290 2291 2003
f 2860 2859 3121
f 2859 3119 3121
f 3121 3120 2860
f 3400 3120 3121
f 3121 3399 3400
f 3121 3119 3399
f 3114 3119 3118
f 2858 2579 2857
f 2857 3117 2858
f 2859 2579 2858
f 2858 3117 3114
f 3114 3118 2858
f 2858 3119 2859
f 2858 3118 3119
f 2887 2888 2604
f 2889 2888 2887
f 4442 4444 4443
f 4443 4444 4213
f 4443 4211 4442
f 4213 4211 4443
f 4213 4444 4445
f 4445 4446 4213
f 4451 4450 4220
f 4220 4219 4451
f 4451 4218 4450
f 4451 4219 4218
f 4435 4208 4429
f 4429 4428 4435
f 4198 4208 4217
f 4198 4431 4208
f 4217 4215 4198
f 4198 4215 4202
f 4198 4199 3956
f 4202 4199 4198
f 3956 4201 4198
f 4201 4428 4198
f 4428 4429 4198
f 4868 4865 5031
f 5031 4864 4868
f 4865 4864 5031
f 4868 4864 5030
f 5030 5032 4868
f 4999 5032 5030
f 4865 4655 4867
f 4434 4428 4656
f 4656 4655 4434
f 4428 4655 4656
f 3610 3627 3608
f 3608 3611 3610
f 3330 3329 3628
f 3628 3329 3627
f 3045 3327 3328
f 3328 3329 3045
f 3893 4148 4149
f 4147 4148 3893
f 3893 3879 3894
f 4200 4201 3956
f 3956 4197 4200
f 4427 4426 4201
f 4427 4197 4426
f 4201 4200 4427
f 4427 4200 4197
f 4111 4352 4116
f 4116 4352 4113
f 4113 4352 4114
f 4651 4432 4426
f 2177 1890 2176
f 2837 3103 3104
f 3104 2838 2837
f 2837 2553 2842
f 2838 2551 2837
f 2551 2553 2837
f 2842 2841 2837
f 3378 3379 3104
f 3104 3103 3378
f 3102 2841 3106
f 3106 3103 3102
f 3102 2837 2841
f 3103 2837 3102
f 3295 3062 3063
f 3063 3020 3295
f 3381 3295 3585
f 3384 3107 3388
f 4197 3955 3954
f 3955 3688 3954
f 4207 4209 3966
f 4206 4209 4207
f 3966 3965 4207
f 3965 4206 4207
f 4217 3972 4216
f 4216 4215 4217
f 3972 4215 4216
f 3715 3968 3969
f 3969 3970 3715
f 3968 3970 3969
f 3966 4211 4212
f 4211 3970 4212
f 4212 3968 3966
f 4212 3970 3968
f 5186 5285 5313
f 5313 5314 5186
f 5285 5314 5313
f 5149 4997 5148
f 4997 5147 5148
f 5278 5277 5285
f 5278 5140 5277
f 5278 5147 5141
f 5278 5285 5149
f 5149 5148 5278
f 5278 5148 5147
f 5276 5275 5277
f 5276 5136 5275
f 3983 3734 3979
f 3979 3978 3983
f 3979 3731 3978
f 3982 4225 4226
f 3981 4224 3982
f 4223 4225 3982
f 3982 4224 4223
f 3982 3734 3981
f 5204 5331 5332
f 5332 5206 5204
f 5207 5206 5332
f 5331 5333 5332
f 5332 5333 5207
f 5058 5062 5059
f 5062 5060 5059
f 4884 5058 5059
f 5059 5060 4884
f 4235 3993 4232
f 4232 3993 3990
f 4232 4234 4235
f 3990 4234 4232
f 3739 3738 3987
f 3740 3739 3987
f 3987 3993 3740
f 3987 3738 3991
f 3991 3990 3987
f 3990 3993 3987
f 945 1181 1182
f 1182 1179 1439
f 1181 1179 1182
f 1995 1733 1737
f 1995 1736 1735
f 1735 1733 1995
f 1176 936 1178
f 936 1175 1177
f 1177 1178 936
f 1437 1178 1177
f 1731 1432 1730
f 1731 1437 1432
f 1176 1435 1436
f 1436 1179 1176
f 1435 1733 1438
f 1439 1179 1438
f 2275 2505 2277
f 2274 2505 2275
f 2277 2276 2275
f 1979 2274 2275
f 2275 2276 1979
f 1934 1935 2226
f 1933 1935 1668
f 1667 1933 1668
f 1668 1934 1669
f 1668 1935 1934
f 1669 1378 1668
f 1668 1378 1667
f 2222 2501 2223
f 2509 2231 2503
f 1664 1612 1883
f 1664 1883 1882
f 1377 1612 1664
f 1664 1665 1377
f 1664 1933 1667
f 1667 1378 1664
f 2224 1935 1932
f 1932 1935 1933
f 1932 2164 2222
f 1933 1664 1932
f 1932 2223 2224
f 2222 2223 1932
f 2180 2163 1881
f 2180 1881 1893
f 2222 2163 2180
f 1981 2273 2279
f 2279 1982 1981
f 1982 1723 1981
f 1723 1722 1981
f 2556 2280 2555
f 2849 2561 2848
f 3109 2846 3108
f 3108 3386 3110
f 3108 2846 3107
f 3107 3386 3108
f 2560 2561 2282
f 2282 2559 2560
f 2836 2840 2843
f 2555 2551 2836
f 2551 2840 2836
f 3105 2840 3104
f 3104 3380 3105
f 2843 2840 3105
f 3105 3107 2843
f 3105 3380 3107
f 1986 1985 2283
f 2283 1987 1986
f 1726 1985 1986
f 1986 1987 1726
f 1618 1610 1621
f 1621 1347 1618
f 1348 1621 1610
f 1103 1347 1348
f 1347 1621 1348
f 2494 2785 2495
f 2495 2215 2211
f 2784 2785 2494
f 2784 2498 2787
f 2787 2785 2784
f 2221 2201 2200
f 2200 1911 2199
f 2201 1911 2200
f 2218 2217 2485
f 2485 2478 2202
f 2202 2484 2485
f 2213 2218 1930
f 1930 2214 2213
f 2213 2214 1928
f 1928 2217 2213
f 2213 2217 2218
f 2787 2498 2497
f 2498 2217 2497
f 2497 2785 2787
f 2497 2217 2496
f 2496 2495 2497
f 2169 2450 2451
f 2451 2170 2169
f 2450 2170 2451
f 2171 2450 2174
f 2174 2172 2171
f 2173 2172 2174
f 2174 2165 2173
f 1889 2165 2174
f 2174 2175 1889
f 2174 2450 2176
f 2176 1890 2174
f 1890 2175 2174
f 2168 2169 1887
f 1887 2167 2168
f 2168 2167 2169
f 2445 2167 2166
f 1912 1911 2166
f 1887 1912 2166
f 2166 2167 1887
f 2772 2480 2771
f 2169 2445 2446
f 2452 2449 2448
f 2448 2449 2169
f 1894 1890 1620
f 1894 2175 1890
f 1620 1889 1894
f 1889 2175 1894
f 1114 1365 1115
f 1363 1365 1114
f 1364 1363 1114
f 1114 1113 1364
f 1114 1115 880
f 880 1113 1114
f 1662 1905 1634
f 1634 1905 1641
f 1633 1358 1632
f 1633 1634 1358
f 879 878 890
f 656 657 486
f 486 490 656
f 663 888 889
f 663 656 490
f 889 890 663
f 663 890 878
f 663 878 657
f 657 656 663
f 2194 1907 1905
f 1930 2221 2194
f 2194 1905 1930
f 2194 2200 2199
f 2221 2200 2194
f 1640 1909 1643
f 1643 1909 1644
f 1613 1365 1363
f 1340 1365 1613
f 1099 1098 1103
f 1103 1100 1099
f 1127 1338 1377
f 1127 1100 1338
f 652 653 481
f 654 653 652
f 481 484 652
f 484 654 652
f 651 650 867
f 869 651 867
f 649 868 867
f 867 650 649
f 1670 1378 1669
f 1666 1378 1670
f 1669 1936 1670
f 1936 1671 1670
f 1670 1671 1379
f 1379 1666 1670
f 1198 963 1197
f 1197 1453 1198
f 1197 1196 1453
f 965 733 964
f 733 963 964
f 964 963 1199
f 1199 1200 964
f 1200 1201 964
f 964 1201 969
f 964 1202 965
f 969 1202 964
f 735 740 973
f 1459 1460 1203
f 1203 1458 1459
f 1203 1201 1458
f 969 1201 1203
f 1203 1204 969
f 1205 1204 1203
f 1203 1461 1205
f 1203 1460 1461
f 1756 1757 1464
f 1466 1761 1756
f 1756 1464 1466
f 1464 1757 1758
f 1758 1757 2028
f 1764 1472 1762
f 1472 1467 1762
f 1762 1761 2027
f 2027 1764 1762
f 1762 1756 1761
f 2028 1757 1762
f 1757 1756 1762
f 1763 1467 1471
f 1471 1467 1472
f 1471 1472 1214
f 1469 1468 1470
f 1468 1467 1470
f 1470 1467 1763
f 1214 1469 1470
f 1470 1471 1214
f 1763 1471 1470
f 2298 2579 2580
f 2580 2581 2298
f 2579 2581 2580
f 1459 1753 1754
f 2016 2017 1754
f 1754 1755 1459
f 1754 2019 1755
f 1754 2015 2016
f 1753 2014 1754
f 2014 2015 1754
f 2310 2309 2595
f 2310 2020 2309
f 2595 2311 2310
f 2311 2020 2310
f 2019 1754 2018
f 2018 1754 2017
f 2018 2020 2019
f 2018 2308 2020
f 3155 2889 3154
f 2889 3152 3154
f 3154 2890 3155
f 3156 2890 3154
f 3440 3441 3154
f 3154 3441 3156
f 2604 2599 2880
f 2880 2887 2604
f 2889 2887 2880
f 2884 2883 3150
f 3150 2883 3149
f 3150 3151 2884
f 3435 3149 3434
f 3434 3436 3435
f 3435 3150 3149
f 3436 3150 3435
f 3437 3436 3740
f 3437 3740 3439
f 3151 3150 3437
f 3437 3150 3436
f 3439 3153 3437
f 3153 3151 3437
f 3145 2882 2881
f 3145 3146 2882
f 2881 3143 3145
f 3143 3146 3145
f 3407 3419 3411
f 3411 3129 3407
f 3411 3419 3412
f 3412 3130 3411
f 3130 3129 3411
f 2873 2596 2872
f 2872 2596 2594
f 2594 2593 2872
f 2593 2870 2871
f 2871 2870 3135
f 2871 2872 2593
f 2871 3135 2873
f 2873 2872 2871
f 3803 3805 3804
f 3804 3512 3803
f 3805 3514 3804
f 3804 3514 3512
f 3506 3222 3508
f 3508 3224 3506
f 3222 3506 3223
f 3223 3506 3224
f 2391 2679 2388
f 2677 2679 2391
f 2391 2386 2677
f 2391 2388 2105
f 2105 2386 2391
f 2105 2387 2102
f 2102 2386 2105
f 2387 2103 2102
f 2103 1829 2102
f 1545 1548 1285
f 1545 1546 1818
f 1545 1285 1283
f 1283 1546 1545
f 2093 2095 2094
f 2094 1820 2093
f 2093 1820 1819
f 2381 2098 2097
f 2381 2382 2098
f 2097 2379 2381
f 2379 2382 2381
f 3234 3518 3516
f 3518 3807 3516
f 3516 3517 3234
f 3516 3808 3517
f 3516 3807 3808
f 3819 3531 3818
f 3238 3529 3530
f 3530 3531 3238
f 3523 3529 3238
f 3238 3236 3523
f 3524 3236 3238
f 3238 2971 3242
f 3239 2971 3238
f 3242 3241 3238
f 3241 3524 3238
f 3238 3528 3239
f 3526 3527 3238
f 3238 3527 3528
f 3531 3819 3813
f 3813 4074 4071
f 4073 4074 3813
f 3813 3819 4073
f 4313 4532 4314
f 4314 4532 4318
f 3815 3527 3526
f 3814 4076 3815
f 4531 4764 4765
f 4765 4766 4531
f 4320 4536 4321
f 4321 4080 4320
f 4322 4080 4321
f 4321 4536 4325
f 4325 4085 4321
f 4321 4085 4322
f 4316 4528 4311
f 4311 4317 4073
f 4073 4316 4311
f 4311 4074 4317
f 4311 4310 4074
f 4071 4310 4311
f 4311 4312 4071
f 4311 4528 4312
f 4530 4528 4762
f 4312 4528 4530
f 4762 4529 4530
f 4529 4312 4530
f 4533 4316 4527
f 4533 4528 4316
f 4527 4759 4533
f 4759 4528 4533
f 4936 4937 5095
f 5226 5084 5225
f 5084 5082 5225
f 5085 5084 5229
f 5374 5356 5354
f 5374 5474 5375
f 5354 5356 5355
f 5232 5231 5355
f 5355 5356 5232
f 5226 5351 5352
f 5351 5457 5352
f 5220 5346 5221
f 5219 5346 5220
f 5221 5079 5220
f 5220 5079 5078
f 5220 5078 5077
f 5077 5219 5220
f 5455 5456 5351
f 5351 5349 5455
f 5348 5454 5455
f 5455 5349 5348
f 5542 5456 5541
f 5541 5544 5542
f 5541 5455 5454
f 5456 5455 5541
f 5540 5544 5541
f 5541 5454 5540
f 4760 4759 4929
f 4929 4921 4760
f 4929 4759 4757
f 4757 4921 4929
f 4761 4528 4760
f 4760 4921 4761
f 4762 4528 4761
f 4761 4921 4762
f 4737 4738 4497
f 4737 4921 4738
f 454 338 453
f 338 452 453
f 453 616 454
f 453 615 616
f 453 614 615
f 453 452 614
f 2097 1825 1823
f 1550 1551 1287
f 1550 1825 1551
f 1550 1823 1825
f 1541 1715 1813
f 1813 1812 1541
f 1419 1163 1418
f 1418 1714 1419
f 1714 1717 1419
f 1164 1163 1420
f 1163 1419 1420
f 1420 1419 1717
f 2683 2395 2684
f 2684 2394 2683
f 2395 2394 2684
f 2691 2692 2403
f 2403 2688 2691
f 2691 2688 2687
f 2685 2395 2689
f 2395 2688 2689
f 2689 2401 2685
f 2402 2401 2689
f 2689 2688 2402
f 1307 1571 1308
f 1308 1067 1307
f 1307 1306 1571
f 1307 1067 1306
f 2702 2703 2411
f 2701 2975 2702
f 2702 2411 2701
f 3542 3253 3252
f 3541 3540 3543
f 3541 3250 3540
f 3541 3543 3253
f 3253 3542 3541
f 2977 2707 2706
f 2977 2708 2707
f 2979 2708 2977
f 3539 3248 3538
f 3539 3250 3248
f 3538 3823 3539
f 3539 3823 3824
f 3824 3540 3539
f 3540 3250 3539
f 2711 2422 2709
f 2712 2422 2711
f 2713 2422 2712
f 2423 2422 2713
f 2712 2714 2713
f 2713 2714 2423
f 448 334 447
f 334 333 447
f 185 186 142
f 142 141 185
f 141 184 185
f 184 247 185
f 183 184 140
f 243 184 183
f 140 182 183
f 183 242 243
f 182 242 183
f 442 329 441
f 328 440 441
f 441 329 328
f 330 443 444
f 330 329 442
f 442 443 330
f 327 440 328
f 328 245 327
f 696 926 927
f 925 926 696
f 695 694 696
f 696 694 925
f 695 696 526
f 526 525 695
f 526 436 527
f 526 387 525
f 526 527 387
f 803 602 801
f 1034 807 803
f 1276 1278 1537
f 1278 1541 1537
f 1537 1812 1544
f 1537 1541 1812
f 1038 1278 1276
f 1038 807 1033
f 1277 1278 1038
f 1539 1717 1714
f 1041 1281 1043
f 1043 819 1041
f 819 811 1041
f 606 808 607
f 444 443 606
f 809 612 611
f 607 808 611
f 3796 4049 4050
f 4050 3794 3796
f 4050 4049 4288
f 4051 3797 4050
f 3797 3794 4050
f 4050 4052 4051
f 4291 4052 4050
f 4050 4288 4291
f 1544 1812 1816
f 1816 1814 1544
f 1816 2091 2090
f 1816 1815 1814
f 1547 1815 1816
f 2090 1819 1816
f 1819 1547 1816
f 3211 2940 3210
f 3210 3499 3211
f 3210 3497 3498
f 3496 3497 3210
f 3213 3498 3500
f 3500 3214 3213
f 3213 3210 3498
f 3499 3210 3213
f 2949 2946 3213
f 3213 3214 2949
f 2946 3211 3213
f 3211 3499 3213
f 2047 2331 2332
f 2047 2328 2329
f 2329 2330 2047
f 2330 2331 2047
f 1775 1777 1487
f 4555 4341 4346
f 4555 4556 4341
f 4557 4558 4344
f 4557 4786 4558
f 4344 4342 4557
f 4342 4556 4557
f 5098 4961 5122
f 4961 5121 5122
f 5375 5357 5256
f 5256 5122 5121
f 5255 5374 5375
f 5375 5256 5255
f 4958 4787 4786
f 4788 4787 4958
f 5119 5115 5118
f 5118 5252 5119
f 5252 5253 5119
f 5118 5115 4954
f 4954 5117 5118
f 5116 5117 4954
f 2424 2714 2716
f 2424 2715 2714
f 2424 2716 2435
f 2424 2425 2141
f 2424 2435 2425
f 2141 2423 2424
f 2423 2715 2424
f 3256 3274 3002
f 3002 2983 3256
f 3256 3255 3274
f 3256 2983 3255
f 2614 2612 2897
f 2897 2617 2614
f 2900 2617 2897
f 2897 2896 2900
f 2897 2612 2611
f 2611 2896 2897
f 3449 3451 3170
f 3170 3168 3449
f 3168 3448 3449
f 3444 3451 3449
f 3449 3448 3444
f 3158 2892 3157
f 3157 3445 3158
f 3446 3445 3447
f 3447 3445 3444
f 3444 3168 3447
f 3168 3167 3447
f 3166 3167 2903
f 3446 3447 3166
f 3166 3447 3167
f 4001 4242 4243
f 4244 4002 4001
f 4001 4243 4244
f 4245 4242 4001
f 4235 4468 4236
f 4236 3996 4235
f 4468 4237 4236
f 4237 3996 4236
f 3999 3746 3998
f 3998 4238 3999
f 3999 4238 4000
f 3748 3451 3747
f 3451 3746 3747
f 3747 4000 3748
f 3747 3999 4000
f 3746 3999 3747
f 4485 4258 4483
f 4483 4482 4716
f 4913 4915 4914
f 4914 4721 4913
f 4915 4721 4914
f 4915 4916 4722
f 4485 4721 4722
f 4722 4721 4915
f 4250 4010 4251
f 4251 4004 4250
f 4004 4249 4250
f 4474 4475 4247
f 4473 4709 4474
f 4474 4247 4473
f 4474 4709 4708
f 4708 4710 4474
f 4485 4716 4719
f 4719 4720 4485
f 4253 4250 4249
f 4010 4250 4253
f 4255 4483 4257
f 4482 4483 4255
f 4255 4257 4015
f 4015 4256 4255
f 4255 4256 4011
f 5086 5083 5085
f 4913 4720 4911
f 4911 5086 4913
f 5083 5086 4911
f 3171 2903 3170
f 3170 3172 3171
f 3171 3172 2903
f 3450 3170 3456
f 3456 3172 3450
f 3450 3172 3170
f 5620 5548 5547
f 5621 5664 5666
f 5666 5665 5621
f 5665 5620 5621
f 5620 5547 5621
f 5660 5678 5663
f 5663 5678 5677
f 5677 5664 5663
f 4699 4704 4700
f 4471 4704 4699
f 4700 4469 4699
f 4469 4471 4699
f 4694 4465 4464
f 4694 4695 4465
f 4694 4693 4695
f 4464 4693 4694
f 5065 5208 5066
f 5066 4891 5065
f 5066 4892 4891
f 5208 5209 5066
f 4463 4462 4686
f 4464 4231 4463
f 4230 4462 4463
f 4463 4231 4230
f 5334 5439 5335
f 5335 5209 5334
f 5335 5439 5440
f 5440 5441 5335
f 5335 5210 5209
f 5335 5441 5336
f 5336 5210 5335
f 4682 5063 4890
f 5063 5064 4890
f 4890 5064 5065
f 5065 4891 4890
f 4890 4891 4682
f 5420 5504 5422
f 5504 5505 5422
f 5319 5421 5422
f 5422 5421 5420
f 5422 5423 5319
f 5506 5423 5422
f 5422 5505 5506
f 5601 5597 5604
f 5604 5526 5601
f 5527 5526 5604
f 5605 5527 5604
f 5604 5597 5605
f 5598 5520 5600
f 5520 5592 5600
f 5600 5599 5598
f 5653 5599 5600
f 5648 5653 5600
f 5600 5592 5648
f 5676 5658 5657
f 5656 5676 5657
f 5657 5609 5656
f 5657 5610 5609
f 5657 5658 5610
f 5530 5529 5446
f 5446 5531 5530
f 5530 5443 5529
f 5444 5443 5530
f 5530 5531 5444
f 5215 5214 5338
f 5214 5337 5338
f 5338 5339 5215
f 5071 5211 5074
f 5074 4897 5071
f 5215 5216 5073
f 5073 5214 5215
f 5073 5075 4899
f 5216 5075 5073
f 4899 4705 4896
f 4896 4705 4700
f 4896 5073 4899
f 5072 5073 4896
f 4700 4704 4896
f 4896 4704 4703
f 4632 4631 4848
f 4849 4632 4848
f 4848 4847 4849
f 4848 4630 4847
f 4848 4631 4630
f 5682 5686 5684
f 5684 5683 5682
f 5672 5683 5684
f 4396 4394 4162
f 4396 4407 4394
f 4162 4395 4396
f 4395 4606 4396
f 4606 4407 4396
f 102 136 137
f 101 136 102
f 102 137 103
f 102 103 63
f 63 101 102
f 510 377 387
f 431 377 510
f 387 522 510
f 510 522 431
f 237 236 235
f 431 322 432
f 432 322 321
f 432 320 431
f 432 321 320
f 214 213 284
f 284 213 283
f 694 520 693
f 925 694 693
f 693 519 692
f 520 519 693
f 693 924 925
f 692 924 693
f 383 519 384
f 281 383 384
f 384 282 281
f 384 519 520
f 130 174 131
f 130 172 174
f 129 172 130
f 94 129 130
f 130 131 94
f 176 175 236
f 176 133 175
f 236 237 176
f 132 133 99
f 175 133 132
f 132 99 97
f 97 96 132
f 131 175 132
f 132 95 131
f 132 96 95
f 215 163 162
f 215 162 212
f 218 163 215
f 212 210 215
f 210 279 215
f 215 278 218
f 215 279 278
f 290 237 235
f 287 218 288
f 288 219 287
f 3547 3548 3260
f 2428 2149 2427
f 2719 2430 2428
f 2428 2718 2719
f 2427 2718 2428
f 4545 4544 4776
f 4544 4775 4776
f 4545 4776 4777
f 4777 4776 4775
f 4331 4330 4544
f 4331 4546 4332
f 4331 4544 4545
f 4545 4546 4331
f 4543 4775 4544
f 4544 4330 4543
f 4547 4549 4548
f 4547 4546 4545
f 4548 4332 4547
f 4332 4546 4547
f 3550 3549 3551
f 3551 3262 3550
f 3550 3262 3261
f 3260 3549 3550
f 3550 3261 3260
f 4092 4093 3836
f 3836 3835 4092
f 3553 3835 3836
f 3836 4094 3837
f 3837 3553 3836
f 3552 3262 3551
f 3551 3835 3552
f 3553 3262 3552
f 3552 3835 3553
f 3549 3833 3834
f 3833 3835 3834
f 3551 3549 3834
f 3834 3835 3551
f 4846 4630 4782
f 4782 4953 4846
f 4551 4550 4782
f 4550 4781 4782
f 5022 4953 4952
f 5113 5114 4952
f 4952 5114 5022
f 4952 4782 4781
f 4953 4782 4952
f 4951 4950 5113
f 4780 4950 4951
f 4781 4780 4951
f 5113 4952 4951
f 4951 4952 4781
f 4949 4950 4780
f 4780 4549 4779
f 4779 4949 4780
f 4948 4949 4779
f 4549 4547 4779
f 5101 5237 5102
f 5102 4944 5101
f 5100 5237 5101
f 5101 4944 5100
f 3265 3266 2994
f 2994 2992 3265
f 2991 3262 3263
f 3263 2992 2991
f 3263 3262 3553
f 3553 3554 3263
f 3264 2992 3263
f 3263 3554 3264
f 2723 2432 2722
f 2998 2723 2722
f 2722 2997 2998
f 2719 2989 2990
f 2989 3261 2990
f 2990 3261 2991
f 5103 5238 5239
f 5239 5104 5103
f 5236 5238 5103
f 4945 4944 5103
f 5103 5104 4945
f 5103 5102 5236
f 4944 5102 5103
f 3345 3344 3649
f 3344 3353 3649
f 3649 3653 3345
f 3649 3353 3653
f 4096 3838 3837
f 3837 4095 4096
f 4094 4336 4337
f 4337 4095 4094
f 4412 4413 4179
f 4630 4413 4412
f 4097 3909 3838
f 3838 4096 4097
f 4176 4158 4097
f 4158 3909 4097
f 3934 4176 4097
f 4408 4172 4171
f 4408 4171 4409
f 4607 4398 4408
f 4398 4172 4408
f 4409 4627 4408
f 4408 4627 4607
f 5311 5413 5414
f 5414 5378 5311
f 5306 5305 5311
f 5305 5413 5311
f 4992 4812 4991
f 4991 5146 4992
f 4992 4993 4812
f 4987 4993 4992
f 4987 4992 5142
f 5142 4992 5146
f 5284 5283 5394
f 5393 5396 5394
f 5394 5396 5484
f 5484 5387 5394
f 5387 5284 5394
f 5384 5286 5267
f 5398 5396 5399
f 5396 5395 5399
f 5282 5396 5393
f 5282 5395 5396
f 5393 5394 5282
f 5282 5394 5283
f 5281 5146 5282
f 5146 5154 5282
f 4367 4579 4580
f 4372 4133 4371
f 4815 4814 4989
f 4815 4977 4803
f 4989 4994 4815
f 4994 4977 4815
f 4814 4815 4586
f 5141 4997 4996
f 2768 3041 3042
f 3042 3043 2768
f 2768 3043 3044
f 2769 2480 2768
f 2768 3044 2769
f 1654 1370 1653
f 1370 1652 1653
f 1371 1654 1653
f 1653 1656 1371
f 1653 1652 1656
f 2210 2493 2494
f 2494 2495 2210
f 2210 1923 1922
f 2210 2495 2211
f 2210 1922 2207
f 2210 2211 1924
f 1924 1923 2210
f 881 1117 1118
f 1118 884 881
f 1118 1119 885
f 885 884 1118
f 1367 1368 1119
f 1367 1626 1368
f 1119 1118 1367
f 3614 3880 3617
f 3643 3880 3614
f 3617 3322 3614
f 3320 3613 3614
f 3644 3643 3614
f 3614 3613 3644
f 4366 4130 4369
f 4130 4368 4369
f 3326 3327 3045
f 3326 3623 3327
f 3326 3622 3623
f 3884 4130 3885
f 4130 4135 3885
f 3619 3884 3885
f 4135 4136 3885
f 3886 3620 3619
f 3619 3885 3886
f 1502 1792 1514
f 1514 1252 1502
f 1792 1519 1514
f 1519 1520 1514
f 1514 1520 1516
f 1514 1516 1515
f 1515 1249 1514
f 1249 1252 1514
f 2080 2359 2360
f 2360 2361 2080
f 4276 4275 4277
f 4277 4032 4276
f 4276 4032 4275
f 1421 1275 1165
f 1421 1535 1275
f 1421 1165 1164
f 1164 1420 1421
f 1421 1420 1719
f 917 1159 1160
f 1160 918 917
f 919 918 1160
f 1159 1161 1160
f 1160 1161 919
f 1533 1811 1706
f 2083 2362 2084
f 1808 2360 2083
f 2083 2359 2362
f 2083 2360 2359
f 1157 1156 1410
f 1410 1411 1157
f 1156 1030 1271
f 1030 1029 1271
f 1271 1410 1156
f 1627 1900 1901
f 1901 1628 1627
f 1901 1699 1969
f 1901 1900 1699
f 1902 2189 1903
f 1969 2189 1902
f 1902 1901 1969
f 1628 1901 1902
f 1353 1628 1629
f 1629 1355 1353
f 1629 1631 1355
f 1628 1902 1629
f 1903 1631 1629
f 1629 1902 1903
f 2250 2249 2530
f 2530 2531 2250
f 2530 2822 2531
f 2823 2824 2532
f 2532 2822 2823
f 2531 2822 2532
f 1953 2250 2251
f 2250 2531 2251
f 2531 2532 2251
f 3075 3350 3076
f 3076 2808 3075
f 3087 2817 3077
f 3077 3076 3087
f 3077 2810 2809
f 3077 2817 2810
f 2809 2808 3077
f 2808 3076 3077
f 4164 3924 4169
f 3924 4168 4169
f 4164 4169 4402
f 4402 4169 4168
f 4402 4165 4164
f 4622 4405 4621
f 4621 4843 4622
f 4616 4617 4403
f 4617 4618 4403
f 4403 4402 4616
f 4165 4402 4403
f 4403 4404 4165
f 4416 4404 4403
f 2819 2527 2818
f 2818 3086 2819
f 2527 2817 2818
f 2817 3086 2818
f 3659 3660 3348
f 3921 3663 3922
f 3922 3663 3660
f 3922 3659 3921
f 3660 3659 3922
f 3925 3663 3921
f 3921 3926 3925
f 3664 3663 3925
f 3925 3926 3664
f 5480 5490 5397
f 5480 5559 5490
f 5480 5479 5559
f 5480 5397 5384
f 5384 5479 5480
f 5556 5557 5478
f 5478 5502 5556
f 5414 5502 5478
f 4991 4812 4990
f 5176 5025 5175
f 5129 5130 4971
f 3904 3905 3643
f 3336 3643 3644
f 3644 3613 3336
f 3336 3613 3337
f 3673 3672 3937
f 3937 3672 3936
f 3088 3363 3362
f 2819 3086 3088
f 3086 3363 3088
f 2821 2530 2820
f 2822 2530 2821
f 2259 1961 2258
f 2535 2534 2827
f 2827 2534 2826
f 2827 2537 2535
f 1117 1350 1366
f 1366 1350 1626
f 1626 1367 1366
f 1366 1118 1117
f 1366 1367 1118
f 489 490 363
f 489 660 661
f 3492 3490 3489
f 3489 3776 3492
f 3489 3490 3206
f 3206 3488 3489
f 3478 3776 3489
f 3489 3479 3478
f 3489 3488 3479
f 3205 3480 3206
f 2936 3205 3206
f 3204 3205 2936
f 2936 3206 2937
f 2937 2656 2936
f 2648 2930 2650
f 2928 2931 2650
f 2929 2643 2928
f 2929 2930 2643
f 2928 2650 2929
f 2929 2650 2930
f 3198 2925 2924
f 3193 3480 3198
f 3198 2923 3193
f 2924 2923 3198
f 2067 2063 2068
f 2067 2347 2063
f 2068 1787 2067
f 2067 1787 2065
f 2063 2347 2064
f 2064 1785 2063
f 2064 2065 1785
f 2347 2067 2064
f 2064 2067 2065
f 1803 2078 2079
f 2357 2358 2079
f 2079 2080 1803
f 2079 2358 2080
f 2355 2079 2078
f 1526 1798 1799
f 1800 1527 1799
f 1527 1526 1799
f 1799 1801 1800
f 1528 1801 1799
f 2073 1798 2069
f 2069 2349 2073
f 2073 2349 2350
f 2073 1799 1798
f 2646 2930 2648
f 2645 2930 2646
f 2646 2647 2348
f 2646 2346 2645
f 2646 2348 2346
f 1767 2033 2034
f 2034 2035 1767
f 390 536 537
f 536 723 537
f 1476 1769 1770
f 1770 1771 1476
f 1770 1769 2037
f 2290 2288 2571
f 2571 2291 2290
f 2568 2572 2570
f 2570 2572 2291
f 2291 2571 2570
f 2570 2571 2288
f 4671 4446 4672
f 4446 4445 4672
f 4672 4444 4671
f 4672 4445 4444
f 4208 4431 4430
f 4430 4429 4208
f 4431 4198 4430
f 4430 4198 4429
f 5000 4819 4999
f 4999 5030 5000
f 5000 5030 4864
f 4595 4821 4822
f 4863 4864 4653
f 4653 4865 4866
f 4865 4867 4866
f 4866 4655 4653
f 4866 4867 4655
f 3330 3628 3629
f 3629 3628 3627
f 3629 3610 3330
f 3627 3610 3629
f 3624 3328 3327
f 3329 3328 3624
f 3327 3623 3624
f 3624 3625 3329
f 3890 3891 3624
f 3624 3623 3890
f 3624 3891 3892
f 3892 3625 3624
f 4142 3893 3892
f 3892 4145 4142
f 4138 4137 4374
f 3890 4137 4138
f 4596 4381 4595
f 4594 4819 4595
f 4595 4381 4594
f 4381 4380 4594
f 4146 4381 4386
f 4146 4147 3893
f 3893 4142 4146
f 4146 4142 4145
f 4382 4381 4383
f 4383 4146 4145
f 4349 4149 4148
f 4384 4146 4386
f 4147 4146 4384
f 3892 3893 3626
f 3893 3894 3626
f 3626 3894 3879
f 3626 3625 3892
f 3627 3329 3626
f 3329 3625 3626
f 3893 4149 4150
f 4150 4108 3893
f 4149 4349 4150
f 4150 4349 4108
f 4196 4114 4352
f 4426 4197 4196
f 4197 3954 4196
f 4433 4600 4652
f 4433 4428 4201
f 4652 4428 4433
f 4201 4432 4433
f 4862 4863 4653
f 3608 3879 3875
f 3875 3876 3608
f 3288 3020 3017
f 3018 3016 3287
f 3018 2746 3016
f 3016 2746 2744
f 2453 2176 2452
f 2453 2177 2176
f 3377 3103 3106
f 3106 3378 3377
f 3377 3378 3103
f 3949 3688 3687
f 3687 3686 3949
f 3106 3381 3382
f 3382 3381 3585
f 3062 3295 3340
f 3295 3381 3340
f 3340 3106 3062
f 3340 3381 3106
f 3691 3390 3384
f 3384 3388 3691
f 3387 3380 3688
f 3688 3388 3387
f 3107 3380 3387
f 3387 3388 3107
f 5389 5388 5390
f 5390 5273 5389
f 5275 5136 5274
f 5136 5273 5274
f 5277 5140 5137
f 5137 5276 5277
f 5136 5276 5137
f 5134 5145 5144
f 5144 5145 4987
f 4987 5145 5133
f 5133 5145 5134
f 3430 3431 3148
f 3430 3733 3431
f 1434 1178 1437
f 1437 1732 1434
f 1434 1435 1176
f 1176 1178 1434
f 1434 1733 1435
f 1434 1732 1733
f 1432 1437 1433
f 1437 1177 1433
f 1433 1174 1432
f 1996 1733 1994
f 1733 1732 1994
f 1738 1996 1994
f 1734 1994 1732
f 1730 1992 1734
f 1734 1731 1730
f 1437 1731 1734
f 1734 1732 1437
f 1734 1997 1738
f 1738 1994 1734
f 2228 1934 2227
f 1934 2226 2227
f 2227 1935 2228
f 2227 2226 1935
f 2231 1935 2230
f 2230 2503 2231
f 2230 1935 2224
f 2224 2503 2230
f 2502 2501 2222
f 2502 2223 2501
f 2509 2503 2502
f 2502 2750 2509
f 2224 2223 2502
f 2502 2503 2224
f 2509 2750 2793
f 2793 2750 3020
f 2510 2509 2793
f 2793 2794 2510
f 3063 2794 2793
f 2793 3020 3063
f 1663 1664 1378
f 1665 1664 1663
f 1663 1378 1377
f 1377 1665 1663
f 2164 1932 1931
f 1931 1932 1664
f 1882 2164 1931
f 1931 1664 1882
f 1892 2180 1893
f 1891 2180 1892
f 1892 1893 1620
f 1620 1891 1892
f 2177 2457 2178
f 2178 1891 1890
f 1890 2177 2178
f 1980 1722 2273
f 2273 1981 1980
f 1980 1981 1722
f 1985 2280 2281
f 2280 2556 2281
f 2282 1985 2281
f 2282 2281 2557
f 2557 2281 2556
f 2557 2556 2555
f 2555 2836 2557
f 2561 2846 2847
f 2847 2848 2561
f 2847 2846 2849
f 2849 2848 2847
f 3110 3109 3389
f 3389 3108 3110
f 3109 3108 3389
f 2558 2560 2559
f 2843 2561 2558
f 2561 2560 2558
f 2558 2836 2843
f 2558 2557 2836
f 2558 2559 2282
f 2282 2557 2558
f 1338 1100 1337
f 1337 1348 1610
f 1337 1100 1103
f 1103 1348 1337
f 1611 1338 1337
f 1337 1610 1611
f 2216 2495 2496
f 2215 2495 2216
f 2496 2217 2216
f 1928 2215 2216
f 2216 2217 1928
f 2499 2217 2478
f 2478 2485 2499
f 2499 2485 2217
f 2219 2218 2500
f 2218 2485 2500
f 2500 2484 2219
f 2500 2485 2484
f 2786 2495 2785
f 2785 2497 2786
f 2786 2497 2495
f 2480 2772 2773
f 2773 2772 2774
f 3047 2772 2771
f 3047 3045 3330
f 2771 3046 3047
f 3047 3046 3045
f 3331 3047 3330
f 2762 2774 2763
f 2762 2482 2774
f 2202 2480 2481
f 2481 2482 2202
f 2480 2773 2481
f 2774 2482 2481
f 2481 2773 2774
f 2475 2739 2470
f 2447 2448 2169
f 2742 2448 2447
f 2169 2446 2447
f 1112 1359 1360
f 1639 1640 1360
f 1636 1637 1360
f 1360 1359 1358
f 1358 1634 1360
f 1360 1641 1636
f 1360 1634 1641
f 1112 879 1111
f 1111 1359 1112
f 879 1110 1111
f 1111 1110 1357
f 1357 1358 1111
f 1358 1359 1111
f 1662 1634 1904
f 1634 1633 1904
f 1904 1632 1662
f 1904 1633 1632
f 1357 1110 1109
f 1109 1126 1357
f 1109 1110 879
f 879 890 1109
f 889 1126 1109
f 1109 890 889
f 661 888 662
f 888 663 662
f 662 663 490
f 662 489 661
f 490 489 662
f 1908 1907 2195
f 1907 2194 2195
f 2195 1911 1908
f 1910 1644 1642
f 1642 1643 1910
f 1910 1643 1644
f 1614 1615 1340
f 1340 1613 1614
f 1645 1615 1614
f 1363 1645 1614
f 1614 1613 1363
f 668 892 893
f 739 740 552
f 739 973 740
f 739 552 735
f 735 973 739
f 2028 1762 1759
f 1759 1762 1467
f 1759 1758 2028
f 1759 1467 1464
f 1464 1758 1759
f 3440 3154 3438
f 3438 3154 3152
f 3438 3439 3741
f 3741 3440 3438
f 3438 3153 3439
f 3438 3152 3153
f 2886 2603 2885
f 3146 3428 3147
f 2882 3146 3147
f 3148 2882 3147
f 3147 3428 3148
f 3148 3428 3429
f 3429 3428 3733
f 3429 3430 3148
f 3733 3430 3429
f 3431 3733 3732
f 3733 3428 3732
f 2386 2102 2385
f 1817 1545 1818
f 1548 1545 1817
f 2664 2377 2665
f 2665 2375 2664
f 2377 2375 2665
f 2376 2377 2095
f 2095 2375 2376
f 2376 2375 2377
f 2663 2371 2662
f 2662 2945 2663
f 2663 2945 2664
f 2095 2093 2373
f 2373 2093 2371
f 2371 2663 2373
f 2664 2375 2373
f 2373 2663 2664
f 2371 2093 2092
f 2372 2371 2092
f 2092 2368 2372
f 2091 2368 2092
f 2092 2093 1819
f 2092 1819 2090
f 2090 2091 2092
f 2956 3221 3222
f 3222 3223 2956
f 2957 2673 2956
f 2956 2958 2957
f 2956 3223 3224
f 2673 2954 2955
f 2955 2956 2673
f 3221 2956 2955
f 3797 3798 3505
f 3505 3795 3797
f 3505 3507 3222
f 3222 3221 3505
f 3798 3799 3505
f 3505 3799 3800
f 3800 3507 3505
f 3504 3795 3505
f 4079 3818 4073
f 4073 3819 4079
f 4079 3819 3818
f 3531 3813 3525
f 3526 3238 3525
f 3525 3238 3531
f 3525 3813 3814
f 3525 3815 3526
f 3814 3815 3525
f 4077 4076 4319
f 4319 4320 4077
f 4318 4320 4319
f 3816 4076 4077
f 3816 4077 3820
f 3820 3817 3816
f 3816 3815 4076
f 3817 3527 3816
f 3527 3815 3816
f 3814 3813 4072
f 4072 3813 4071
f 4072 4071 4313
f 4313 4314 4072
f 4075 4076 3814
f 3814 4072 4075
f 4075 4072 4314
f 4075 4314 4318
f 4318 4319 4075
f 4075 4319 4076
f 4764 4933 4934
f 4934 4765 4764
f 4934 4933 4937
f 5096 5117 5116
f 5096 5095 4937
f 5116 5095 5096
f 5096 5233 5117
f 5232 5356 5251
f 5251 5233 5232
f 5117 5233 5251
f 5251 5252 5118
f 5118 5117 5251
f 5224 5225 5082
f 5224 5082 5081
f 5350 5226 5224
f 5226 5225 5224
f 5224 5223 5350
f 5224 5081 5223
f 4913 5090 5087
f 5087 5090 5092
f 5087 5088 4913
f 5087 5092 5091
f 5091 5088 5087
f 5231 5090 5230
f 5230 5229 5231
f 5093 5090 5231
f 5093 4933 5092
f 5092 5090 5093
f 5093 5231 5232
f 5232 5233 5093
f 5354 5457 5458
f 5458 5374 5354
f 5458 5457 5543
f 5474 5374 5458
f 5543 5542 5458
f 5542 5474 5458
f 5373 5374 5252
f 5356 5374 5373
f 5252 5251 5373
f 5373 5251 5356
f 5254 5253 5252
f 5252 5374 5254
f 5374 5255 5254
f 5354 5355 5228
f 5084 5227 5228
f 5228 5227 5226
f 5226 5352 5228
f 5228 5355 5231
f 5228 5229 5084
f 5231 5229 5228
f 4762 4921 4920
f 4921 4737 4920
f 4920 4916 4762
f 1823 1550 1549
f 1818 1824 1549
f 1549 1824 1821
f 1549 1817 1818
f 1548 1817 1549
f 1287 1548 1549
f 1549 1550 1287
f 2966 2691 2964
f 2692 2691 2966
f 2964 2967 2966
f 2967 2692 2966
f 2964 2691 2965
f 2965 2691 2687
f 2965 2686 2964
f 2687 2686 2965
f 2703 2702 2414
f 2414 2415 2132
f 2132 2413 2414
f 2413 2703 2414
f 2705 2415 2414
f 2704 2975 2974
f 2704 2702 2975
f 2704 2414 2702
f 2974 2705 2704
f 2705 2414 2704
f 3251 3542 3252
f 3252 2979 3251
f 3250 3541 3251
f 3251 3541 3542
f 2979 2977 3251
f 3251 2977 3250
f 2976 2977 2706
f 3247 3248 2976
f 2706 2974 2976
f 2974 3246 2976
f 2976 3246 3245
f 3245 3247 2976
f 3248 3250 3249
f 3250 2977 3249
f 3249 2976 3248
f 2977 2976 3249
f 2981 2711 2709
f 2981 2980 2985
f 2981 2709 2980
f 2982 2985 2712
f 2712 2711 2982
f 2982 2981 2985
f 2711 2981 2982
f 332 333 250
f 332 445 333
f 446 447 333
f 446 610 448
f 448 447 446
f 607 611 446
f 446 612 608
f 446 611 612
f 248 185 247
f 248 249 186
f 186 185 248
f 247 329 248
f 329 330 248
f 601 441 440
f 602 441 601
f 440 327 601
f 438 327 326
f 326 437 438
f 927 801 697
f 1035 801 1034
f 1034 803 1035
f 1035 803 801
f 804 803 807
f 1284 1281 1280
f 816 806 1037
f 1037 1038 1276
f 1274 1038 1033
f 1714 1716 1540
f 1540 1539 1714
f 1540 1716 1715
f 1715 1541 1540
f 1540 1541 1278
f 1540 1278 1277
f 1277 1539 1540
f 1719 1420 1718
f 1718 1420 1717
f 1717 1539 1718
f 810 1041 811
f 608 612 609
f 609 810 811
f 610 446 609
f 609 446 608
f 609 612 809
f 809 810 609
f 814 611 816
f 809 611 814
f 605 806 808
f 816 611 815
f 815 611 808
f 815 806 816
f 808 806 815
f 2091 1816 2087
f 2087 1816 1812
f 2086 2091 2087
f 2087 1812 2086
f 3496 3210 3209
f 3209 3210 2940
f 3494 3495 3209
f 3209 3495 3496
f 3209 3208 3494
f 2940 3208 3209
f 2048 2047 2332
f 1777 2047 2048
f 2332 2333 2048
f 2048 2333 2049
f 2049 1777 2048
f 2325 2328 2326
f 2328 2047 2326
f 1224 1483 1486
f 1483 1482 1486
f 1486 1487 1224
f 4346 4323 4539
f 4539 4555 4346
f 4323 4538 4539
f 5098 5122 5234
f 5122 5256 5234
f 5235 5098 5234
f 5234 5357 5235
f 5234 5256 5357
f 5115 5119 4959
f 4959 4958 5115
f 4960 4788 4959
f 4788 4958 4959
f 5120 5119 5253
f 5253 5254 5120
f 5120 5254 5255
f 5120 5256 5121
f 5120 5255 5256
f 4960 4959 5120
f 5120 4959 5119
f 4957 4954 5115
f 4957 4958 4786
f 5115 4958 4957
f 2892 3158 3159
f 3160 3445 3446
f 3160 3158 3445
f 3160 3159 3158
f 2896 3161 3160
f 3160 3161 2892
f 2892 3159 3160
f 2903 2896 3160
f 3160 3166 2903
f 3446 3166 3160
f 3748 4000 3750
f 4006 3752 3750
f 3750 3752 3749
f 3750 4001 4002
f 3453 3748 3750
f 3750 3749 3453
f 4005 4006 3750
f 3750 4004 4005
f 3750 4002 4003
f 4003 4004 3750
f 4484 4258 4257
f 4257 4483 4484
f 4484 4483 4258
f 4717 4716 4485
f 4485 4483 4717
f 4717 4483 4716
f 4485 4722 4723
f 4723 4722 4916
f 5081 5082 4905
f 5082 4907 4905
f 4714 4478 4713
f 4713 4909 4714
f 4249 4478 4479
f 4479 4253 4249
f 4479 4478 4480
f 4480 4253 4479
f 4010 4253 4254
f 4011 4010 4254
f 4254 4255 4011
f 5085 5083 4908
f 4908 5084 5085
f 4908 5082 5084
f 4908 4907 5082
f 4912 4719 4716
f 4716 4714 4912
f 4912 4714 4911
f 4720 4719 4912
f 4912 4911 4720
f 5546 5547 5463
f 5463 5547 5548
f 5362 5461 5463
f 5463 5461 5546
f 5463 5464 5362
f 5463 5548 5464
f 5660 5663 5662
f 5661 5613 5662
f 5662 5613 5660
f 5662 5617 5661
f 5662 5663 5617
f 5546 5617 5618
f 5617 5663 5618
f 5068 4892 5067
f 4892 5066 5067
f 5067 5066 5209
f 5067 5210 5068
f 5209 5210 5067
f 4893 4693 4691
f 4688 4463 4686
f 5339 5338 5445
f 5445 5338 5337
f 5213 5074 5211
f 5213 5337 5214
f 5214 5073 5213
f 4897 5074 4898
f 4703 4897 4898
f 4898 4896 4703
f 4898 5074 5072
f 5072 4896 4898
f 5648 5672 5673
f 5672 5684 5673
f 5673 5674 5648
f 5685 5674 5673
f 239 178 238
f 238 320 239
f 177 178 134
f 177 176 237
f 385 384 520
f 282 384 385
f 283 282 385
f 385 284 283
f 289 290 219
f 289 219 288
f 320 290 289
f 288 320 289
f 217 216 218
f 218 287 217
f 217 287 219
f 217 219 164
f 217 163 216
f 164 163 217
f 2987 2988 2717
f 2730 3004 3005
f 3565 3828 3546
f 3831 4089 4090
f 3548 3547 3831
f 2150 2149 2429
f 2149 2428 2429
f 2429 2430 2150
f 2429 2428 2430
f 4946 4775 4945
f 4946 4777 4775
f 4947 4777 4946
f 4327 4088 4326
f 4326 4106 4327
f 4770 4940 4771
f 4771 4540 4770
f 4541 4327 4540
f 4773 4775 4774
f 4775 4543 4774
f 4778 4547 4545
f 4545 4777 4778
f 4778 4777 4947
f 4778 4779 4547
f 4947 4948 4778
f 4948 4779 4778
f 5109 4950 5110
f 4950 4949 5110
f 5110 4948 5109
f 5110 4949 4948
f 4942 5100 4943
f 4943 4944 4773
f 4943 5100 4944
f 4939 5100 4942
f 4770 4938 4939
f 4939 4940 4770
f 4087 4106 4326
f 4326 4088 4087
f 3266 3267 2996
f 3267 2997 2996
f 2431 2722 2432
f 2430 2722 2431
f 2431 2432 2150
f 2150 2430 2431
f 2721 2722 2430
f 2997 2722 2721
f 2721 2996 2997
f 2993 2992 2721
f 2992 2994 2721
f 2720 2430 2719
f 2719 2990 2720
f 2720 2992 2993
f 2991 2992 2720
f 2720 2990 2991
f 4552 4336 4551
f 4552 4337 4336
f 4178 4179 3934
f 4178 4412 4179
f 4844 4843 4842
f 4617 4625 4839
f 4625 4845 4839
f 5279 5146 5281
f 5279 5142 5146
f 5384 5267 5383
f 5132 5267 5152
f 5287 5399 5395
f 5287 5282 5288
f 5395 5282 5287
f 5287 5286 5384
f 5398 5399 5287
f 5384 5397 5287
f 5287 5397 5398
f 4373 4579 4367
f 4373 4372 4579
f 4129 4130 3884
f 3884 4133 4134
f 4133 4372 4134
f 4134 4129 3884
f 4372 4373 4134
f 4371 4579 4588
f 4588 4372 4371
f 4579 4372 4588
f 4814 4586 4585
f 4587 4579 4371
f 4371 4586 4587
f 4587 4586 4815
f 4803 4579 4587
f 4587 4815 4803
f 4583 4368 4367
f 4583 4369 4368
f 2766 3041 2767
f 3041 2768 2767
f 2767 2480 2766
f 2767 2768 2480
f 1368 1626 1646
f 1651 1648 1916
f 2182 2184 2183
f 2182 2459 2184
f 2183 1895 2182
f 2192 2459 2193
f 2193 1903 2192
f 3339 3337 3612
f 3337 3613 3612
f 3612 3320 3339
f 3612 3613 3320
f 3061 3060 3338
f 2766 2498 2788
f 2788 3040 2766
f 3061 3040 2788
f 2788 3060 3061
f 2498 2784 2781
f 2781 2788 2498
f 2783 2788 2781
f 3322 3320 3615
f 3615 3614 3322
f 3320 3614 3615
f 3045 3322 3325
f 3325 3326 3045
f 3322 3326 3325
f 3622 3326 3621
f 3621 3882 3622
f 3889 3622 3888
f 3622 3882 3888
f 3888 3881 3620
f 3882 3881 3888
f 2361 2360 2082
f 2082 2360 1808
f 1538 1421 1719
f 1719 1718 1538
f 1535 1421 1538
f 1538 1539 1277
f 1538 1718 1539
f 1272 1029 1270
f 1270 1533 1272
f 1272 1271 1029
f 1706 1411 1272
f 1272 1533 1706
f 1811 1533 1532
f 1532 1533 1270
f 1532 1270 1028
f 1028 1269 1532
f 1532 1269 1531
f 1531 1810 1532
f 1411 1410 1534
f 1410 1271 1534
f 1534 1272 1411
f 1271 1272 1534
f 2529 2528 2820
f 2820 2530 2529
f 2529 2249 2528
f 2529 2530 2249
f 2533 2532 2824
f 1953 2251 1954
f 1954 1683 1953
f 3351 3076 3350
f 3351 3362 3085
f 3351 3350 3362
f 3085 3087 3351
f 3087 3076 3351
f 4405 4625 4615
f 4616 4402 4615
f 4615 4617 4616
f 4615 4625 4617
f 4416 4403 4619
f 4619 4403 4618
f 4854 5025 4855
f 4855 5025 4856
f 3662 3919 3658
f 3658 3348 3662
f 3658 3659 3348
f 5559 5479 5483
f 5557 5628 5629
f 5481 5475 5555
f 5555 5475 5478
f 5379 5378 5476
f 5378 5478 5476
f 5476 5475 5379
f 5478 5475 5476
f 5477 5378 5414
f 5414 5478 5477
f 5477 5478 5378
f 5132 5001 4976
f 5385 5475 5481
f 5385 5483 5479
f 5384 5386 5385
f 5385 5479 5384
f 4853 5025 4854
f 5173 5025 5172
f 5178 5028 5173
f 5312 5311 5378
f 5312 5176 5311
f 5259 5258 5132
f 4971 5130 5127
f 5179 5028 5178
f 5130 5129 5181
f 5172 5025 5177
f 5025 5176 5177
f 3089 2821 2820
f 2823 2822 3093
f 2822 3092 3093
f 3093 2824 2823
f 3093 3092 2824
f 2824 3092 3094
f 2536 2256 2535
f 2535 2537 2536
f 2263 2543 2545
f 2543 2834 2545
f 2545 2546 2263
f 2542 2834 2543
f 2542 2543 2259
f 2542 2831 2833
f 2833 2834 2542
f 2259 2541 2542
f 2542 2541 2831
f 363 487 488
f 488 489 363
f 488 487 659
f 659 660 488
f 660 489 488
f 3204 3480 3487
f 3487 3205 3204
f 3480 3205 3487
f 3202 2933 2932
f 3202 2934 2933
f 3201 2931 2928
f 2928 3200 3201
f 3200 3202 3201
f 2932 2931 3201
f 3201 3202 2932
f 3199 3200 2928
f 2928 3198 3199
f 3199 3480 3204
f 3199 3198 3480
f 3204 2936 3199
f 3199 2936 3203
f 3199 3202 3200
f 2925 3198 2926
f 2927 2641 2926
f 2641 2925 2926
f 2928 2927 2926
f 2926 3198 2928
f 2652 2653 2357
f 2357 2079 2356
f 2079 2355 2356
f 2356 2652 2357
f 2355 2652 2356
f 2651 2652 2355
f 2931 2653 2651
f 2653 2652 2651
f 2651 2650 2931
f 1528 1799 1802
f 1802 1803 1528
f 1799 2073 2074
f 2033 2035 2318
f 2318 2034 2033
f 2035 2034 2318
f 390 537 538
f 538 723 724
f 538 537 723
f 2568 2570 2569
f 2569 2570 2288
f 2287 2568 2569
f 2569 2288 2287
f 4820 5000 4864
f 4864 4863 4820
f 4820 4821 4595
f 4820 4862 4821
f 4863 4862 4820
f 4595 4819 4820
f 4819 5000 4820
f 4598 4386 4597
f 4597 4822 4598
f 4595 4822 4597
f 4597 4596 4595
f 4386 4381 4597
f 4381 4596 4597
f 3890 4138 4139
f 4139 4138 4376
f 4997 4819 4818
f 4819 4594 4818
f 4381 4146 4385
f 4385 4383 4381
f 4146 4383 4385
f 4147 4384 4387
f 4598 4600 4387
f 4148 4147 4387
f 4387 4349 4148
f 4387 4386 4598
f 4387 4384 4386
f 4108 4349 4350
f 4432 4651 4564
f 3878 3879 3608
f 3878 3626 3879
f 3608 3627 3878
f 3627 3626 3878
f 4114 4196 4195
f 4861 4862 4653
f 4821 4862 4823
f 4823 4822 4821
f 4862 4861 4823
f 4823 4600 4598
f 4598 4822 4823
f 4823 4860 4652
f 4652 4600 4823
f 4653 4860 4823
f 4823 4861 4653
f 3573 3574 3286
f 3289 3287 3575
f 3287 3286 3575
f 3575 3286 3574
f 3855 3574 3573
f 4108 4109 3851
f 3851 3875 3879
f 3876 3875 3851
f 3608 3876 3851
f 3020 2750 2749
f 2749 2748 3020
f 2749 2750 2455
f 2455 2748 2749
f 3020 2748 2747
f 2747 3017 3020
f 2747 2748 2455
f 2455 2746 2747
f 2746 3017 2747
f 3019 3017 2746
f 2746 3018 3019
f 3288 3017 3019
f 3019 3287 3289
f 3019 3018 3287
f 2743 2744 2452
f 3016 2744 2743
f 2452 2448 2743
f 2743 2448 2742
f 2452 2744 2745
f 2745 2746 2455
f 2745 2744 2746
f 2455 2177 2454
f 2177 2453 2454
f 2454 2453 2452
f 2452 2745 2454
f 2454 2745 2455
f 3685 3686 3379
f 3685 3949 3686
f 3379 3378 3685
f 3949 3685 3689
f 3584 3582 3585
f 3294 3295 3020
f 3585 3295 3294
f 3291 3020 3288
f 3288 3292 3291
f 3291 3292 3020
f 3390 3691 3692
f 3692 3691 3388
f 3693 3390 3692
f 3692 3688 3693
f 3692 3388 3688
f 3953 4194 4114
f 4114 4195 3953
f 3953 4196 3954
f 3953 4195 4196
f 3953 3954 3688
f 5270 5389 5273
f 5273 5271 5270
f 5387 5388 5270
f 5388 5389 5270
f 5270 5284 5387
f 5270 5271 5134
f 5391 5273 5390
f 5391 5274 5273
f 5391 5390 5392
f 5392 5275 5391
f 5275 5274 5391
f 5134 5271 5272
f 5272 5273 5136
f 5272 5271 5273
f 5138 5272 5136
f 5134 5272 5138
f 4367 4580 4581
f 4581 4579 4805
f 4581 4580 4579
f 4978 5133 5134
f 4803 4977 4978
f 4978 4977 4994
f 4978 4994 4987
f 4987 5133 4978
f 2456 2177 2455
f 2456 2457 2177
f 2455 2750 2456
f 2750 2457 2456
f 2222 2180 2458
f 2458 2178 2457
f 2458 2502 2222
f 2750 2502 2458
f 2458 2457 2750
f 2473 2762 2474
f 2476 2446 2445
f 2470 2739 2471
f 2446 2476 2471
f 2471 2476 2472
f 2471 2447 2446
f 2739 2447 2471
f 3048 3331 3317
f 3047 3331 3048
f 3317 3037 3048
f 3037 3049 3048
f 2772 3047 3048
f 2774 2772 3048
f 3048 3049 2774
f 2474 2475 2196
f 2196 2475 2470
f 2196 2473 2474
f 2470 2471 2196
f 2196 2471 2472
f 2202 2473 2196
f 2196 1911 2202
f 2740 2447 2739
f 3318 3607 3608
f 3318 3037 3317
f 3317 3331 3318
f 3318 3331 3330
f 3611 3607 3318
f 3330 3610 3318
f 3318 3610 3611
f 1112 1360 1361
f 1361 1360 1640
f 1642 1362 1361
f 1361 1362 1112
f 1361 1643 1642
f 1640 1643 1361
f 1639 1360 1638
f 1638 1360 1637
f 1636 1639 1638
f 1638 1637 1636
f 2199 1911 2198
f 1911 2195 2198
f 2198 2194 2199
f 2198 2195 2194
f 1128 893 1127
f 1128 1127 1377
f 1377 1378 1128
f 1128 1378 1130
f 668 893 894
f 895 668 894
f 1130 1131 894
f 894 1132 895
f 894 1131 1132
f 893 1128 894
f 1095 893 892
f 1095 892 869
f 869 867 1095
f 1095 867 868
f 870 1099 1100
f 1098 1099 870
f 868 653 870
f 870 1097 1098
f 870 653 654
f 870 654 873
f 873 1097 870
f 2880 2886 3144
f 3144 3152 2889
f 2889 2880 3144
f 2885 3152 3144
f 3144 2886 2885
f 2599 2603 2879
f 2603 2886 2879
f 2879 2880 2599
f 2879 2886 2880
f 3980 3979 3734
f 3731 3979 3980
f 1828 1826 2100
f 2100 1826 2098
f 2957 2958 2676
f 2676 2958 2959
f 2959 2677 2676
f 2677 2386 2676
f 2386 2385 2676
f 2374 2375 2095
f 2095 2373 2374
f 2374 2373 2375
f 2959 2958 3225
f 2958 2956 3225
f 3225 3224 2959
f 3225 2956 3224
f 3221 2955 3219
f 3219 3505 3221
f 3219 2955 2954
f 3219 2954 3220
f 3219 3220 3218
f 3218 3504 3219
f 3504 3505 3219
f 4768 4937 4936
f 4535 4766 4768
f 4766 4765 4768
f 5089 5090 4913
f 5089 5230 5090
f 5229 5230 5089
f 5085 5229 5089
f 5089 5086 5085
f 4913 5086 5089
f 4937 4933 5094
f 4933 5093 5094
f 5094 5093 5233
f 5094 5096 4937
f 5233 5096 5094
f 5353 5457 5354
f 5354 5228 5353
f 5353 5352 5457
f 5353 5228 5352
f 1822 1549 1821
f 1823 1549 1822
f 2097 1823 1822
f 1822 1821 2095
f 1822 2096 2097
f 1822 2095 2096
f 331 330 444
f 331 248 330
f 249 248 331
f 802 600 801
f 802 601 600
f 801 602 802
f 602 601 802
f 439 601 327
f 327 438 439
f 600 601 439
f 600 439 599
f 599 439 438
f 801 600 698
f 698 697 801
f 526 697 698
f 806 605 604
f 604 804 807
f 604 605 443
f 604 443 442
f 602 803 603
f 803 804 603
f 442 441 603
f 603 441 602
f 603 604 442
f 804 604 603
f 1543 1815 1547
f 1543 1547 1284
f 1284 1280 1543
f 1814 1815 1543
f 1542 1280 1282
f 1542 1282 1544
f 1544 1814 1542
f 1814 1543 1542
f 1542 1543 1280
f 1282 1280 1279
f 1536 1538 1277
f 1535 1538 1536
f 1277 1038 1273
f 1038 1274 1273
f 1273 1536 1277
f 1273 1274 1033
f 1033 1275 1273
f 1275 1535 1273
f 1535 1536 1273
f 1040 810 809
f 1040 1279 1280
f 1040 1280 1281
f 1281 1041 1040
f 1041 810 1040
f 812 811 610
f 610 609 812
f 812 609 811
f 1482 1775 1776
f 1776 1486 1482
f 1776 1775 1487
f 1487 1486 1776
f 4936 4783 4767
f 4767 4768 4936
f 4535 4768 4767
f 4538 4535 4767
f 4767 4539 4538
f 5116 4954 4956
f 4954 4783 4956
f 4956 4783 4936
f 4936 5095 4956
f 4956 5095 5116
f 4955 4783 4954
f 4241 4000 4240
f 4240 4252 4241
f 4245 4001 4007
f 4001 3750 4007
f 4007 4252 4245
f 4007 4241 4252
f 4007 3750 4000
f 4000 4241 4007
f 4724 4497 4485
f 4485 4723 4724
f 4724 4723 4497
f 4497 4723 4736
f 4736 4723 4916
f 4736 4737 4497
f 4916 4920 4736
f 4736 4920 4737
f 4711 4474 4710
f 4710 4905 4711
f 4475 4474 4711
f 4713 4478 4477
f 4477 4478 4249
f 4904 4905 4710
f 4904 4903 5079
f 5081 4905 4904
f 4904 4710 4708
f 4708 4903 4904
f 5079 5080 4904
f 5080 5081 4904
f 4480 4478 4715
f 4478 4714 4715
f 4716 4480 4715
f 4715 4714 4716
f 5083 4911 4910
f 4911 4714 4910
f 4910 4714 4909
f 4910 4908 5083
f 4909 4908 4910
f 4481 4254 4253
f 4255 4254 4481
f 4481 4253 4480
f 4481 4480 4482
f 4482 4255 4481
f 5619 5547 5546
f 5546 5618 5619
f 5664 5621 5619
f 5619 5621 5547
f 5619 5663 5664
f 5619 5618 5663
f 4893 4691 4689
f 4463 4688 4689
f 4689 4688 4686
f 4689 4892 4893
f 4689 4686 4683
f 4683 4892 4689
f 4692 4691 4693
f 4463 4691 4692
f 4692 4693 4464
f 4464 4463 4692
f 5072 5074 5212
f 5074 5213 5212
f 5212 5073 5072
f 5212 5213 5073
f 285 286 214
f 387 286 285
f 285 386 387
f 2438 2730 2731
f 3006 2987 2731
f 2730 3005 2731
f 2731 3005 3006
f 3565 3546 3278
f 3547 3546 3829
f 3829 3546 3828
f 3828 4087 3829
f 3829 4087 4088
f 3258 3546 3547
f 3258 3547 3260
f 3006 3278 3258
f 3258 3278 3546
f 3832 3831 4090
f 3548 3831 3832
f 3832 3833 3548
f 4090 4091 3832
f 4091 3833 3832
f 4348 4327 4106
f 4328 4541 4329
f 4327 4541 4328
f 4328 4329 4088
f 4088 4327 4328
f 4942 4943 4772
f 4773 4541 4772
f 4772 4943 4773
f 4542 4774 4543
f 4773 4774 4542
f 4542 4541 4773
f 4329 4541 4542
f 4940 4939 4941
f 4941 4939 4942
f 4941 4771 4940
f 5099 4938 5098
f 5099 4939 4938
f 5099 5098 5236
f 5236 5102 5099
f 5099 5102 5237
f 3845 4087 3828
f 3846 4106 3847
f 3847 3564 3846
f 3847 3845 3564
f 4106 4087 3847
f 4087 3845 3847
f 3276 3275 3561
f 3276 3004 3275
f 2995 2994 3266
f 3266 2996 2995
f 2995 2721 2994
f 2996 2721 2995
f 4551 4782 4553
f 4553 4552 4551
f 4553 4782 4630
f 4630 4412 4553
f 4337 4552 4553
f 3934 4097 4177
f 4177 4178 3934
f 4097 4178 4177
f 4412 4178 4338
f 4095 4337 4338
f 4338 4096 4095
f 4340 4097 4096
f 4340 4178 4097
f 4623 4845 4625
f 4623 4844 4845
f 4623 4625 4624
f 4843 4844 4623
f 4623 4622 4843
f 4624 4405 4623
f 4405 4622 4623
f 4617 4839 4840
f 4840 4618 4617
f 4851 4841 4840
f 5015 4839 4845
f 5025 5026 5015
f 5306 5311 5303
f 5311 5176 5303
f 5176 5304 5303
f 5142 5279 5143
f 4987 5142 5143
f 5143 5144 4987
f 5143 5279 5281
f 5281 5282 5143
f 5143 5282 5283
f 5143 5283 5284
f 5134 5144 5143
f 5284 5270 5143
f 5270 5280 5143
f 5268 5386 5384
f 5384 5383 5268
f 5268 5385 5386
f 5132 5258 5268
f 5268 5267 5132
f 5268 5383 5267
f 4365 4134 4373
f 4129 4134 4365
f 4130 4129 4365
f 4367 4130 4365
f 4365 4373 4367
f 4601 4585 4584
f 4812 4814 4813
f 4813 4585 4812
f 4814 4585 4813
f 4812 4585 4811
f 4585 4601 4811
f 4584 4585 4370
f 4132 4157 4370
f 4370 4371 4132
f 4157 4393 4370
f 4370 4393 4584
f 4370 4586 4371
f 4370 4585 4586
f 4997 4818 4817
f 4817 4996 4997
f 4817 4995 4996
f 4817 4818 4594
f 1368 1646 1647
f 1647 1646 1914
f 1369 1368 1647
f 1899 1646 1626
f 1914 1646 1899
f 1915 1647 1914
f 1916 1647 1915
f 2193 2459 2181
f 2459 2182 2181
f 2181 1903 2193
f 2181 1895 1903
f 2181 2182 1895
f 3034 2834 2833
f 2460 2184 2462
f 1903 2190 2191
f 2191 2192 1903
f 2190 2266 2191
f 3059 2788 2783
f 3059 3338 3060
f 3060 2788 3059
f 2782 2784 2494
f 2782 2781 2784
f 2494 2493 2782
f 3882 3621 3616
f 3616 3881 3882
f 3616 3326 3322
f 3616 3621 3326
f 3322 3620 3616
f 3620 3881 3616
f 3889 3888 3887
f 3887 3888 3620
f 3620 3886 3887
f 3887 4136 3889
f 3887 3885 4136
f 3887 3886 3885
f 2081 2082 1805
f 2361 2082 2081
f 2081 1805 2080
f 2080 2361 2081
f 1530 1805 1807
f 1805 2082 1807
f 1807 1808 1530
f 1807 2082 1808
f 1811 1532 1809
f 1809 1532 1810
f 2084 1811 1809
f 1809 2083 2084
f 1808 2083 1809
f 1531 1808 1809
f 1809 1810 1531
f 2253 2533 2254
f 2253 1957 1956
f 2254 1957 2253
f 1956 1683 1955
f 1683 1954 1955
f 1955 2253 1956
f 4405 4615 4406
f 4406 4615 4402
f 4406 4168 4405
f 4406 4402 4168
f 4416 4619 4415
f 3921 3659 3920
f 3659 3658 3920
f 3920 3658 3919
f 4165 3921 3920
f 3920 3919 4165
f 5558 5478 5557
f 5557 5629 5558
f 5558 5629 5628
f 4603 4604 4390
f 4390 4576 4603
f 4975 4976 5001
f 4604 4603 4802
f 4802 4603 4576
f 5178 5173 5309
f 5309 5179 5178
f 4856 5025 5027
f 5027 5028 4856
f 5027 5173 5028
f 5128 5259 5132
f 4971 5127 5128
f 5258 5259 5128
f 5128 5127 5258
f 5130 5258 5257
f 5257 5127 5130
f 5258 5127 5257
f 5180 5179 5130
f 5130 5181 5180
f 5028 5179 5180
f 5180 5181 5028
f 5124 5129 4971
f 5124 5181 5129
f 4856 5028 4964
f 5176 5312 5310
f 5377 5312 5378
f 3903 3902 4157
f 3903 3904 3643
f 3905 3904 3903
f 4131 3905 3903
f 4132 4131 3903
f 3903 4157 4132
f 3336 3638 3639
f 4392 4393 4157
f 3897 3638 3637
f 3637 3638 3336
f 3900 3638 3899
f 4638 4855 4856
f 4856 4640 4638
f 4638 4640 4639
f 3938 3674 3673
f 3673 3937 3938
f 3938 3675 3674
f 3939 3675 3938
f 2822 2821 3090
f 2821 3089 3090
f 2828 2827 2826
f 2537 2827 2828
f 2538 2537 2828
f 2828 2829 2538
f 2538 2829 2830
f 2257 2537 2538
f 2257 2536 2537
f 2257 1961 1960
f 2257 2258 1961
f 1960 2256 2257
f 2256 2536 2257
f 2546 2545 2759
f 2759 2545 2834
f 3203 2936 2935
f 2935 3202 3203
f 2934 3202 2935
f 2656 2934 2935
f 2935 2936 2656
f 3203 3202 3486
f 3486 3199 3203
f 3202 3199 3486
f 2076 2353 2078
f 2076 2078 1803
f 1803 1802 2076
f 724 540 539
f 539 538 724
f 539 540 390
f 390 538 539
f 1482 1771 1773
f 1771 2042 1773
f 2040 2042 1771
f 4140 3891 3890
f 3890 4139 4140
f 4140 4139 3891
f 3892 3891 4141
f 3891 4139 4141
f 4578 4374 4366
f 4366 4369 4578
f 4369 4583 4578
f 4600 4433 4599
f 4599 4387 4600
f 4110 4352 4111
f 4110 4109 4108
f 4108 4350 4110
f 4650 4651 4426
f 4650 4564 4651
f 4351 4350 4349
f 4352 4110 4351
f 4351 4110 4350
f 4426 4196 4351
f 4351 4196 4352
f 3572 3849 3573
f 3573 3286 3572
f 3608 3849 3572
f 3570 3286 3285
f 3285 3284 3570
f 4107 3879 3893
f 4107 3851 3879
f 3893 4108 4107
f 4108 3851 4107
f 3877 3849 3608
f 3573 3849 3850
f 3850 3851 3573
f 3849 3877 3850
f 3608 3851 3850
f 3850 3877 3608
f 3016 2743 3015
f 3015 2743 3014
f 3284 3285 3015
f 3287 3016 3015
f 3015 3286 3287
f 3015 3285 3286
f 3576 3286 3570
f 3688 3949 3950
f 3950 3951 3688
f 4114 4194 3952
f 4194 3953 3952
f 3688 3951 3952
f 3952 3953 3688
f 3958 3952 3951
f 3383 3689 3685
f 3106 3382 3383
f 3383 3382 3585
f 3383 3378 3106
f 3383 3685 3378
f 3583 3292 3582
f 3582 3584 3583
f 3583 3584 3292
f 3020 3292 3293
f 3293 3294 3020
f 3585 3294 3293
f 3293 3584 3585
f 3292 3584 3293
f 4982 5137 5140
f 5269 5270 5134
f 5269 5280 5270
f 5134 5143 5269
f 5269 5143 5280
f 4808 4581 4807
f 4808 4982 4983
f 4582 4583 4367
f 4367 4581 4582
f 5135 4978 5134
f 4807 4581 4806
f 4804 4581 4805
f 4803 4978 4804
f 4804 4806 4581
f 4978 4806 4804
f 4804 4579 4803
f 4805 4579 4804
f 2179 2458 2180
f 2178 2458 2179
f 2179 2180 1891
f 1891 2178 2179
f 2202 2482 2483
f 2483 2473 2202
f 2482 2762 2483
f 2762 2473 2483
f 2763 2774 3038
f 2774 3049 3038
f 3038 3037 2763
f 3038 3049 3037
f 2197 2166 1911
f 1911 2196 2197
f 2472 2476 2197
f 2197 2196 2472
f 2765 2740 2739
f 2739 2475 2765
f 2742 2447 2741
f 2447 2740 2741
f 2741 2743 2742
f 2741 2740 2743
f 3014 2743 3013
f 2743 2740 3013
f 2740 2765 3013
f 1129 1128 1130
f 1130 894 1129
f 1129 894 1128
f 1096 1095 868
f 893 1095 1096
f 868 870 1096
f 1096 870 1100
f 1100 1127 1096
f 1127 893 1096
f 1828 2100 2101
f 2101 1829 1828
f 2101 2102 1829
f 2101 2385 2102
f 2098 2382 2383
f 2383 2382 2674
f 4765 4934 4935
f 4935 4768 4765
f 4935 4934 4937
f 4937 4768 4935
f 598 438 437
f 598 599 438
f 436 526 598
f 526 698 598
f 1036 1037 806
f 807 1038 1036
f 1038 1037 1036
f 1039 814 816
f 809 814 1039
f 1039 1040 809
f 1279 1040 1039
f 1282 1279 1042
f 1279 1039 1042
f 816 1037 1042
f 1042 1039 816
f 1777 1775 2045
f 2042 2043 1774
f 1482 1773 1774
f 1774 1773 2042
f 1774 1775 1482
f 1774 2045 1775
f 2327 2326 2047
f 4539 4767 4769
f 4769 4767 4783
f 4555 4539 4769
f 4769 4783 4555
f 4785 4955 4954
f 4954 4957 4785
f 4785 4557 4556
f 4786 4557 4785
f 4785 4957 4786
f 4555 4783 4784
f 4783 4955 4784
f 4955 4785 4784
f 4556 4555 4784
f 4784 4785 4556
f 4249 4475 4476
f 4476 4477 4249
f 4690 4691 4463
f 4463 4689 4690
f 4690 4689 4691
f 3830 3831 3547
f 3547 3829 3830
f 3830 3829 4088
f 4088 4089 3830
f 4089 3831 3830
f 3257 2987 3006
f 3006 3258 3257
f 3257 3258 2987
f 3260 2988 3259
f 3259 3258 3260
f 2988 2987 3259
f 2987 3258 3259
f 4770 4540 4562
f 4562 4561 4770
f 4347 4561 4562
f 3562 3828 3565
f 3562 3845 3828
f 3564 3845 3562
f 3562 3276 3564
f 3563 3276 3561
f 3842 3846 3563
f 3561 3842 3563
f 3846 3564 3563
f 3564 3276 3563
f 4554 4553 4412
f 4412 4338 4554
f 4337 4553 4554
f 4554 4338 4337
f 4339 4338 4178
f 4178 4340 4339
f 4096 4338 4339
f 4339 4340 4096
f 4851 4840 5017
f 5017 5015 5026
f 4852 5026 5025
f 4852 4635 4851
f 4851 5017 4852
f 4852 5017 5026
f 4852 4853 4635
f 5025 4853 4852
f 4845 4844 5021
f 5021 5015 4845
f 5167 5015 5021
f 5168 5015 5167
f 5167 5303 5168
f 5168 5303 5304
f 5168 5304 5176
f 5168 5176 5175
f 5175 5025 5168
f 5025 5015 5168
f 5170 5169 5306
f 5306 5303 5170
f 5170 5303 5167
f 5170 5019 5169
f 5265 5268 5258
f 5005 5146 4991
f 5005 5154 5146
f 4827 4990 4812
f 4812 4828 4827
f 4991 4990 4827
f 4827 5005 4991
f 4827 4828 4604
f 4602 4393 4390
f 4584 4393 4602
f 4390 4601 4602
f 4602 4601 4584
f 4390 4604 4605
f 4605 4601 4390
f 4604 4828 4824
f 4824 4605 4604
f 4824 4811 4601
f 4601 4605 4824
f 1369 1647 1650
f 1650 1647 1916
f 1650 1648 1369
f 1650 1916 1648
f 1897 2184 2185
f 2185 2184 2460
f 2252 1954 2251
f 2252 1955 1954
f 2252 2251 2532
f 2253 1955 2252
f 2532 2533 2252
f 2533 2253 2252
f 4634 4619 4841
f 4634 4415 4619
f 4635 4415 4634
f 4634 4841 4851
f 4851 4635 4634
f 4416 4415 4180
f 3936 4170 4180
f 4180 4404 4416
f 4180 4170 4404
f 5481 5555 5482
f 5482 5555 5478
f 5478 5558 5482
f 5559 5483 5482
f 5482 5385 5481
f 5483 5385 5482
f 3898 3638 3897
f 3899 3638 3898
f 4577 4576 4390
f 4976 4975 4801
f 4604 4802 4801
f 4801 4802 4576
f 5308 5173 5172
f 5308 5309 5173
f 5130 5179 5260
f 5179 5309 5260
f 5260 5261 5130
f 5260 5309 5261
f 5025 5173 5174
f 5174 5027 5025
f 5173 5027 5174
f 5132 4976 5131
f 5131 5128 5132
f 4971 5128 4974
f 4976 4801 4974
f 4974 5131 4976
f 5128 5131 4974
f 5028 5181 5123
f 5123 4964 5028
f 5181 5124 5123
f 5124 4964 5123
f 4971 4970 5126
f 5126 5124 4971
f 5261 5309 5307
f 5309 5308 5307
f 5172 5177 5307
f 5307 5308 5172
f 5307 5177 5176
f 5176 5310 5307
f 5307 5310 5312
f 5312 5377 5307
f 3640 3903 3643
f 3902 3903 3640
f 3336 3639 3640
f 4390 4393 4391
f 4393 4392 4391
f 3902 3900 4156
f 4157 3902 4156
f 4156 4392 4157
f 4156 4391 4392
f 2826 2534 2825
f 2825 2534 2824
f 2824 3094 2825
f 4856 4964 4857
f 4857 4640 4856
f 4855 4638 4637
f 4854 4855 4637
f 4637 4853 4854
f 3364 3362 3674
f 3674 3675 3364
f 3364 3088 3362
f 3364 3089 3088
f 3364 3675 3676
f 3364 3090 3089
f 3091 3092 2822
f 2822 3090 3091
f 3091 3090 3092
f 2833 2831 2832
f 2831 2541 2832
f 2539 2832 2541
f 2830 2832 2539
f 2548 2546 2468
f 2546 2759 2468
f 2192 2191 2468
f 2460 2462 2751
f 1914 1899 2188
f 2188 1915 1914
f 2075 2074 2073
f 1799 2074 2075
f 2075 2076 1799
f 2648 2649 2351
f 2351 2075 2073
f 2351 2646 2648
f 2647 2646 2351
f 2351 2073 2350
f 2351 2350 2348
f 2348 2647 2351
f 2354 2649 2648
f 2354 2351 2649
f 2353 2351 2354
f 2354 2651 2355
f 2648 2650 2354
f 2650 2651 2354
f 2354 2355 2078
f 2078 2353 2354
f 2077 1802 1799
f 1799 2076 2077
f 2077 2076 1802
f 1771 1770 2041
f 2041 2040 1771
f 1770 2040 2041
f 3892 4141 4143
f 4143 4139 4376
f 4143 4141 4139
f 4591 4583 4810
f 4591 4590 4583
f 4583 4590 4378
f 4387 4599 4563
f 4349 4387 4563
f 4563 4564 4349
f 4563 4433 4432
f 4563 4599 4433
f 4349 4564 4565
f 4565 4351 4349
f 4426 4351 4565
f 4565 4650 4426
f 4564 4650 4565
f 3854 3855 3573
f 3573 3853 3854
f 3573 3851 3852
f 3852 3853 3573
f 3852 3851 4109
f 4111 3853 3852
f 3852 4110 4111
f 4109 4110 3852
f 3037 3318 3319
f 3319 3314 3037
f 3319 3606 3314
f 3949 3951 4193
f 4193 3950 3949
f 3951 3950 4193
f 4114 3952 4115
f 3952 3958 4115
f 3690 3951 3949
f 3690 3958 3951
f 3949 3689 3690
f 3689 3383 3690
f 3855 3854 4112
f 4112 3853 4111
f 4112 3854 3853
f 3856 3578 3580
f 3580 3857 3856
f 3580 3575 3574
f 3574 3855 3580
f 5139 4982 5140
f 4983 4982 5139
f 5141 4983 5139
f 5139 5278 5141
f 5140 5278 5139
f 4581 4808 4809
f 4809 4582 4581
f 4809 4591 4810
f 4808 4591 4809
f 4810 4583 4809
f 4583 4582 4809
f 5141 4996 4984
f 4984 4983 5141
f 4984 4808 4983
f 4980 4808 4807
f 5136 5137 4980
f 5137 4982 4980
f 4982 4808 4980
f 4978 5135 4979
f 4807 4806 4979
f 4979 4806 4978
f 2957 2676 2675
f 2675 2674 2957
f 2675 2383 2674
f 806 604 805
f 805 1036 806
f 805 604 807
f 807 1036 805
f 2043 2045 2044
f 2044 1774 2043
f 2045 1774 2044
f 2046 2327 2047
f 2043 2327 2046
f 2046 2045 2043
f 2046 2047 1777
f 1777 2045 2046
f 2037 2323 2038
f 2038 1770 2037
f 2326 2327 2038
f 2325 2326 2038
f 2324 2325 2038
f 2038 2323 2324
f 4906 4711 4905
f 3006 3005 3277
f 3277 3278 3006
f 3277 3005 3004
f 3565 3278 3277
f 3277 3562 3565
f 3004 3276 3277
f 3276 3562 3277
f 5016 4840 4839
f 5016 5017 4840
f 4839 5015 5016
f 5015 5017 5016
f 5167 5021 5020
f 5020 5170 5167
f 5020 5021 4844
f 5019 5170 5020
f 4842 5019 5020
f 5020 4844 4842
f 5266 5258 5130
f 5130 5265 5266
f 5266 5265 5258
f 5385 5268 5382
f 5268 5265 5382
f 5154 5005 5153
f 5153 5003 5152
f 5288 5282 5153
f 5153 5282 5154
f 5153 5287 5288
f 5286 5287 5153
f 5153 5267 5286
f 5153 5152 5267
f 4826 4975 5001
f 4826 4827 4604
f 4812 4811 4986
f 4811 4824 4986
f 4986 4828 4812
f 4986 4824 4828
f 1898 1626 1897
f 1897 2185 1898
f 1898 1899 1626
f 1898 2185 1899
f 2460 2751 2464
f 1899 2185 2186
f 2186 2464 2465
f 2185 2464 2186
f 1920 1917 1651
f 2207 1922 1920
f 1922 1917 1920
f 1651 1916 1919
f 1916 1915 1919
f 1919 1920 1651
f 2205 1920 1919
f 3058 3059 2783
f 3338 3059 3058
f 3101 3034 2833
f 5560 5558 5628
f 5560 5482 5558
f 5628 5559 5560
f 5559 5482 5560
f 3899 3898 4154
f 4152 4388 4154
f 4604 4801 4825
f 4825 4801 4975
f 4825 4826 4604
f 4975 4826 4825
f 4971 4974 4972
f 4799 4970 4971
f 4971 4972 4799
f 4969 5126 4970
f 4970 4799 4969
f 5125 4964 5124
f 5124 5126 5125
f 5125 4969 4964
f 5126 4969 5125
f 3643 3336 3642
f 3642 3640 3643
f 3638 3900 3901
f 3901 3639 3638
f 3901 3640 3639
f 3901 3900 3902
f 3902 3640 3901
f 3897 3637 3896
f 3896 3898 3897
f 3095 3094 3092
f 3095 2825 3094
f 3367 3096 3095
f 3095 3096 2825
f 3365 3364 3676
f 3092 3090 3365
f 3090 3364 3365
f 3677 3365 3676
f 3678 3365 3677
f 4964 5029 4858
f 4858 4857 4964
f 4640 4857 4858
f 4858 5029 4859
f 4859 4641 4858
f 4858 4641 4640
f 4967 5029 4964
f 4635 4853 4636
f 4853 4637 4636
f 4964 4793 4963
f 4963 4967 4964
f 4181 4180 4415
f 3936 4180 4181
f 3942 4185 4186
f 3941 4185 3942
f 3942 3677 3941
f 3676 3675 3941
f 3941 3677 3676
f 3939 3938 4184
f 2259 2258 2540
f 2540 2541 2259
f 2540 2539 2541
f 2257 2539 2540
f 2258 2257 2540
f 2187 2188 1899
f 2465 2188 2187
f 1899 2186 2187
f 2187 2186 2465
f 3022 2751 3021
f 2352 2351 2353
f 2075 2351 2352
f 2353 2076 2352
f 2076 2075 2352
f 4375 4378 4377
f 4578 4378 4375
f 4375 4138 4374
f 4374 4578 4375
f 4379 4378 4590
f 4590 4591 4379
f 4589 4578 4583
f 4583 4378 4589
f 4589 4378 4578
f 4432 4564 4657
f 4657 4563 4432
f 4564 4563 4657
f 3609 3318 3608
f 3608 3606 3609
f 3609 3319 3318
f 3606 3319 3609
f 3577 3606 3608
f 3608 3572 3577
f 3577 3572 3286
f 3286 3576 3577
f 3581 3690 3383
f 3581 3578 3856
f 3585 3582 3581
f 3581 3383 3585
f 3579 3578 3581
f 3582 3292 3581
f 3581 3292 3579
f 3855 4112 3858
f 3858 4112 3857
f 3858 3580 3855
f 3857 3580 3858
f 3290 3580 3578
f 3290 3578 3579
f 3290 3292 3288
f 3579 3292 3290
f 3290 3019 3289
f 3288 3019 3290
f 3289 3575 3290
f 3575 3580 3290
f 4816 4808 4985
f 4808 4984 4985
f 4985 4984 4996
f 4996 4995 4985
f 4985 4817 4816
f 4995 4817 4985
f 4807 4979 4981
f 4981 4980 4807
f 4981 4979 5135
f 4981 5138 5136
f 5136 4980 4981
f 5134 5138 4981
f 4981 5135 5134
f 3037 3314 3315
f 3315 3316 3037
f 3284 3316 3315
f 3037 3316 3039
f 3039 3013 2765
f 3039 3015 3014
f 3014 3013 3039
f 3284 3015 3039
f 3039 3316 3284
f 2383 2675 2384
f 2384 2101 2100
f 2384 2675 2676
f 2384 2100 2098
f 2098 2383 2384
f 2384 2676 2385
f 2385 2101 2384
f 2039 2040 1770
f 1770 2038 2039
f 2042 2040 2039
f 2039 2043 2042
f 2039 2327 2043
f 2039 2038 2327
f 4477 4476 4712
f 4712 4906 4905
f 4712 4476 4475
f 4713 4477 4712
f 4475 4711 4712
f 4711 4906 4712
f 4712 4905 4907
f 4712 4909 4713
f 4907 4908 4712
f 4712 4908 4909
f 5264 5265 5130
f 5130 5263 5264
f 5264 5263 5265
f 5379 5475 5376
f 5261 5307 5262
f 5130 5261 5262
f 5262 5263 5130
f 5262 5376 5263
f 5379 5376 5262
f 5262 5307 5377
f 5262 5378 5379
f 5262 5377 5378
f 5475 5385 5381
f 5385 5382 5381
f 5381 5382 5265
f 5005 4827 5004
f 5004 5153 5005
f 5003 5153 5004
f 5004 4826 5003
f 4827 4826 5004
f 5002 5001 5132
f 5002 4826 5001
f 5132 5152 5002
f 5152 5003 5002
f 5003 4826 5002
f 2463 2185 2460
f 2460 2464 2463
f 2463 2464 2185
f 2492 2782 2493
f 2492 2210 2207
f 2493 2210 2492
f 2783 2781 2492
f 2781 2782 2492
f 2204 1919 1915
f 2205 1919 2204
f 2461 2752 2462
f 2461 2462 2184
f 2184 2459 2461
f 2459 2192 2461
f 2192 2468 2469
f 2469 2461 2192
f 2752 2461 2469
f 2462 2752 2753
f 2753 2751 2462
f 3025 3021 2753
f 3021 2751 2753
f 3034 3101 3035
f 3035 3101 3036
f 4153 3898 4152
f 4152 4154 4153
f 4153 4154 3898
f 4155 4156 3900
f 4155 3900 3899
f 3899 4154 4155
f 4391 4156 4155
f 4155 4388 4389
f 4155 4154 4388
f 4155 4389 4390
f 4390 4391 4155
f 4576 4799 4800
f 4800 4801 4576
f 4800 4974 4801
f 3336 3335 3633
f 3636 3637 3336
f 3336 3640 3641
f 3641 3642 3336
f 3640 3642 3641
f 3597 3869 3872
f 4152 3898 4151
f 3898 3896 4151
f 3309 3310 3031
f 3597 3598 3307
f 3031 3030 3307
f 3366 3095 3092
f 3092 3365 3366
f 3366 3365 3678
f 3369 3370 3096
f 2826 2825 3098
f 3098 2828 2826
f 2829 2828 3098
f 3098 2830 2829
f 3098 3099 2830
f 4639 4640 4417
f 4640 4641 4417
f 4420 4648 4417
f 4417 4647 4420
f 4635 4636 4417
f 4417 4415 4635
f 4417 4638 4639
f 4417 4181 4415
f 4417 4637 4638
f 4417 4636 4637
f 3940 3941 3675
f 4185 3941 3940
f 3940 4184 4185
f 3940 3675 3939
f 3939 4184 3940
f 4182 3937 3936
f 3936 4181 4182
f 4420 4185 4182
f 4185 4184 4182
f 3305 3029 3303
f 3303 3029 3028
f 3296 3021 3025
f 3025 3302 3296
f 3296 3022 3021
f 3297 3022 3296
f 3296 3303 3297
f 3302 3303 3296
f 4377 4378 4144
f 4378 4379 4144
f 3892 4143 4144
f 4144 4143 4376
f 4144 4145 3892
f 4144 4383 4145
f 4144 4379 4380
f 4376 4138 4144
f 4382 4383 4144
f 4138 4375 4144
f 4144 4375 4377
f 4144 4381 4382
f 4144 4380 4381
f 4380 4379 4593
f 4593 4594 4380
f 4593 4817 4594
f 4816 4817 4593
f 3571 3577 3576
f 3570 3284 3571
f 3571 3576 3570
f 3606 3577 3571
f 3314 3606 3571
f 3284 3315 3571
f 3571 3315 3314
f 3958 3690 3860
f 3690 3581 3860
f 3037 3039 2764
f 2764 3039 2765
f 2763 3037 2764
f 2764 2475 2763
f 2764 2765 2475
f 5265 5263 5380
f 5263 5376 5380
f 5380 5376 5475
f 5475 5381 5380
f 5380 5381 5265
f 2775 2488 2487
f 3034 3035 2761
f 2761 3035 3036
f 2752 2469 2761
f 3024 2753 2752
f 3025 2753 3024
f 3036 3298 3024
f 2833 2832 3100
f 3100 3101 2833
f 3100 2832 2830
f 2830 3099 3100
f 4974 4800 4973
f 4973 4800 4799
f 4973 4972 4974
f 4973 4799 4972
f 4798 4799 4576
f 4798 4797 4799
f 4575 4798 4576
f 4797 4798 4575
f 4968 4969 4799
f 4799 4797 4968
f 3336 3633 3634
f 3338 3058 3057
f 3057 3337 3061
f 3061 3338 3057
f 3057 3336 3337
f 3057 3335 3336
f 2780 3058 2783
f 2783 2492 2780
f 2780 3057 3058
f 3053 3057 2780
f 3332 3631 3333
f 3333 3631 3335
f 3635 3636 3336
f 3873 3636 3635
f 3336 3634 3635
f 3635 3634 3873
f 3599 3307 3598
f 3599 3598 3597
f 2757 3030 3031
f 2757 3029 3030
f 3028 3029 2757
f 3026 3022 3297
f 3297 3303 3026
f 3026 3303 3028
f 3028 2757 3026
f 3026 2757 3027
f 4120 3868 3867
f 4120 4356 4121
f 4121 3868 4120
f 4127 4151 4128
f 3597 3872 3604
f 3896 3872 4124
f 4124 3872 3869
f 4124 4151 3896
f 4124 4128 4151
f 3874 3636 3873
f 3873 3604 3874
f 3874 3604 3872
f 3637 3636 3874
f 4152 4151 4364
f 3592 3867 3594
f 3594 3867 3868
f 3594 3868 3595
f 3595 3307 3594
f 3595 3869 3596
f 3596 3307 3595
f 3596 3869 3597
f 3597 3307 3596
f 3310 3309 3308
f 3308 3309 3031
f 3031 3307 3308
f 3306 3029 3305
f 3367 3678 3368
f 3368 3096 3367
f 3368 3369 3096
f 3096 3370 3097
f 2825 3096 3097
f 3097 3098 2825
f 3036 3101 3313
f 3313 3298 3036
f 4642 4417 4641
f 4118 3865 4117
f 4189 4185 4420
f 3595 3868 3870
f 4127 4128 3871
f 3871 3869 3595
f 4128 4124 3871
f 3595 3870 3871
f 3871 3870 4125
f 4183 3938 3937
f 3937 4182 4183
f 4183 4184 3938
f 4183 4182 4184
f 4418 4182 4181
f 4418 4417 4648
f 4181 4417 4418
f 4816 4593 4592
f 4592 4593 4379
f 4592 4379 4591
f 4592 4808 4816
f 4592 4591 4808
f 3958 3860 3859
f 3859 4115 3958
f 3859 3860 3581
f 4113 4114 3859
f 4114 4115 3859
f 3859 3581 3856
f 3859 4112 4111
f 3856 3857 3859
f 3857 4112 3859
f 4111 4116 3859
f 3859 4116 4113
f 2775 2487 2486
f 1915 2188 2203
f 2203 2204 1915
f 2203 2486 2487
f 2203 2488 2204
f 2203 2487 2488
f 2188 2467 2203
f 2467 2486 2203
f 2776 2488 2775
f 3034 2761 2760
f 2834 3034 2760
f 2760 2759 2834
f 2760 2468 2759
f 3036 3024 3023
f 3023 3024 2752
f 3023 2761 3036
f 2752 2761 3023
f 3586 3298 3375
f 3375 3100 3099
f 3101 3100 3375
f 3375 3374 3586
f 3099 3374 3375
f 3371 3097 3370
f 4965 4793 4964
f 4965 4966 4793
f 4964 4969 4965
f 4969 4968 4965
f 4965 4968 4966
f 3632 3633 3335
f 3335 3631 3632
f 3632 3631 3633
f 3630 3631 3332
f 3332 3603 3630
f 3630 3634 3633
f 3633 3631 3630
f 3873 3634 3630
f 3630 3603 3873
f 3335 3057 3056
f 3056 3057 3053
f 3056 3055 3335
f 2491 2780 2492
f 3332 3333 3054
f 3054 3333 3055
f 3054 3051 3332
f 3335 3055 3334
f 3334 3333 3335
f 3055 3333 3334
f 3601 3599 3310
f 3310 3308 3601
f 3601 3308 3307
f 2758 2757 3031
f 2758 2486 2467
f 2758 3033 2775
f 2775 2486 2758
f 2466 2188 2465
f 2466 2467 2188
f 2466 2758 2467
f 2757 2758 2466
f 2755 3026 3027
f 3027 2757 2755
f 3864 3867 3592
f 3873 3603 3605
f 3605 3604 3873
f 3605 3603 3311
f 3311 3604 3605
f 3602 3599 3597
f 3597 3604 3602
f 3602 3604 3311
f 3602 3311 3310
f 3310 3599 3602
f 3895 3896 3637
f 3637 3874 3895
f 3895 3872 3896
f 3895 3874 3872
f 3593 3307 3592
f 3592 3594 3593
f 3593 3594 3307
f 3029 3306 3304
f 3030 3029 3304
f 3304 3307 3030
f 3679 3368 3678
f 3679 3677 3942
f 3678 3677 3679
f 3586 3374 3684
f 3684 3861 3586
f 3682 3861 3684
f 4859 5029 4962
f 5029 4967 4962
f 3865 4118 4119
f 4120 3867 4119
f 4119 3867 3865
f 3948 4118 4117
f 3948 3861 3682
f 4359 4360 4125
f 4571 4570 4793
f 4123 4124 3869
f 3869 3871 4123
f 4123 3871 4124
f 4419 4418 4648
f 4182 4418 4419
f 4419 4648 4420
f 4420 4182 4419
f 3050 2776 3032
f 3032 3051 3050
f 2775 3033 3032
f 3032 2776 2775
f 3032 2758 3031
f 3033 2758 3032
f 3031 3310 3032
f 3310 3311 3032
f 2488 2776 2489
f 2205 2204 2489
f 2204 2488 2489
f 3101 3375 3376
f 3376 3375 3298
f 3376 3313 3101
f 3298 3313 3376
f 3372 3371 3374
f 3098 3097 3372
f 3097 3371 3372
f 2206 2491 2492
f 2206 1920 2205
f 2205 2489 2206
f 2207 1920 2206
f 2206 2492 2207
f 2780 2491 2779
f 3053 2780 2779
f 2779 3056 3053
f 3055 3056 2779
f 2779 3054 3055
f 3307 3599 3600
f 3600 3601 3307
f 3599 3601 3600
f 2465 2464 2754
f 2754 2755 2465
f 2754 2464 2751
f 2751 3022 2754
f 3022 3026 2754
f 3026 2755 2754
f 2757 2466 2756
f 2756 2755 2757
f 2756 2466 2465
f 2465 2755 2756
f 3867 3864 3590
f 3592 3306 3590
f 3590 3864 3592
f 3305 3588 3590
f 3307 3304 3589
f 3589 3304 3306
f 3592 3307 3589
f 3589 3306 3592
f 3374 3371 3683
f 3683 3684 3374
f 3683 3371 3682
f 3682 3684 3683
f 4357 4568 4570
f 4357 4356 4120
f 4967 4963 4794
f 4794 4962 4967
f 4793 4570 4794
f 4794 4963 4793
f 4421 4189 4420
f 4420 4422 4421
f 4420 4647 4646
f 4646 4422 4420
f 4647 4417 4646
f 4360 4359 4569
f 4569 4571 4360
f 4570 4571 4569
f 4569 4357 4570
f 4356 4357 4569
f 4358 4121 4356
f 4356 4569 4358
f 4358 4569 4359
f 4795 4968 4797
f 4966 4968 4795
f 4793 4966 4795
f 4795 4571 4793
f 4125 4360 4361
f 4361 4362 4125
f 4127 3871 4126
f 4126 3871 4125
f 4125 4362 4126
f 4126 4151 4127
f 4126 4364 4151
f 3312 3032 3311
f 3051 3032 3312
f 3332 3051 3312
f 3312 3603 3332
f 3311 3603 3312
f 2778 2779 2491
f 3301 3588 3305
f 3305 3303 3301
f 3301 3303 3302
f 3301 3302 3025
f 3025 3024 3301
f 3024 3300 3301
f 3299 3298 3586
f 3299 3301 3300
f 3588 3301 3299
f 3299 3024 3298
f 3299 3300 3024
f 3098 3372 3373
f 3373 3372 3374
f 3099 3098 3373
f 3373 3374 3099
f 2491 2206 2490
f 2490 2206 2489
f 2490 2778 2491
f 2489 2778 2490
f 2779 2778 2777
f 3050 3051 2777
f 2777 2776 3050
f 2777 2489 2776
f 2777 2778 2489
f 3591 3306 3305
f 3305 3590 3591
f 3591 3590 3306
f 3865 3867 3866
f 3866 3590 3865
f 3867 3590 3866
f 3368 3679 3680
f 3679 3943 3680
f 3369 3368 3680
f 4791 4794 4570
f 4791 4568 4567
f 4962 4794 4791
f 4859 4962 4791
f 4791 4644 4859
f 4859 4644 4643
f 4643 4641 4859
f 4643 4642 4641
f 4417 4642 4643
f 4643 4644 4417
f 4567 4424 4423
f 3681 3948 3682
f 3681 3947 3948
f 3682 3371 3681
f 3681 3371 3370
f 3370 3369 3681
f 3369 3680 3681
f 4187 4421 4422
f 4189 4421 4187
f 4121 4358 4122
f 4125 3870 4122
f 4122 4359 4125
f 4122 4358 4359
f 3868 4121 4122
f 4122 3870 3868
f 4572 4795 4797
f 4571 4795 4572
f 4360 4571 4572
f 4572 4361 4360
f 4364 4126 4363
f 4363 4126 4362
f 4152 4364 4363
f 4576 4577 4363
f 4363 4575 4576
f 4389 4388 4363
f 4363 4388 4152
f 4390 4389 4363
f 4363 4577 4390
f 3586 3861 3587
f 3587 3299 3586
f 3588 3299 3587
f 3054 2779 3052
f 2779 2777 3052
f 3051 3054 3052
f 3052 2777 3051
f 3945 3680 3943
f 4192 4353 4118
f 4192 3947 4191
f 4118 3948 4192
f 3948 3947 4192
f 4567 4568 4355
f 4568 4357 4355
f 4355 4357 4120
f 4120 4119 4355
f 4354 4119 4118
f 4118 4353 4354
f 4354 4355 4119
f 4353 4355 4354
f 4570 4568 4792
f 4792 4791 4570
f 4568 4791 4792
f 4645 4423 4422
f 4422 4646 4645
f 4417 4644 4645
f 4645 4646 4417
f 3943 4187 4188
f 4188 3945 3943
f 4190 3945 4188
f 4188 4423 4424
f 4422 4423 4188
f 4188 4187 4422
f 4188 4424 4191
f 4191 4190 4188
f 4189 4187 3944
f 3944 4187 3943
f 3942 4186 3944
f 3944 3679 3942
f 3944 3943 3679
f 3944 4186 4185
f 4185 4189 3944
f 4362 4361 4573
f 4573 4363 4362
f 4361 4572 4573
f 3862 3587 3861
f 4117 3865 3862
f 3862 3948 4117
f 3861 3948 3862
f 3680 3945 3946
f 3947 3681 3946
f 3946 3681 3680
f 4191 3947 3946
f 3946 4190 4191
f 3946 3945 4190
f 4353 4192 4425
f 4425 4424 4567
f 4191 4424 4425
f 4425 4192 4191
f 4567 4423 4649
f 4423 4645 4649
f 4649 4791 4567
f 4644 4791 4649
f 4649 4645 4644
f 4575 4573 4796
f 4796 4573 4572
f 4797 4575 4796
f 4796 4572 4797
f 4575 4363 4574
f 4574 4573 4575
f 4363 4573 4574
f 3863 3862 3865
f 3865 3590 3863
f 3863 3590 3588
f 3588 3587 3863
f 3587 3862 3863
f 4566 4355 4353
f 4353 4425 4566
f 4567 4355 4566
f 4566 4425 4567
f 1597 1326 1869
f 1869 1326 1599
f 1082 1079 849
f 1082 849 851
f 468 352 263
f 263 350 468
f 85 79 122
f 122 79 112
f 197 198 150
f 150 198 151
f 262 263 352
f 196 263 262
f 262 198 197
f 262 197 196
f 1081 1326 1597
f 1597 1325 1081
f 1081 1082 851
f 1325 1082 1081
f 388 528 529
f 529 389 388
f 52 79 85
f 45 79 52
f 531 390 292
f 531 292 389
f 2114 2113 2115
f 2115 2113 2398
f 18 21 5
f 5 4 18
f 45 52 18
f 18 52 21
f 90 91 57
f 93 91 90
f 561 419 401
f 420 419 561
f 716 713 712
f 944 716 712
f 2590 2864 2307
f 2307 2864 2591
f 126 121 201
f 201 127 126
f 121 122 201
f 201 664 528
f 366 491 201
f 201 70 111
f 201 268 366
f 201 112 70
f 111 152 201
f 528 388 201
f 201 122 112
f 201 291 221
f 221 166 201
f 201 128 127
f 491 664 201
f 166 128 201
f 388 291 201
f 1863 2142 2146
f 1866 1863 2146
f 1587 1860 2140
f 2140 1861 1587
f 2435 2726 2436
f 2436 2154 2435
f 5341 5447 5342
f 5342 5447 5448
f 645 640 469
f 469 474 645
f 955 956 727
f 727 956 728
f 945 716 944
f 718 716 945
f 945 946 718
f 945 1183 946
f 2866 2307 2591
f 2592 2307 2866
f 2574 2854 3116
f 2574 3116 2855
f 2295 2007 2006
f 2006 2007 1744
f 2008 2007 2295
f 2295 2296 2008
f 2592 2866 2868
f 2868 2866 3131
f 1560 1297 1296
f 1560 1296 1295
f 1062 1303 914
f 914 1303 1064
f 2118 1844 2117
f 2117 1844 1843
f 2403 2694 2404
f 2693 2694 2403
f 2411 2126 2125
f 2129 2126 2411
f 1311 1578 1579
f 1579 1312 1311
f 3271 3274 3559
f 3559 3274 3560
f 2155 1874 1872
f 1872 1873 2155
f 2805 2521 2812
f 2812 2521 2522
f 369 1135 897
f 111 70 369
f 369 259 349
f 897 672 369
f 349 467 369
f 849 1079 369
f 369 108 147
f 107 69 369
f 369 68 67
f 369 70 107
f 369 637 849
f 67 109 369
f 69 68 369
f 369 1079 1324
f 147 192 369
f 369 153 111
f 369 467 637
f 369 109 108
f 369 192 259
f 205 204 369
f 1324 1595 369
f 369 202 153
f 369 1595 1381
f 369 672 498
f 498 370 369
f 1381 1135 369
f 369 204 202
f 369 270 205
f 271 270 369
f 369 272 271
f 3009 2736 3008
f 3008 2736 2735
f 2734 3008 2735
f 3007 3008 2734
f 1941 1940 2234
f 2234 2236 1941
f 27 28 8
f 8 28 9
f 1705 1405 1704
f 1406 1405 1705
f 641 642 470
f 853 642 641
f 1743 2006 1744
f 1744 1449 1743
f 548 547 732
f 732 547 731
f 2583 2300 2584
f 2301 2300 2583
f 3134 2868 3131
f 3134 3131 3412
f 619 826 827
f 827 620 619
f 1976 1711 1710
f 1710 1975 1976
f 1582 1315 1314
f 1314 1581 1582
f 1580 1581 1314
f 1314 1313 1580
f 1580 1312 1579
f 1580 1313 1312
f 5343 5342 5448
f 5448 5449 5343
f 120 119 118
f 118 129 120
f 2148 1869 1599
f 1599 1875 2148
f 2157 2148 1875
f 2426 2148 2157
f 2717 2426 2157
f 2157 2438 2717
f 3282 2736 3009
f 3010 2736 3282
f 3343 3073 2804
f 2804 3067 3343
f 1336 1106 1094
f 1094 1106 875
f 1332 1409 1152
f 1152 1408 1332
f 411 410 413
f 413 410 571
f 955 726 725
f 954 955 725
f 1185 948 947
f 1185 947 1184
f 948 1185 1186
f 1186 1185 1442
f 946 1183 1441
f 1184 946 1441
f 1441 1185 1184
f 1442 1185 1441
f 3703 3702 3718
f 3404 3702 3703
f 4685 4228 4460
f 4461 4228 4685
f 948 1187 951
f 950 948 951
f 1379 1380 1133
f 1133 1132 1379
f 1192 956 955
f 1192 1193 956
f 1745 1452 1451
f 1745 1451 1450
f 1745 1449 1744
f 1450 1449 1745
f 2301 2583 2302
f 2302 2583 2586
f 2297 2578 2298
f 2297 2298 2009
f 2297 2008 2296
f 2296 2578 2297
f 2587 2302 2586
f 2303 2302 2587
f 2009 2298 2299
f 2298 2585 2299
f 2584 2300 2299
f 2299 2585 2584
f 3424 3423 3729
f 3140 3423 3424
f 3728 3425 3424
f 3424 3729 3728
f 3139 3423 3140
f 3140 2875 3139
f 3720 3134 3412
f 3414 3134 3720
f 3137 3417 3136
f 3136 2873 3137
f 3414 3720 3137
f 3137 3720 3417
f 1305 1304 1063
f 1063 1065 1305
f 1569 1570 1306
f 1306 1304 1569
f 2140 2139 2145
f 2145 2143 2140
f 1315 1582 1583
f 1583 1582 1858
f 1858 1859 1583
f 1859 1584 1583
f 325 244 243
f 326 244 325
f 3254 3255 2986
f 2986 2985 3254
f 5339 5447 5341
f 5339 5446 5447
f 240 181 180
f 180 239 240
f 2432 2433 2151
f 2432 2151 2150
f 3846 3842 4101
f 4101 4105 3846
f 1897 1625 1896
f 1896 1625 1624
f 875 1106 876
f 1106 1107 876
f 2265 2546 2548
f 2547 2546 2265
f 2543 1966 2262
f 2263 1966 2543
f 1334 1090 1333
f 1333 1335 1334
f 1445 1187 1444
f 1444 1740 1445
f 948 1186 1444
f 1444 1187 948
f 4460 4228 4227
f 4227 4228 3985
f 3984 4227 3985
f 4226 4227 3984
f 2854 2574 2293
f 2293 2573 2854
f 2295 2006 2294
f 2294 2575 2295
f 2006 1743 2294
f 1743 2005 2294
f 2294 2574 2855
f 2855 2575 2294
f 937 938 706
f 937 706 705
f 1611 1881 2163
f 1882 1611 2163
f 2851 3111 2852
f 2852 2565 2851
f 2301 2302 2012
f 2012 2302 2013
f 2863 2864 2590
f 2590 2588 2863
f 2303 2587 2863
f 2863 2588 2303
f 3128 3133 3408
f 3408 3133 3132
f 3146 3425 3728
f 3728 3427 3146
f 1060 1300 1061
f 1061 832 1060
f 1302 1301 1565
f 1565 1566 1302
f 1564 1300 1060
f 1060 1299 1564
f 1712 1977 1713
f 1711 1977 1712
f 2398 2113 2112
f 2112 2397 2398
f 2129 2411 2703
f 2703 2412 2129
f 2422 2139 2138
f 2138 2421 2422
f 5617 5545 5615
f 5546 5545 5617
f 5617 5615 5614
f 5614 5661 5617
f 4895 4695 4693
f 4693 4894 4895
f 5519 5521 5433
f 5519 5433 5432
f 5537 5661 5614
f 5537 5613 5661
f 5450 5343 5449
f 5449 5535 5450
f 5613 5537 5612
f 5612 5537 5536
f 5612 5450 5535
f 5536 5450 5612
f 4893 4892 5069
f 5069 4892 5068
f 5068 5210 5069
f 5069 5210 5211
f 178 239 180
f 180 179 178
f 81 117 163
f 163 118 81
f 2149 2148 2426
f 2426 2427 2149
f 3009 3280 3568
f 3568 3281 3009
f 3556 3838 3839
f 3555 3838 3556
f 888 887 1124
f 1124 887 1123
f 1275 1167 1166
f 1166 1167 927
f 1900 1880 1702
f 1702 1880 1607
f 1951 2248 2249
f 2249 1952 1951
f 1409 1331 1154
f 1154 1331 1330
f 1152 1409 1153
f 1153 911 1152
f 2288 2289 1999
f 2290 2289 2288
f 2573 2293 2572
f 2572 2293 2292
f 1443 1444 1186
f 1739 1444 1443
f 2000 2289 2001
f 1739 2000 2001
f 1740 2002 2003
f 2003 1741 1740
f 2003 2289 2290
f 2003 2002 2289
f 4226 3984 3982
f 3982 3984 3735
f 3735 3431 3982
f 3431 3734 3982
f 1183 945 1182
f 1182 1440 1183
f 1735 1440 1182
f 1182 1439 1735
f 1737 1443 1995
f 1995 1443 1736
f 1179 1436 1438
f 1438 1436 1435
f 1735 1439 1438
f 1438 1733 1735
f 1197 963 962
f 962 1196 1197
f 2016 2308 2018
f 2018 2017 2016
f 3428 3146 3427
f 3427 3731 3428
f 327 244 326
f 327 245 244
f 1544 1282 1537
f 1537 1282 1276
f 606 445 444
f 607 445 606
f 173 219 290
f 235 173 290
f 4090 4330 4331
f 4331 4091 4090
f 4331 4332 4092
f 4092 4091 4331
f 3836 4336 4094
f 4093 4336 3836
f 1433 1177 1175
f 1433 1175 1174
f 1998 1997 1734
f 1734 1992 1998
f 2474 2762 2475
f 2475 2762 2763
f 446 445 607
f 333 445 446
f 697 526 696
f 697 696 927
f 605 606 443
f 808 606 605
f 5120 5121 4961
f 5120 4961 4960
f 5446 5339 5445
f 5445 5531 5446
f 5444 5531 5445
f 5445 5337 5444
f 5211 5210 5213
f 5213 5210 5336
f 5444 5337 5213
f 5213 5336 5444
f 5673 5684 5686
f 5673 5686 5685
f 237 290 238
f 238 290 320
f 237 238 177
f 177 238 178
f 133 176 177
f 134 133 177
f 4946 4945 5106
f 5106 4947 4946
f 2720 2721 2430
f 2993 2721 2720
f 2824 2534 2533
f 2533 2534 2254
f 2819 3088 3089
f 2820 2819 3089
f 3980 3734 3431
f 3431 3732 3980
f 3980 3428 3731
f 3980 3732 3428
f 444 445 331
f 445 332 331
f 250 249 331
f 331 332 250
f 284 385 285
f 214 284 285
f 285 520 386
f 285 385 520
f 2717 2438 2731
f 2731 2987 2717
f 4348 3846 4105
f 4348 4106 3846
f 4772 4541 4540
f 4540 4771 4772
f 4542 4543 4330
f 4542 4330 4329
f 4941 4772 4771
f 4942 4772 4941
f 5100 4939 5099
f 5237 5100 5099
f 4841 4619 4840
f 4840 4619 4618
f 2197 2476 2445
f 2445 2166 2197
f 598 698 600
f 600 599 598
f 323 436 598
f 437 323 598
f 1276 1282 1042
f 1042 1037 1276
f 4327 4348 4562
f 4540 4327 4562
f 4562 4348 4105
f 4562 4105 4347
f 2539 2257 2538
f 2538 2830 2539
f 2468 2191 2266
f 2468 2266 2548
f 3367 3095 3366
f 3366 3678 3367
f 2760 2761 2469
f 2760 2469 2468

