# https://github.com/mikedh/trimesh
v 0.00006767 0.01704135 -0.00330731
v 0.00006767 0.01719940 -0.00303908
v 0.00006767 0.01704277 -0.00346224
v 0.00007844 0.00990493 -0.00706599
v 0.00007844 0.00990493 -0.00438154
v 0.00006767 0.01720652 -0.00302878
v 0.00006767 0.01709118 -0.00368165
v 0.00006767 0.01726062 -0.00431705
v 0.00006767 0.01752831 -0.00458572
v 0.00006767 0.01806226 -0.00485708
v 0.00006767 0.01830432 -0.00488395
v 0.00006767 0.01853783 -0.00488708
v 0.00007844 0.00994765 -0.00706599
v 0.00011958 0.00990493 -0.00725496
v 0.00011762 0.00990493 -0.00332790
v 0.00006767 0.01740159 -0.00278833
v 0.00006767 0.01736172 -0.00280579
v 0.00006767 0.01880694 -0.00487813
v 0.00007942 0.01048587 -0.00706599
v 0.00007844 0.01424345 -0.00679732
v 0.00011958 0.00994765 -0.00725451
v 0.00014701 0.00990493 -0.00726884
v 0.00013134 0.00990493 -0.00318640
v 0.00006767 0.01998021 -0.00278833
v 0.00015778 0.00990493 -0.00313760
v 0.00023027 0.00990493 -0.00308655
v 0.00029590 0.00990493 -0.00306013
v 0.00029394 0.01585527 -0.00281743
v 0.00344903 0.00990635 -0.00278833
v 0.00006767 0.01907463 -0.00479618
v 0.00007844 0.01988054 -0.00599176
v 0.00007844 0.01880694 -0.00626043
v 0.00007844 0.01692886 -0.00652865
v 0.00008138 0.01075355 -0.00706599
v 0.00012056 0.01048587 -0.00724734
v 0.00011958 0.01021676 -0.00725093
v 0.00008040 0.01478167 -0.00679732
v 0.00029394 0.00990493 -0.00733511
v 0.00007844 0.02390866 -0.00278833
v 0.00006767 0.02008273 -0.00283669
v 0.00344903 0.00990493 -0.00279012
v 0.00405928 0.00990493 -0.00278833
v 0.00006767 0.01934232 -0.00462692
v 0.00007844 0.02229684 -0.00491843
v 0.00007844 0.02068645 -0.00572354
v 0.00008432 0.02014965 -0.00599176
v 0.00008334 0.01907463 -0.00626043
v 0.00008236 0.01746424 -0.00652865
v 0.00007942 0.01719655 -0.00652865
v 0.00008432 0.01102266 -0.00706599
v 0.00012252 0.01075355 -0.00724287
v 0.00008530 0.01504936 -0.00679732
v 0.00012154 0.01478167 -0.00697733
v 0.00008824 0.01129035 -0.00706599
v 0.00033704 0.00990493 -0.00733959
v 0.00012546 0.01102266 -0.00723749
v 0.00012938 0.01129035 -0.00723122
v 0.00013428 0.01155946 -0.00722495
v 0.00014015 0.01182715 -0.00721869
v 0.00014701 0.01209626 -0.00721197
v 0.00015876 0.01251630 -0.00720077
v 0.00029394 0.01048587 -0.00731272
v 0.00008432 0.02415926 -0.00278833
v 0.00007844 0.02390866 -0.00303908
v 0.00006767 0.02011690 -0.00330731
v 0.00006767 0.02011263 -0.00307625
v 0.01007461 0.00990493 -0.00278833
v 0.00006767 0.01960573 -0.00438109
v 0.00007844 0.02256595 -0.00464976
v 0.00008824 0.02310275 -0.00438154
v 0.00009118 0.02283364 -0.00464976
v 0.00008628 0.02202915 -0.00518665
v 0.00008334 0.02149235 -0.00545487
v 0.00008824 0.02095413 -0.00572354
v 0.00012448 0.02014965 -0.00617132
v 0.00012350 0.01907463 -0.00643954
v 0.00009216 0.01773335 -0.00652865
v 0.00012350 0.01746424 -0.00670553
v 0.00011958 0.01719655 -0.00671717
v 0.00012546 0.01504936 -0.00696882
v 0.00056233 0.00990493 -0.00736063
v 0.00032039 0.01261740 -0.00720391
v 0.00029394 0.01236395 -0.00721645
v 0.00056233 0.01075355 -0.00731765
v 0.00029394 0.01102266 -0.00728809
v 0.00029394 0.01075355 -0.00730108
v 0.00013330 0.01531847 -0.00695852
v 0.00014309 0.01558616 -0.00694733
v 0.00015191 0.01579831 -0.00693837
v 0.00017542 0.01597772 -0.00692852
v 0.00029394 0.01478167 -0.00704092
v 0.00056233 0.01424345 -0.00710316
v 0.00056233 0.01397576 -0.00712241
v 0.00042716 0.01276832 -0.00720033
v 0.00008628 0.02417634 -0.00278833
v 0.00008432 0.02390866 -0.00330731
v 0.00007844 0.02363955 -0.00357597
v 0.00006767 0.02003004 -0.00384464
v 0.00006767 0.02010978 -0.00357597
v 0.01003543 0.00990493 -0.00330731
v 0.00998057 0.01102266 -0.00278833
v 0.00006767 0.01985776 -0.00411197
v 0.00012840 0.02308424 -0.00463498
v 0.00009216 0.02337043 -0.00411287
v 0.00012938 0.02335620 -0.00436183
v 0.00013134 0.02283364 -0.00485036
v 0.00011664 0.02229114 -0.00518754
v 0.00012644 0.02202915 -0.00537964
v 0.00011469 0.02176431 -0.00546338
v 0.00012350 0.02149235 -0.00564742
v 0.00012840 0.02095413 -0.00589862
v 0.00014015 0.02035326 -0.00614759
v 0.00013917 0.01934374 -0.00641581
v 0.00015681 0.01815481 -0.00666567
v 0.00014701 0.01800103 -0.00667508
v 0.00013232 0.01773335 -0.00669120
v 0.00083073 0.00990493 -0.00736153
v 0.00056233 0.01048587 -0.00733153
v 0.00083073 0.01075355 -0.00731854
v 0.00029394 0.01746424 -0.00676329
v 0.00056233 0.01692886 -0.00685061
v 0.00056233 0.01665975 -0.00688150
v 0.00035467 0.01603467 -0.00693569
v 0.00027729 0.01587520 -0.00694599
v 0.00029394 0.01531847 -0.00699659
v 0.00029394 0.01504936 -0.00701942
v 0.00056233 0.01451256 -0.00708256
v 0.00083073 0.01424345 -0.00710361
v 0.00056233 0.01370665 -0.00714167
v 0.00056233 0.01343897 -0.00715913
v 0.00043205 0.01276832 -0.00720033
v 0.00136849 0.01102266 -0.00730466
v 0.00136849 0.01075355 -0.00732033
v 0.00012546 0.02410230 -0.00330731
v 0.00012448 0.02434863 -0.00278833
v 0.00011566 0.02391008 -0.00357239
v 0.01000408 0.00990493 -0.00357597
v 0.01003151 0.00994765 -0.00330731
v 0.00995608 0.01129035 -0.00278833
v 0.00014897 0.02298314 -0.00479708
v 0.00014505 0.02325653 -0.00453557
v 0.00011175 0.02366518 -0.00386972
v 0.00013330 0.02357832 -0.00411287
v 0.00015093 0.02351567 -0.00425929
v 0.00013330 0.02250615 -0.00509888
v 0.00014211 0.02219717 -0.00534069
v 0.00013917 0.02167746 -0.00561339
v 0.00014505 0.02112642 -0.00587265
v 0.00029394 0.02039883 -0.00616371
v 0.00015387 0.01950179 -0.00639969
v 0.00029394 0.01819041 -0.00667060
v 0.00029394 0.01800103 -0.00669568
v 0.00029394 0.01773335 -0.00673016
v 0.00029394 0.01907463 -0.00650179
v 0.00110010 0.00990493 -0.00736242
v 0.00083073 0.01048587 -0.00733242
v 0.00083073 0.01692886 -0.00684882
v 0.00110010 0.01665975 -0.00688016
v 0.00083073 0.01665975 -0.00688106
v 0.00056233 0.01834988 -0.00665582
v 0.00110010 0.01820465 -0.00667284
v 0.00110010 0.01639207 -0.00690837
v 0.00056233 0.01531847 -0.00700823
v 0.00056233 0.01478167 -0.00705883
v 0.00029394 0.01558616 -0.00697285
v 0.00083073 0.01478167 -0.00705927
v 0.00110010 0.01451256 -0.00708301
v 0.00110010 0.01424345 -0.00710271
v 0.00083073 0.01397576 -0.00712241
v 0.00136849 0.01424345 -0.00710137
v 0.00163688 0.01102266 -0.00730376
v 0.00163688 0.01075355 -0.00731988
v 0.00136849 0.01048587 -0.00733377
v 0.00110010 0.01048587 -0.00733332
v 0.00012644 0.02435717 -0.00278833
v 0.00014015 0.02433154 -0.00295490
v 0.00014113 0.02406386 -0.00348015
v 0.00013330 0.02382180 -0.00379718
v 0.00995021 0.00990493 -0.00384464
v 0.01000016 0.00994765 -0.00357597
v 0.00998057 0.01048587 -0.00330731
v 0.00993258 0.01129035 -0.00303908
v 0.00992866 0.01155946 -0.00278833
v 0.00029394 0.02283364 -0.00493276
v 0.00029394 0.02268840 -0.00504157
v 0.00029394 0.02327361 -0.00455348
v 0.00029394 0.02313265 -0.00468737
v 0.00029394 0.02299738 -0.00480962
v 0.00017248 0.02377197 -0.00397629
v 0.00029394 0.02352848 -0.00427362
v 0.00029394 0.02340746 -0.00440795
v 0.00029394 0.02255456 -0.00513426
v 0.00029394 0.02235807 -0.00526859
v 0.00029394 0.02222422 -0.00535636
v 0.00029394 0.02171305 -0.00563130
v 0.00029394 0.02115490 -0.00588474
v 0.00029394 0.02053409 -0.00611401
v 0.00056233 0.02040879 -0.00616819
v 0.00056233 0.02014965 -0.00624968
v 0.00056233 0.01988054 -0.00632670
v 0.00029394 0.02014965 -0.00623401
v 0.00056233 0.02068645 -0.00607147
v 0.00056233 0.02054264 -0.00612296
v 0.00029394 0.01953169 -0.00640686
v 0.00029394 0.01934374 -0.00644760
v 0.00056233 0.01880694 -0.00657433
v 0.00056233 0.01853783 -0.00662403
v 0.00136849 0.00994765 -0.00736018
v 0.00141061 0.00990493 -0.00736198
v 0.00110010 0.01692886 -0.00684658
v 0.00110010 0.01800103 -0.00670060
v 0.00136849 0.01665975 -0.00687748
v 0.00136849 0.01639207 -0.00690703
v 0.00110010 0.01833991 -0.00665403
v 0.00136849 0.01818756 -0.00667060
v 0.00136849 0.01800103 -0.00669612
v 0.00136849 0.01719655 -0.00680583
v 0.00136849 0.01619415 -0.00692584
v 0.00136849 0.01478167 -0.00705883
v 0.00110010 0.01504936 -0.00703420
v 0.00110010 0.01478167 -0.00705927
v 0.00136849 0.01451256 -0.00708211
v 0.00163688 0.01424345 -0.00709689
v 0.00271046 0.01102266 -0.00729347
v 0.00217367 0.01102266 -0.00729884
v 0.00190528 0.01075355 -0.00731765
v 0.00163688 0.01048587 -0.00733332
v 0.00029394 0.02442837 -0.00278833
v 0.00029394 0.02435006 -0.00299251
v 0.00029394 0.02408237 -0.00350881
v 0.00994531 0.01048587 -0.00357597
v 0.00987086 0.00990493 -0.00412899
v 0.00982875 0.01065816 -0.00399196
v 0.00981895 0.01083756 -0.00395704
v 0.00984442 0.01102266 -0.00378464
v 0.00983266 0.01122343 -0.00374165
v 0.00988948 0.01102266 -0.00357597
v 0.00991788 0.01075355 -0.00357597
v 0.00992964 0.01102266 -0.00330731
v 0.00990515 0.01155946 -0.00303908
v 0.00989829 0.01184566 -0.00278833
v 0.00056233 0.02269837 -0.00505142
v 0.00056233 0.02256453 -0.00514500
v 0.00056233 0.02328073 -0.00455931
v 0.00056233 0.02341458 -0.00441736
v 0.00056233 0.02313834 -0.00469364
v 0.00056233 0.02300450 -0.00481499
v 0.00056233 0.02283364 -0.00494798
v 0.00027533 0.02368369 -0.00409048
v 0.00035173 0.02377908 -0.00398614
v 0.00056233 0.02353703 -0.00428302
v 0.00056233 0.02236376 -0.00527934
v 0.00056233 0.02222992 -0.00536128
v 0.00056233 0.02202915 -0.00547547
v 0.00056233 0.02185402 -0.00556905
v 0.00056233 0.02172017 -0.00563622
v 0.00056233 0.02149235 -0.00574459
v 0.00056233 0.02129586 -0.00583190
v 0.00056233 0.02116202 -0.00588832
v 0.00056233 0.02095413 -0.00597116
v 0.00083073 0.02053694 -0.00612117
v 0.00110010 0.02053124 -0.00611893
v 0.00083073 0.02040310 -0.00616595
v 0.00083073 0.02014965 -0.00624610
v 0.00110010 0.01988054 -0.00632043
v 0.00110010 0.01967123 -0.00637641
v 0.00083073 0.01967693 -0.00637775
v 0.00056233 0.01968120 -0.00637909
v 0.00083073 0.02068645 -0.00606788
v 0.00056233 0.01954735 -0.00641089
v 0.00056233 0.01934374 -0.00645790
v 0.00056233 0.01907463 -0.00651880
v 0.00083073 0.01907463 -0.00651701
v 0.00110010 0.01907463 -0.00651477
v 0.00110010 0.01880694 -0.00656895
v 0.00110010 0.01853783 -0.00661955
v 0.00083073 0.01853783 -0.00662224
v 0.00167900 0.00990493 -0.00736108
v 0.00163688 0.01021676 -0.00734630
v 0.00136849 0.01692886 -0.00684210
v 0.00163688 0.01665975 -0.00687031
v 0.00163688 0.01639207 -0.00690121
v 0.00163688 0.01478167 -0.00705435
v 0.00136849 0.01832140 -0.00665134
v 0.00158203 0.01816051 -0.00666657
v 0.00244206 0.01665975 -0.00684255
v 0.00190528 0.01665975 -0.00686136
v 0.00163688 0.01692886 -0.00683359
v 0.00163688 0.01451256 -0.00707763
v 0.00217367 0.01424345 -0.00708435
v 0.00297885 0.01102266 -0.00728854
v 0.00297885 0.01075355 -0.00730511
v 0.00271046 0.01075355 -0.00730959
v 0.00217367 0.01048587 -0.00732884
v 0.00217367 0.00990493 -0.00735795
v 0.00194740 0.00990493 -0.00735974
v 0.00190528 0.00994765 -0.00735795
v 0.00056233 0.02445115 -0.00278833
v 0.00056233 0.02435717 -0.00300281
v 0.00056233 0.02429310 -0.00313715
v 0.00056233 0.02420624 -0.00330731
v 0.00056233 0.02408949 -0.00351821
v 0.00056233 0.02400548 -0.00365210
v 0.00982875 0.00990493 -0.00425929
v 0.00986401 0.00995476 -0.00413257
v 0.00978467 0.01075071 -0.00409406
v 0.00974646 0.01102266 -0.00411287
v 0.00971414 0.01129035 -0.00411287
v 0.00980818 0.01102266 -0.00391898
v 0.00979740 0.01130459 -0.00383658
v 0.00982189 0.01140284 -0.00369553
v 0.00990123 0.01129035 -0.00330731
v 0.00985323 0.01130459 -0.00359389
v 0.00983168 0.01202507 -0.00321461
v 0.00982189 0.01220447 -0.00314610
v 0.00982091 0.01246789 -0.00287072
v 0.00984050 0.01236822 -0.00278833
v 0.00987086 0.01209626 -0.00278833
v 0.00083073 0.02269695 -0.00505007
v 0.00083073 0.02256168 -0.00514277
v 0.00083073 0.02327788 -0.00455572
v 0.00083073 0.02313692 -0.00469006
v 0.00083073 0.02341315 -0.00441691
v 0.00083073 0.02353560 -0.00428302
v 0.00083073 0.02300308 -0.00481320
v 0.00083073 0.02283364 -0.00494529
v 0.00056233 0.02387875 -0.00384464
v 0.00056233 0.02378193 -0.00398928
v 0.00056233 0.02367087 -0.00412317
v 0.00083073 0.02236091 -0.00527710
v 0.00083073 0.02222565 -0.00535904
v 0.00083073 0.02202915 -0.00547099
v 0.00083073 0.02184975 -0.00556682
v 0.00083073 0.02171590 -0.00563443
v 0.00083073 0.02149235 -0.00574056
v 0.00083073 0.02129159 -0.00582966
v 0.00083073 0.02115775 -0.00588653
v 0.00083073 0.02095413 -0.00596758
v 0.00110010 0.02068645 -0.00606296
v 0.00136849 0.02051416 -0.00611311
v 0.00136849 0.02038032 -0.00615834
v 0.00110010 0.02039598 -0.00616371
v 0.00110010 0.02014965 -0.00624162
v 0.00136849 0.01988054 -0.00631058
v 0.00136849 0.01965414 -0.00637238
v 0.00136849 0.01934374 -0.00644716
v 0.00110010 0.01953739 -0.00640865
v 0.00083073 0.01954308 -0.00640999
v 0.00110010 0.01934374 -0.00645477
v 0.00083073 0.01934374 -0.00645656
v 0.00136849 0.01907463 -0.00650805
v 0.00136849 0.01880694 -0.00656179
v 0.00136849 0.01853783 -0.00661328
v 0.00244206 0.01639207 -0.00687434
v 0.00271046 0.01478167 -0.00702659
v 0.00244206 0.01478167 -0.00703465
v 0.00217367 0.01478167 -0.00704136
v 0.00244206 0.01451256 -0.00705883
v 0.00163688 0.01853783 -0.00660164
v 0.00190528 0.01827015 -0.00663523
v 0.00165745 0.01825733 -0.00664866
v 0.00258410 0.01787289 -0.00666388
v 0.00244206 0.01692886 -0.00680493
v 0.00271046 0.01665975 -0.00682867
v 0.00271046 0.01639207 -0.00686180
v 0.00271046 0.01424345 -0.00707136
v 0.00324724 0.01102266 -0.00727958
v 0.00324724 0.01075355 -0.00729660
v 0.00271046 0.01048587 -0.00732347
v 0.00378501 0.00990493 -0.00732481
v 0.00324724 0.00990493 -0.00734093
v 0.00297885 0.00990493 -0.00734854
v 0.00248516 0.00990493 -0.00735526
v 0.00110010 0.02444973 -0.00278833
v 0.00083073 0.02435717 -0.00300013
v 0.00110010 0.02429310 -0.00313357
v 0.00110010 0.02420197 -0.00330731
v 0.00110010 0.02408664 -0.00351239
v 0.00110010 0.02400263 -0.00364672
v 0.00981111 0.00990493 -0.00430810
v 0.00976116 0.01155946 -0.00384464
v 0.00978369 0.00995476 -0.00436586
v 0.00971120 0.01048587 -0.00438154
v 0.00964361 0.01102266 -0.00438154
v 0.00959268 0.01155946 -0.00432959
v 0.00957309 0.01182715 -0.00428481
v 0.00967692 0.01155946 -0.00411287
v 0.00955545 0.01276405 -0.00397674
v 0.00971120 0.01236395 -0.00357597
v 0.00974940 0.01209626 -0.00357597
v 0.00976997 0.01236395 -0.00330731
v 0.00980524 0.01210765 -0.00330551
v 0.00959757 0.01265726 -0.00387017
v 0.00981209 0.01261740 -0.00278833
v 0.00955447 0.01409964 -0.00316357
v 0.00974059 0.01290217 -0.00303908
v 0.00977781 0.01263306 -0.00303908
v 0.00977193 0.01291926 -0.00278833
v 0.00110010 0.02268983 -0.00504515
v 0.00110010 0.02255456 -0.00513784
v 0.00110010 0.02327219 -0.00455035
v 0.00136849 0.02340034 -0.00440975
v 0.00110010 0.02313122 -0.00468424
v 0.00136849 0.02352991 -0.00427541
v 0.00083073 0.02366945 -0.00412048
v 0.00110010 0.02299596 -0.00480782
v 0.00110010 0.02283364 -0.00493455
v 0.00083073 0.02387448 -0.00384464
v 0.00083073 0.02377908 -0.00398614
v 0.00136849 0.02400121 -0.00364225
v 0.00136849 0.02386736 -0.00384061
v 0.00110010 0.02235237 -0.00527217
v 0.00110010 0.02221853 -0.00535457
v 0.00110010 0.02202915 -0.00546248
v 0.00110010 0.02184263 -0.00556279
v 0.00110010 0.02170736 -0.00563085
v 0.00110010 0.02149235 -0.00573384
v 0.00110010 0.02128447 -0.00582653
v 0.00110010 0.02115063 -0.00588385
v 0.00110010 0.02095413 -0.00596221
v 0.00136849 0.02068645 -0.00605087
v 0.00217367 0.02043727 -0.00608624
v 0.00217367 0.02030200 -0.00613281
v 0.00163688 0.02068645 -0.00603296
v 0.00136849 0.02014965 -0.00623088
v 0.00190528 0.01988054 -0.00627834
v 0.00217367 0.01961285 -0.00633566
v 0.00190528 0.01961285 -0.00635133
v 0.00217367 0.01942775 -0.00638178
v 0.00217367 0.01929248 -0.00641536
v 0.00165452 0.01936795 -0.00642566
v 0.00190528 0.01907463 -0.00648029
v 0.00163688 0.01907463 -0.00649462
v 0.00163688 0.01880694 -0.00654925
v 0.00261250 0.01573851 -0.00693345
v 0.00279078 0.01569437 -0.00692897
v 0.00297885 0.01478167 -0.00701226
v 0.00297885 0.01451256 -0.00703823
v 0.00271046 0.01451256 -0.00705121
v 0.00217367 0.01853783 -0.00657522
v 0.00244206 0.01827015 -0.00660970
v 0.00217367 0.01827015 -0.00662269
v 0.00244206 0.01802666 -0.00664731
v 0.00271046 0.01827015 -0.00658910
v 0.00268891 0.01797825 -0.00663791
v 0.00324724 0.01665975 -0.00678389
v 0.00297885 0.01665975 -0.00680807
v 0.00297885 0.01639207 -0.00684255
v 0.00324724 0.01478167 -0.00699479
v 0.00297885 0.01424345 -0.00705927
v 0.00351563 0.01102266 -0.00726973
v 0.00351563 0.01075355 -0.00728630
v 0.00378501 0.01021676 -0.00730690
v 0.00271046 0.00994765 -0.00735078
v 0.00405340 0.00990493 -0.00731406
v 0.00275356 0.00990493 -0.00735212
v 0.00139004 0.02444403 -0.00278833
v 0.00136849 0.02429168 -0.00313088
v 0.00136849 0.02419628 -0.00330731
v 0.00136849 0.02408237 -0.00350791
v 0.00978467 0.00990493 -0.00437751
v 0.00968475 0.00990493 -0.00461528
v 0.00956035 0.01118499 -0.00452438
v 0.00960247 0.01128181 -0.00439676
v 0.00967006 0.00990493 -0.00464976
v 0.00954664 0.01136439 -0.00449617
v 0.00956035 0.01199089 -0.00425705
v 0.00953195 0.01155946 -0.00446393
v 0.00963871 0.01182715 -0.00411287
v 0.00957896 0.01290217 -0.00379942
v 0.00954664 0.01217030 -0.00422392
v 0.00952019 0.01265726 -0.00410525
v 0.00947807 0.01290217 -0.00411287
v 0.00929882 0.01417226 -0.00400450
v 0.00928216 0.01435166 -0.00396510
v 0.00929980 0.01470621 -0.00374300
v 0.00938208 0.01451256 -0.00357597
v 0.00945652 0.01451256 -0.00330731
v 0.00967202 0.01263306 -0.00357597
v 0.00949766 0.01424345 -0.00330731
v 0.00951235 0.01451256 -0.00303908
v 0.00954566 0.01426481 -0.00306013
v 0.00956721 0.01418934 -0.00298445
v 0.00969945 0.01343897 -0.00278833
v 0.00958288 0.01427193 -0.00278833
v 0.00163688 0.02283364 -0.00490231
v 0.00163688 0.02266704 -0.00502992
v 0.00136849 0.02254459 -0.00512888
v 0.00136849 0.02326507 -0.00454363
v 0.00163688 0.02339179 -0.00440169
v 0.00163688 0.02325795 -0.00453647
v 0.00163688 0.02352279 -0.00426735
v 0.00136849 0.02312126 -0.00467797
v 0.00136849 0.02366233 -0.00411287
v 0.00163688 0.02311129 -0.00467080
v 0.00163688 0.02297745 -0.00479081
v 0.00103447 0.02377624 -0.00398211
v 0.00163688 0.02399551 -0.00363329
v 0.00163688 0.02386167 -0.00383032
v 0.00136849 0.02377054 -0.00397495
v 0.00163688 0.02253320 -0.00511993
v 0.00136849 0.02233956 -0.00526322
v 0.00136849 0.02220429 -0.00534695
v 0.00136849 0.02202915 -0.00544681
v 0.00136849 0.02182696 -0.00555473
v 0.00136849 0.02169312 -0.00562324
v 0.00136849 0.02149235 -0.00571906
v 0.00136849 0.02126881 -0.00581936
v 0.00136849 0.02113354 -0.00587713
v 0.00136849 0.02095413 -0.00594922
v 0.00232060 0.02028776 -0.00612744
v 0.00217367 0.02068645 -0.00599624
v 0.00217367 0.02014965 -0.00618028
v 0.00191115 0.02097834 -0.00590310
v 0.00217367 0.01988054 -0.00626177
v 0.00244206 0.01961285 -0.00631551
v 0.00244206 0.01938930 -0.00637238
v 0.00244206 0.01925546 -0.00640596
v 0.00244206 0.01907463 -0.00644850
v 0.00217367 0.01907463 -0.00646552
v 0.00217367 0.01880694 -0.00652194
v 0.00324724 0.01451256 -0.00702077
v 0.00244206 0.01853783 -0.00656089
v 0.00297885 0.01827015 -0.00656134
v 0.00297885 0.01800103 -0.00660522
v 0.00271046 0.01853783 -0.00653806
v 0.00324724 0.01692886 -0.00674225
v 0.00351563 0.01665975 -0.00675344
v 0.00351563 0.01639207 -0.00679061
v 0.00324724 0.01639207 -0.00681971
v 0.00341180 0.01521595 -0.00693524
v 0.00351563 0.01478167 -0.00697241
v 0.00351563 0.01451256 -0.00699927
v 0.00405340 0.01102266 -0.00723884
v 0.00378501 0.01102266 -0.00725585
v 0.00351563 0.01129035 -0.00725003
v 0.00378501 0.01075355 -0.00727421
v 0.00378501 0.01048587 -0.00729078
v 0.00405340 0.00994765 -0.00731138
v 0.00409552 0.00990493 -0.00731182
v 0.00163688 0.02443406 -0.00278833
v 0.00163688 0.02434721 -0.00298848
v 0.00163688 0.02428740 -0.00312282
v 0.00163688 0.02418631 -0.00330731
v 0.00190528 0.02406955 -0.00348776
v 0.00950060 0.01102266 -0.00468065
v 0.00948983 0.01128181 -0.00462826
v 0.00961619 0.01022815 -0.00467215
v 0.00955154 0.01032355 -0.00477648
v 0.00959757 0.00990493 -0.00479529
v 0.00956427 0.01014556 -0.00479887
v 0.00931057 0.01263306 -0.00455438
v 0.00949668 0.01208772 -0.00436049
v 0.00944281 0.01236395 -0.00438154
v 0.00939971 0.01263306 -0.00438154
v 0.00929490 0.01281104 -0.00452886
v 0.00933114 0.01316986 -0.00433362
v 0.00930665 0.01343897 -0.00428481
v 0.00929196 0.01359702 -0.00425616
v 0.00943105 0.01316986 -0.00411287
v 0.00931645 0.01397576 -0.00404525
v 0.00927531 0.01377642 -0.00422033
v 0.00923906 0.01425484 -0.00410167
v 0.00918421 0.01451256 -0.00411287
v 0.00926747 0.01451256 -0.00392614
v 0.00928118 0.01488419 -0.00368837
v 0.00932820 0.01478879 -0.00358986
v 0.00940950 0.01478167 -0.00330731
v 0.00924592 0.01478879 -0.00383748
v 0.00902553 0.01601759 -0.00372374
v 0.00946632 0.01478167 -0.00303908
v 0.00954566 0.01453250 -0.00278833
v 0.00955447 0.01436733 -0.00289445
v 0.00178479 0.02297033 -0.00478588
v 0.00190528 0.02265138 -0.00501828
v 0.00190528 0.02251754 -0.00510873
v 0.00185532 0.02324798 -0.00452662
v 0.00163688 0.02364667 -0.00411287
v 0.00217367 0.02374206 -0.00393420
v 0.00183671 0.02351282 -0.00425616
v 0.00163688 0.02376342 -0.00396465
v 0.00190528 0.02398697 -0.00362210
v 0.00190528 0.02385313 -0.00381554
v 0.00163688 0.02232532 -0.00525426
v 0.00163688 0.02219005 -0.00533800
v 0.00190528 0.02217581 -0.00532860
v 0.00190528 0.02202915 -0.00540964
v 0.00190528 0.02179137 -0.00553592
v 0.00163688 0.02167461 -0.00561428
v 0.00190528 0.02165610 -0.00560488
v 0.00190528 0.02149235 -0.00568190
v 0.00191115 0.02120189 -0.00581041
v 0.00200519 0.02108370 -0.00585519
v 0.00182593 0.02109794 -0.00586146
v 0.00244206 0.02068645 -0.00596848
v 0.00242247 0.02039313 -0.00607774
v 0.00249986 0.02025359 -0.00611669
v 0.00271046 0.01988054 -0.00620894
v 0.00244206 0.01988054 -0.00623939
v 0.00217367 0.02093135 -0.00590176
v 0.00271046 0.01961285 -0.00628640
v 0.00261054 0.01922556 -0.00639835
v 0.00270458 0.01908602 -0.00642118
v 0.00271046 0.01880694 -0.00648253
v 0.00244206 0.01880694 -0.00650626
v 0.00351563 0.01424345 -0.00702166
v 0.00434138 0.01104402 -0.00721645
v 0.00432179 0.01075355 -0.00724107
v 0.00324724 0.01827015 -0.00652820
v 0.00324724 0.01800103 -0.00657433
v 0.00297885 0.01853783 -0.00650940
v 0.00338340 0.01733182 -0.00666343
v 0.00378501 0.01665975 -0.00671806
v 0.00378501 0.01639207 -0.00675568
v 0.00351563 0.01612295 -0.00682150
v 0.00413960 0.01459372 -0.00692628
v 0.00396132 0.01468770 -0.00693658
v 0.00378501 0.01451256 -0.00697285
v 0.00452945 0.01096856 -0.00720749
v 0.00405340 0.01075355 -0.00725854
v 0.00405340 0.01048587 -0.00727645
v 0.00405340 0.01021676 -0.00729436
v 0.00459019 0.00990493 -0.00728227
v 0.00190528 0.02442125 -0.00278833
v 0.00190528 0.02434151 -0.00297281
v 0.00190528 0.02427886 -0.00310715
v 0.00190528 0.02417065 -0.00330731
v 0.00217367 0.02405816 -0.00346940
v 0.00934583 0.01129035 -0.00487499
v 0.00943301 0.01155946 -0.00464976
v 0.00949080 0.01022815 -0.00490052
v 0.00935269 0.01100558 -0.00493499
v 0.00958092 0.00990493 -0.00482797
v 0.00950060 0.00990493 -0.00496231
v 0.00949766 0.00994765 -0.00495694
v 0.00938893 0.01182715 -0.00464976
v 0.00928804 0.01196526 -0.00478499
v 0.00934583 0.01290074 -0.00439900
v 0.00921458 0.01290074 -0.00463095
v 0.00927923 0.01299045 -0.00450020
v 0.00927237 0.01214325 -0.00475902
v 0.00922731 0.01263306 -0.00468871
v 0.00938306 0.01343897 -0.00411287
v 0.00926159 0.01316986 -0.00446796
v 0.00923515 0.01343897 -0.00441915
v 0.00906960 0.01451256 -0.00433541
v 0.00904022 0.01478167 -0.00428347
v 0.00912740 0.01478167 -0.00411287
v 0.00918617 0.01504936 -0.00384464
v 0.00925082 0.01558473 -0.00329880
v 0.00928902 0.01519032 -0.00344612
v 0.00900495 0.01619700 -0.00367001
v 0.00910977 0.01585527 -0.00357597
v 0.00913621 0.01612295 -0.00330731
v 0.00919205 0.01585527 -0.00330731
v 0.00930959 0.01529569 -0.00329880
v 0.00929588 0.01549503 -0.00320387
v 0.00895206 0.01611441 -0.00382584
v 0.00902553 0.01547794 -0.00399062
v 0.00949962 0.01479876 -0.00278833
v 0.00927825 0.01567444 -0.00312148
v 0.00936249 0.01531847 -0.00303908
v 0.00926453 0.01605176 -0.00278833
v 0.00244206 0.02307427 -0.00460364
v 0.00196405 0.02295467 -0.00477335
v 0.00217367 0.02280231 -0.00486604
v 0.00188667 0.02285357 -0.00486514
v 0.00203360 0.02323659 -0.00451497
v 0.00244206 0.02320811 -0.00448856
v 0.00217367 0.02262575 -0.00500037
v 0.00217367 0.02249049 -0.00509127
v 0.00205221 0.02216584 -0.00532277
v 0.00190528 0.02230965 -0.00524307
v 0.00201596 0.02350285 -0.00424362
v 0.00244206 0.02372355 -0.00391002
v 0.00244206 0.02358971 -0.00407660
v 0.00217367 0.02360680 -0.00409943
v 0.00217367 0.02383889 -0.00379987
v 0.00244206 0.02382038 -0.00377613
v 0.00217367 0.02397273 -0.00360374
v 0.00209629 0.02164044 -0.00559682
v 0.00217367 0.02122324 -0.00577951
v 0.00217367 0.02106519 -0.00584802
v 0.00271046 0.02068645 -0.00593265
v 0.00271046 0.02041734 -0.00603251
v 0.00244206 0.02089433 -0.00588743
v 0.00271046 0.02021230 -0.00610371
v 0.00271046 0.02007846 -0.00614625
v 0.00289363 0.02004001 -0.00613416
v 0.00298179 0.01989620 -0.00616640
v 0.00297885 0.01961285 -0.00625103
v 0.00244206 0.02102960 -0.00583325
v 0.00297885 0.01934374 -0.00632312
v 0.00270458 0.01932665 -0.00636163
v 0.00278980 0.01918284 -0.00638805
v 0.00297885 0.01900344 -0.00640954
v 0.00297885 0.01880694 -0.00645298
v 0.00459019 0.01048587 -0.00723973
v 0.00485858 0.00990493 -0.00726212
v 0.00463231 0.00990493 -0.00727914
v 0.00460782 0.01076922 -0.00721645
v 0.00351563 0.01827015 -0.00648835
v 0.00351563 0.01800103 -0.00653582
v 0.00324724 0.01853783 -0.00647447
v 0.00394565 0.01682492 -0.00666836
v 0.00314341 0.01896072 -0.00639969
v 0.00404263 0.01664836 -0.00668090
v 0.00405340 0.01639207 -0.00671627
v 0.00432179 0.01478167 -0.00687658
v 0.00430906 0.01450829 -0.00691016
v 0.00421208 0.01441574 -0.00693524
v 0.00405144 0.01450829 -0.00694464
v 0.00405340 0.01424345 -0.00696837
v 0.00521905 0.01030646 -0.00719674
v 0.00470871 0.01086889 -0.00719853
v 0.00217367 0.02440416 -0.00278833
v 0.00217367 0.02433297 -0.00295042
v 0.00217367 0.02426462 -0.00308476
v 0.00217367 0.02414787 -0.00330731
v 0.00236370 0.02404820 -0.00345239
v 0.00927531 0.01108532 -0.00503575
v 0.00925768 0.01129035 -0.00500933
v 0.00932330 0.01155946 -0.00483917
v 0.00929000 0.01090591 -0.00505634
v 0.00938795 0.00990493 -0.00513202
v 0.00906765 0.01290217 -0.00485081
v 0.00904120 0.01316986 -0.00481365
v 0.00902455 0.01332933 -0.00479126
v 0.00914895 0.01316986 -0.00464976
v 0.00902846 0.01415660 -0.00452975
v 0.00900985 0.01433600 -0.00450109
v 0.00899026 0.01451256 -0.00446975
v 0.00902259 0.01492833 -0.00425257
v 0.00895892 0.01478167 -0.00441781
v 0.00875713 0.01601474 -0.00425705
v 0.00904414 0.01531847 -0.00402868
v 0.00898341 0.01640488 -0.00357866
v 0.00901279 0.01650313 -0.00342373
v 0.00903532 0.01632372 -0.00349090
v 0.00905295 0.01611441 -0.00357866
v 0.00887076 0.01639207 -0.00384464
v 0.00877378 0.01687476 -0.00375688
v 0.00874734 0.01705274 -0.00370359
v 0.00876007 0.01736599 -0.00346537
v 0.00906765 0.01640488 -0.00332343
v 0.00914797 0.01639207 -0.00303908
v 0.00920478 0.01612295 -0.00303908
v 0.00880317 0.01611299 -0.00412182
v 0.00873460 0.01619415 -0.00421720
v 0.00900104 0.01510774 -0.00421183
v 0.00897557 0.01531847 -0.00416257
v 0.00925963 0.01584957 -0.00303505
v 0.00925278 0.01611156 -0.00278833
v 0.00271046 0.02304579 -0.00458035
v 0.00271046 0.02288490 -0.00471469
v 0.00244206 0.02291195 -0.00473797
v 0.00217367 0.02293616 -0.00475767
v 0.00244206 0.02277668 -0.00484544
v 0.00217367 0.02335762 -0.00437213
v 0.00244206 0.02333769 -0.00435422
v 0.00271046 0.02331206 -0.00432870
v 0.00271046 0.02317964 -0.00446303
v 0.00271046 0.02275105 -0.00482439
v 0.00244206 0.02259300 -0.00497977
v 0.00244206 0.02245916 -0.00507022
v 0.00215506 0.02227263 -0.00523725
v 0.00223146 0.02214164 -0.00530845
v 0.00215506 0.02204339 -0.00537472
v 0.00278490 0.02241644 -0.00504291
v 0.00270164 0.02231535 -0.00512127
v 0.00217367 0.02349146 -0.00423332
v 0.00271046 0.02369792 -0.00388047
v 0.00271046 0.02379902 -0.00374613
v 0.00289853 0.02378336 -0.00372419
v 0.00271046 0.02356408 -0.00404570
v 0.00244206 0.02347153 -0.00421093
v 0.00254296 0.02403823 -0.00343448
v 0.00271046 0.02391578 -0.00357597
v 0.00227456 0.02161766 -0.00558473
v 0.00218053 0.02151371 -0.00564607
v 0.00218053 0.02174153 -0.00553189
v 0.00244206 0.02122324 -0.00574682
v 0.00297885 0.02041734 -0.00599131
v 0.00271046 0.02084877 -0.00586907
v 0.00285347 0.02082456 -0.00585922
v 0.00298179 0.02013683 -0.00608803
v 0.00307288 0.01999587 -0.00611983
v 0.00324724 0.01981504 -0.00614849
v 0.00324724 0.01961285 -0.00620849
v 0.00324724 0.01934374 -0.00628237
v 0.00271046 0.02098403 -0.00581399
v 0.00297885 0.01913728 -0.00637685
v 0.00538851 0.00990493 -0.00721331
v 0.00352543 0.01855207 -0.00642745
v 0.00373113 0.01847233 -0.00640999
v 0.00380558 0.01829150 -0.00643417
v 0.00378501 0.01800103 -0.00649328
v 0.00323843 0.01880694 -0.00641805
v 0.00421013 0.01655011 -0.00666747
v 0.00323843 0.01906039 -0.00635850
v 0.00351563 0.01907463 -0.00630745
v 0.00332267 0.01889522 -0.00638491
v 0.00426988 0.01639207 -0.00667866
v 0.00459019 0.01478167 -0.00683359
v 0.00459019 0.01451256 -0.00686583
v 0.00593117 0.00994765 -0.00713764
v 0.00593117 0.00990493 -0.00714211
v 0.00566082 0.00990493 -0.00718107
v 0.00561380 0.00990493 -0.00718779
v 0.00552270 0.00990493 -0.00719988
v 0.00544434 0.00990493 -0.00720794
v 0.00538753 0.00993910 -0.00721062
v 0.00246361 0.02437426 -0.00278833
v 0.00239015 0.02432158 -0.00292714
v 0.00246459 0.02426178 -0.00302565
v 0.00244892 0.02410515 -0.00333014
v 0.00919107 0.01100558 -0.00516202
v 0.00910683 0.01128608 -0.00520546
v 0.00909801 0.01155946 -0.00515083
v 0.00907254 0.01182715 -0.00511859
v 0.00902846 0.01227851 -0.00506440
v 0.00901083 0.01245792 -0.00504201
v 0.00909311 0.01263306 -0.00488574
v 0.00936444 0.00990493 -0.00516695
v 0.00927041 0.00990493 -0.00529770
v 0.00899320 0.01263306 -0.00502007
v 0.00896479 0.01290217 -0.00498470
v 0.00900495 0.01350731 -0.00476394
v 0.00893541 0.01316986 -0.00494798
v 0.00878946 0.01424345 -0.00483156
v 0.00876595 0.01444706 -0.00480335
v 0.00874538 0.01462647 -0.00477782
v 0.00893737 0.01424487 -0.00463140
v 0.00884431 0.01452680 -0.00467304
v 0.00882472 0.01478167 -0.00461662
v 0.00879044 0.01504936 -0.00456960
v 0.00874244 0.01542099 -0.00450378
v 0.00866016 0.01611299 -0.00436049
v 0.00899712 0.01668538 -0.00332343
v 0.00901867 0.01679217 -0.00317073
v 0.00904120 0.01661276 -0.00324462
v 0.00873558 0.01754540 -0.00339686
v 0.00877672 0.01639207 -0.00403092
v 0.00875517 0.01654300 -0.00398838
v 0.00879729 0.01664409 -0.00384554
v 0.00872873 0.01672240 -0.00393599
v 0.00851127 0.01773335 -0.00376673
v 0.00860432 0.01773335 -0.00357597
v 0.00869052 0.01745854 -0.00356299
v 0.00919205 0.01640915 -0.00278833
v 0.00919596 0.01639207 -0.00278833
v 0.00907156 0.01668538 -0.00306461
v 0.00904120 0.01688330 -0.00299162
v 0.00901867 0.01706271 -0.00290385
v 0.00856025 0.01638637 -0.00439407
v 0.00852890 0.01665975 -0.00431482
v 0.00849951 0.01684770 -0.00427138
v 0.00870620 0.01639207 -0.00416481
v 0.00297885 0.02300877 -0.00455080
v 0.00292497 0.02272542 -0.00480379
v 0.00271046 0.02344590 -0.00418003
v 0.00297885 0.02341742 -0.00414869
v 0.00297885 0.02328358 -0.00429646
v 0.00318553 0.02325937 -0.00426959
v 0.00297885 0.02314404 -0.00443079
v 0.00270164 0.02254317 -0.00497171
v 0.00244206 0.02211031 -0.00529143
v 0.00244206 0.02197647 -0.00536531
v 0.00244206 0.02176004 -0.00548174
v 0.00297885 0.02238797 -0.00502276
v 0.00297885 0.02225270 -0.00511097
v 0.00271046 0.02207044 -0.00526949
v 0.00298473 0.02368796 -0.00382584
v 0.00297885 0.02353703 -0.00401480
v 0.00307778 0.02376769 -0.00370001
v 0.00271046 0.02402399 -0.00341164
v 0.00271046 0.02409945 -0.00327730
v 0.00244206 0.02159060 -0.00557174
v 0.00244206 0.02145676 -0.00563712
v 0.00271046 0.02122324 -0.00570608
v 0.00295730 0.02068929 -0.00589235
v 0.00324724 0.02041734 -0.00594251
v 0.00324724 0.02014965 -0.00603744
v 0.00295730 0.02092993 -0.00579474
v 0.00324724 0.02095413 -0.00572757
v 0.00324724 0.02072916 -0.00582116
v 0.00324724 0.02059532 -0.00587489
v 0.00324724 0.01994888 -0.00610415
v 0.00341866 0.01976805 -0.00613326
v 0.00351074 0.01961855 -0.00615923
v 0.00351563 0.01934374 -0.00623536
v 0.00298766 0.02124318 -0.00564921
v 0.00362142 0.01865174 -0.00638984
v 0.00378501 0.01880694 -0.00632222
v 0.00390941 0.01839544 -0.00639297
v 0.00399953 0.01821746 -0.00641223
v 0.00407495 0.01802239 -0.00643372
v 0.00430906 0.01664836 -0.00663119
v 0.00459019 0.01665975 -0.00657254
v 0.00459019 0.01639207 -0.00661687
v 0.00440407 0.01639207 -0.00665314
v 0.00378501 0.01907463 -0.00625461
v 0.00352543 0.01880694 -0.00637103
v 0.00469793 0.01595636 -0.00665851
v 0.00485858 0.01478167 -0.00678523
v 0.00485858 0.01451256 -0.00682061
v 0.00485858 0.01424345 -0.00685016
v 0.00597427 0.00990493 -0.00713495
v 0.00271046 0.02434294 -0.00278833
v 0.00256940 0.02431019 -0.00290251
v 0.00271046 0.02422333 -0.00303908
v 0.00904120 0.01102266 -0.00534606
v 0.00902553 0.01119210 -0.00532860
v 0.00900789 0.01137151 -0.00530800
v 0.00912642 0.00990493 -0.00546920
v 0.00883060 0.01290217 -0.00513918
v 0.00880121 0.01316986 -0.00510650
v 0.00898830 0.01155946 -0.00528516
v 0.00895990 0.01182715 -0.00525292
v 0.00875321 0.01358562 -0.00505590
v 0.00870522 0.01397576 -0.00500261
v 0.00867191 0.01424345 -0.00496589
v 0.00865722 0.01452680 -0.00490320
v 0.00848482 0.01465637 -0.00505500
v 0.00857004 0.01475889 -0.00493096
v 0.00855241 0.01504936 -0.00486201
v 0.00851519 0.01531847 -0.00482081
v 0.00849168 0.01548649 -0.00479484
v 0.00846621 0.01566589 -0.00476618
v 0.00849266 0.01629239 -0.00452886
v 0.00872481 0.01478167 -0.00475096
v 0.00893541 0.01692886 -0.00330731
v 0.00879631 0.01773762 -0.00304759
v 0.00876889 0.01792842 -0.00296386
v 0.00871207 0.01773762 -0.00330731
v 0.00874048 0.01783017 -0.00314297
v 0.00850147 0.01819041 -0.00348149
v 0.00863077 0.01800103 -0.00330731
v 0.00846817 0.01755394 -0.00395301
v 0.00854653 0.01746424 -0.00385584
v 0.00844074 0.01773335 -0.00390062
v 0.00848776 0.01788428 -0.00372150
v 0.00852694 0.01798537 -0.00357284
v 0.00913327 0.01666260 -0.00278833
v 0.00885802 0.01775043 -0.00278833
v 0.00897949 0.01729053 -0.00278833
v 0.00900104 0.01720794 -0.00278833
v 0.00905883 0.01697585 -0.00278833
v 0.00906569 0.01694737 -0.00278833
v 0.00908724 0.01685767 -0.00278833
v 0.00846425 0.01647180 -0.00449214
v 0.00847013 0.01702711 -0.00422795
v 0.00820076 0.01783017 -0.00423019
v 0.00849560 0.01737596 -0.00400226
v 0.00315712 0.02298314 -0.00452841
v 0.00300040 0.02282225 -0.00470349
v 0.00310423 0.02269695 -0.00478185
v 0.00300040 0.02259016 -0.00487947
v 0.00316006 0.02351709 -0.00399286
v 0.00326193 0.02337613 -0.00411734
v 0.00336381 0.02323090 -0.00424138
v 0.00326096 0.02310702 -0.00438601
v 0.00271046 0.02193660 -0.00534292
v 0.00271046 0.02176004 -0.00543785
v 0.00324724 0.02233956 -0.00499007
v 0.00324724 0.02220571 -0.00508052
v 0.00297983 0.02201064 -0.00525561
v 0.00306897 0.02188107 -0.00531292
v 0.00324724 0.02374634 -0.00367046
v 0.00324822 0.02359825 -0.00386256
v 0.00297885 0.02399836 -0.00336999
v 0.00324724 0.02383462 -0.00353657
v 0.00351563 0.02380614 -0.00348866
v 0.00297885 0.02407810 -0.00323566
v 0.00297885 0.02418204 -0.00303908
v 0.00271046 0.02154646 -0.00554980
v 0.00297983 0.02177855 -0.00538323
v 0.00271046 0.02141119 -0.00561562
v 0.00290440 0.02137845 -0.00559950
v 0.00339417 0.02055972 -0.00586056
v 0.00349702 0.02041591 -0.00589146
v 0.00351563 0.02014965 -0.00598325
v 0.00351074 0.01986630 -0.00608132
v 0.00324724 0.02117483 -0.00562951
v 0.00344903 0.02112500 -0.00560667
v 0.00352935 0.02097407 -0.00565369
v 0.00349702 0.02066366 -0.00579295
v 0.00359694 0.01971110 -0.00611580
v 0.00371546 0.01953311 -0.00614222
v 0.00308268 0.02134570 -0.00558383
v 0.00405340 0.01880694 -0.00626312
v 0.00405340 0.01853783 -0.00632715
v 0.00432179 0.01827015 -0.00632894
v 0.00407495 0.01829150 -0.00637954
v 0.00417878 0.01812491 -0.00639253
v 0.00443346 0.01784156 -0.00638984
v 0.00485858 0.01665975 -0.00650940
v 0.00485858 0.01639207 -0.00655686
v 0.00485858 0.01612295 -0.00659806
v 0.00407691 0.01910026 -0.00618028
v 0.00379676 0.01935798 -0.00617267
v 0.00475769 0.01577695 -0.00667105
v 0.00512599 0.01451256 -0.00676687
v 0.00512599 0.01424345 -0.00680135
v 0.00512599 0.01397576 -0.00683270
v 0.00593117 0.01048587 -0.00707808
v 0.00593117 0.01021676 -0.00710808
v 0.00619956 0.00990493 -0.00709420
v 0.00297885 0.02430307 -0.00278833
v 0.00271046 0.02430022 -0.00288102
v 0.00297885 0.02428029 -0.00283758
v 0.00902161 0.00990493 -0.00559189
v 0.00891484 0.01102266 -0.00547995
v 0.00888545 0.01129035 -0.00545487
v 0.00882570 0.01182715 -0.00539666
v 0.00879631 0.01209626 -0.00536621
v 0.00877085 0.01231981 -0.00534113
v 0.00875028 0.01249921 -0.00532054
v 0.00870130 0.01290217 -0.00527352
v 0.00850343 0.01451256 -0.00507336
v 0.00823210 0.01444706 -0.00533800
v 0.00820761 0.01462647 -0.00531561
v 0.00818410 0.01478167 -0.00529412
v 0.00814296 0.01504936 -0.00525605
v 0.00819488 0.01566020 -0.00503575
v 0.00816451 0.01585527 -0.00500798
v 0.00812239 0.01612295 -0.00496992
v 0.00823504 0.01632372 -0.00480603
v 0.00843878 0.01585527 -0.00473528
v 0.00839960 0.01612295 -0.00469185
v 0.00834965 0.01639776 -0.00465244
v 0.00871501 0.01801100 -0.00304759
v 0.00847209 0.01891231 -0.00286982
v 0.00874146 0.01810640 -0.00285728
v 0.00877770 0.01803236 -0.00278833
v 0.00846817 0.01836839 -0.00340492
v 0.00845642 0.01806368 -0.00366016
v 0.00842311 0.01827584 -0.00357284
v 0.00822133 0.01896214 -0.00345731
v 0.00818704 0.01914155 -0.00338477
v 0.00822720 0.01924834 -0.00320566
v 0.00853380 0.01827584 -0.00331223
v 0.00850245 0.01873290 -0.00295848
v 0.00826247 0.01800103 -0.00405197
v 0.00823014 0.01817759 -0.00400361
v 0.00839862 0.01798537 -0.00382449
v 0.00829675 0.01665975 -0.00461035
v 0.00822133 0.01708549 -0.00452483
v 0.00818998 0.01726347 -0.00448721
v 0.00794608 0.01787004 -0.00451721
v 0.00801660 0.01797683 -0.00438422
v 0.00816745 0.01800103 -0.00418630
v 0.00811945 0.01773762 -0.00436810
v 0.00333638 0.02295324 -0.00450244
v 0.00324724 0.02285215 -0.00461214
v 0.00351563 0.02278665 -0.00458528
v 0.00324724 0.02266847 -0.00476126
v 0.00324724 0.02253463 -0.00485574
v 0.00333834 0.02349289 -0.00396465
v 0.00351563 0.02333057 -0.00407973
v 0.00378501 0.02328358 -0.00402824
v 0.00351563 0.02320242 -0.00421406
v 0.00351563 0.02306858 -0.00433989
v 0.00289069 0.02190812 -0.00532815
v 0.00340691 0.02217439 -0.00505993
v 0.00324724 0.02202915 -0.00518575
v 0.00324724 0.02184263 -0.00529188
v 0.00324724 0.02170878 -0.00536621
v 0.00298766 0.02147812 -0.00553681
v 0.00351563 0.02370789 -0.00362299
v 0.00368803 0.02378478 -0.00345776
v 0.00318945 0.02405816 -0.00319984
v 0.00336870 0.02403965 -0.00316849
v 0.00351563 0.02392005 -0.00330731
v 0.00326683 0.02411796 -0.00306326
v 0.00316692 0.02427317 -0.00278833
v 0.00329524 0.02425038 -0.00278833
v 0.00357343 0.02050419 -0.00583862
v 0.00371448 0.02032621 -0.00587399
v 0.00379676 0.02016531 -0.00591116
v 0.00378501 0.01988054 -0.00601415
v 0.00324724 0.02130868 -0.00556592
v 0.00324724 0.02149235 -0.00547726
v 0.00353425 0.02151371 -0.00539487
v 0.00352935 0.02121755 -0.00554084
v 0.00362828 0.02107516 -0.00558338
v 0.00378501 0.02089575 -0.00562189
v 0.00378501 0.02068645 -0.00571011
v 0.00379676 0.01961855 -0.00609654
v 0.00418270 0.01920563 -0.00612520
v 0.00432179 0.01880694 -0.00619729
v 0.00432179 0.01853783 -0.00626446
v 0.00459019 0.01827015 -0.00625909
v 0.00459019 0.01800103 -0.00631864
v 0.00433453 0.01802239 -0.00637775
v 0.00459214 0.01774474 -0.00636879
v 0.00468324 0.01754540 -0.00638447
v 0.00485858 0.01692886 -0.00645790
v 0.00499571 0.01706840 -0.00639566
v 0.00513873 0.01666830 -0.00643372
v 0.00512599 0.01639207 -0.00648880
v 0.00512599 0.01612295 -0.00653223
v 0.00551781 0.01462932 -0.00666030
v 0.00533561 0.01478167 -0.00668135
v 0.00432179 0.01900628 -0.00614490
v 0.00512599 0.01478167 -0.00672881
v 0.00541496 0.01452822 -0.00669926
v 0.00539438 0.01424345 -0.00674314
v 0.00539438 0.01397576 -0.00677851
v 0.00539438 0.01370665 -0.00681165
v 0.00619956 0.00994765 -0.00708928
v 0.00624266 0.00990493 -0.00708525
v 0.00888643 0.00990493 -0.00572578
v 0.00878064 0.01102266 -0.00561876
v 0.00876203 0.01120919 -0.00560040
v 0.00874146 0.01138717 -0.00558070
v 0.00865624 0.01209626 -0.00550054
v 0.00862392 0.01239670 -0.00546248
v 0.00856710 0.01290217 -0.00540024
v 0.00850441 0.01339340 -0.00534203
v 0.00848188 0.01357139 -0.00532054
v 0.00839372 0.01424345 -0.00523993
v 0.00846425 0.01370665 -0.00530442
v 0.00842899 0.01397576 -0.00527217
v 0.00825953 0.01424345 -0.00536263
v 0.00820369 0.01354291 -0.00558204
v 0.00810280 0.01452680 -0.00542621
v 0.00804991 0.01478167 -0.00540785
v 0.00796665 0.01531847 -0.00533845
v 0.00794510 0.01545231 -0.00532054
v 0.00810084 0.01531847 -0.00521799
v 0.00803032 0.01585527 -0.00512933
v 0.00798820 0.01612295 -0.00509127
v 0.00795979 0.01629809 -0.00506575
v 0.00808223 0.01640061 -0.00492111
v 0.00820467 0.01650313 -0.00477558
v 0.00835258 0.01907463 -0.00303908
v 0.00819488 0.01942775 -0.00311879
v 0.00825659 0.01934089 -0.00303326
v 0.00822524 0.01950748 -0.00293968
v 0.00824288 0.01958580 -0.00278833
v 0.00844368 0.01905327 -0.00278833
v 0.00852694 0.01881121 -0.00278833
v 0.00871697 0.01822601 -0.00278833
v 0.00827912 0.01826872 -0.00385091
v 0.00824288 0.01848230 -0.00376583
v 0.00825169 0.01880694 -0.00351373
v 0.00812925 0.01906181 -0.00355851
v 0.00800877 0.01933947 -0.00358000
v 0.00797252 0.01954023 -0.00349269
v 0.00814982 0.01934089 -0.00330014
v 0.00819390 0.01835700 -0.00394495
v 0.00811945 0.01826872 -0.00410122
v 0.00793824 0.01892512 -0.00396913
v 0.00795587 0.01708976 -0.00479394
v 0.00780208 0.01775186 -0.00469543
v 0.00767083 0.01785295 -0.00477917
v 0.00781482 0.01797683 -0.00459647
v 0.00772176 0.01827015 -0.00455796
v 0.00790690 0.01804945 -0.00447557
v 0.00797742 0.01827015 -0.00428571
v 0.00351563 0.02292049 -0.00447423
v 0.00373407 0.02274109 -0.00454721
v 0.00351563 0.02261009 -0.00471961
v 0.00351563 0.02247482 -0.00481544
v 0.00350486 0.02227691 -0.00495828
v 0.00351563 0.02357262 -0.00379584
v 0.00351563 0.02346583 -0.00393017
v 0.00378501 0.02341742 -0.00387554
v 0.00410336 0.02347580 -0.00367314
v 0.00402793 0.02336332 -0.00383345
v 0.00395251 0.02325083 -0.00399331
v 0.00378501 0.02314831 -0.00416212
v 0.00378501 0.02301447 -0.00429108
v 0.00358616 0.02213025 -0.00503261
v 0.00350486 0.02203627 -0.00511187
v 0.00363612 0.02161908 -0.00531695
v 0.00345784 0.02166037 -0.00534024
v 0.00378109 0.02384601 -0.00332029
v 0.00405340 0.02381753 -0.00324014
v 0.00386729 0.02375630 -0.00341836
v 0.00378109 0.02367657 -0.00355896
v 0.00351563 0.02402257 -0.00313849
v 0.00351563 0.02409803 -0.00300416
v 0.00351563 0.02420909 -0.00278833
v 0.00379676 0.02041591 -0.00581713
v 0.00389374 0.02026498 -0.00585116
v 0.00405340 0.01988054 -0.00594474
v 0.00405340 0.01961285 -0.00603475
v 0.00378501 0.02102960 -0.00556189
v 0.00394957 0.02084307 -0.00559950
v 0.00405340 0.02041734 -0.00574414
v 0.00432179 0.01934374 -0.00604326
v 0.00445697 0.01894221 -0.00612654
v 0.00486935 0.01827869 -0.00617267
v 0.00485858 0.01800103 -0.00624252
v 0.00451476 0.01880694 -0.00614446
v 0.00460880 0.01855634 -0.00618028
v 0.00485858 0.01773335 -0.00629894
v 0.00484682 0.01717377 -0.00641402
v 0.00523668 0.01676227 -0.00638805
v 0.00529643 0.01658286 -0.00640641
v 0.00535129 0.01639207 -0.00642432
v 0.00539438 0.01585527 -0.00649910
v 0.00566278 0.01478167 -0.00659269
v 0.00593117 0.01451256 -0.00655552
v 0.00565788 0.01452822 -0.00663433
v 0.00556482 0.01444991 -0.00667373
v 0.00566278 0.01370665 -0.00674627
v 0.00657766 0.01057415 -0.00692539
v 0.00648069 0.01048444 -0.00695987
v 0.00646796 0.01021676 -0.00699659
v 0.00646796 0.00990493 -0.00703554
v 0.00619956 0.01021676 -0.00705704
v 0.00875126 0.00990493 -0.00585877
v 0.00866114 0.01075355 -0.00577772
v 0.00863175 0.01102266 -0.00575265
v 0.00861216 0.01127184 -0.00571996
v 0.00855437 0.01182715 -0.00565413
v 0.00852204 0.01209626 -0.00562548
v 0.00849756 0.01229560 -0.00560353
v 0.00847601 0.01247358 -0.00558338
v 0.00845642 0.01263306 -0.00556547
v 0.00842311 0.01290217 -0.00553458
v 0.00838883 0.01316986 -0.00550278
v 0.00829479 0.01397576 -0.00539532
v 0.00835552 0.01346744 -0.00546203
v 0.00822916 0.01336350 -0.00560174
v 0.00810868 0.01290217 -0.00578489
v 0.00810084 0.01344751 -0.00567518
v 0.00794412 0.01437587 -0.00558876
v 0.00792257 0.01451256 -0.00557353
v 0.00787751 0.01478167 -0.00554174
v 0.00791375 0.01563172 -0.00529546
v 0.00767377 0.01624968 -0.00531874
v 0.00782755 0.01638922 -0.00514948
v 0.00792747 0.01647750 -0.00503664
v 0.00780013 0.01614574 -0.00524307
v 0.00804011 0.01665975 -0.00487051
v 0.00815570 0.01960288 -0.00303326
v 0.00797938 0.01982643 -0.00323969
v 0.00794020 0.02000584 -0.00316222
v 0.00802346 0.01990190 -0.00305923
v 0.00813317 0.01986630 -0.00278833
v 0.00816549 0.01978514 -0.00278833
v 0.00818998 0.01968689 -0.00283176
v 0.00820859 0.01866028 -0.00370135
v 0.00795979 0.01924692 -0.00373315
v 0.00792355 0.01942490 -0.00367180
v 0.00788632 0.01962282 -0.00358000
v 0.00793236 0.01971964 -0.00341880
v 0.00802444 0.01962282 -0.00332074
v 0.00794706 0.01840684 -0.00424899
v 0.00797644 0.01874714 -0.00401973
v 0.00767768 0.01947901 -0.00397987
v 0.00785008 0.01933947 -0.00383121
v 0.00789220 0.01665975 -0.00500485
v 0.00783931 0.01692886 -0.00495694
v 0.00779915 0.01716807 -0.00490813
v 0.00750431 0.01800103 -0.00486917
v 0.00763850 0.01800103 -0.00474961
v 0.00767768 0.01706698 -0.00505410
v 0.00738676 0.01781878 -0.00503664
v 0.00745239 0.01822458 -0.00482394
v 0.00754251 0.01829577 -0.00471066
v 0.00768454 0.01842108 -0.00452348
v 0.00785596 0.01827015 -0.00442004
v 0.00768552 0.01896072 -0.00425750
v 0.00380852 0.02283221 -0.00444199
v 0.00391333 0.02269695 -0.00451363
v 0.00384574 0.02239651 -0.00475857
v 0.00366648 0.02243923 -0.00478991
v 0.00376738 0.02230253 -0.00485215
v 0.00378501 0.02352991 -0.00374121
v 0.00392410 0.02350713 -0.00371255
v 0.00402989 0.02357405 -0.00358045
v 0.00432179 0.02353987 -0.00348731
v 0.00432179 0.02343166 -0.00362165
v 0.00432179 0.02329782 -0.00377479
v 0.00413176 0.02321096 -0.00395435
v 0.00403773 0.02309563 -0.00410660
v 0.00394467 0.02298030 -0.00425795
v 0.00405340 0.02220856 -0.00481633
v 0.00378501 0.02207614 -0.00499903
v 0.00378501 0.02194087 -0.00508008
v 0.00378501 0.02176004 -0.00518665
v 0.00378501 0.02157351 -0.00529277
v 0.00378501 0.02143825 -0.00536084
v 0.00378501 0.02122324 -0.00546741
v 0.00378501 0.02398982 -0.00307894
v 0.00422972 0.02379047 -0.00319670
v 0.00403283 0.02395707 -0.00301580
v 0.00405340 0.02372355 -0.00337447
v 0.00378501 0.02406528 -0.00294505
v 0.00378501 0.02414787 -0.00278833
v 0.00405340 0.02020376 -0.00582832
v 0.00418956 0.02001723 -0.00585832
v 0.00405340 0.02006991 -0.00587713
v 0.00429632 0.01986060 -0.00588116
v 0.00432179 0.01961285 -0.00595863
v 0.00404458 0.02094132 -0.00552159
v 0.00404948 0.02122894 -0.00538054
v 0.00412784 0.02077473 -0.00556905
v 0.00424343 0.02059532 -0.00560801
v 0.00404458 0.02068502 -0.00563533
v 0.00432865 0.02042873 -0.00565055
v 0.00429632 0.02012402 -0.00578265
v 0.00459019 0.01934374 -0.00595997
v 0.00456374 0.01904900 -0.00605982
v 0.00485858 0.01880694 -0.00603385
v 0.00464896 0.01880694 -0.00610236
v 0.00503685 0.01819468 -0.00614177
v 0.00478707 0.01847945 -0.00614580
v 0.00496633 0.01837266 -0.00611759
v 0.00512501 0.01798822 -0.00616013
v 0.00512599 0.01773335 -0.00621700
v 0.00512599 0.01746424 -0.00627386
v 0.00539438 0.01692886 -0.00630073
v 0.00566278 0.01639207 -0.00632043
v 0.00548548 0.01639207 -0.00638044
v 0.00538949 0.01666830 -0.00635760
v 0.00552466 0.01625110 -0.00639342
v 0.00541887 0.01614574 -0.00644447
v 0.00593117 0.01478167 -0.00651253
v 0.00619956 0.01451256 -0.00646731
v 0.00619956 0.01424345 -0.00650850
v 0.00631515 0.01300469 -0.00665851
v 0.00635825 0.01282528 -0.00667150
v 0.00673733 0.01102266 -0.00680807
v 0.00673733 0.01075355 -0.00684703
v 0.00672068 0.01048444 -0.00689091
v 0.00661978 0.01039474 -0.00693703
v 0.00651106 0.00990493 -0.00702480
v 0.00868269 0.00990493 -0.00591743
v 0.00852694 0.01075355 -0.00589459
v 0.00849756 0.01102266 -0.00586996
v 0.00848188 0.01115651 -0.00585787
v 0.00825463 0.01316986 -0.00562279
v 0.00797448 0.01290217 -0.00587802
v 0.00805578 0.01315562 -0.00576832
v 0.00814688 0.01263306 -0.00581175
v 0.00778837 0.01451256 -0.00566622
v 0.00789318 0.01343897 -0.00582160
v 0.00769042 0.01388606 -0.00586683
v 0.00774331 0.01478167 -0.00563488
v 0.00756798 0.01614574 -0.00541815
v 0.00736815 0.01612295 -0.00556189
v 0.00731721 0.01639207 -0.00552652
v 0.00751116 0.01639207 -0.00539218
v 0.00764536 0.01639207 -0.00529815
v 0.00775801 0.01665975 -0.00512172
v 0.00770511 0.01692886 -0.00507694
v 0.00801073 0.02016958 -0.00278833
v 0.00790298 0.01990190 -0.00332074
v 0.00777466 0.02016674 -0.00332656
v 0.00771882 0.02036608 -0.00324999
v 0.00767279 0.02054548 -0.00316625
v 0.00771491 0.02063092 -0.00298714
v 0.00767083 0.02080890 -0.00289132
v 0.00790885 0.02016389 -0.00305923
v 0.00793628 0.02026356 -0.00288146
v 0.00797448 0.02008415 -0.00298356
v 0.00770217 0.01979938 -0.00374434
v 0.00765809 0.01997879 -0.00368165
v 0.00775996 0.01988623 -0.00358583
v 0.00775703 0.01906039 -0.00411645
v 0.00764340 0.01914013 -0.00420869
v 0.00759540 0.01934374 -0.00415182
v 0.00742300 0.01950606 -0.00426198
v 0.00752684 0.01958295 -0.00409495
v 0.00745239 0.01982928 -0.00403137
v 0.00763165 0.01965842 -0.00392345
v 0.00773254 0.01958580 -0.00383793
v 0.00734366 0.01800103 -0.00500306
v 0.00758855 0.01665975 -0.00525605
v 0.00742496 0.01763937 -0.00506530
v 0.00745435 0.01665975 -0.00535278
v 0.00737893 0.01699721 -0.00529994
v 0.00708017 0.01773335 -0.00527889
v 0.00699691 0.01801385 -0.00524755
v 0.00720947 0.01800103 -0.00510112
v 0.00740831 0.01840399 -0.00478409
v 0.00713600 0.01893509 -0.00478185
v 0.00754741 0.01852217 -0.00460274
v 0.00745435 0.01880694 -0.00455707
v 0.00741615 0.01895645 -0.00452303
v 0.00404165 0.02284360 -0.00433676
v 0.00432179 0.02275390 -0.00429287
v 0.00405340 0.02265993 -0.00448497
v 0.00405340 0.02252466 -0.00458483
v 0.00405340 0.02234240 -0.00471916
v 0.00447068 0.02351140 -0.00345015
v 0.00457353 0.02336474 -0.00356702
v 0.00449615 0.02325795 -0.00373136
v 0.00432179 0.02316682 -0.00390912
v 0.00432179 0.02303298 -0.00404167
v 0.00412295 0.02293900 -0.00421989
v 0.00419837 0.02216869 -0.00478857
v 0.00403185 0.02200495 -0.00495380
v 0.00392802 0.02189958 -0.00505590
v 0.00403185 0.02175862 -0.00510291
v 0.00424931 0.02166891 -0.00507739
v 0.00404948 0.02148096 -0.00525158
v 0.00395741 0.02138272 -0.00533397
v 0.00392998 0.02404535 -0.00291057
v 0.00431983 0.02384743 -0.00304938
v 0.00440799 0.02375488 -0.00314566
v 0.00410923 0.02401972 -0.00286131
v 0.00402010 0.02408379 -0.00278833
v 0.00436881 0.01993749 -0.00582832
v 0.00446872 0.01975809 -0.00586190
v 0.00457157 0.01959434 -0.00588429
v 0.00434138 0.02097549 -0.00540158
v 0.00426400 0.02114351 -0.00534875
v 0.00413568 0.02132291 -0.00530307
v 0.00432865 0.02068502 -0.00553905
v 0.00442171 0.02052555 -0.00557756
v 0.00452750 0.02034614 -0.00561562
v 0.00460684 0.02016674 -0.00565861
v 0.00457157 0.01986060 -0.00578847
v 0.00473810 0.01949325 -0.00586280
v 0.00485858 0.01907463 -0.00595370
v 0.00514656 0.01882545 -0.00592415
v 0.00512599 0.01853783 -0.00601415
v 0.00486935 0.01855634 -0.00609923
v 0.00512501 0.01827869 -0.00608624
v 0.00539438 0.01827015 -0.00598907
v 0.00521415 0.01806796 -0.00610953
v 0.00527488 0.01788997 -0.00613147
v 0.00532288 0.01773335 -0.00614983
v 0.00539438 0.01719655 -0.00624297
v 0.00566278 0.01665975 -0.00626625
v 0.00593117 0.01639207 -0.00622327
v 0.00607222 0.01519887 -0.00639745
v 0.00610651 0.01504936 -0.00641044
v 0.00620152 0.01475604 -0.00642611
v 0.00633572 0.01464925 -0.00639521
v 0.00636511 0.01451256 -0.00640686
v 0.00642192 0.01424345 -0.00642924
v 0.00646796 0.01343897 -0.00653895
v 0.00646796 0.01316986 -0.00658060
v 0.00645620 0.01290929 -0.00662448
v 0.00653359 0.01263306 -0.00663881
v 0.00673733 0.01129035 -0.00676822
v 0.00712327 0.01111806 -0.00665761
v 0.00700572 0.01075355 -0.00675254
v 0.00700572 0.01048587 -0.00679150
v 0.00698711 0.00990493 -0.00688240
v 0.00695772 0.00990493 -0.00689270
v 0.00685781 0.00990493 -0.00692763
v 0.00675790 0.00990493 -0.00695852
v 0.00674223 0.00990493 -0.00696300
v 0.00863077 0.00990493 -0.00596176
v 0.00847307 0.00990493 -0.00609117
v 0.00845446 0.00990493 -0.00610639
v 0.00845837 0.01133592 -0.00583952
v 0.00844956 0.00994765 -0.00610236
v 0.00835356 0.00990493 -0.00617849
v 0.00831536 0.00994765 -0.00619774
v 0.00822329 0.01065673 -0.00613281
v 0.00834769 0.01102266 -0.00597743
v 0.00836042 0.01126472 -0.00592370
v 0.00823112 0.01202649 -0.00586996
v 0.00818508 0.01236395 -0.00583772
v 0.00801269 0.01263306 -0.00590489
v 0.00781090 0.01290217 -0.00598907
v 0.00775899 0.01343897 -0.00591385
v 0.00759148 0.01451256 -0.00580056
v 0.00752684 0.01478594 -0.00578175
v 0.00766397 0.01273273 -0.00611983
v 0.00742692 0.01469909 -0.00586907
v 0.00751214 0.01531847 -0.00566130
v 0.00742986 0.01578123 -0.00560398
v 0.00718302 0.01639207 -0.00561742
v 0.00739264 0.01487850 -0.00584892
v 0.00715167 0.01655296 -0.00559682
v 0.00789710 0.02042303 -0.00278833
v 0.00771197 0.02008985 -0.00350254
v 0.00766887 0.02026925 -0.00342865
v 0.00763752 0.02044012 -0.00332656
v 0.00750431 0.02069926 -0.00332119
v 0.00744749 0.02088864 -0.00324059
v 0.00750431 0.02096980 -0.00305341
v 0.00764144 0.02070638 -0.00306147
v 0.00775996 0.02070923 -0.00278833
v 0.00744455 0.02115347 -0.00297326
v 0.00739362 0.02133288 -0.00287027
v 0.00763165 0.02096268 -0.00278833
v 0.00755524 0.01990474 -0.00385942
v 0.00747786 0.02014965 -0.00379449
v 0.00743084 0.02032194 -0.00373718
v 0.00744357 0.02061810 -0.00349224
v 0.00731721 0.01934374 -0.00443437
v 0.00714580 0.01948898 -0.00452124
v 0.00725844 0.01958722 -0.00436810
v 0.00719281 0.01983640 -0.00429556
v 0.00713992 0.02001438 -0.00424720
v 0.00737207 0.01968547 -0.00421048
v 0.00740439 0.02000869 -0.00397495
v 0.00716441 0.01817902 -0.00507022
v 0.00690091 0.01793126 -0.00534069
v 0.00685781 0.01811067 -0.00531203
v 0.00690581 0.01927112 -0.00480917
v 0.00685487 0.01944911 -0.00477245
v 0.00699887 0.01935371 -0.00470080
v 0.00447754 0.02271261 -0.00425750
v 0.00432179 0.02288917 -0.00417600
v 0.00433551 0.02256168 -0.00443930
v 0.00443444 0.02241929 -0.00450647
v 0.00425518 0.02246913 -0.00454408
v 0.00457255 0.02357120 -0.00330865
v 0.00464994 0.02347153 -0.00339865
v 0.00485858 0.02328500 -0.00349582
v 0.00467541 0.02321239 -0.00368389
v 0.00458725 0.02310132 -0.00384330
v 0.00449909 0.02299026 -0.00400047
v 0.00437665 0.02211031 -0.00475051
v 0.00430122 0.02202346 -0.00483693
v 0.00433159 0.02175862 -0.00498873
v 0.00410727 0.02184690 -0.00502366
v 0.00459019 0.02223561 -0.00456826
v 0.00442856 0.02160484 -0.00504112
v 0.00433159 0.02150659 -0.00513247
v 0.00434138 0.02122894 -0.00527576
v 0.00459019 0.02389869 -0.00278833
v 0.00459019 0.02380471 -0.00295356
v 0.00429535 0.02400121 -0.00278833
v 0.00436195 0.02397843 -0.00278833
v 0.00459019 0.02371643 -0.00308789
v 0.00479785 0.02353845 -0.00321954
v 0.00464798 0.01967265 -0.00583190
v 0.00444326 0.02107943 -0.00531606
v 0.00459019 0.02068645 -0.00544054
v 0.00460684 0.02042873 -0.00555025
v 0.00470675 0.02026641 -0.00558249
v 0.00479589 0.02008842 -0.00561831
v 0.00483997 0.01959434 -0.00578802
v 0.00491735 0.01939215 -0.00582877
v 0.00499669 0.01921417 -0.00585922
v 0.00483997 0.01931953 -0.00588205
v 0.00505547 0.01907463 -0.00588205
v 0.00525039 0.01892797 -0.00585384
v 0.00531896 0.01874999 -0.00588071
v 0.00565592 0.01824736 -0.00589146
v 0.00566278 0.01800103 -0.00595325
v 0.00537577 0.01798822 -0.00606923
v 0.00540222 0.01854068 -0.00590892
v 0.00556091 0.01845240 -0.00587220
v 0.00545805 0.01773335 -0.00609923
v 0.00565788 0.01717234 -0.00615475
v 0.00566278 0.01692886 -0.00620759
v 0.00593509 0.01664694 -0.00616729
v 0.00607908 0.01654869 -0.00613192
v 0.00611826 0.01639207 -0.00614893
v 0.00644249 0.01475604 -0.00633163
v 0.00620740 0.01610729 -0.00616774
v 0.00649930 0.01451256 -0.00635357
v 0.00655611 0.01424345 -0.00637596
v 0.00662664 0.01390030 -0.00640417
v 0.00666680 0.01370665 -0.00641984
v 0.00673733 0.01316986 -0.00647940
v 0.00648755 0.01398431 -0.00644537
v 0.00673733 0.01290217 -0.00652194
v 0.00646796 0.01370665 -0.00649686
v 0.00673733 0.01263306 -0.00656448
v 0.00708702 0.01129035 -0.00664418
v 0.00678239 0.01209626 -0.00663119
v 0.00683920 0.01182715 -0.00665179
v 0.00670500 0.01182715 -0.00669926
v 0.00695283 0.01129035 -0.00669209
v 0.00727411 0.01129035 -0.00656179
v 0.00740145 0.01033351 -0.00666030
v 0.00715755 0.01093866 -0.00667060
v 0.00727411 0.00990493 -0.00677628
v 0.00687838 0.01332363 -0.00639790
v 0.00832320 0.00990493 -0.00619953
v 0.00812533 0.00990493 -0.00633566
v 0.00811945 0.00994765 -0.00633208
v 0.00804109 0.01102266 -0.00619282
v 0.00817529 0.01102266 -0.00609923
v 0.00814002 0.01129035 -0.00607415
v 0.00794902 0.01170612 -0.00612878
v 0.00779327 0.01263875 -0.00605266
v 0.00694107 0.01451256 -0.00616237
v 0.00707527 0.01451256 -0.00609251
v 0.00727411 0.01451256 -0.00598818
v 0.00769140 0.01255332 -0.00613550
v 0.00793432 0.01031785 -0.00638894
v 0.00769923 0.01095717 -0.00640596
v 0.00766985 0.01113515 -0.00639118
v 0.00759834 0.01155946 -0.00635491
v 0.00746414 0.01155946 -0.00642342
v 0.00743084 0.01175738 -0.00640596
v 0.00718792 0.01236395 -0.00641895
v 0.00729175 0.01478594 -0.00592325
v 0.00700572 0.01639207 -0.00571861
v 0.00685096 0.01620554 -0.00584668
v 0.00698809 0.01612011 -0.00579115
v 0.00663154 0.01658286 -0.00587355
v 0.00672753 0.01666830 -0.00579787
v 0.00701258 0.01664978 -0.00564652
v 0.00638470 0.01800103 -0.00561742
v 0.00656983 0.01780027 -0.00557040
v 0.00671676 0.01771911 -0.00550995
v 0.00675594 0.01801385 -0.00540203
v 0.00739460 0.02079608 -0.00341970
v 0.00739558 0.02106804 -0.00315237
v 0.00735150 0.02123606 -0.00305341
v 0.00747492 0.02124745 -0.00278833
v 0.00715951 0.02165468 -0.00293833
v 0.00732799 0.02149947 -0.00278833
v 0.00734660 0.02146957 -0.00278833
v 0.00736619 0.02014965 -0.00392883
v 0.00717714 0.02034614 -0.00401794
v 0.00727705 0.02042303 -0.00384823
v 0.00718694 0.02068645 -0.00376673
v 0.00714482 0.02082741 -0.00371568
v 0.00737697 0.02049992 -0.00367135
v 0.00733093 0.02069926 -0.00357956
v 0.00700474 0.01959149 -0.00458707
v 0.00691463 0.01981789 -0.00455169
v 0.00709388 0.01966696 -0.00447467
v 0.00702727 0.01991613 -0.00440079
v 0.00696360 0.02014965 -0.00432915
v 0.00709780 0.02014965 -0.00420959
v 0.00701650 0.01826872 -0.00513829
v 0.00683136 0.01887244 -0.00502455
v 0.00706156 0.01853783 -0.00499724
v 0.00634551 0.01815196 -0.00559547
v 0.00667464 0.01827015 -0.00536307
v 0.00642486 0.01934374 -0.00510829
v 0.00660117 0.01920705 -0.00505142
v 0.00674027 0.01910026 -0.00499634
v 0.00675398 0.01935371 -0.00488305
v 0.00655905 0.01934374 -0.00502366
v 0.00666876 0.01961285 -0.00483111
v 0.00680296 0.01961285 -0.00473528
v 0.00457843 0.02282794 -0.00410749
v 0.00465679 0.02265993 -0.00421451
v 0.00457647 0.02256880 -0.00432422
v 0.00459019 0.02236946 -0.00447020
v 0.00497710 0.02349858 -0.00316222
v 0.00487621 0.02343166 -0.00330865
v 0.00500649 0.02324513 -0.00345060
v 0.00485858 0.02316255 -0.00363016
v 0.00501922 0.02298314 -0.00372688
v 0.00485858 0.02302871 -0.00377166
v 0.00467834 0.02294327 -0.00395480
v 0.00475377 0.02218293 -0.00452975
v 0.00459410 0.02202346 -0.00470842
v 0.00468618 0.02186826 -0.00476708
v 0.00450693 0.02193091 -0.00480693
v 0.00459410 0.02177143 -0.00486828
v 0.00480764 0.02168885 -0.00482350
v 0.00461565 0.02150659 -0.00501515
v 0.00472242 0.02135566 -0.00505187
v 0.00460782 0.02389157 -0.00278833
v 0.00472830 0.02377624 -0.00290788
v 0.00487425 0.01989620 -0.00566175
v 0.00459019 0.02101678 -0.00528561
v 0.00459019 0.02088294 -0.00535009
v 0.00461565 0.02124887 -0.00515351
v 0.00485858 0.02116487 -0.00509306
v 0.00483311 0.02066651 -0.00535009
v 0.00485858 0.02041734 -0.00545308
v 0.00472732 0.02082314 -0.00532188
v 0.00487425 0.02016674 -0.00555473
v 0.00506134 0.01981789 -0.00561742
v 0.00514069 0.01962567 -0.00565727
v 0.00510150 0.01931953 -0.00578086
v 0.00518868 0.01907463 -0.00582922
v 0.00540222 0.01882545 -0.00582384
v 0.00549724 0.01863181 -0.00584534
v 0.00539438 0.01907463 -0.00574414
v 0.00580187 0.01814342 -0.00585967
v 0.00579795 0.01706555 -0.00612654
v 0.00566278 0.01773335 -0.00601818
v 0.00583616 0.01692886 -0.00614266
v 0.00618095 0.01664694 -0.00606341
v 0.00646796 0.01639207 -0.00599669
v 0.00625246 0.01639207 -0.00609162
v 0.00630241 0.01618560 -0.00611266
v 0.00660607 0.01546086 -0.00612789
v 0.00673733 0.01451256 -0.00625551
v 0.00673733 0.01424345 -0.00630207
v 0.00672460 0.01398431 -0.00635088
v 0.00680100 0.01370665 -0.00636611
v 0.00684214 0.01350304 -0.00638312
v 0.00674614 0.01342330 -0.00643462
v 0.00727411 0.01155946 -0.00651656
v 0.00754251 0.01075355 -0.00651970
v 0.00752977 0.01023384 -0.00661239
v 0.00743084 0.01015553 -0.00667463
v 0.00727411 0.00994765 -0.00677001
v 0.00750920 0.01129035 -0.00644626
v 0.00756504 0.01103690 -0.00646104
v 0.00746414 0.00994765 -0.00669075
v 0.00747100 0.00990493 -0.00669388
v 0.00712327 0.01272419 -0.00638715
v 0.00801269 0.00990493 -0.00640954
v 0.00795979 0.01013844 -0.00640372
v 0.00806166 0.01022388 -0.00632133
v 0.00800583 0.01129035 -0.00616819
v 0.00690189 0.01472045 -0.00614222
v 0.00781090 0.00990493 -0.00652149
v 0.00783147 0.01022388 -0.00645835
v 0.00773156 0.01075355 -0.00642298
v 0.00729566 0.01183996 -0.00645790
v 0.00723591 0.01209626 -0.00644223
v 0.00675104 0.01612011 -0.00591788
v 0.00681079 0.01639207 -0.00582474
v 0.00667660 0.01639207 -0.00589683
v 0.00648461 0.01666830 -0.00592191
v 0.00635825 0.01710969 -0.00586952
v 0.00630927 0.01728768 -0.00584668
v 0.00619956 0.01800103 -0.00570966
v 0.00651889 0.01800103 -0.00554174
v 0.00716147 0.02112215 -0.00346851
v 0.00721240 0.02121612 -0.00330193
v 0.00735150 0.02096980 -0.00332119
v 0.00716245 0.02139268 -0.00320835
v 0.00720947 0.02148666 -0.00303237
v 0.00710563 0.02157209 -0.00311745
v 0.00701062 0.02176859 -0.00304804
v 0.00691658 0.02195511 -0.00297863
v 0.00684998 0.02213452 -0.00286982
v 0.00704784 0.02192379 -0.00278833
v 0.00709486 0.02183408 -0.00281967
v 0.00713600 0.02179849 -0.00278833
v 0.00718302 0.02173014 -0.00278833
v 0.00701356 0.02042873 -0.00412048
v 0.00693324 0.02068645 -0.00403630
v 0.00688328 0.02083738 -0.00398973
v 0.00712131 0.02052413 -0.00395883
v 0.00698417 0.02092281 -0.00382226
v 0.00690679 0.02114066 -0.00374927
v 0.00708604 0.02100682 -0.00364762
v 0.00720065 0.02093278 -0.00356523
v 0.00673831 0.01988196 -0.00465155
v 0.00685879 0.01999587 -0.00450557
v 0.00690483 0.02033333 -0.00427720
v 0.00590766 0.01824736 -0.00577817
v 0.00619760 0.01825306 -0.00563667
v 0.00605263 0.01865317 -0.00558294
v 0.00615353 0.01907463 -0.00537427
v 0.00609671 0.01925688 -0.00533889
v 0.00619173 0.01934516 -0.00524799
v 0.00636706 0.01952600 -0.00507336
v 0.00646110 0.01961427 -0.00497216
v 0.00661783 0.01976948 -0.00479484
v 0.00485858 0.02275532 -0.00402734
v 0.00487621 0.02256880 -0.00417376
v 0.00479883 0.02248052 -0.00428526
v 0.00500747 0.02270976 -0.00398704
v 0.00512599 0.02354842 -0.00297192
v 0.00527292 0.02351282 -0.00291594
v 0.00512599 0.02345587 -0.00310625
v 0.00530721 0.02326649 -0.00320969
v 0.00510738 0.02330921 -0.00330238
v 0.00518476 0.02319245 -0.00338880
v 0.00533072 0.02301304 -0.00349134
v 0.00510150 0.02308851 -0.00356030
v 0.00519750 0.02292761 -0.00367046
v 0.00510150 0.02281940 -0.00382987
v 0.00485858 0.02289059 -0.00390599
v 0.00493302 0.02211886 -0.00448587
v 0.00484976 0.02202915 -0.00458483
v 0.00486544 0.02230253 -0.00438557
v 0.00488209 0.02177143 -0.00473573
v 0.00498690 0.02162050 -0.00478141
v 0.00488209 0.02151514 -0.00488932
v 0.00500845 0.02110222 -0.00505993
v 0.00481254 0.02380756 -0.00278833
v 0.00490756 0.02373494 -0.00283758
v 0.00483311 0.02092993 -0.00522381
v 0.00500453 0.02056399 -0.00532591
v 0.00510640 0.02039883 -0.00535501
v 0.00490560 0.02074198 -0.00528382
v 0.00512599 0.02014965 -0.00545397
v 0.00523962 0.01972391 -0.00558070
v 0.00531504 0.01954451 -0.00561339
v 0.00566278 0.01880694 -0.00571548
v 0.00565592 0.01854068 -0.00580190
v 0.00565690 0.01905897 -0.00563264
v 0.00540026 0.01934374 -0.00564697
v 0.00556287 0.01925546 -0.00560577
v 0.00597525 0.01800103 -0.00581623
v 0.00644641 0.01610729 -0.00606565
v 0.00656395 0.01564026 -0.00610998
v 0.00675888 0.01479876 -0.00619058
v 0.00763263 0.00990493 -0.00661373
v 0.00749255 0.00990493 -0.00668359
v 0.00799114 0.00990493 -0.00642298
v 0.00700376 0.02122040 -0.00357374
v 0.00692148 0.02142970 -0.00350030
v 0.00685879 0.02160911 -0.00342686
v 0.00710074 0.02130156 -0.00338746
v 0.00692638 0.02170309 -0.00324775
v 0.00686075 0.02188107 -0.00315775
v 0.00680296 0.02203912 -0.00305655
v 0.00665995 0.02223276 -0.00303908
v 0.00659726 0.02242499 -0.00289669
v 0.00675986 0.02230965 -0.00278833
v 0.00695577 0.02205051 -0.00278833
v 0.00684410 0.02051273 -0.00422302
v 0.00660215 0.02082029 -0.00424675
v 0.00673145 0.02093847 -0.00405779
v 0.00663840 0.02113496 -0.00401032
v 0.00681765 0.02101678 -0.00392838
v 0.00684312 0.02131864 -0.00367941
v 0.00659921 0.02162193 -0.00370717
v 0.00667268 0.02014965 -0.00456737
v 0.00661978 0.02030627 -0.00452841
v 0.00680688 0.02014965 -0.00446348
v 0.00673145 0.02041022 -0.00437751
v 0.00666484 0.02064088 -0.00429914
v 0.00586456 0.01880694 -0.00562100
v 0.00581167 0.01895930 -0.00559592
v 0.00599876 0.01880694 -0.00555696
v 0.00593999 0.01934516 -0.00538770
v 0.00603402 0.01943487 -0.00530352
v 0.00591354 0.01905897 -0.00550860
v 0.00620838 0.01961427 -0.00512888
v 0.00630339 0.01970540 -0.00503440
v 0.00646698 0.01986772 -0.00485126
v 0.00637686 0.02007703 -0.00481365
v 0.00655611 0.01994746 -0.00475140
v 0.00497710 0.02242072 -0.00423914
v 0.00518476 0.02264853 -0.00393331
v 0.00531014 0.02246913 -0.00400988
v 0.00510738 0.02256168 -0.00405107
v 0.00541104 0.02350570 -0.00278833
v 0.00545218 0.02345587 -0.00282997
v 0.00558344 0.02327646 -0.00295803
v 0.00537969 0.02336189 -0.00302655
v 0.00514460 0.02364809 -0.00278833
v 0.00535324 0.02353987 -0.00278833
v 0.00548646 0.02320954 -0.00313715
v 0.00540810 0.02311129 -0.00331850
v 0.00550997 0.02295467 -0.00342686
v 0.00541887 0.02285215 -0.00359299
v 0.00532778 0.02274821 -0.00375419
v 0.00512599 0.02223276 -0.00429959
v 0.00527782 0.02217723 -0.00425750
v 0.00513285 0.02202915 -0.00443930
v 0.00504861 0.02193945 -0.00454498
v 0.00513285 0.02177143 -0.00460990
v 0.00533365 0.02168885 -0.00455707
v 0.00512599 0.02155928 -0.00474603
v 0.00526705 0.02136421 -0.00478767
v 0.00518574 0.02101821 -0.00501649
v 0.00527978 0.02084022 -0.00506217
v 0.00510836 0.02093989 -0.00509396
v 0.00510640 0.02066651 -0.00522874
v 0.00518281 0.02047571 -0.00528427
v 0.00527292 0.02029631 -0.00532680
v 0.00540026 0.01962567 -0.00554353
v 0.00549332 0.01943344 -0.00557308
v 0.00539438 0.01988054 -0.00544323
v 0.00578718 0.01973388 -0.00531561
v 0.00565690 0.01934374 -0.00552831
v 0.00666288 0.02176004 -0.00351015
v 0.00660705 0.02189958 -0.00344612
v 0.00661097 0.02217296 -0.00318282
v 0.00674419 0.02232816 -0.00278833
v 0.00654338 0.02236803 -0.00303908
v 0.00633474 0.02270122 -0.00290564
v 0.00649734 0.02260867 -0.00278833
v 0.00653554 0.02256737 -0.00278833
v 0.00641506 0.02095413 -0.00430810
v 0.00635335 0.02111218 -0.00426198
v 0.00654926 0.02095413 -0.00420332
v 0.00655122 0.02048568 -0.00447781
v 0.00648755 0.02071065 -0.00439586
v 0.00646012 0.02121328 -0.00410660
v 0.00638861 0.02142401 -0.00402420
v 0.00649440 0.02152368 -0.00386614
v 0.00631515 0.02160342 -0.00396286
v 0.00640135 0.02176004 -0.00376763
v 0.00633768 0.02189816 -0.00371300
v 0.00635139 0.02218293 -0.00345910
v 0.00646404 0.02040452 -0.00458483
v 0.00637196 0.02060101 -0.00454274
v 0.00646698 0.02015962 -0.00471021
v 0.00631319 0.02025644 -0.00477066
v 0.00585575 0.01955590 -0.00535098
v 0.00593999 0.01963136 -0.00527441
v 0.00612512 0.01982216 -0.00508679
v 0.00605557 0.02000157 -0.00504649
v 0.00620838 0.01989905 -0.00500216
v 0.00621426 0.02015962 -0.00487768
v 0.00512599 0.02236661 -0.00419750
v 0.00540810 0.02257592 -0.00385360
v 0.00548940 0.02240078 -0.00395256
v 0.00538361 0.02228830 -0.00410704
v 0.00557070 0.02340176 -0.00278833
v 0.00576269 0.02321239 -0.00286758
v 0.00579893 0.02297033 -0.00317521
v 0.00566278 0.02301589 -0.00323073
v 0.00566278 0.02289486 -0.00336507
v 0.00580285 0.02270407 -0.00344657
v 0.00566278 0.02276102 -0.00350075
v 0.00550605 0.02268271 -0.00369509
v 0.00545708 0.02210319 -0.00420377
v 0.00556091 0.02192379 -0.00426735
v 0.00537773 0.02201919 -0.00430810
v 0.00541202 0.02177143 -0.00445766
v 0.00522688 0.02186683 -0.00449751
v 0.00551291 0.02161054 -0.00450647
v 0.00544630 0.02127878 -0.00473842
v 0.00554034 0.02110079 -0.00479081
v 0.00537186 0.02120331 -0.00482215
v 0.00537969 0.02093989 -0.00496007
v 0.00545903 0.02075052 -0.00501783
v 0.00554621 0.02057111 -0.00506217
v 0.00537969 0.02067078 -0.00509530
v 0.00537479 0.02039883 -0.00522829
v 0.00564711 0.02039740 -0.00509217
v 0.00545218 0.02019521 -0.00528337
v 0.00558931 0.01988054 -0.00535009
v 0.00568335 0.01963136 -0.00540606
v 0.00572351 0.01988054 -0.00528382
v 0.00580677 0.02029488 -0.00505813
v 0.00586358 0.02014965 -0.00509038
v 0.00595174 0.01989905 -0.00515083
v 0.00653065 0.02207756 -0.00336193
v 0.00643955 0.02226694 -0.00327596
v 0.00634943 0.02244635 -0.00319043
v 0.00606341 0.02296748 -0.00290251
v 0.00621426 0.02290056 -0.00278833
v 0.00637294 0.02274109 -0.00278833
v 0.00619075 0.02121043 -0.00431482
v 0.00609573 0.02139126 -0.00426825
v 0.00627499 0.02129159 -0.00420332
v 0.00630144 0.02077900 -0.00449303
v 0.00620740 0.02096980 -0.00444960
v 0.00604676 0.02106804 -0.00450333
v 0.00613589 0.02170166 -0.00403271
v 0.00605067 0.02187965 -0.00396734
v 0.00621524 0.02177855 -0.00391047
v 0.00617801 0.02200352 -0.00376270
v 0.00607320 0.02217012 -0.00371658
v 0.00625246 0.02207756 -0.00363822
v 0.00616822 0.02226551 -0.00354866
v 0.00608496 0.02244919 -0.00345910
v 0.00626421 0.02236091 -0.00336910
v 0.00620740 0.02068787 -0.00460722
v 0.00612316 0.02088864 -0.00455483
v 0.00613491 0.02036750 -0.00482663
v 0.00606145 0.02054691 -0.00478141
v 0.00621426 0.02044154 -0.00473663
v 0.00599778 0.02014965 -0.00501291
v 0.00566278 0.02248764 -0.00375867
v 0.00579893 0.02243211 -0.00371165
v 0.00567747 0.02230538 -0.00390196
v 0.00559715 0.02222137 -0.00402465
v 0.00568139 0.02332345 -0.00278833
v 0.00599876 0.02290910 -0.00303908
v 0.00607712 0.02271118 -0.00318551
v 0.00589003 0.02253035 -0.00354239
v 0.00566278 0.02262148 -0.00363508
v 0.00577640 0.02214449 -0.00396465
v 0.00566866 0.02203342 -0.00411690
v 0.00574016 0.02184120 -0.00420914
v 0.00583518 0.02166322 -0.00427317
v 0.00565494 0.02175577 -0.00432288
v 0.00568139 0.02150944 -0.00446706
v 0.00578326 0.02134427 -0.00450736
v 0.00586848 0.02116487 -0.00456020
v 0.00571959 0.02100539 -0.00473887
v 0.00580285 0.02082741 -0.00478767
v 0.00564319 0.02093135 -0.00482305
v 0.00564711 0.02067078 -0.00495604
v 0.00586554 0.02068645 -0.00482394
v 0.00617018 0.02253747 -0.00327730
v 0.00620152 0.02291195 -0.00278833
v 0.00589101 0.02316682 -0.00278833
v 0.00594390 0.02312695 -0.00278833
v 0.00592725 0.02148524 -0.00432422
v 0.00601443 0.02156924 -0.00421138
v 0.00592529 0.02094701 -0.00464707
v 0.00594684 0.02124175 -0.00446214
v 0.00594293 0.02177143 -0.00412093
v 0.00587142 0.02196508 -0.00403003
v 0.00590570 0.02227548 -0.00376001
v 0.00597819 0.02234952 -0.00363777
v 0.00599974 0.02068645 -0.00474424
f 41 29 27
f 29 41 42
f 29 16 28
f 27 29 28
f 28 16 27
f 5 15 16
f 6 2 5
f 5 2 1
f 1 4 5
f 39 63 64
f 64 63 96
f 27 16 26
f 16 25 26
f 16 15 23
f 23 25 16
f 6 5 17
f 17 5 16
f 113 75 112
f 112 150 113
f 31 30 45
f 45 30 44
f 44 30 43
f 98 99 64
f 24 39 40
f 64 96 97
f 102 98 97
f 97 98 64
f 95 96 63
f 3 4 1
f 9 10 4
f 4 8 9
f 13 14 4
f 13 19 14
f 50 37 54
f 61 89 90
f 90 89 114
f 113 150 114
f 54 37 53
f 52 37 48
f 80 53 52
f 52 53 37
f 31 47 32
f 32 47 48
f 80 78 87
f 87 61 80
f 116 89 88
f 88 78 116
f 88 87 78
f 89 61 88
f 61 87 88
f 116 78 76
f 113 114 76
f 76 75 113
f 76 47 75
f 1500 1503 1383
f 1005 1008 1006
f 1445 1574 1448
f 1109 1004 1003
f 1209 1210 1109
f 204 150 201
f 201 200 204
f 73 45 44
f 44 43 68
f 102 97 68
f 66 40 39
f 298 229 228
f 177 229 230
f 140 145 106
f 106 145 107
f 96 95 134
f 134 136 96
f 177 136 134
f 7 8 4
f 4 3 7
f 20 37 19
f 19 13 20
f 19 35 36
f 51 56 38
f 38 35 51
f 51 35 50
f 51 50 54
f 54 53 51
f 51 53 56
f 34 35 19
f 50 35 34
f 19 37 34
f 37 50 34
f 60 61 38
f 80 61 60
f 94 119 84
f 61 83 84
f 120 121 90
f 90 114 120
f 115 89 116
f 115 114 89
f 116 76 115
f 115 76 114
f 154 114 150
f 48 78 79
f 79 52 48
f 79 78 80
f 80 52 79
f 18 30 31
f 31 32 18
f 18 20 13
f 48 47 77
f 47 76 77
f 77 78 48
f 77 76 78
f 1291 1392 1277
f 1277 1278 1170
f 1392 1278 1277
f 146 145 140
f 107 145 146
f 195 147 146
f 984 1082 985
f 1067 1177 1178
f 985 1082 1083
f 1083 1178 1177
f 1850 1772 1770
f 1850 1851 1772
f 1522 1656 1532
f 912 1012 913
f 232 233 179
f 398 394 315
f 1733 1734 1614
f 1726 1802 1803
f 1810 1736 1811
f 1810 1795 1736
f 1794 1795 1718
f 1736 1795 1794
f 1723 1797 1798
f 1929 1978 1976
f 1977 1978 1929
f 1962 1955 1954
f 1939 1984 1962
f 1159 1050 1158
f 388 476 477
f 936 840 935
f 908 807 806
f 1573 1574 1445
f 1328 1210 1208
f 1208 1210 1209
f 1209 1109 1208
f 1435 1325 1434
f 1108 1109 1003
f 1108 1208 1109
f 1004 1109 1110
f 1005 1004 1110
f 1109 1213 1110
f 1210 1213 1212
f 1212 1213 1109
f 905 1002 1003
f 904 1002 905
f 1703 1588 1582
f 1587 1470 1582
f 1582 1588 1587
f 1587 1588 1470
f 1215 1115 1114
f 1582 1470 1583
f 837 930 838
f 265 200 199
f 150 112 149
f 149 201 150
f 200 201 149
f 149 199 200
f 427 515 516
f 255 256 195
f 257 196 195
f 195 256 257
f 269 261 203
f 72 73 44
f 45 73 74
f 44 68 69
f 69 68 97
f 65 39 64
f 65 66 39
f 64 99 65
f 175 228 176
f 176 228 229
f 176 229 177
f 177 134 176
f 176 134 175
f 301 230 229
f 175 134 135
f 135 134 95
f 140 106 103
f 96 136 104
f 136 142 104
f 104 97 96
f 37 20 33
f 33 18 32
f 20 18 33
f 22 35 38
f 22 36 35
f 62 86 81
f 38 61 62
f 61 86 62
f 82 61 94
f 82 83 61
f 94 84 82
f 82 84 83
f 81 86 85
f 85 86 61
f 61 84 85
f 133 156 119
f 133 119 94
f 536 535 451
f 451 535 537
f 292 293 224
f 225 170 224
f 224 226 225
f 224 293 226
f 121 120 153
f 153 120 114
f 205 150 204
f 205 154 150
f 154 205 206
f 362 447 364
f 364 363 362
f 286 363 364
f 4 10 11
f 1744 1629 1743
f 1674 1784 1782
f 1782 1817 1744
f 1779 1780 1667
f 1010 911 910
f 877 815 911
f 625 624 716
f 374 457 458
f 541 624 625
f 458 457 543
f 1774 1658 1773
f 1773 1836 1774
f 1774 1836 1756
f 1755 1756 1642
f 1642 1658 1755
f 1755 1774 1756
f 1658 1774 1755
f 1180 1179 1290
f 1838 1840 1839
f 1392 1511 1512
f 1758 1838 1839
f 1900 1840 1898
f 1761 1840 1763
f 1839 1840 1761
f 1279 1278 1394
f 1170 1278 1279
f 1407 1392 1291
f 1407 1511 1392
f 666 670 575
f 870 769 860
f 871 769 870
f 870 966 871
f 866 763 860
f 860 769 866
f 866 769 765
f 1066 1177 1067
f 770 769 871
f 769 770 672
f 968 1066 1067
f 107 146 108
f 108 146 147
f 108 72 107
f 1061 1062 961
f 1054 961 1063
f 1063 961 1062
f 1177 1190 1086
f 985 1083 1084
f 1084 1083 1177
f 1979 1968 1965
f 1920 1919 1860
f 1860 1859 1920
f 1780 1859 1860
f 1911 1968 1969
f 1302 1414 1301
f 1301 1190 1302
f 1289 1190 1177
f 1289 1302 1190
f 1404 1302 1289
f 1911 1850 1910
f 1849 1850 1770
f 1912 1911 1913
f 1912 1850 1911
f 1913 1851 1912
f 1851 1850 1912
f 1655 1656 1522
f 1770 1772 1771
f 1772 1656 1771
f 1771 1655 1770
f 1656 1655 1771
f 1663 1772 1660
f 1663 1656 1772
f 1660 1532 1663
f 1856 1918 1919
f 1856 1780 1779
f 1856 1859 1780
f 1856 1919 1920
f 1920 1859 1856
f 1772 1851 1852
f 1852 1851 1913
f 1660 1772 1775
f 1661 1532 1660
f 1533 1532 1661
f 1301 1414 1413
f 1414 1532 1413
f 1523 1524 1402
f 1523 1532 1524
f 1402 1522 1523
f 1522 1532 1523
f 1898 1838 1834
f 1832 1756 1837
f 1756 1836 1837
f 915 912 825
f 1012 912 915
f 817 912 913
f 825 912 817
f 724 824 825
f 825 817 724
f 724 817 721
f 556 642 639
f 728 729 639
f 304 306 233
f 388 470 393
f 393 311 388
f 382 461 462
f 1718 1617 1737
f 1737 1617 1736
f 1737 1794 1718
f 1736 1794 1737
f 1811 1736 1809
f 1736 1733 1809
f 1809 1808 1811
f 1733 1808 1809
f 1735 1733 1736
f 1734 1733 1735
f 1736 1617 1735
f 1617 1734 1735
f 1864 1928 1866
f 1866 1802 1864
f 1721 1608 1607
f 1607 1720 1721
f 1721 1720 1719
f 1721 1797 1723
f 1723 1722 1721
f 1722 1608 1721
f 1721 1719 1718
f 1718 1797 1721
f 1804 1726 1803
f 1610 1722 1723
f 1610 1608 1722
f 1487 1608 1610
f 1864 1802 1801
f 1802 1726 1801
f 1863 1862 1811
f 1723 1798 1799
f 1898 1929 1958
f 1867 1868 1802
f 1802 1866 1867
f 1928 1929 1867
f 1867 1866 1928
f 1977 1929 1957
f 1939 1962 1942
f 1927 1928 1864
f 1939 1878 1938
f 1955 1962 1956
f 1840 1902 1903
f 1954 1953 1903
f 1626 1627 1500
f 1503 1500 1628
f 1628 1627 1503
f 1500 1627 1628
f 1494 1382 1383
f 1493 1382 1494
f 1494 1369 1493
f 1505 1494 1383
f 951 1049 953
f 951 930 1031
f 1158 1050 1157
f 1157 1050 1156
f 1263 1260 1157
f 1374 1500 1383
f 1374 1260 1263
f 953 1049 1053
f 1053 1050 953
f 1049 1050 1053
f 1047 951 1031
f 1267 1369 1268
f 1268 1366 1253
f 1267 1268 1161
f 1161 1268 1253
f 1161 1153 1052
f 1253 1153 1161
f 1266 1369 1267
f 1261 1159 1158
f 1158 1157 1261
f 1261 1157 1260
f 1031 930 1030
f 1263 1157 1262
f 1381 1374 1263
f 1500 1374 1381
f 1263 1375 1377
f 572 571 660
f 662 571 661
f 395 396 315
f 315 391 395
f 852 746 840
f 934 945 854
f 934 1033 1034
f 934 854 840
f 1032 934 936
f 1033 934 1032
f 1052 1153 1045
f 1045 1153 1154
f 744 737 652
f 653 652 740
f 739 740 652
f 739 654 653
f 653 740 739
f 476 569 570
f 570 569 649
f 1008 908 1007
f 1007 1006 1008
f 806 807 711
f 711 809 810
f 1792 1693 1791
f 1694 1693 1574
f 1574 1573 1694
f 1791 1693 1692
f 1791 1692 1707
f 1470 1590 1591
f 1329 1210 1328
f 1441 1442 1328
f 1328 1325 1441
f 1441 1325 1440
f 1441 1440 1445
f 1445 1567 1441
f 1328 1208 1327
f 1327 1208 1206
f 1103 1206 1207
f 1207 1208 1103
f 1206 1208 1207
f 1324 1325 1206
f 1324 1434 1325
f 1003 1002 1106
f 1106 1002 1104
f 1104 1002 999
f 1103 1104 999
f 999 1102 1103
f 999 1002 904
f 1107 1108 1003
f 1003 1106 1107
f 1107 1106 1104
f 1107 1104 1103
f 1103 1208 1107
f 1208 1108 1107
f 1333 1332 1452
f 1333 1213 1210
f 1210 1332 1333
f 1452 1332 1451
f 1451 1332 1450
f 1211 1109 1210
f 1210 1212 1211
f 1211 1212 1109
f 533 619 606
f 1791 1707 1705
f 1345 1469 1472
f 1233 1345 1346
f 1675 1629 1716
f 1215 1114 1113
f 1113 1114 1012
f 913 1012 1013
f 1012 1114 1013
f 1013 1114 1115
f 1216 1115 1215
f 1216 1217 1115
f 1338 1220 1337
f 1115 1217 1218
f 1218 1217 1337
f 1228 1338 1229
f 1465 1464 1582
f 1582 1583 1465
f 1582 1464 1463
f 1463 1464 1337
f 1466 1467 1339
f 1339 1465 1466
f 1466 1465 1583
f 1466 1583 1470
f 1470 1467 1466
f 836 837 734
f 564 646 647
f 828 834 833
f 894 991 895
f 702 797 703
f 270 348 349
f 345 430 431
f 431 346 345
f 430 346 431
f 685 684 783
f 783 684 785
f 516 515 599
f 516 599 601
f 601 599 598
f 203 261 198
f 198 149 203
f 199 149 198
f 265 199 264
f 264 198 263
f 199 198 264
f 344 345 265
f 344 427 345
f 511 599 515
f 598 599 511
f 429 430 345
f 334 257 256
f 256 255 334
f 506 415 505
f 505 589 506
f 195 146 194
f 194 146 193
f 417 508 418
f 418 508 419
f 594 510 509
f 509 508 594
f 509 510 419
f 419 508 509
f 419 510 420
f 46 74 75
f 46 47 31
f 75 47 46
f 31 45 46
f 45 74 46
f 111 112 75
f 75 74 111
f 143 104 142
f 143 105 104
f 299 229 298
f 298 374 299
f 582 628 680
f 583 579 581
f 677 579 676
f 70 69 97
f 97 104 70
f 44 69 70
f 70 105 103
f 104 105 70
f 48 37 49
f 37 33 49
f 49 32 48
f 49 33 32
f 21 22 14
f 36 22 21
f 14 19 21
f 19 36 21
f 59 60 38
f 38 58 59
f 80 60 59
f 59 58 80
f 57 53 80
f 80 58 57
f 56 53 57
f 38 56 57
f 57 58 38
f 38 62 55
f 55 62 81
f 81 85 118
f 118 85 84
f 156 133 174
f 132 133 94
f 172 133 132
f 371 292 370
f 371 372 292
f 370 292 368
f 171 170 225
f 171 130 170
f 225 226 171
f 171 226 172
f 172 132 171
f 171 132 130
f 223 224 170
f 443 441 362
f 362 361 443
f 360 361 284
f 360 443 361
f 362 363 285
f 285 361 362
f 284 361 285
f 285 363 286
f 114 154 151
f 154 206 151
f 359 360 284
f 349 346 351
f 448 364 447
f 447 530 448
f 435 355 354
f 450 535 536
f 536 451 450
f 286 354 287
f 12 13 4
f 4 11 12
f 12 18 13
f 1547 1548 1427
f 1548 1547 1673
f 1673 1675 1548
f 1921 1858 1857
f 1857 1858 1780
f 1857 1860 1921
f 1780 1860 1857
f 1861 1858 1921
f 1780 1858 1781
f 1533 1664 1665
f 1665 1664 1776
f 1009 1010 909
f 910 813 909
f 909 1010 910
f 814 716 813
f 814 813 910
f 910 911 814
f 911 815 814
f 457 541 542
f 542 543 457
f 542 541 625
f 625 543 542
f 1405 1294 1295
f 1290 1294 1405
f 1170 1061 1169
f 1061 1168 1169
f 679 680 777
f 971 875 876
f 777 877 876
f 972 875 971
f 1898 1840 1899
f 1899 1838 1898
f 1840 1838 1899
f 1642 1644 1643
f 1643 1512 1642
f 1759 1644 1642
f 1642 1758 1759
f 1642 1756 1757
f 1757 1758 1642
f 1756 1758 1757
f 1762 1646 1644
f 1644 1761 1762
f 1763 1646 1762
f 1762 1761 1763
f 1760 1761 1644
f 1644 1759 1760
f 1760 1759 1758
f 1760 1758 1839
f 1839 1761 1760
f 1171 1061 1170
f 1170 1279 1171
f 860 763 755
f 756 755 763
f 664 755 756
f 574 486 496
f 765 670 764
f 764 866 765
f 764 670 763
f 763 866 764
f 671 670 765
f 872 770 871
f 867 770 872
f 1067 1178 1068
f 1068 968 1067
f 1178 1083 1068
f 669 761 762
f 669 574 668
f 664 574 669
f 110 108 147
f 110 74 73
f 147 111 110
f 110 111 74
f 73 72 109
f 72 108 109
f 109 110 73
f 108 110 109
f 399 486 487
f 487 574 575
f 486 574 487
f 576 671 672
f 576 487 575
f 501 487 576
f 575 670 576
f 670 671 576
f 184 242 185
f 140 184 185
f 185 146 140
f 1175 1177 1176
f 1175 1286 1177
f 958 870 860
f 860 957 958
f 958 957 870
f 864 961 962
f 962 961 1054
f 962 955 864
f 1054 955 962
f 960 961 864
f 1059 961 960
f 1059 1168 1060
f 1060 961 1059
f 1060 1168 1061
f 1061 961 1060
f 1085 1086 985
f 1177 1086 1085
f 985 1084 1085
f 1085 1084 1177
f 1301 1413 1303
f 1069 1068 1083
f 968 1068 1069
f 1922 1860 1919
f 1288 1289 1177
f 1404 1289 1288
f 1287 1403 1404
f 1287 1288 1177
f 1404 1288 1287
f 1402 1403 1287
f 1177 1286 1287
f 1415 1532 1414
f 1524 1532 1415
f 1414 1302 1415
f 1402 1524 1415
f 1415 1403 1402
f 1415 1302 1404
f 1404 1403 1415
f 1848 1849 1770
f 1850 1849 1848
f 1662 1532 1656
f 1656 1663 1662
f 1662 1663 1532
f 1772 1852 1853
f 1855 1856 1776
f 1916 1855 1852
f 1778 1775 1772
f 1772 1853 1778
f 1778 1853 1776
f 1833 1834 1756
f 1896 1834 1833
f 1832 1896 1833
f 1833 1756 1832
f 1756 1834 1835
f 1835 1834 1838
f 1835 1758 1756
f 1838 1758 1835
f 725 724 634
f 824 724 725
f 722 629 721
f 728 639 727
f 642 726 727
f 727 639 642
f 818 817 913
f 721 817 818
f 818 722 721
f 819 722 818
f 1115 1220 1116
f 1224 1338 1228
f 380 461 382
f 382 308 380
f 380 308 304
f 232 304 305
f 233 232 305
f 305 304 233
f 384 462 465
f 384 465 463
f 306 304 307
f 304 308 307
f 179 233 234
f 234 235 179
f 234 307 308
f 233 306 234
f 306 307 234
f 632 724 721
f 721 629 632
f 556 555 468
f 468 552 556
f 641 642 556
f 641 726 642
f 634 551 633
f 463 465 548
f 465 551 548
f 388 467 471
f 471 467 555
f 388 308 387
f 638 555 556
f 638 557 555
f 555 557 473
f 473 471 555
f 473 474 388
f 67 100 101
f 100 139 101
f 315 312 314
f 397 398 315
f 315 396 397
f 397 396 398
f 1807 1733 1806
f 1806 1808 1807
f 1807 1808 1733
f 1877 1878 1811
f 1811 1808 1877
f 1732 1733 1614
f 1614 1731 1732
f 1732 1731 1733
f 1738 1617 1718
f 1619 1738 1718
f 1617 1738 1619
f 1614 1734 1615
f 1615 1491 1614
f 1614 1491 1613
f 1256 1249 1154
f 1364 1249 1363
f 1249 1256 1363
f 1363 1256 1373
f 1802 1868 1869
f 1726 1804 1727
f 1727 1610 1726
f 1862 1863 1796
f 1796 1863 1864
f 1811 1862 1796
f 1796 1798 1797
f 1864 1799 1796
f 1796 1799 1798
f 1796 1810 1811
f 1795 1810 1796
f 1718 1795 1796
f 1796 1797 1718
f 1864 1801 1800
f 1800 1799 1864
f 1800 1801 1726
f 1726 1799 1800
f 1726 1610 1725
f 1725 1799 1726
f 1724 1610 1723
f 1723 1799 1724
f 1724 1725 1610
f 1799 1725 1724
f 1959 1929 1928
f 1959 1958 1929
f 1959 1945 1898
f 1898 1958 1959
f 1868 1867 1931
f 1896 1957 1897
f 1897 1834 1896
f 1898 1834 1897
f 1897 1929 1898
f 1897 1957 1929
f 1811 1878 1879
f 1881 1863 1811
f 1928 1927 1881
f 1881 1927 1864
f 1954 1945 1986
f 1986 1942 1954
f 1945 1942 1986
f 1985 1962 1954
f 1954 1942 1985
f 1985 1942 1962
f 1983 1938 1965
f 1939 1938 1983
f 1965 1984 1983
f 1983 1984 1939
f 1955 1956 1894
f 1954 1955 1894
f 1894 1953 1954
f 1894 1903 1953
f 1904 1956 1962
f 1954 1902 1901
f 1898 1945 1901
f 1901 1900 1898
f 1840 1900 1901
f 1901 1902 1840
f 1763 1840 1841
f 1840 1903 1841
f 1961 1902 1954
f 1954 1903 1961
f 1961 1903 1902
f 1502 1626 1500
f 1502 1629 1630
f 1860 1922 1923
f 1919 1918 1923
f 1923 1922 1919
f 838 930 855
f 930 951 855
f 1260 1374 1264
f 1264 1261 1260
f 1383 1382 1264
f 1264 1374 1383
f 1159 1261 1264
f 1048 1050 1049
f 1049 951 1048
f 951 1047 1048
f 1156 1050 1155
f 1155 1157 1156
f 1254 1253 1154
f 1154 1153 1254
f 1254 1153 1253
f 1267 1161 1160
f 1050 1159 1160
f 1160 1266 1267
f 1159 1266 1160
f 953 1050 1051
f 1051 1052 953
f 1051 1161 1052
f 1050 1160 1051
f 1051 1160 1161
f 1493 1369 1386
f 1369 1266 1386
f 1386 1382 1493
f 1376 1375 1263
f 1263 1262 1376
f 1376 1262 1375
f 1716 1629 1602
f 1629 1502 1605
f 1605 1502 1501
f 663 660 571
f 571 662 663
f 392 391 315
f 311 391 392
f 653 654 566
f 476 570 566
f 566 652 653
f 566 570 652
f 661 571 657
f 654 746 657
f 568 657 571
f 656 657 568
f 568 477 476
f 747 851 753
f 746 851 747
f 661 657 747
f 747 657 746
f 470 395 479
f 479 393 470
f 390 391 311
f 390 395 391
f 481 571 572
f 1034 1144 1035
f 1035 934 1034
f 945 934 1035
f 948 854 947
f 853 854 746
f 746 852 853
f 840 854 853
f 853 852 840
f 840 936 933
f 933 934 840
f 936 934 933
f 1033 1139 1140
f 1143 1144 1034
f 1034 1033 1143
f 1033 1142 1143
f 735 647 734
f 735 837 838
f 734 837 735
f 953 1052 1044
f 1052 1045 1044
f 1146 1038 1145
f 1146 1145 1152
f 1152 1145 1045
f 1152 1045 1154
f 741 844 845
f 654 739 745
f 745 746 654
f 648 570 649
f 564 647 648
f 741 652 658
f 652 570 658
f 562 646 564
f 559 646 562
f 561 643 559
f 559 562 561
f 561 562 474
f 564 648 565
f 565 569 476
f 649 569 565
f 565 648 649
f 808 711 807
f 809 711 808
f 806 711 805
f 618 619 533
f 618 715 619
f 1697 1792 1698
f 1693 1792 1697
f 1697 1698 1574
f 1574 1693 1697
f 1693 1694 1572
f 1572 1694 1573
f 1572 1573 1445
f 1445 1571 1572
f 1572 1692 1693
f 1572 1571 1690
f 1588 1707 1589
f 1470 1588 1589
f 1589 1590 1470
f 1589 1707 1692
f 1575 1571 1445
f 1690 1571 1575
f 1440 1325 1439
f 1210 1329 1330
f 1446 1329 1445
f 1206 1325 1326
f 1326 1327 1206
f 1326 1325 1328
f 1328 1327 1326
f 1323 1324 1204
f 1204 1203 1323
f 1103 1102 1204
f 1323 1203 1322
f 1322 1324 1323
f 1434 1324 1322
f 1322 1203 1320
f 1102 999 998
f 1111 1112 1008
f 1110 1112 1111
f 1111 1008 1005
f 1005 1110 1111
f 1213 1112 1214
f 1214 1110 1213
f 1214 1112 1110
f 540 622 623
f 623 608 700
f 700 608 699
f 699 608 698
f 620 608 623
f 537 535 620
f 607 606 619
f 619 608 607
f 1793 1705 1701
f 1701 1705 1588
f 1701 1700 1793
f 1577 1700 1701
f 1706 1707 1588
f 1588 1705 1706
f 1706 1705 1707
f 1588 1702 1578
f 1577 1701 1578
f 1578 1701 1588
f 1578 1459 1577
f 1475 1596 1474
f 1600 1602 1601
f 1427 1548 1544
f 1548 1675 1544
f 1742 1743 1629
f 1629 1675 1742
f 1744 1743 1742
f 1742 1782 1744
f 1742 1675 1782
f 1787 1675 1716
f 1679 1675 1714
f 1714 1713 1679
f 1458 1459 1337
f 1337 1464 1456
f 1456 1338 1337
f 1464 1338 1456
f 1337 1220 1219
f 1219 1218 1337
f 1219 1220 1115
f 1115 1218 1219
f 1339 1467 1343
f 1464 1465 1341
f 1341 1338 1464
f 1341 1229 1338
f 1232 1345 1233
f 1344 1467 1470
f 1344 1343 1467
f 645 646 559
f 559 644 645
f 645 644 646
f 728 828 731
f 828 833 731
f 731 834 835
f 731 833 834
f 520 430 519
f 519 605 520
f 362 441 444
f 524 525 444
f 524 444 526
f 362 444 445
f 445 444 525
f 446 530 447
f 446 445 525
f 446 528 529
f 529 530 446
f 446 447 362
f 362 445 446
f 796 797 702
f 707 708 613
f 272 205 204
f 272 206 205
f 200 267 268
f 204 200 268
f 268 270 204
f 348 270 268
f 268 267 348
f 349 348 347
f 348 267 347
f 347 346 349
f 784 684 686
f 785 684 784
f 686 692 784
f 784 692 785
f 798 704 706
f 343 264 263
f 265 264 343
f 343 344 265
f 425 344 343
f 426 425 515
f 426 344 425
f 515 427 426
f 427 344 426
f 515 425 513
f 513 511 515
f 595 684 685
f 686 684 595
f 685 783 687
f 783 786 687
f 345 427 428
f 428 429 345
f 427 429 428
f 417 334 416
f 416 334 415
f 416 506 417
f 416 415 506
f 335 334 417
f 257 334 335
f 417 418 335
f 415 334 333
f 333 334 255
f 587 505 504
f 504 415 414
f 504 505 415
f 331 253 330
f 330 253 252
f 252 194 193
f 252 253 194
f 202 197 196
f 202 269 203
f 203 149 202
f 149 197 202
f 112 111 148
f 148 111 147
f 196 197 148
f 195 196 148
f 148 147 195
f 148 149 112
f 148 197 149
f 303 379 327
f 230 301 302
f 302 303 230
f 302 377 378
f 301 377 302
f 378 379 302
f 302 379 303
f 494 500 581
f 188 184 140
f 188 242 184
f 178 136 177
f 178 142 136
f 178 143 142
f 177 230 189
f 189 178 177
f 300 301 229
f 229 299 300
f 375 374 458
f 375 299 374
f 459 377 458
f 458 543 459
f 459 543 544
f 544 460 459
f 378 377 459
f 459 460 378
f 545 460 544
f 545 628 582
f 582 583 499
f 581 500 499
f 499 583 581
f 582 680 678
f 678 583 582
f 579 583 678
f 678 679 579
f 680 679 678
f 578 494 581
f 581 579 578
f 71 72 44
f 44 70 71
f 107 72 71
f 71 106 107
f 71 103 106
f 71 70 103
f 155 208 209
f 173 208 155
f 155 174 173
f 173 174 133
f 173 227 208
f 173 133 172
f 172 227 173
f 94 130 131
f 131 132 94
f 130 132 131
f 452 368 451
f 456 373 454
f 454 372 456
f 152 153 114
f 114 151 152
f 121 153 152
f 152 151 121
f 442 359 441
f 360 359 442
f 441 443 442
f 443 360 442
f 441 359 440
f 440 359 434
f 434 351 433
f 433 351 346
f 437 355 436
f 364 448 365
f 286 364 365
f 365 354 286
f 365 448 449
f 435 354 365
f 365 437 436
f 449 437 365
f 436 355 365
f 365 355 435
f 366 450 451
f 535 450 534
f 534 620 535
f 608 620 534
f 522 449 533
f 533 606 522
f 522 437 449
f 522 534 450
f 608 534 522
f 606 607 522
f 522 607 608
f 162 219 220
f 284 285 215
f 215 285 286
f 286 287 215
f 121 151 160
f 904 901 900
f 899 998 900
f 900 999 904
f 900 998 999
f 1433 1432 1552
f 895 991 992
f 992 993 895
f 991 993 992
f 895 993 994
f 1316 1429 1430
f 1782 1675 1783
f 1783 1673 1782
f 1675 1673 1783
f 1672 1542 1674
f 1672 1673 1542
f 1674 1782 1672
f 1782 1673 1672
f 1822 1861 1886
f 1921 1860 1886
f 1886 1861 1921
f 1858 1861 1786
f 1786 1781 1858
f 1786 1784 1674
f 1670 1781 1674
f 1776 1856 1777
f 1777 1665 1776
f 1777 1856 1779
f 1779 1667 1777
f 1667 1665 1777
f 1533 1665 1534
f 975 877 911
f 625 716 717
f 716 814 717
f 1773 1658 1657
f 1658 1525 1657
f 1406 1407 1291
f 1409 1405 1295
f 1170 1169 1275
f 1275 1169 1168
f 1168 1274 1275
f 1074 1179 1071
f 1179 1180 1071
f 676 579 675
f 579 679 675
f 1059 960 959
f 959 960 864
f 862 874 959
f 1644 1646 1645
f 1646 1514 1645
f 1393 1514 1394
f 1392 1512 1393
f 1394 1278 1393
f 1393 1278 1392
f 1394 1514 1515
f 1530 1658 1642
f 1530 1529 1658
f 1407 1529 1530
f 1511 1407 1530
f 1642 1512 1530
f 1530 1512 1511
f 864 762 863
f 762 761 863
f 863 761 862
f 863 959 864
f 862 959 863
f 861 874 862
f 862 761 861
f 861 761 776
f 758 756 763
f 666 756 758
f 763 670 758
f 670 666 758
f 496 406 495
f 495 574 496
f 667 666 575
f 575 574 667
f 667 574 666
f 665 574 664
f 666 574 665
f 668 574 577
f 491 490 577
f 577 495 491
f 574 495 577
f 577 674 668
f 766 671 765
f 672 671 766
f 765 769 766
f 769 672 766
f 967 872 871
f 968 872 967
f 871 966 967
f 966 1066 967
f 1066 968 967
f 402 490 491
f 244 321 322
f 776 761 760
f 761 669 760
f 400 412 330
f 400 319 399
f 399 487 400
f 501 576 584
f 248 319 242
f 248 188 247
f 242 188 248
f 407 486 399
f 496 486 407
f 407 406 496
f 406 407 325
f 322 403 325
f 325 403 406
f 193 146 192
f 146 185 192
f 1286 1400 1401
f 1402 1287 1401
f 1401 1287 1286
f 1285 1400 1286
f 1284 1400 1285
f 1286 1175 1285
f 1285 1175 1284
f 1065 1175 1176
f 1065 1066 966
f 1176 1177 1065
f 1177 1066 1065
f 1165 1057 1164
f 1284 1175 1283
f 1055 955 1054
f 957 955 1055
f 1668 1667 1780
f 1668 1536 1667
f 892 984 884
f 587 672 588
f 672 681 588
f 588 505 587
f 589 505 588
f 768 681 672
f 681 779 780
f 1872 1808 1806
f 1806 1871 1872
f 1872 1871 1808
f 1876 1871 1878
f 1878 1877 1876
f 1876 1877 1808
f 1968 1979 1982
f 1934 1938 1878
f 1878 1871 1934
f 1937 1969 1968
f 1968 1982 1937
f 1937 1982 1979
f 1965 1968 1967
f 1776 1853 1854
f 1854 1853 1852
f 1854 1855 1776
f 1852 1855 1854
f 1915 1923 1918
f 1915 1916 1852
f 1776 1664 1666
f 1666 1778 1776
f 1666 1664 1533
f 1533 1661 1666
f 1666 1661 1660
f 1660 1775 1666
f 1775 1778 1666
f 822 726 823
f 823 722 822
f 726 722 823
f 822 722 821
f 1115 1015 1014
f 913 1013 1014
f 1014 1013 1115
f 728 727 827
f 1018 1116 1117
f 382 462 383
f 462 384 383
f 383 308 382
f 383 384 308
f 464 384 463
f 180 137 179
f 180 100 137
f 179 235 236
f 236 310 311
f 634 724 635
f 724 632 635
f 635 551 634
f 549 632 629
f 549 629 546
f 549 546 463
f 463 548 549
f 549 548 551
f 552 468 466
f 467 468 553
f 463 546 547
f 547 466 463
f 546 629 547
f 629 630 547
f 547 630 552
f 552 466 547
f 556 552 637
f 637 641 556
f 637 722 726
f 726 641 637
f 550 551 465
f 550 633 551
f 469 467 388
f 388 387 469
f 469 387 467
f 640 638 556
f 557 638 640
f 556 639 640
f 640 644 559
f 646 644 640
f 640 731 646
f 559 473 558
f 558 473 557
f 558 640 559
f 557 640 558
f 388 471 472
f 472 473 388
f 471 473 472
f 474 473 560
f 643 561 560
f 560 561 474
f 559 643 560
f 560 473 559
f 239 182 181
f 181 180 239
f 138 139 100
f 138 182 139
f 138 181 182
f 100 180 138
f 180 181 138
f 311 392 313
f 315 314 313
f 313 392 315
f 398 396 484
f 396 485 484
f 396 395 483
f 483 485 396
f 1612 1609 1487
f 1487 1359 1486
f 1607 1608 1486
f 1486 1608 1487
f 1485 1359 1488
f 1487 1609 1488
f 1488 1359 1487
f 1361 1359 1485
f 1151 1041 1040
f 1040 1041 937
f 1147 1038 1146
f 1151 1252 1241
f 1606 1619 1718
f 1606 1720 1607
f 1718 1719 1606
f 1719 1720 1606
f 1618 1491 1617
f 1617 1619 1618
f 1618 1619 1491
f 1617 1491 1616
f 1491 1615 1616
f 1616 1734 1617
f 1616 1615 1734
f 1364 1363 1489
f 1803 1802 1865
f 1802 1869 1865
f 1730 1610 1729
f 1928 1945 1975
f 1975 1959 1928
f 1945 1959 1975
f 1930 1931 1867
f 1930 1929 1976
f 1930 1867 1929
f 1939 1942 1941
f 1944 1942 1945
f 1945 1881 1944
f 1944 1881 1942
f 1811 1879 1880
f 1880 1881 1811
f 1880 1941 1942
f 1946 1945 1928
f 1928 1881 1946
f 1946 1881 1945
f 1864 1863 1926
f 1926 1881 1864
f 1863 1881 1926
f 1754 1765 1646
f 1844 1904 1905
f 1895 1894 1956
f 1956 1904 1895
f 1895 1904 1844
f 1960 1945 1954
f 1954 1901 1960
f 1960 1901 1945
f 1500 1381 1380
f 1380 1502 1500
f 1380 1381 1263
f 1501 1502 1380
f 1263 1379 1380
f 1380 1379 1501
f 1369 1494 1495
f 1494 1622 1495
f 1383 1503 1504
f 1504 1505 1383
f 1620 1494 1504
f 1494 1505 1504
f 1033 1032 938
f 938 1032 936
f 938 936 935
f 842 938 935
f 937 938 842
f 935 840 842
f 840 932 842
f 1265 1264 1382
f 1159 1264 1265
f 1382 1266 1265
f 1265 1266 1159
f 1259 1262 1157
f 1157 1155 1259
f 1258 1262 1259
f 1259 1155 1258
f 1367 1268 1369
f 1369 1368 1367
f 1382 1386 1385
f 1385 1386 1266
f 1263 1377 1378
f 1378 1379 1263
f 1377 1379 1378
f 1717 1602 1629
f 1629 1605 1717
f 1717 1605 1604
f 650 657 656
f 480 395 470
f 476 566 567
f 567 568 476
f 950 944 854
f 854 944 850
f 746 854 850
f 850 851 746
f 661 747 752
f 752 747 753
f 753 663 752
f 752 662 661
f 752 663 662
f 389 479 395
f 395 390 389
f 389 390 311
f 311 393 389
f 393 479 389
f 482 481 572
f 395 481 482
f 482 483 395
f 478 481 395
f 395 480 478
f 478 568 571
f 571 481 478
f 477 568 478
f 388 477 478
f 478 470 388
f 478 480 470
f 854 945 946
f 946 947 854
f 1141 1142 1033
f 1033 1140 1141
f 843 844 741
f 733 735 750
f 647 735 733
f 733 648 647
f 857 951 953
f 1045 1145 1046
f 1146 1152 1247
f 1247 1147 1146
f 1148 1147 1247
f 1148 1247 1149
f 1149 1247 1152
f 1154 1249 1248
f 1248 1152 1154
f 1249 1149 1248
f 1248 1149 1152
f 839 842 932
f 839 932 840
f 848 842 744
f 937 842 848
f 738 745 739
f 738 839 840
f 652 737 738
f 738 739 652
f 842 839 738
f 737 744 738
f 744 842 738
f 840 746 841
f 746 745 841
f 841 738 840
f 745 738 841
f 570 648 659
f 659 658 570
f 563 562 564
f 474 562 563
f 564 565 475
f 475 563 564
f 474 563 475
f 475 565 476
f 475 476 388
f 388 474 475
f 1005 1006 906
f 1006 1007 906
f 906 1004 1005
f 906 1007 908
f 1003 1004 906
f 906 905 1003
f 531 448 530
f 449 448 531
f 617 531 530
f 614 613 708
f 529 528 614
f 528 613 614
f 709 614 708
f 803 901 904
f 904 905 803
f 1592 1572 1690
f 1592 1591 1590
f 1470 1591 1592
f 1590 1589 1696
f 1696 1592 1590
f 1561 1575 1445
f 1470 1586 1471
f 1471 1344 1470
f 1468 1344 1471
f 1471 1475 1469
f 1469 1468 1471
f 1709 1708 1690
f 1450 1332 1331
f 1331 1330 1450
f 1331 1332 1210
f 1210 1330 1331
f 1450 1330 1449
f 1449 1329 1448
f 1449 1330 1329
f 1568 1567 1445
f 1568 1441 1567
f 1445 1329 1444
f 1444 1329 1328
f 1448 1329 1447
f 1329 1446 1447
f 1445 1448 1447
f 1447 1446 1445
f 1103 1204 1205
f 1205 1204 1324
f 1205 1206 1103
f 1205 1324 1206
f 539 540 455
f 622 540 539
f 539 455 537
f 537 622 539
f 701 793 699
f 699 698 701
f 701 608 619
f 701 698 608
f 715 618 714
f 619 715 714
f 714 713 810
f 618 713 714
f 714 701 619
f 793 701 714
f 621 622 537
f 537 620 621
f 623 622 621
f 621 620 623
f 1459 1578 1579
f 1703 1580 1579
f 1579 1578 1702
f 1588 1703 1579
f 1579 1702 1588
f 1233 1129 1128
f 1128 1232 1233
f 1233 1346 1235
f 1257 1262 1258
f 1257 1237 1262
f 1258 1155 1257
f 1598 1596 1475
f 1475 1597 1598
f 1598 1597 1596
f 1596 1597 1711
f 1501 1379 1476
f 1476 1379 1377
f 1476 1605 1501
f 1476 1474 1596
f 1604 1605 1476
f 1600 1601 1476
f 1476 1601 1602
f 1472 1469 1473
f 1469 1475 1473
f 1473 1345 1472
f 1473 1346 1345
f 1712 1597 1710
f 1712 1711 1597
f 1428 1312 1427
f 1428 1429 1312
f 1675 1787 1715
f 1715 1714 1675
f 1715 1787 1716
f 1716 1602 1715
f 1599 1602 1600
f 1713 1714 1599
f 1599 1715 1602
f 1714 1715 1599
f 1711 1712 1599
f 1596 1711 1599
f 1600 1476 1599
f 1599 1476 1596
f 1334 1335 1215
f 1453 1335 1334
f 1336 1216 1215
f 1215 1335 1336
f 1217 1216 1336
f 1337 1217 1336
f 1336 1455 1337
f 1336 1335 1455
f 1455 1335 1454
f 1454 1335 1453
f 1577 1459 1576
f 1459 1458 1576
f 1455 1458 1457
f 1337 1455 1457
f 1457 1458 1337
f 1462 1463 1337
f 1461 1462 1337
f 1580 1462 1461
f 1340 1229 1339
f 1339 1343 1340
f 1345 1232 1342
f 1469 1345 1342
f 1342 1468 1469
f 1342 1344 1468
f 734 647 732
f 732 731 835
f 732 647 646
f 646 731 732
f 835 836 732
f 732 836 734
f 603 519 602
f 516 601 602
f 604 526 605
f 604 519 603
f 605 519 604
f 528 446 527
f 527 446 525
f 899 898 897
f 897 898 797
f 609 704 702
f 702 703 609
f 707 613 705
f 705 703 797
f 204 270 271
f 271 272 204
f 345 346 266
f 346 347 266
f 265 345 266
f 266 347 267
f 266 200 265
f 266 267 200
f 611 706 704
f 524 526 611
f 526 604 611
f 611 609 524
f 704 609 611
f 691 601 598
f 598 690 691
f 801 706 800
f 342 343 263
f 423 513 425
f 511 513 423
f 596 595 685
f 511 595 596
f 514 424 510
f 510 424 421
f 339 420 421
f 421 420 510
f 598 511 597
f 685 687 597
f 597 596 685
f 511 596 597
f 336 335 418
f 336 418 419
f 332 333 255
f 253 331 332
f 332 331 414
f 414 415 332
f 415 333 332
f 330 412 413
f 413 331 330
f 414 331 413
f 413 504 414
f 242 319 243
f 243 252 193
f 193 192 243
f 243 185 242
f 243 192 185
f 196 259 260
f 260 202 196
f 409 494 404
f 378 460 410
f 410 379 378
f 251 324 245
f 323 324 404
f 404 402 323
f 323 402 321
f 321 244 323
f 245 324 323
f 323 244 245
f 143 178 144
f 178 189 144
f 105 143 144
f 376 300 299
f 299 375 376
f 376 375 458
f 301 300 376
f 458 377 376
f 376 377 301
f 626 543 625
f 625 717 626
f 676 776 771
f 771 677 676
f 771 674 677
f 776 760 771
f 492 402 404
f 490 402 492
f 492 577 490
f 404 494 492
f 494 578 492
f 492 578 579
f 759 669 668
f 668 674 759
f 674 771 759
f 759 760 669
f 759 771 760
f 278 209 208
f 296 227 295
f 227 294 295
f 295 294 373
f 453 455 370
f 453 452 455
f 370 368 453
f 368 452 453
f 537 455 538
f 455 452 538
f 538 451 537
f 538 452 451
f 369 454 373
f 373 294 369
f 372 454 369
f 369 294 226
f 226 293 369
f 292 372 369
f 369 293 292
f 281 288 287
f 281 212 280
f 441 440 523
f 605 526 523
f 523 444 441
f 523 526 444
f 521 440 434
f 434 433 521
f 605 523 521
f 521 523 440
f 520 605 521
f 353 359 284
f 274 275 206
f 349 351 274
f 351 275 274
f 355 437 438
f 438 522 450
f 437 522 438
f 367 366 451
f 451 368 367
f 292 224 291
f 366 367 291
f 224 223 291
f 291 368 292
f 291 367 368
f 358 357 356
f 289 283 358
f 358 283 357
f 218 162 213
f 219 162 218
f 213 283 218
f 218 283 219
f 158 212 213
f 213 162 158
f 158 162 159
f 158 159 121
f 280 212 210
f 212 158 210
f 166 162 220
f 125 127 126
f 125 126 90
f 90 124 125
f 125 124 165
f 126 127 91
f 91 61 90
f 90 126 91
f 165 124 123
f 123 124 90
f 280 210 217
f 217 210 211
f 217 281 280
f 284 215 214
f 207 151 206
f 207 160 151
f 207 214 160
f 1320 1203 1202
f 1553 1433 1552
f 1553 1675 1679
f 1553 1676 1675
f 1434 1322 1319
f 1319 1433 1434
f 1319 1322 1320
f 1432 1433 1319
f 1320 1202 1319
f 1092 993 991
f 1092 1093 993
f 1195 1312 1196
f 1196 1093 1195
f 1317 1201 1196
f 1196 1316 1317
f 1317 1316 1201
f 1431 1316 1430
f 1196 1312 1315
f 1315 1316 1196
f 1312 1429 1315
f 1429 1316 1315
f 1201 1202 1099
f 1423 1541 1542
f 1427 1312 1426
f 1426 1424 1427
f 1312 1424 1426
f 1784 1786 1818
f 1818 1786 1861
f 1818 1861 1822
f 1822 1819 1818
f 1818 1782 1784
f 1817 1782 1818
f 1744 1817 1818
f 1818 1819 1744
f 1674 1781 1785
f 1785 1786 1674
f 1781 1786 1785
f 1542 1541 1539
f 1535 1665 1667
f 1535 1534 1665
f 1667 1536 1535
f 1184 1185 1295
f 1295 1294 1184
f 1075 1185 1184
f 974 975 1075
f 1075 1072 974
f 877 975 974
f 974 876 877
f 971 876 974
f 974 1072 971
f 971 1072 1073
f 1073 1072 1075
f 1075 1184 1073
f 816 877 777
f 815 877 816
f 1528 1406 1527
f 1525 1406 1528
f 1292 1406 1291
f 1291 1180 1292
f 1292 1180 1290
f 1290 1405 1292
f 1407 1406 1526
f 1658 1529 1526
f 1526 1529 1407
f 1526 1525 1658
f 1526 1406 1525
f 1408 1409 1527
f 1405 1409 1408
f 1408 1292 1405
f 1527 1406 1408
f 1406 1292 1408
f 1182 1274 1168
f 1182 1275 1274
f 875 972 973
f 973 969 875
f 1071 969 973
f 1074 1071 973
f 973 972 971
f 973 1073 1074
f 971 1073 973
f 1181 1180 1291
f 1181 1071 1180
f 1181 1182 1071
f 778 679 777
f 777 876 778
f 778 876 875
f 875 774 778
f 873 774 875
f 875 959 873
f 873 959 874
f 1059 959 970
f 970 959 875
f 875 969 970
f 1644 1645 1513
f 1513 1645 1514
f 1513 1643 1644
f 1512 1643 1513
f 1513 1393 1512
f 1514 1393 1513
f 1395 1279 1394
f 1647 1514 1646
f 860 859 956
f 956 859 955
f 956 957 860
f 956 955 957
f 860 755 754
f 754 859 860
f 762 859 754
f 754 755 664
f 664 669 754
f 754 669 762
f 864 955 865
f 955 859 865
f 865 762 864
f 865 859 762
f 321 402 401
f 322 321 401
f 401 403 322
f 493 403 491
f 491 495 493
f 406 403 493
f 493 495 406
f 664 756 757
f 757 665 664
f 757 756 666
f 666 665 757
f 247 188 187
f 187 188 140
f 488 487 501
f 488 400 487
f 501 412 488
f 412 400 488
f 502 412 501
f 501 584 502
f 673 576 672
f 673 584 576
f 326 248 247
f 247 325 326
f 319 248 326
f 326 325 407
f 399 319 326
f 326 407 399
f 965 1065 966
f 966 870 965
f 870 957 965
f 1175 1065 1166
f 1273 1283 1175
f 1175 1166 1273
f 1402 1401 1520
f 1520 1401 1400
f 1519 1522 1402
f 1646 1765 1648
f 1648 1647 1646
f 1648 1515 1514
f 1514 1647 1648
f 1164 1057 1056
f 1056 1055 1054
f 1056 1057 957
f 957 1055 1056
f 1087 1086 1190
f 881 783 785
f 881 882 783
f 991 894 902
f 902 891 989
f 894 801 902
f 801 891 902
f 1536 1668 1659
f 1659 1531 1536
f 1669 1668 1780
f 1780 1781 1669
f 1781 1670 1669
f 1082 984 990
f 984 892 990
f 990 1083 1082
f 990 1069 1083
f 589 588 590
f 590 588 681
f 681 591 590
f 767 768 672
f 767 770 867
f 767 672 770
f 968 1069 977
f 681 768 781
f 781 779 681
f 768 779 781
f 682 692 683
f 681 780 682
f 682 591 681
f 507 508 417
f 507 591 508
f 417 506 507
f 506 589 507
f 589 590 507
f 507 590 591
f 1808 1871 1875
f 1875 1876 1808
f 1871 1876 1875
f 1980 1979 1965
f 1965 1938 1980
f 1938 1934 1980
f 1870 1871 1806
f 1806 1874 1870
f 1870 1874 1871
f 1871 1874 1935
f 1916 1915 1917
f 1856 1855 1917
f 1855 1916 1917
f 1918 1856 1917
f 1917 1915 1918
f 1914 1852 1913
f 1914 1915 1852
f 1913 1911 1914
f 1923 1915 1973
f 1915 1914 1973
f 820 722 819
f 820 821 722
f 819 818 820
f 826 726 822
f 826 727 726
f 826 827 727
f 821 820 914
f 913 1014 914
f 822 821 914
f 914 818 913
f 914 820 818
f 914 1014 1015
f 914 826 822
f 918 826 914
f 1016 1015 1115
f 1016 914 1015
f 918 914 1016
f 1018 1117 1118
f 308 384 385
f 384 464 385
f 385 464 463
f 463 466 385
f 309 234 308
f 308 310 309
f 235 234 309
f 309 236 235
f 310 236 309
f 388 311 381
f 311 310 381
f 381 308 388
f 381 310 308
f 179 238 231
f 231 180 179
f 231 238 239
f 239 180 231
f 237 238 179
f 179 236 237
f 237 236 311
f 311 313 237
f 237 312 239
f 239 238 237
f 237 314 312
f 237 313 314
f 551 635 631
f 631 549 551
f 631 635 632
f 632 549 631
f 555 467 554
f 467 553 554
f 554 468 555
f 554 553 468
f 552 630 636
f 636 637 552
f 630 637 636
f 723 630 629
f 723 637 630
f 629 722 723
f 722 637 723
f 731 640 730
f 730 729 728
f 728 731 730
f 730 639 729
f 730 640 639
f 572 485 573
f 485 483 573
f 573 482 572
f 483 482 573
f 1611 1610 1730
f 1487 1610 1611
f 1611 1612 1487
f 1358 1359 1242
f 1242 1357 1358
f 1358 1357 1359
f 1356 1357 1242
f 1482 1606 1607
f 1483 1486 1359
f 1357 1482 1483
f 1607 1486 1483
f 1483 1482 1607
f 1477 1361 1485
f 1353 1361 1477
f 1242 1361 1362
f 1362 1361 1353
f 1242 1359 1360
f 1360 1361 1242
f 1359 1361 1360
f 1039 1147 1148
f 1148 1149 1039
f 1039 1149 1040
f 1039 1040 937
f 1039 937 1038
f 1038 1147 1039
f 1242 1241 1354
f 1241 1251 1354
f 1251 1250 1354
f 1479 1478 1364
f 1479 1354 1478
f 1357 1356 1479
f 1490 1613 1491
f 1490 1491 1364
f 1364 1489 1490
f 1369 1498 1371
f 1727 1729 1728
f 1610 1727 1728
f 1728 1729 1610
f 1939 1941 1940
f 1941 1880 1940
f 1940 1878 1939
f 1940 1879 1878
f 1940 1880 1879
f 1942 1881 1943
f 1943 1880 1942
f 1881 1880 1943
f 1764 1646 1763
f 1764 1754 1646
f 1842 1764 1763
f 1763 1841 1842
f 1842 1841 1903
f 1965 1967 1909
f 1909 1910 1850
f 1850 1848 1909
f 1909 1967 1968
f 1909 1968 1911
f 1911 1910 1909
f 1965 1905 1964
f 1964 1984 1965
f 1964 1962 1984
f 1963 1904 1962
f 1963 1905 1904
f 1962 1964 1963
f 1963 1964 1905
f 1844 1905 1906
f 1828 1752 1754
f 1894 1895 1830
f 1830 1895 1844
f 1741 1816 1806
f 1369 1495 1496
f 1496 1495 1622
f 1806 1816 1813
f 1740 1813 1814
f 1740 1741 1624
f 1814 1741 1740
f 1885 1824 1891
f 1503 1627 1633
f 1911 1969 1970
f 1969 1937 1981
f 1036 938 937
f 1036 1137 1033
f 937 1041 1036
f 1041 1137 1036
f 1384 1266 1382
f 1382 1385 1384
f 1384 1385 1266
f 651 650 656
f 566 650 651
f 651 567 566
f 656 568 651
f 568 567 651
f 654 657 655
f 657 650 655
f 655 566 654
f 655 650 566
f 949 854 948
f 949 950 854
f 1245 1141 1246
f 1246 1140 1245
f 1246 1141 1140
f 1244 1240 1353
f 1245 1140 1244
f 1140 1240 1244
f 1138 1140 1139
f 1138 1240 1140
f 1138 1137 1041
f 1138 1139 1033
f 1033 1137 1138
f 1138 1041 1151
f 1151 1241 1138
f 1138 1241 1242
f 844 843 858
f 954 939 858
f 858 939 844
f 952 939 954
f 1044 939 952
f 954 858 952
f 952 858 857
f 953 1044 952
f 952 857 953
f 846 845 844
f 844 939 846
f 1037 1145 1038
f 1037 1046 1145
f 1038 937 1037
f 1150 1241 1252
f 1150 1251 1241
f 1150 1252 1151
f 1150 1149 1249
f 1151 1040 1150
f 1040 1149 1150
f 1249 1250 1150
f 1150 1250 1251
f 743 744 652
f 750 659 736
f 736 659 648
f 736 733 750
f 648 733 736
f 751 659 750
f 659 751 749
f 749 858 843
f 741 658 749
f 749 843 741
f 750 735 749
f 749 751 750
f 838 855 749
f 749 735 838
f 857 858 749
f 806 805 907
f 805 906 907
f 907 908 806
f 907 906 908
f 712 713 618
f 618 617 712
f 712 711 810
f 810 713 712
f 532 618 533
f 533 449 532
f 449 531 532
f 532 617 618
f 531 617 532
f 615 530 529
f 529 617 615
f 615 617 530
f 710 805 711
f 710 709 805
f 805 709 804
f 804 709 708
f 804 906 805
f 708 803 804
f 905 906 804
f 804 803 905
f 901 803 799
f 799 900 901
f 799 898 899
f 899 900 799
f 707 705 799
f 799 708 707
f 799 803 708
f 797 898 799
f 799 705 797
f 1690 1708 1593
f 1593 1592 1690
f 1470 1592 1593
f 1692 1572 1691
f 1572 1696 1691
f 1691 1589 1692
f 1691 1696 1589
f 1572 1592 1695
f 1695 1696 1572
f 1592 1696 1695
f 1566 1565 1563
f 1566 1561 1445
f 1563 1561 1566
f 1445 1440 1566
f 1440 1565 1566
f 1564 1439 1563
f 1563 1565 1564
f 1440 1439 1564
f 1564 1565 1440
f 1684 1575 1685
f 1684 1584 1575
f 1585 1586 1470
f 1470 1584 1585
f 1438 1439 1325
f 1325 1437 1438
f 1438 1558 1439
f 1435 1434 1436
f 1434 1437 1436
f 1436 1325 1435
f 1436 1437 1325
f 1434 1556 1555
f 1555 1437 1434
f 1563 1439 1562
f 1562 1561 1563
f 1439 1561 1562
f 1439 1558 1559
f 1558 1687 1559
f 1575 1584 1699
f 1594 1584 1470
f 1470 1593 1594
f 1594 1699 1584
f 1708 1709 1594
f 1594 1593 1708
f 1594 1709 1690
f 1690 1575 1594
f 1575 1699 1594
f 1443 1568 1569
f 1328 1442 1443
f 1442 1441 1443
f 1441 1568 1443
f 1443 1444 1328
f 1569 1444 1443
f 1445 1444 1570
f 1570 1444 1569
f 1570 1568 1445
f 1569 1568 1570
f 811 714 810
f 1459 1579 1460
f 1460 1579 1580
f 1580 1461 1460
f 1337 1459 1460
f 1460 1461 1337
f 1375 1262 1350
f 1350 1377 1375
f 1350 1236 1235
f 1350 1235 1349
f 1349 1476 1350
f 1350 1476 1377
f 1347 1235 1346
f 1346 1473 1347
f 1475 1474 1347
f 1347 1473 1475
f 1031 1030 1028
f 928 924 1028
f 1028 929 928
f 1237 1135 1134
f 1134 1236 1237
f 1135 1028 1134
f 1235 1236 1134
f 1603 1717 1604
f 1604 1476 1603
f 1602 1717 1603
f 1603 1476 1602
f 1584 1684 1704
f 1704 1712 1710
f 1704 1585 1584
f 1586 1585 1704
f 1788 1681 1680
f 1679 1713 1680
f 1713 1599 1680
f 1680 1599 1712
f 1680 1553 1679
f 1681 1553 1680
f 1675 1676 1545
f 1545 1544 1675
f 1427 1544 1545
f 1430 1429 1550
f 1552 1432 1551
f 1551 1550 1676
f 1430 1550 1551
f 1551 1431 1430
f 1432 1431 1551
f 1581 1580 1703
f 1581 1462 1580
f 1463 1462 1581
f 1581 1703 1582
f 1582 1463 1581
f 1231 1342 1232
f 1344 1342 1231
f 1343 1344 1231
f 1231 1340 1343
f 1229 1340 1231
f 1231 1230 1229
f 430 429 518
f 518 519 430
f 518 602 519
f 518 429 427
f 795 796 702
f 895 796 795
f 795 894 895
f 795 893 894
f 903 801 894
f 894 893 903
f 995 994 993
f 610 609 703
f 703 705 610
f 610 705 613
f 610 527 525
f 610 525 524
f 524 609 610
f 349 272 350
f 272 271 350
f 350 270 349
f 350 271 270
f 706 611 697
f 697 611 604
f 689 687 786
f 689 690 598
f 790 691 789
f 789 891 790
f 790 800 706
f 801 800 790
f 790 891 801
f 424 514 512
f 512 595 511
f 340 421 424
f 339 421 340
f 598 597 688
f 688 597 687
f 688 689 598
f 687 689 688
f 337 336 419
f 419 420 337
f 337 260 259
f 196 257 258
f 258 259 196
f 257 335 258
f 335 336 258
f 258 337 259
f 336 337 258
f 254 332 255
f 253 332 254
f 194 253 254
f 254 255 195
f 195 194 254
f 320 243 319
f 320 400 330
f 319 400 320
f 330 252 320
f 252 243 320
f 500 494 497
f 494 409 497
f 405 324 328
f 328 409 405
f 404 324 405
f 405 409 404
f 582 499 498
f 498 545 582
f 460 545 498
f 498 410 460
f 408 410 328
f 379 410 408
f 328 327 408
f 408 327 379
f 411 409 328
f 328 410 411
f 411 497 409
f 500 497 411
f 411 499 500
f 411 498 499
f 410 498 411
f 250 327 328
f 303 327 250
f 230 303 250
f 250 189 230
f 190 144 189
f 190 250 251
f 628 545 627
f 627 545 544
f 544 543 627
f 543 626 627
f 674 577 580
f 577 492 580
f 677 674 580
f 579 677 580
f 580 492 579
f 296 278 297
f 297 227 296
f 213 212 282
f 212 281 282
f 282 354 355
f 282 287 354
f 282 281 287
f 282 355 356
f 356 357 282
f 282 283 213
f 357 283 282
f 520 521 432
f 432 521 433
f 432 430 520
f 432 346 430
f 432 433 346
f 352 275 351
f 352 353 275
f 352 351 434
f 434 359 352
f 359 353 352
f 273 272 349
f 349 274 273
f 206 272 273
f 273 274 206
f 290 291 223
f 366 291 290
f 290 358 366
f 290 223 289
f 289 358 290
f 356 355 439
f 439 358 356
f 366 358 439
f 355 438 439
f 450 366 439
f 439 438 450
f 211 210 157
f 157 158 121
f 157 210 158
f 220 219 221
f 221 166 220
f 170 130 169
f 129 130 94
f 129 169 130
f 128 169 129
f 167 128 127
f 167 221 219
f 127 166 167
f 166 221 167
f 90 121 122
f 122 123 90
f 121 159 122
f 122 163 123
f 159 162 122
f 162 163 122
f 287 288 216
f 216 215 287
f 288 281 216
f 281 217 216
f 160 214 161
f 121 160 161
f 161 214 215
f 161 157 121
f 211 157 161
f 215 216 161
f 161 217 211
f 161 216 217
f 206 275 276
f 275 353 276
f 276 353 284
f 284 214 276
f 1678 1553 1552
f 1676 1553 1678
f 1552 1551 1678
f 1678 1551 1676
f 1554 1553 1681
f 1433 1553 1554
f 1554 1556 1434
f 1434 1433 1554
f 1314 1424 1312
f 1312 1195 1314
f 1318 1431 1432
f 1318 1202 1201
f 1201 1316 1318
f 1316 1431 1318
f 1094 1099 1097
f 1097 1096 1094
f 1094 1093 1196
f 993 1093 1094
f 1097 1099 1200
f 1102 998 1101
f 1101 1202 1203
f 1101 1204 1102
f 1203 1204 1101
f 1424 1423 1543
f 1543 1547 1427
f 1427 1424 1543
f 1543 1423 1542
f 1542 1673 1543
f 1543 1673 1547
f 1542 1539 1671
f 1671 1539 1670
f 1674 1542 1671
f 1671 1670 1674
f 1533 1534 1417
f 1417 1532 1533
f 1417 1413 1532
f 1192 1306 1307
f 1419 1420 1307
f 1419 1535 1536
f 1536 1531 1419
f 1531 1420 1419
f 1183 1294 1290
f 1183 1184 1294
f 1183 1073 1184
f 1074 1073 1183
f 1290 1179 1183
f 1183 1179 1074
f 1009 1076 1011
f 1011 1076 975
f 1011 1010 1009
f 911 1010 1011
f 1011 975 911
f 1077 1185 1075
f 1075 975 1077
f 975 1076 1077
f 777 680 720
f 720 680 628
f 718 626 717
f 718 717 814
f 718 814 815
f 815 816 718
f 1167 1182 1168
f 1071 1182 1167
f 1167 1168 1059
f 1170 1275 1276
f 1275 1182 1276
f 1182 1181 1276
f 1276 1277 1170
f 1291 1277 1293
f 1293 1181 1291
f 1277 1276 1293
f 1293 1276 1181
f 679 778 773
f 773 778 774
f 773 675 679
f 774 675 773
f 676 675 772
f 772 873 874
f 772 675 774
f 774 873 772
f 1070 969 1071
f 1070 970 969
f 1071 1167 1070
f 1059 970 1070
f 1070 1167 1059
f 1061 1171 1172
f 1172 1171 1279
f 491 403 489
f 403 401 489
f 489 402 491
f 489 401 402
f 247 187 246
f 246 187 244
f 246 244 322
f 322 325 246
f 246 325 247
f 105 144 141
f 140 103 141
f 103 105 141
f 586 673 672
f 584 673 586
f 586 585 584
f 586 672 587
f 587 504 586
f 504 585 586
f 1057 1165 1058
f 1165 1166 1058
f 1058 1166 1065
f 957 1057 1058
f 1058 965 957
f 1065 965 1058
f 1399 1400 1284
f 1399 1520 1400
f 1638 1648 1751
f 1765 1754 1751
f 1751 1648 1765
f 1515 1648 1516
f 1394 1515 1516
f 1516 1395 1394
f 1516 1648 1638
f 1847 1848 1770
f 1770 1846 1847
f 1847 1846 1848
f 1848 1846 1908
f 1402 1520 1398
f 1398 1519 1402
f 1520 1399 1398
f 1284 1283 1398
f 1398 1399 1284
f 1510 1509 1398
f 1770 1655 1654
f 1654 1655 1522
f 1054 1063 1162
f 1162 1056 1054
f 1283 1273 1271
f 1387 1270 1269
f 1269 1282 1387
f 1387 1388 1270
f 985 1086 986
f 1086 1087 986
f 1079 980 1078
f 884 984 885
f 885 785 884
f 885 984 985
f 985 986 885
f 981 980 1079
f 1079 982 981
f 882 980 981
f 981 982 882
f 1189 1090 1089
f 1089 1090 989
f 787 689 786
f 690 689 787
f 882 982 883
f 889 888 883
f 883 786 783
f 783 882 883
f 883 787 786
f 888 787 883
f 887 881 785
f 887 980 882
f 882 881 887
f 1091 1092 991
f 1093 1092 1091
f 989 891 890
f 890 789 889
f 890 891 789
f 1001 902 989
f 978 880 879
f 892 880 979
f 1069 990 979
f 979 990 892
f 880 978 979
f 879 880 782
f 782 779 879
f 782 780 779
f 692 682 782
f 782 682 780
f 785 692 791
f 884 785 791
f 692 782 791
f 791 782 880
f 791 892 884
f 791 880 892
f 976 977 1069
f 976 978 879
f 1069 979 976
f 976 979 978
f 963 872 968
f 594 508 593
f 593 682 683
f 593 510 594
f 593 514 510
f 1933 1934 1871
f 1933 1980 1934
f 1933 1937 1979
f 1979 1980 1933
f 1885 1950 1951
f 1948 1981 1937
f 1948 1951 1950
f 1885 1951 1948
f 1923 1973 1971
f 1911 1970 1971
f 1971 1970 1969
f 1969 1981 1971
f 916 826 919
f 919 826 918
f 918 1016 919
f 1018 916 1017
f 1017 1116 1018
f 916 919 1017
f 1017 919 1016
f 1115 1116 1017
f 1017 1016 1115
f 728 827 829
f 835 834 832
f 832 834 828
f 832 836 835
f 832 828 728
f 728 831 832
f 837 836 832
f 832 929 930
f 928 929 832
f 924 925 832
f 1029 1030 930
f 930 929 1029
f 1029 1028 1030
f 929 1028 1029
f 1338 1224 1223
f 1223 1118 1117
f 386 466 468
f 386 385 466
f 386 468 467
f 467 387 386
f 386 387 308
f 308 385 386
f 241 183 240
f 240 312 315
f 239 312 240
f 240 182 239
f 394 317 316
f 315 394 316
f 316 240 315
f 317 240 316
f 1481 1482 1357
f 1606 1482 1481
f 1481 1479 1606
f 1359 1357 1484
f 1484 1483 1359
f 1357 1483 1484
f 1353 1240 1243
f 1243 1362 1353
f 1242 1362 1243
f 1243 1138 1242
f 1240 1138 1243
f 1478 1354 1365
f 1365 1354 1250
f 1364 1478 1365
f 1365 1249 1364
f 1365 1250 1249
f 1492 1479 1364
f 1606 1479 1492
f 1364 1491 1492
f 1491 1619 1492
f 1619 1606 1492
f 1355 1356 1242
f 1355 1479 1356
f 1242 1354 1355
f 1354 1479 1355
f 1613 1490 1499
f 1499 1490 1489
f 1489 1371 1499
f 1499 1371 1498
f 1614 1613 1499
f 1499 1498 1614
f 1255 1368 1369
f 1255 1363 1373
f 1255 1367 1368
f 1255 1256 1154
f 1373 1256 1255
f 1154 1253 1255
f 1253 1366 1255
f 1366 1268 1255
f 1268 1367 1255
f 1966 1905 1965
f 1965 1909 1966
f 1966 1909 1905
f 1907 1909 1848
f 1905 1909 1907
f 1907 1906 1905
f 1848 1908 1907
f 1844 1906 1907
f 1907 1908 1844
f 1843 1828 1844
f 1829 1830 1754
f 1754 1764 1829
f 1764 1842 1829
f 1831 1828 1754
f 1754 1830 1831
f 1831 1830 1828
f 1903 1894 1893
f 1894 1830 1893
f 1893 1842 1903
f 1893 1829 1842
f 1830 1829 1893
f 1844 1828 1892
f 1892 1830 1844
f 1828 1830 1892
f 1624 1741 1625
f 1625 1731 1614
f 1625 1741 1731
f 1806 1733 1805
f 1805 1741 1806
f 1733 1731 1805
f 1731 1741 1805
f 1885 1813 1884
f 1882 1813 1885
f 1873 1935 1874
f 1873 1874 1806
f 1806 1813 1873
f 1816 1741 1815
f 1815 1813 1816
f 1815 1741 1814
f 1814 1813 1815
f 1750 1813 1812
f 1813 1740 1812
f 1623 1496 1622
f 1623 1740 1624
f 1860 1923 1924
f 1923 1888 1924
f 1923 1950 1949
f 1949 1950 1885
f 1885 1891 1949
f 1923 1949 1952
f 1952 1949 1891
f 1823 1888 1824
f 1823 1887 1888
f 1750 1825 1826
f 1826 1824 1885
f 1826 1825 1824
f 1749 1825 1750
f 1824 1825 1749
f 1503 1633 1632
f 1632 1633 1627
f 1627 1626 1632
f 1626 1502 1632
f 1042 1036 1033
f 938 1036 1042
f 1046 1037 942
f 849 848 744
f 744 743 849
f 849 743 848
f 742 652 741
f 742 743 652
f 741 845 742
f 845 846 742
f 658 659 748
f 748 749 658
f 659 749 748
f 856 749 855
f 857 749 856
f 856 855 951
f 951 857 856
f 711 712 616
f 616 712 617
f 616 710 711
f 709 710 616
f 614 709 616
f 616 617 529
f 529 614 616
f 1558 1438 1557
f 1557 1438 1437
f 1685 1558 1557
f 1557 1684 1685
f 1437 1555 1557
f 1557 1555 1684
f 1682 1681 1788
f 1556 1554 1682
f 1682 1554 1681
f 1686 1558 1685
f 1685 1687 1686
f 1686 1687 1558
f 1560 1561 1439
f 1439 1559 1560
f 812 811 793
f 793 714 812
f 714 811 812
f 1236 1350 1351
f 1237 1236 1351
f 1474 1476 1348
f 1348 1347 1474
f 1235 1347 1348
f 1349 1235 1348
f 1348 1476 1349
f 1136 1047 1031
f 1031 1028 1136
f 1050 1048 1136
f 1136 1048 1047
f 1136 1155 1050
f 1136 1028 1135
f 1136 1135 1237
f 1025 924 1024
f 1130 1129 1233
f 1233 1235 1130
f 1790 1704 1684
f 1710 1597 1595
f 1595 1704 1710
f 1595 1597 1475
f 1475 1471 1595
f 1595 1471 1586
f 1586 1704 1595
f 1712 1704 1683
f 1683 1680 1712
f 1704 1790 1683
f 1683 1790 1684
f 1556 1682 1683
f 1683 1555 1556
f 1684 1555 1683
f 1549 1550 1429
f 1676 1550 1549
f 516 602 517
f 602 518 517
f 517 427 516
f 517 518 427
f 694 602 601
f 601 691 693
f 693 694 601
f 792 694 693
f 706 792 693
f 693 790 706
f 691 790 693
f 696 792 706
f 706 697 696
f 696 604 603
f 696 697 604
f 794 795 702
f 893 795 794
f 702 704 794
f 794 704 798
f 798 706 794
f 802 903 893
f 802 794 706
f 893 794 802
f 802 706 801
f 801 903 802
f 895 994 896
f 994 995 896
f 896 995 897
f 896 796 895
f 797 796 896
f 896 897 797
f 612 613 528
f 612 610 613
f 528 527 612
f 527 610 612
f 511 423 422
f 422 512 511
f 423 340 422
f 424 512 422
f 422 340 424
f 425 343 341
f 343 342 341
f 341 423 425
f 341 340 423
f 339 340 262
f 262 341 342
f 340 341 262
f 262 269 339
f 261 269 262
f 262 342 263
f 263 198 262
f 262 198 261
f 338 337 420
f 260 337 338
f 339 269 338
f 338 420 339
f 329 250 328
f 251 250 329
f 328 324 329
f 324 251 329
f 189 250 249
f 249 190 189
f 250 190 249
f 191 251 245
f 191 190 251
f 144 190 191
f 628 627 719
f 719 627 626
f 626 718 719
f 719 720 628
f 719 718 816
f 719 816 777
f 777 720 719
f 227 297 279
f 279 297 278
f 208 227 279
f 279 278 208
f 162 166 164
f 164 163 162
f 164 166 127
f 123 163 164
f 165 123 164
f 164 125 165
f 127 125 164
f 127 128 92
f 61 91 92
f 92 91 127
f 128 167 168
f 170 169 168
f 168 169 128
f 277 207 206
f 206 276 277
f 214 207 277
f 277 276 214
f 1321 1318 1432
f 1202 1318 1321
f 1432 1319 1321
f 1321 1319 1202
f 1199 1094 1196
f 1099 1094 1199
f 1196 1201 1199
f 1201 1099 1199
f 996 1094 1096
f 996 1096 1097
f 899 897 996
f 897 995 996
f 1100 1099 1202
f 1202 1101 1100
f 997 1101 998
f 997 998 899
f 1099 1100 997
f 997 1100 1101
f 899 996 997
f 997 996 1097
f 1411 1420 1531
f 1303 1417 1304
f 1304 1417 1306
f 1416 1303 1413
f 1413 1417 1416
f 1416 1417 1303
f 1534 1535 1418
f 1418 1417 1534
f 1306 1417 1418
f 1535 1419 1418
f 1307 1306 1418
f 1418 1419 1307
f 1088 1087 1191
f 1191 1192 1088
f 1301 1303 1191
f 1303 1304 1191
f 1191 1190 1301
f 1191 1087 1190
f 676 772 775
f 775 772 874
f 874 861 775
f 775 776 676
f 775 861 776
f 1279 1395 1280
f 1280 1172 1279
f 1173 1172 1282
f 1173 1062 1061
f 1061 1172 1173
f 503 413 412
f 412 502 503
f 504 413 503
f 503 585 504
f 1638 1751 1639
f 1754 1752 1639
f 1639 1751 1754
f 1766 1767 1649
f 1828 1843 1766
f 1766 1843 1844
f 1649 1767 1651
f 1649 1517 1521
f 1517 1398 1521
f 1521 1398 1509
f 1519 1398 1518
f 1518 1398 1517
f 1389 1509 1510
f 1270 1388 1389
f 1391 1398 1283
f 1283 1271 1391
f 1391 1271 1270
f 1174 1282 1269
f 1269 1162 1174
f 1174 1162 1063
f 1174 1173 1282
f 1174 1063 1062
f 1062 1173 1174
f 1164 1271 1272
f 1272 1271 1273
f 1272 1165 1164
f 1272 1166 1165
f 1272 1273 1166
f 1163 1271 1164
f 1270 1271 1163
f 1164 1056 1163
f 1269 1270 1163
f 1163 1162 1269
f 1056 1162 1163
f 1638 1639 1506
f 1506 1389 1388
f 1507 1506 1388
f 1507 1516 1638
f 1638 1506 1507
f 1088 1078 987
f 987 1078 980
f 987 1087 1088
f 987 986 1087
f 980 885 987
f 987 885 986
f 785 885 886
f 886 885 980
f 886 887 785
f 980 887 886
f 1081 1188 1189
f 1189 1089 1081
f 1081 1187 1188
f 690 787 788
f 889 789 788
f 788 888 889
f 788 787 888
f 789 691 788
f 788 691 690
f 1000 1091 991
f 991 902 1000
f 902 1001 1000
f 989 1090 1000
f 1000 1001 989
f 1093 1091 1194
f 1194 1197 1093
f 988 890 889
f 989 890 988
f 988 1089 989
f 988 1081 1089
f 982 1081 988
f 1670 1539 1538
f 1539 1421 1538
f 1538 1669 1670
f 1422 1539 1541
f 1541 1423 1422
f 977 976 878
f 879 779 878
f 878 976 879
f 968 977 1064
f 1064 963 968
f 977 963 1064
f 867 872 868
f 872 963 868
f 868 767 867
f 768 767 868
f 591 682 592
f 682 593 592
f 508 591 592
f 592 593 508
f 600 512 514
f 514 593 600
f 600 593 683
f 600 692 686
f 683 692 600
f 686 595 600
f 595 512 600
f 1871 1937 1932
f 1932 1933 1871
f 1937 1933 1932
f 1871 1935 1936
f 1935 1948 1936
f 1936 1937 1871
f 1936 1948 1937
f 1885 1948 1947
f 1974 1950 1923
f 1923 1971 1974
f 1974 1971 1950
f 1950 1971 1987
f 1987 1971 1981
f 1987 1948 1950
f 1981 1948 1987
f 1911 1971 1972
f 1972 1971 1973
f 1972 1914 1911
f 1972 1973 1914
f 830 831 728
f 728 829 830
f 927 924 928
f 928 832 927
f 917 916 1018
f 917 826 916
f 827 826 917
f 930 837 931
f 931 832 930
f 837 832 931
f 923 922 924
f 924 832 923
f 923 832 922
f 1126 1227 1228
f 1126 1231 1232
f 1126 1128 1127
f 1232 1128 1126
f 1230 1231 1126
f 1228 1229 1126
f 1229 1230 1126
f 1227 1126 1226
f 1127 1128 1022
f 1022 1126 1127
f 1021 1126 1022
f 1022 1128 1129
f 924 1021 1022
f 1124 1226 1122
f 1227 1226 1124
f 1120 1121 1019
f 1225 1224 1228
f 1228 1227 1225
f 1225 1120 1224
f 1121 1120 1225
f 1220 1338 1221
f 1221 1116 1220
f 1221 1117 1116
f 1018 1118 1119
f 1118 1223 1119
f 1119 1019 1018
f 1119 1223 1224
f 1224 1120 1119
f 1119 1120 1019
f 241 240 318
f 318 240 317
f 1357 1479 1480
f 1480 1481 1357
f 1479 1481 1480
f 1369 1371 1370
f 1370 1255 1369
f 1371 1255 1370
f 1372 1489 1363
f 1363 1255 1372
f 1372 1371 1489
f 1372 1255 1371
f 1827 1813 1750
f 1827 1884 1813
f 1750 1826 1827
f 1885 1884 1827
f 1827 1826 1885
f 1935 1873 1883
f 1883 1882 1885
f 1813 1882 1883
f 1883 1873 1813
f 1885 1947 1883
f 1883 1948 1935
f 1883 1947 1948
f 1620 1504 1621
f 1504 1637 1621
f 1621 1494 1620
f 1621 1622 1494
f 1621 1623 1622
f 1740 1623 1621
f 1739 1812 1740
f 1740 1621 1739
f 1739 1621 1637
f 1739 1637 1750
f 1750 1812 1739
f 1496 1623 1497
f 1624 1625 1497
f 1497 1623 1624
f 1497 1498 1369
f 1369 1496 1497
f 1614 1498 1497
f 1497 1625 1614
f 1860 1924 1925
f 1925 1924 1888
f 1925 1887 1860
f 1888 1887 1925
f 1889 1888 1923
f 1923 1952 1889
f 1824 1888 1889
f 1890 1891 1824
f 1890 1952 1891
f 1824 1889 1890
f 1890 1889 1952
f 1822 1886 1820
f 1887 1823 1821
f 1821 1820 1886
f 1821 1886 1860
f 1860 1887 1821
f 1824 1749 1748
f 1748 1749 1635
f 1748 1823 1824
f 1748 1821 1823
f 1635 1632 1748
f 1636 1749 1750
f 1750 1637 1636
f 1636 1637 1504
f 1504 1635 1636
f 1635 1749 1636
f 1634 1635 1504
f 1634 1632 1635
f 1634 1504 1503
f 1503 1632 1634
f 1033 938 1043
f 1043 1042 1033
f 938 1042 1043
f 1046 942 941
f 941 939 1044
f 941 1044 1045
f 1045 1046 941
f 937 848 943
f 848 942 943
f 943 1037 937
f 943 942 1037
f 848 743 847
f 847 942 848
f 847 742 846
f 743 742 847
f 939 941 847
f 847 941 942
f 1575 1561 1689
f 1561 1560 1689
f 1689 1560 1559
f 1262 1237 1352
f 1237 1351 1352
f 1352 1350 1262
f 1352 1351 1350
f 1239 1257 1155
f 1155 1136 1239
f 1237 1257 1239
f 1239 1136 1237
f 1234 1130 1235
f 1134 1130 1234
f 1133 1130 1134
f 1788 1680 1789
f 1680 1683 1789
f 1789 1682 1788
f 1789 1683 1682
f 1546 1549 1429
f 1545 1549 1546
f 1427 1545 1546
f 1546 1428 1427
f 1429 1428 1546
f 1677 1545 1676
f 1676 1549 1677
f 1677 1549 1545
f 602 694 695
f 695 694 792
f 792 696 695
f 603 602 695
f 695 696 603
f 186 187 140
f 140 141 186
f 244 187 186
f 186 141 144
f 144 191 186
f 245 244 186
f 186 191 245
f 128 129 93
f 93 92 128
f 93 129 94
f 94 61 93
f 61 92 93
f 170 168 222
f 222 168 167
f 222 167 219
f 222 283 289
f 219 283 222
f 1095 995 993
f 1095 996 995
f 993 1094 1095
f 1094 996 1095
f 1098 1200 1099
f 1099 997 1098
f 1097 1200 1098
f 1098 997 1097
f 1188 1297 1299
f 1410 1297 1307
f 1307 1420 1410
f 1420 1411 1410
f 1410 1299 1297
f 1411 1299 1410
f 1531 1421 1412
f 1412 1411 1531
f 1306 1192 1305
f 1192 1191 1305
f 1305 1304 1306
f 1305 1191 1304
f 1088 1192 1186
f 1192 1187 1186
f 1186 1187 1079
f 1079 1078 1186
f 1186 1078 1088
f 1297 1187 1296
f 1296 1187 1192
f 1307 1297 1296
f 1296 1192 1307
f 1298 1297 1188
f 1188 1187 1298
f 1298 1187 1297
f 1516 1507 1396
f 1395 1516 1396
f 1396 1280 1395
f 1752 1828 1753
f 1753 1639 1752
f 1845 1908 1846
f 1846 1766 1845
f 1844 1908 1845
f 1845 1766 1844
f 1650 1517 1649
f 1649 1651 1650
f 1650 1651 1517
f 1517 1651 1652
f 1519 1518 1652
f 1652 1518 1517
f 1770 1654 1769
f 1654 1651 1769
f 1769 1651 1767
f 1769 1846 1770
f 1769 1766 1846
f 1767 1766 1769
f 1653 1654 1522
f 1653 1651 1654
f 1653 1652 1651
f 1522 1519 1653
f 1519 1652 1653
f 1270 1389 1390
f 1390 1391 1270
f 1390 1389 1510
f 1510 1398 1390
f 1398 1391 1390
f 1509 1506 1640
f 1640 1506 1639
f 1639 1753 1640
f 1509 1389 1508
f 1508 1506 1509
f 1389 1506 1508
f 1388 1387 1397
f 1397 1507 1388
f 1397 1387 1282
f 1397 1396 1507
f 1280 1396 1397
f 1080 982 1079
f 1080 1081 982
f 1079 1187 1080
f 1187 1081 1080
f 1105 1000 1090
f 1091 1000 1105
f 1090 1194 1105
f 1105 1194 1091
f 1198 1195 1093
f 1093 1197 1198
f 1198 1197 1195
f 1313 1314 1195
f 1195 1197 1313
f 1197 1194 1311
f 1314 1313 1311
f 1311 1313 1197
f 983 988 889
f 982 988 983
f 889 883 983
f 983 883 982
f 1669 1538 1537
f 1537 1538 1421
f 1537 1659 1668
f 1668 1669 1537
f 1531 1659 1537
f 1537 1421 1531
f 1540 1421 1539
f 1539 1422 1540
f 1540 1422 1421
f 1310 1423 1424
f 1310 1422 1423
f 1424 1314 1310
f 1309 1422 1310
f 1310 1194 1309
f 1310 1311 1194
f 964 963 977
f 977 878 964
f 831 830 920
f 920 832 831
f 920 830 829
f 920 829 827
f 827 917 920
f 1018 1019 920
f 920 917 1018
f 926 925 924
f 924 927 926
f 926 832 925
f 926 927 832
f 1125 1126 1021
f 1125 1226 1126
f 1125 1021 1122
f 1122 1226 1125
f 1023 1022 1129
f 1129 1130 1023
f 1023 1130 1024
f 1024 924 1023
f 924 1022 1023
f 1227 1124 1123
f 1123 1225 1227
f 1121 1225 1123
f 1338 1223 1222
f 1222 1221 1338
f 1222 1223 1117
f 1117 1221 1222
f 1745 1629 1744
f 1630 1629 1745
f 1744 1819 1745
f 1631 1632 1502
f 1631 1748 1632
f 1631 1502 1630
f 1630 1745 1631
f 940 846 939
f 939 847 940
f 940 847 846
f 1575 1689 1688
f 1685 1575 1688
f 1688 1687 1685
f 1688 1559 1687
f 1688 1689 1559
f 1235 1134 1238
f 1238 1234 1235
f 1134 1234 1238
f 1027 1134 1028
f 1027 1133 1134
f 1027 1028 924
f 1130 1133 1132
f 1189 1188 1300
f 1188 1299 1300
f 1300 1299 1411
f 1411 1412 1300
f 1649 1753 1768
f 1768 1753 1828
f 1768 1766 1649
f 1828 1766 1768
f 1641 1753 1649
f 1649 1521 1641
f 1641 1521 1509
f 1509 1640 1641
f 1641 1640 1753
f 1281 1397 1282
f 1280 1397 1281
f 1282 1172 1281
f 1172 1280 1281
f 1314 1311 1425
f 1425 1310 1314
f 1311 1310 1425
f 869 868 963
f 963 964 869
f 869 779 768
f 768 868 869
f 869 878 779
f 869 964 878
f 922 832 921
f 832 920 921
f 924 922 921
f 921 920 924
f 924 920 1020
f 1020 920 1019
f 1019 1121 1020
f 1121 1123 1020
f 1020 1123 1124
f 1020 1124 1122
f 1020 1021 924
f 1122 1021 1020
f 1821 1748 1746
f 1820 1821 1746
f 1746 1631 1745
f 1822 1820 1746
f 1746 1819 1822
f 1746 1745 1819
f 1131 1025 1024
f 1024 1130 1131
f 1130 1132 1131
f 1133 1027 1026
f 1026 1132 1133
f 1026 1131 1132
f 1025 1131 1026
f 924 1025 1026
f 1026 1027 924
f 1308 1300 1412
f 1308 1412 1421
f 1309 1194 1308
f 1308 1422 1309
f 1421 1422 1308
f 1193 1090 1189
f 1189 1300 1193
f 1193 1194 1090
f 1193 1308 1194
f 1300 1308 1193
f 1748 1631 1747
f 1747 1746 1748
f 1631 1746 1747
f 118 117 81
f 156 117 118
f 119 156 118
f 118 84 119
f 155 117 174
f 174 117 156
f 24 40 12
f 1 2 12
f 12 2 6
f 16 24 12
f 6 17 12
f 10 9 12
f 8 7 12
f 12 98 102
f 12 3 1
f 12 17 16
f 12 43 30
f 99 98 12
f 102 68 12
f 12 65 99
f 12 9 8
f 12 68 43
f 40 66 12
f 12 7 3
f 30 18 12
f 66 65 12
f 12 11 10
f 1341 1465 1339
f 1339 1229 1341
f 294 227 172
f 172 226 294
f 811 462 461
f 67 42 811
f 811 5 4
f 811 41 27
f 370 455 811
f 4 14 811
f 1452 1451 811
f 811 42 41
f 1008 1112 811
f 811 22 38
f 811 23 15
f 811 232 179
f 1215 1113 811
f 27 26 811
f 15 5 811
f 811 1700 1577
f 811 100 67
f 810 809 811
f 811 1449 1448
f 811 26 25
f 25 23 811
f 811 117 155
f 811 908 1008
f 811 1333 1452
f 811 540 623
f 1455 1454 811
f 38 55 811
f 811 373 456
f 179 137 811
f 461 380 811
f 811 1448 1574
f 811 1792 1791
f 825 824 811
f 811 915 825
f 811 725 634
f 807 908 811
f 634 633 811
f 1574 1698 811
f 811 550 465
f 811 808 807
f 1791 1705 811
f 623 700 811
f 14 22 811
f 81 117 811
f 811 371 370
f 456 372 811
f 1012 915 811
f 811 304 232
f 465 462 811
f 137 100 811
f 1698 1792 811
f 811 1112 1213
f 1213 1333 811
f 811 1451 1450
f 296 295 811
f 811 1705 1793
f 1793 1700 811
f 811 1113 1012
f 811 1334 1215
f 811 55 81
f 372 371 811
f 811 278 296
f 824 725 811
f 811 380 304
f 155 209 811
f 809 808 811
f 455 540 811
f 699 793 811
f 811 700 699
f 811 1458 1455
f 1577 1576 811
f 633 550 811
f 1450 1449 811
f 1453 1334 811
f 811 1454 1453
f 811 1576 1458
f 209 278 811
f 811 295 373
f 240 183 139
f 139 182 240
f 202 260 338
f 269 202 338
f 584 585 503
f 503 502 584
f 318 42 67
f 318 24 16
f 1832 1837 318
f 318 16 29
f 318 95 63
f 318 1896 1832
f 29 42 318
f 63 39 318
f 318 716 624
f 318 946 945
f 572 660 318
f 1803 1865 318
f 318 39 24
f 67 101 318
f 624 541 318
f 318 485 572
f 318 663 753
f 298 228 318
f 1144 1143 318
f 1976 1978 318
f 318 1836 1773
f 318 1141 1245
f 1977 1957 318
f 318 228 175
f 175 135 318
f 318 374 298
f 318 1978 1977
f 1485 1488 318
f 1009 909 318
f 394 398 318
f 398 484 318
f 318 1035 1144
f 318 135 95
f 813 716 318
f 457 374 318
f 318 541 457
f 1773 1657 318
f 318 1837 1836
f 318 1409 1295
f 318 949 948
f 318 1804 1803
f 318 1957 1896
f 1730 1729 318
f 753 851 318
f 318 1930 1976
f 948 947 318
f 318 909 813
f 318 1076 1009
f 318 101 139
f 139 183 318
f 318 317 394
f 318 1611 1730
f 318 1869 1868
f 318 1727 1804
f 1868 1931 318
f 660 663 318
f 318 1477 1485
f 945 1035 318
f 851 850 318
f 318 1143 1142
f 1295 1185 318
f 318 1657 1525
f 1527 1409 318
f 318 1528 1527
f 318 484 485
f 1609 1612 318
f 318 1488 1609
f 318 1865 1869
f 318 1729 1727
f 1931 1930 318
f 944 950 318
f 318 850 944
f 947 946 318
f 1142 1141 318
f 1245 1244 318
f 1525 1528 318
f 318 183 241
f 1185 1077 318
f 1612 1611 318
f 1353 1477 318
f 950 949 318
f 318 1244 1353
f 318 1077 1076
f 222 223 170
f 289 223 222

