# https://github.com/mikedh/trimesh
v 0.00006767 0.01704233 0.00340503
v 0.00006767 0.01709042 0.00367356
v 0.00006767 0.01707293 0.00328041
v 0.00007848 0.00990493 0.00443616
v 0.00007848 0.00990493 0.00716341
v 0.00006767 0.01725508 0.00421063
v 0.00006767 0.01787440 0.00217098
v 0.00011781 0.00990493 0.00342543
v 0.00006767 0.01800263 0.00208717
v 0.00006767 0.01838005 0.00190465
v 0.00011290 0.00990493 0.00732112
v 0.00007848 0.00994865 0.00716341
v 0.00006767 0.01853888 0.00498426
v 0.00006767 0.01826930 0.00495779
v 0.00006767 0.01773305 0.00468981
v 0.00006767 0.01751738 0.00447917
v 0.00006767 0.01746492 0.00442568
v 0.00013059 0.00990493 0.00328427
v 0.00007750 0.01802449 0.00182415
v 0.00006767 0.01853888 0.00190300
v 0.00007553 0.01829990 0.00182415
v 0.00011978 0.00990493 0.00735144
v 0.00011978 0.01021677 0.00734758
v 0.00007947 0.01048490 0.00716341
v 0.00007848 0.01451262 0.00689488
v 0.00006767 0.01903142 0.00497102
v 0.00006767 0.01877349 0.00498260
v 0.00022990 0.00990493 0.00318447
v 0.00007848 0.01800117 0.00182415
v 0.00007553 0.01853888 0.00182415
v 0.00006767 0.01880701 0.00194987
v 0.00007848 0.02417682 0.00182415
v 0.00029381 0.00990493 0.00742919
v 0.00012076 0.01048490 0.00734428
v 0.00008143 0.01075448 0.00716341
v 0.00008045 0.01478075 0.00689488
v 0.00007947 0.01719680 0.00662634
v 0.00007848 0.01692867 0.00662634
v 0.00007848 0.01880701 0.00635781
v 0.00007848 0.01988097 0.00608927
v 0.00007848 0.02068681 0.00582074
v 0.00006767 0.01921940 0.00489107
v 0.00207049 0.01233409 0.00182415
v 0.00350993 0.00990493 0.00182415
v 0.00011486 0.01781465 0.00182415
v 0.00011978 0.01779134 0.00182415
v 0.00006767 0.01934326 0.00211970
v 0.00007848 0.02417682 0.00259942
v 0.00007947 0.02444495 0.00182415
v 0.00006767 0.01956039 0.00233089
v 0.00006767 0.01961285 0.00238272
v 0.00006767 0.01981831 0.00259942
v 0.00006767 0.02008790 0.00313649
v 0.00006767 0.02011704 0.00340503
v 0.00056223 0.00990493 0.00745401
v 0.00029381 0.00994865 0.00742809
v 0.00012568 0.01102261 0.00733490
v 0.00012273 0.01075448 0.00733986
v 0.00008438 0.01102261 0.00716341
v 0.00008438 0.01504887 0.00689488
v 0.00008340 0.01746492 0.00662634
v 0.00008242 0.01907514 0.00635781
v 0.00008438 0.02014910 0.00608927
v 0.00008832 0.02095493 0.00582074
v 0.00008340 0.02149119 0.00555220
v 0.00007848 0.02229702 0.00501569
v 0.00006767 0.01957642 0.00471131
v 0.01011225 0.00990493 0.00182415
v 0.00006767 0.02011704 0.00364158
v 0.00006767 0.02010538 0.00389854
v 0.00006767 0.02002815 0.00408877
v 0.00007848 0.02390869 0.00313649
v 0.00008340 0.02417682 0.00286796
v 0.00008045 0.02444495 0.00206291
v 0.00011978 0.02465770 0.00182415
v 0.00078837 0.00990493 0.00745456
v 0.00083163 0.00994865 0.00745290
v 0.00083163 0.01021677 0.00744077
v 0.00056223 0.01048490 0.00742754
v 0.00029381 0.01102261 0.00738618
v 0.00029381 0.01075448 0.00739831
v 0.00029381 0.01048490 0.00740879
v 0.00029381 0.01021677 0.00741872
v 0.00015419 0.01236470 0.00730237
v 0.00014731 0.01209657 0.00730954
v 0.00014043 0.01182699 0.00731615
v 0.00013453 0.01155886 0.00732277
v 0.00012961 0.01129073 0.00732884
v 0.00012076 0.01478075 0.00707519
v 0.00008832 0.01129073 0.00716341
v 0.00012371 0.01746492 0.00680169
v 0.00009225 0.01773305 0.00662634
v 0.00012273 0.01907514 0.00653757
v 0.00012469 0.02014910 0.00626738
v 0.00012863 0.02095493 0.00599609
v 0.00012371 0.02149119 0.00574520
v 0.00011486 0.02176514 0.00556103
v 0.00008635 0.02202890 0.00528367
v 0.00009225 0.02283473 0.00474715
v 0.00008733 0.02310286 0.00447917
v 0.00007848 0.02283473 0.00447917
v 0.00006767 0.01984600 0.00444388
v 0.01009456 0.01010020 0.00197468
v 0.01010734 0.00990493 0.00206346
v 0.01002573 0.01099201 0.00182415
v 0.00007848 0.02363911 0.00367356
v 0.00012371 0.02436189 0.00286796
v 0.00009815 0.02444495 0.00233089
v 0.00008438 0.02390869 0.00340503
v 0.00012469 0.02410396 0.00340503
v 0.00012174 0.02463147 0.00206291
v 0.00027513 0.02475387 0.00182415
v 0.00159363 0.00990493 0.00745621
v 0.00163689 0.00994865 0.00745456
v 0.00136847 0.01075448 0.00741761
v 0.00083163 0.01075448 0.00741596
v 0.00056223 0.01075448 0.00741486
v 0.00029381 0.01129073 0.00737295
v 0.00015911 0.01251625 0.00729851
v 0.00012568 0.01504887 0.00706637
v 0.00013256 0.01773305 0.00678791
v 0.00013256 0.01531846 0.00705644
v 0.00014239 0.01558658 0.00704597
v 0.00013944 0.01934326 0.00651386
v 0.00014731 0.01800117 0.00677192
v 0.00015714 0.01815272 0.00676254
v 0.00013944 0.02035311 0.00624477
v 0.00014534 0.02112543 0.00597017
v 0.00013846 0.02167917 0.00571156
v 0.00012666 0.02202890 0.00547721
v 0.00011683 0.02229119 0.00528477
v 0.00012863 0.02308391 0.00473282
v 0.00012764 0.02335641 0.00446097
v 0.00009126 0.02337098 0.00421063
v 0.01008669 0.01000402 0.00259942
v 0.01009456 0.00990493 0.00259942
v 0.01001885 0.01102261 0.00206291
v 0.01000115 0.01129073 0.00182415
v 0.00013944 0.02433420 0.00305544
v 0.00013846 0.02460232 0.00233089
v 0.00011585 0.02391015 0.00366970
v 0.00014043 0.02406461 0.00357762
v 0.00029381 0.02476262 0.00182415
v 0.00190531 0.00990493 0.00745676
v 0.00163689 0.01048490 0.00743030
v 0.00163689 0.01075448 0.00741706
v 0.00136847 0.01102261 0.00740328
v 0.00110005 0.01102261 0.00740272
v 0.00029381 0.01182699 0.00734483
v 0.00056223 0.01102261 0.00740052
v 0.00040196 0.01279166 0.00729906
v 0.00029381 0.01209657 0.00733049
v 0.00029381 0.01236470 0.00731615
v 0.00030561 0.01261679 0.00730292
v 0.00029381 0.01478075 0.00713860
v 0.00016206 0.01598731 0.00702832
v 0.00015124 0.01580808 0.00703659
v 0.00015517 0.01949627 0.00649676
v 0.00029381 0.01773305 0.00682595
v 0.00029381 0.01800117 0.00679232
v 0.00029381 0.01818915 0.00676750
v 0.00029381 0.01907514 0.00660098
v 0.00029381 0.02039974 0.00626131
v 0.00029381 0.02115457 0.00598230
v 0.00029381 0.02171414 0.00572976
v 0.00014239 0.02219793 0.00543806
v 0.00013256 0.02250395 0.00519655
v 0.00013256 0.02283473 0.00494345
v 0.00014436 0.02325732 0.00463466
v 0.00015026 0.02298191 0.00489217
v 0.00014927 0.02351816 0.00435951
v 0.00013158 0.02357791 0.00421063
v 0.00011093 0.02366243 0.00396526
v 0.01008571 0.00990493 0.00283763
v 0.01001098 0.01102261 0.00233089
v 0.01000213 0.01102261 0.00259942
v 0.00999624 0.01129073 0.00206291
v 0.00997854 0.01152972 0.00182415
v 0.00029381 0.02435169 0.00309128
v 0.00015616 0.02458338 0.00247591
v 0.00013256 0.02382126 0.00389137
v 0.00029381 0.02408356 0.00360574
v 0.00019057 0.02376734 0.00407002
v 0.00029381 0.02470579 0.00206291
v 0.00053273 0.02478739 0.00182415
v 0.00217373 0.00990493 0.00745566
v 0.00190531 0.01048490 0.00742864
v 0.00190531 0.01075448 0.00741486
v 0.00163689 0.01102261 0.00740217
v 0.00083163 0.01209657 0.00734042
v 0.00056223 0.01236470 0.00732498
v 0.00056223 0.01209657 0.00734042
v 0.00056223 0.01155886 0.00737074
v 0.00056223 0.01292718 0.00729079
v 0.00056223 0.01317053 0.00727535
v 0.00056223 0.01343866 0.00725770
v 0.00056223 0.01370678 0.00723951
v 0.00056223 0.01424449 0.00720091
v 0.00056223 0.01263282 0.00730899
v 0.00029381 0.01504887 0.00711765
v 0.00029381 0.01531846 0.00709559
v 0.00026923 0.01588094 0.00704486
v 0.00034199 0.01604414 0.00703439
v 0.00056223 0.01666054 0.00697924
v 0.00029381 0.01934326 0.00654639
v 0.00029381 0.01952104 0.00650338
v 0.00056223 0.01692867 0.00694561
v 0.00056223 0.01800117 0.00680059
v 0.00056223 0.01834945 0.00675317
v 0.00056223 0.01853888 0.00672174
v 0.00056223 0.01880701 0.00667156
v 0.00056223 0.01907514 0.00661807
v 0.00056223 0.02040848 0.00626572
v 0.00056223 0.02054254 0.00622051
v 0.00056223 0.02068681 0.00616868
v 0.00056223 0.02014910 0.00634568
v 0.00056223 0.02095493 0.00606832
v 0.00056223 0.02116186 0.00598561
v 0.00056223 0.02129592 0.00592882
v 0.00056223 0.02149119 0.00584224
v 0.00056223 0.02172143 0.00573417
v 0.00056223 0.02185549 0.00566690
v 0.00029381 0.02222270 0.00545350
v 0.00029381 0.02235677 0.00536583
v 0.00029381 0.02255058 0.00523184
v 0.00029381 0.02327481 0.00465066
v 0.00029381 0.02268464 0.00513479
v 0.00029381 0.02283473 0.00502285
v 0.00029381 0.02299502 0.00490320
v 0.00029381 0.02312909 0.00478465
v 0.00029381 0.02340887 0.00450729
v 0.00029381 0.02352982 0.00437330
v 0.01008374 0.00990493 0.00288340
v 0.00998837 0.01129073 0.00233089
v 0.00997755 0.01129073 0.00259942
v 0.01000902 0.01075448 0.00286796
v 0.01005719 0.01021677 0.00286796
v 0.00997067 0.01155886 0.00206291
v 0.00997559 0.01155886 0.00182415
v 0.00056223 0.02420596 0.00340503
v 0.00056223 0.02429340 0.00323464
v 0.00056223 0.02435751 0.00310065
v 0.00056223 0.02445806 0.00286796
v 0.00029381 0.02458921 0.00249190
v 0.00029381 0.02463875 0.00233089
v 0.00036952 0.02377754 0.00408216
v 0.00056223 0.02400341 0.00374911
v 0.00056223 0.02408939 0.00361456
v 0.00056223 0.02479030 0.00182415
v 0.00239987 0.00990493 0.00745345
v 0.00217373 0.00994865 0.00745345
v 0.00244215 0.01048490 0.00742368
v 0.00244215 0.01075448 0.00740989
v 0.00244215 0.01102261 0.00739445
v 0.00136847 0.01273483 0.00729575
v 0.00077264 0.01277854 0.00729851
v 0.00110005 0.01370678 0.00723620
v 0.00136847 0.01424449 0.00719926
v 0.00083163 0.01370678 0.00723841
v 0.00110005 0.01424449 0.00720091
v 0.00083163 0.01451262 0.00718051
v 0.00056223 0.01451262 0.00717996
v 0.00056223 0.01478075 0.00715680
v 0.00056223 0.01620589 0.00702446
v 0.00056223 0.01639242 0.00700681
v 0.00110005 0.01639242 0.00700681
v 0.00083163 0.01666054 0.00697869
v 0.00056223 0.01934326 0.00655687
v 0.00056223 0.01953853 0.00650779
v 0.00056223 0.01967259 0.00647305
v 0.00056223 0.01988097 0.00641902
v 0.00083163 0.01692867 0.00694451
v 0.00110005 0.01692867 0.00694340
v 0.00083163 0.01821101 0.00677081
v 0.00083163 0.01834508 0.00675262
v 0.00110005 0.01833925 0.00675151
v 0.00083163 0.01853888 0.00671953
v 0.00083163 0.01880701 0.00666880
v 0.00110005 0.01853888 0.00671733
v 0.00083163 0.01907514 0.00661532
v 0.00083163 0.01934326 0.00655521
v 0.00083163 0.02040265 0.00626352
v 0.00110005 0.02053089 0.00621665
v 0.00083163 0.02014910 0.00634292
v 0.00110005 0.02014910 0.00633906
v 0.00083163 0.02068681 0.00616482
v 0.00083163 0.01988097 0.00641846
v 0.00110005 0.01988097 0.00641681
v 0.00083163 0.02095493 0.00606446
v 0.00083163 0.02115603 0.00598396
v 0.00083163 0.02129155 0.00592716
v 0.00083163 0.02149119 0.00583839
v 0.00083163 0.02171560 0.00573196
v 0.00083163 0.02185112 0.00566469
v 0.00083163 0.02202890 0.00556875
v 0.00056223 0.02202890 0.00557261
v 0.00056223 0.02222999 0.00545847
v 0.00056223 0.02236405 0.00537686
v 0.00056223 0.02256078 0.00524287
v 0.00056223 0.02269484 0.00514637
v 0.00056223 0.02313637 0.00478961
v 0.00056223 0.02328064 0.00465562
v 0.00056223 0.02341470 0.00451446
v 0.00056223 0.02283473 0.00504050
v 0.00056223 0.02300231 0.00490927
v 0.00056223 0.02353565 0.00437992
v 0.01006506 0.00990493 0.00313870
v 0.00996182 0.01155886 0.00233089
v 0.00995887 0.01129073 0.00286796
v 0.00998444 0.01102261 0.00286796
v 0.00995101 0.01155886 0.00259942
v 0.00992053 0.01209657 0.00182415
v 0.00986547 0.01263282 0.00182415
v 0.00983499 0.01286015 0.00206291
v 0.00083163 0.02420596 0.00340503
v 0.00083163 0.02429340 0.00323464
v 0.00083163 0.02435751 0.00310010
v 0.00110005 0.02445952 0.00286796
v 0.00083163 0.02445952 0.00286796
v 0.00083163 0.02454695 0.00264409
v 0.00056223 0.02454549 0.00264078
v 0.00056223 0.02459358 0.00250624
v 0.00056223 0.02465333 0.00233089
v 0.00056223 0.02473056 0.00206291
v 0.00056223 0.02366971 0.00421946
v 0.00056223 0.02378046 0.00408546
v 0.00056223 0.02387664 0.00394210
v 0.00083163 0.02400487 0.00374856
v 0.00083163 0.02408939 0.00361456
v 0.00083163 0.02479176 0.00182415
v 0.00083163 0.02473347 0.00206291
v 0.00266829 0.00990493 0.00745070
v 0.00271057 0.01048490 0.00742092
v 0.00271057 0.01075448 0.00740714
v 0.00271057 0.01102261 0.00739170
v 0.00244215 0.01155886 0.00736027
v 0.00163689 0.01317053 0.00726542
v 0.00163689 0.01370678 0.00723124
v 0.00163689 0.01424449 0.00719540
v 0.00136847 0.01451262 0.00717996
v 0.00163689 0.01397491 0.00721359
v 0.00110005 0.01451262 0.00718051
v 0.00110005 0.01478075 0.00715735
v 0.00136847 0.01639242 0.00700516
v 0.00110005 0.01666054 0.00697759
v 0.00136847 0.01478075 0.00715680
v 0.00136847 0.01585471 0.00705589
v 0.00110005 0.01966968 0.00647360
v 0.00083163 0.01953853 0.00650724
v 0.00083163 0.01967259 0.00647305
v 0.00136847 0.01666054 0.00697538
v 0.00136847 0.01692867 0.00694009
v 0.00110005 0.01820518 0.00677026
v 0.00136847 0.01832322 0.00674876
v 0.00136847 0.01818915 0.00676861
v 0.00110005 0.01880701 0.00666605
v 0.00136847 0.01853888 0.00671126
v 0.00110005 0.01907514 0.00661256
v 0.00110005 0.01934326 0.00655246
v 0.00110005 0.01953561 0.00650614
v 0.00110005 0.02039682 0.00626131
v 0.00136847 0.02051486 0.00621058
v 0.00136847 0.02068681 0.00614883
v 0.00110005 0.02068681 0.00616041
v 0.00136847 0.02038079 0.00625635
v 0.00136847 0.02014910 0.00632914
v 0.00136847 0.01988097 0.00640854
v 0.00136847 0.01965511 0.00646975
v 0.00110005 0.02095493 0.00605950
v 0.00110005 0.02115020 0.00598120
v 0.00110005 0.02128426 0.00592385
v 0.00110005 0.02149119 0.00583122
v 0.00110005 0.02170831 0.00572810
v 0.00110005 0.02184237 0.00566028
v 0.00110005 0.02202890 0.00556048
v 0.00083163 0.02222562 0.00545681
v 0.00083163 0.02235968 0.00537465
v 0.00083163 0.02256078 0.00524066
v 0.00083163 0.02269484 0.00514582
v 0.00083163 0.02313637 0.00478685
v 0.00083163 0.02300231 0.00490982
v 0.00083163 0.02327918 0.00465286
v 0.00083163 0.02341324 0.00451446
v 0.00083163 0.02353565 0.00438047
v 0.00083163 0.02283473 0.00503995
v 0.01003950 0.00990493 0.00340503
v 0.01006113 0.00994865 0.00313649
v 0.01003556 0.00994865 0.00340503
v 0.00982614 0.01278146 0.00249025
v 0.00993331 0.01129073 0.00313649
v 0.00990185 0.01182699 0.00286796
v 0.00998444 0.01075448 0.00313649
v 0.00982024 0.01273045 0.00266945
v 0.00983597 0.01291261 0.00182415
v 0.00982319 0.01302335 0.00186275
v 0.00982024 0.01299421 0.00206291
v 0.00110005 0.02420451 0.00340503
v 0.00110005 0.02429340 0.00323409
v 0.00110005 0.02435606 0.00309955
v 0.00136847 0.02435314 0.00309569
v 0.00136847 0.02445369 0.00286796
v 0.00136847 0.02454549 0.00263692
v 0.00110005 0.02454841 0.00264354
v 0.00083163 0.02459504 0.00250955
v 0.00083163 0.02465478 0.00233089
v 0.00083163 0.02366971 0.00421835
v 0.00083163 0.02378046 0.00408436
v 0.00083163 0.02387664 0.00394210
v 0.00110005 0.02400487 0.00374690
v 0.00110005 0.02408647 0.00361236
v 0.00110005 0.02478885 0.00182415
v 0.00110005 0.02473202 0.00206291
v 0.00271057 0.00990493 0.00745015
v 0.00297899 0.00990493 0.00744629
v 0.00297899 0.00994865 0.00744408
v 0.00297899 0.01021677 0.00743030
v 0.00297899 0.01075448 0.00740217
v 0.00297899 0.01102261 0.00738673
v 0.00271057 0.01129073 0.00737460
v 0.00190531 0.01317053 0.00726267
v 0.00236349 0.01251770 0.00729906
v 0.00190531 0.01424449 0.00718988
v 0.00163689 0.01451262 0.00717610
v 0.00190531 0.01370678 0.00722683
v 0.00163689 0.01639242 0.00699965
v 0.00163689 0.01531846 0.00710221
v 0.00163689 0.01585471 0.00705148
v 0.00163689 0.01617384 0.00702115
v 0.00163689 0.01478075 0.00715294
v 0.00163689 0.01666054 0.00696877
v 0.00163689 0.01692867 0.00693293
v 0.00136847 0.01800117 0.00679452
v 0.00163689 0.01829116 0.00674324
v 0.00163689 0.01815710 0.00676364
v 0.00163689 0.01773305 0.00682320
v 0.00163689 0.01800117 0.00678570
v 0.00136847 0.01880701 0.00665998
v 0.00163689 0.01853888 0.00669968
v 0.00136847 0.01907514 0.00660594
v 0.00136847 0.01934326 0.00654474
v 0.00136847 0.01952104 0.00650228
v 0.00190531 0.02046386 0.00619294
v 0.00163689 0.02068681 0.00613118
v 0.00217373 0.02030356 0.00623043
v 0.00136847 0.02095493 0.00604737
v 0.00163689 0.02014910 0.00631259
v 0.00190531 0.01988097 0.00637656
v 0.00190531 0.01961285 0.00644989
v 0.00158773 0.01949773 0.00649676
v 0.00166147 0.01959682 0.00646809
v 0.00136847 0.02113417 0.00597458
v 0.00136847 0.02126823 0.00591724
v 0.00136847 0.02149119 0.00581743
v 0.00136847 0.02169374 0.00572094
v 0.00136847 0.02182780 0.00565256
v 0.00136847 0.02202890 0.00554504
v 0.00136847 0.02220522 0.00544468
v 0.00110005 0.02221833 0.00545240
v 0.00110005 0.02235240 0.00536969
v 0.00110005 0.02255495 0.00523570
v 0.00110005 0.02269047 0.00514251
v 0.00110005 0.02313054 0.00478244
v 0.00110005 0.02283473 0.00503223
v 0.00110005 0.02299648 0.00490541
v 0.00110005 0.02327335 0.00464845
v 0.00110005 0.02340741 0.00451225
v 0.00136847 0.02353128 0.00437385
v 0.00110005 0.02353419 0.00437771
v 0.01003458 0.00990493 0.00344749
v 0.01001000 0.01021677 0.00340503
v 0.00981434 0.01294612 0.00233089
v 0.00978681 0.01317053 0.00233089
v 0.00980746 0.01288346 0.00258784
v 0.00990480 0.01155886 0.00313649
v 0.00990283 0.01129073 0.00340503
v 0.00995789 0.01075448 0.00340503
v 0.00983007 0.01255122 0.00278966
v 0.00987235 0.01209657 0.00286796
v 0.00976911 0.01317053 0.00259942
v 0.00977698 0.01290095 0.00286796
v 0.00981041 0.01263719 0.00287458
v 0.00982909 0.01297527 0.00182415
v 0.00982319 0.01302772 0.00182415
v 0.00981631 0.01308164 0.00182415
v 0.00970324 0.01394577 0.00182415
v 0.00963244 0.01448348 0.00182415
v 0.00965506 0.01424449 0.00206291
v 0.00136847 0.02408356 0.00360740
v 0.00136847 0.02419868 0.00340503
v 0.00136847 0.02429194 0.00323023
v 0.00163689 0.02434877 0.00308742
v 0.00163689 0.02444495 0.00286796
v 0.00163689 0.02454112 0.00262534
v 0.00136847 0.02459212 0.00250293
v 0.00110005 0.02459358 0.00250899
v 0.00110005 0.02465333 0.00233089
v 0.00124458 0.02377463 0.00407664
v 0.00134782 0.02384895 0.00396636
v 0.00110005 0.02387226 0.00394210
v 0.00110005 0.02366825 0.00421394
v 0.00134782 0.02368574 0.00418417
v 0.00136847 0.02400195 0.00374194
v 0.00136847 0.02478448 0.00182415
v 0.00136847 0.02472473 0.00206291
v 0.00320513 0.00990493 0.00743967
v 0.00324740 0.01075448 0.00739390
v 0.00324740 0.01102261 0.00737791
v 0.00297899 0.01129073 0.00736854
v 0.00271057 0.01209657 0.00732001
v 0.00271057 0.01424449 0.00717003
v 0.00217373 0.01451262 0.00716341
v 0.00190531 0.01639242 0.00699082
v 0.00217373 0.01558658 0.00706306
v 0.00191907 0.01610972 0.00701895
v 0.00217373 0.01478075 0.00714026
v 0.00217373 0.01504887 0.00711489
v 0.00244215 0.01478075 0.00713364
v 0.00244215 0.01504887 0.00710772
v 0.00217373 0.01666054 0.00695057
v 0.00163689 0.01719680 0.00689653
v 0.00217373 0.01826930 0.00672119
v 0.00190531 0.01853888 0.00668700
v 0.00177257 0.01813670 0.00676089
v 0.00244215 0.01692867 0.00690425
v 0.00190531 0.01719680 0.00688716
v 0.00163689 0.01880701 0.00664785
v 0.00163689 0.01907514 0.00659271
v 0.00166147 0.01936949 0.00652378
v 0.00217373 0.02043763 0.00618412
v 0.00190531 0.02068681 0.00611299
v 0.00217373 0.02014910 0.00627841
v 0.00232121 0.02028753 0.00622492
v 0.00163689 0.02095493 0.00602917
v 0.00200756 0.02108317 0.00595308
v 0.00163689 0.02111377 0.00596576
v 0.00217373 0.01988097 0.00636002
v 0.00217373 0.01961285 0.00643390
v 0.00190531 0.01946130 0.00648794
v 0.00176667 0.01947733 0.00649180
v 0.00163689 0.02124783 0.00590786
v 0.00190531 0.02149119 0.00577994
v 0.00190531 0.02165731 0.00570274
v 0.00163689 0.02181032 0.00564319
v 0.00163689 0.02202890 0.00552684
v 0.00163689 0.02219210 0.00543586
v 0.00136847 0.02233928 0.00536142
v 0.00163689 0.02253455 0.00521805
v 0.00163689 0.02266861 0.00512707
v 0.00163689 0.02283473 0.00500025
v 0.00136847 0.02326752 0.00464238
v 0.00136847 0.02312180 0.00477638
v 0.00136847 0.02298774 0.00489713
v 0.00136847 0.02340159 0.00450784
v 0.00163689 0.02352399 0.00436503
v 0.01000508 0.00990493 0.00367356
v 0.00964228 0.01424449 0.00233089
v 0.00987530 0.01182699 0.00313649
v 0.00987333 0.01155886 0.00340503
v 0.00989005 0.01102261 0.00367356
v 0.00991856 0.01075448 0.00367356
v 0.00997362 0.01021677 0.00367356
v 0.00982122 0.01246816 0.00296832
v 0.00969635 0.01370678 0.00259942
v 0.00962261 0.01424449 0.00259942
v 0.00973961 0.01317053 0.00286796
v 0.00977796 0.01263282 0.00313649
v 0.00981139 0.01237344 0.00314697
v 0.00962851 0.01451262 0.00182415
v 0.00961868 0.01451262 0.00206291
v 0.00163689 0.02407773 0.00359857
v 0.00163689 0.02418848 0.00340503
v 0.00163689 0.02428757 0.00322196
v 0.00190531 0.02434294 0.00307088
v 0.00190531 0.02443183 0.00286796
v 0.00192301 0.02454258 0.00258068
v 0.00184533 0.02458338 0.00247922
v 0.00163689 0.02458775 0.00249135
v 0.00136847 0.02464604 0.00233089
v 0.00142353 0.02377026 0.00407223
v 0.00163689 0.02386206 0.00392942
v 0.00163689 0.02364785 0.00421063
v 0.00163689 0.02399613 0.00373312
v 0.00160739 0.02477573 0.00182415
v 0.00163689 0.02471453 0.00206291
v 0.00324740 0.00990493 0.00743802
v 0.00324740 0.00994865 0.00743581
v 0.00324740 0.01021677 0.00742202
v 0.00351582 0.01075448 0.00738343
v 0.00351582 0.01102261 0.00736743
v 0.00324740 0.01182699 0.00732167
v 0.00311860 0.01223355 0.00729796
v 0.00297899 0.01209657 0.00731229
v 0.00297899 0.01290095 0.00725605
v 0.00297899 0.01317053 0.00723675
v 0.00297899 0.01343866 0.00721745
v 0.00297899 0.01424449 0.00715790
v 0.00271057 0.01451262 0.00714963
v 0.00244215 0.01451262 0.00715680
v 0.00244215 0.01639242 0.00697263
v 0.00244215 0.01577748 0.00703494
v 0.00244215 0.01531846 0.00708125
v 0.00244215 0.01558658 0.00705424
v 0.00271057 0.01478075 0.00712482
v 0.00244215 0.01666054 0.00694120
v 0.00244215 0.01826930 0.00670795
v 0.00244215 0.01803032 0.00674545
v 0.00217373 0.01853888 0.00667377
v 0.00244215 0.01773305 0.00678846
v 0.00271057 0.01666054 0.00692686
v 0.00258471 0.01787294 0.00676144
v 0.00190531 0.01880701 0.00663462
v 0.00217373 0.01880701 0.00662083
v 0.00217373 0.01907514 0.00656404
v 0.00217373 0.01929517 0.00651331
v 0.00217373 0.02068681 0.00609369
v 0.00191317 0.02097825 0.00600105
v 0.00244215 0.01988097 0.00633741
v 0.00242347 0.02015930 0.00625359
v 0.00250016 0.02025402 0.00621444
v 0.00242347 0.02039391 0.00617585
v 0.00217373 0.02093016 0.00599940
v 0.00217373 0.02106568 0.00594536
v 0.00217373 0.02122306 0.00587533
v 0.00191317 0.02120120 0.00590841
v 0.00244215 0.01961285 0.00641350
v 0.00244215 0.01925583 0.00650393
v 0.00244215 0.01939135 0.00646975
v 0.00209605 0.02164128 0.00569447
v 0.00190531 0.02179137 0.00563381
v 0.00190531 0.02202890 0.00550754
v 0.00190531 0.02217607 0.00542648
v 0.00163689 0.02232617 0.00535204
v 0.00190531 0.02231014 0.00534047
v 0.00190531 0.02251706 0.00520647
v 0.00190531 0.02265112 0.00511549
v 0.00178535 0.02297025 0.00488335
v 0.00163689 0.02297754 0.00488831
v 0.00163689 0.02325878 0.00463466
v 0.00163689 0.02311160 0.00476866
v 0.00163689 0.02339284 0.00449957
v 0.00183943 0.02351379 0.00435400
v 0.00190531 0.02375423 0.00404962
v 0.00999722 0.00990493 0.00371602
v 0.00960590 0.01451262 0.00233089
v 0.00984285 0.01210823 0.00314697
v 0.00982122 0.01220440 0.00324347
v 0.00982909 0.01173227 0.00356163
v 0.00983204 0.01202517 0.00331846
v 0.00981827 0.01191150 0.00349711
v 0.00983990 0.01155886 0.00361346
v 0.00985367 0.01130385 0.00369231
v 0.00983302 0.01122370 0.00384009
v 0.00995297 0.00990493 0.00394210
v 0.00956755 0.01445579 0.00281392
v 0.00956460 0.01469477 0.00253877
v 0.00958033 0.01453156 0.00261652
v 0.00970324 0.01317053 0.00313649
v 0.00962753 0.01397491 0.00286796
v 0.00958427 0.01426489 0.00288946
v 0.00959115 0.01475160 0.00182415
v 0.00957443 0.01479678 0.00205022
v 0.00957148 0.01473557 0.00233089
v 0.00190531 0.02406899 0.00358589
v 0.00190531 0.02417099 0.00340503
v 0.00190531 0.02427737 0.00320487
v 0.00217373 0.02433274 0.00304717
v 0.00217373 0.02441143 0.00286796
v 0.00217373 0.02451635 0.00259942
v 0.00202428 0.02457755 0.00246212
v 0.00217373 0.02461544 0.00230883
v 0.00192301 0.02461544 0.00235625
v 0.00163689 0.02463584 0.00233089
v 0.00163689 0.02376443 0.00406341
v 0.00190531 0.02385332 0.00391508
v 0.00190531 0.02398738 0.00372043
v 0.00187581 0.02476262 0.00182415
v 0.00217373 0.02468539 0.00206291
v 0.00190531 0.02476116 0.00182415
v 0.00347355 0.00990493 0.00742809
v 0.00351582 0.01048490 0.00739721
v 0.00432108 0.00990493 0.00738949
v 0.00378424 0.01075448 0.00736964
v 0.00378424 0.01102261 0.00735365
v 0.00351582 0.01155886 0.00732884
v 0.00343422 0.01200622 0.00730071
v 0.00329755 0.01218400 0.00729410
v 0.00324740 0.01317053 0.00722352
v 0.00324740 0.01343866 0.00720312
v 0.00324740 0.01424449 0.00714081
v 0.00297899 0.01451262 0.00713640
v 0.00271057 0.01639242 0.00695995
v 0.00262404 0.01574396 0.00703163
v 0.00271253 0.01584159 0.00701729
v 0.00271057 0.01612283 0.00698807
v 0.00297899 0.01478075 0.00711103
v 0.00271057 0.01531846 0.00707078
v 0.00271057 0.01826930 0.00668700
v 0.00244215 0.01853888 0.00665888
v 0.00297899 0.01666054 0.00690646
v 0.00271057 0.01719680 0.00684966
v 0.00297899 0.01639242 0.00694065
v 0.00290918 0.01764124 0.00676695
v 0.00268894 0.01797786 0.00673607
v 0.00297899 0.01692867 0.00686731
v 0.00244215 0.01880701 0.00660429
v 0.00244215 0.01907514 0.00654639
v 0.00244215 0.02068681 0.00606612
v 0.00271057 0.01961285 0.00638428
v 0.00271057 0.01988097 0.00630653
v 0.00271057 0.02007915 0.00624422
v 0.00271057 0.02021322 0.00620121
v 0.00271057 0.02041722 0.00613063
v 0.00244215 0.02089373 0.00598506
v 0.00244215 0.02102779 0.00592882
v 0.00218061 0.02151304 0.00574299
v 0.00261224 0.01922523 0.00649621
v 0.00270565 0.01932723 0.00645982
v 0.00227598 0.02161651 0.00568234
v 0.00218061 0.02174183 0.00562940
v 0.00215505 0.02204347 0.00547225
v 0.00205279 0.02216587 0.00542042
v 0.00217373 0.02249083 0.00518883
v 0.00217373 0.02262489 0.00509785
v 0.00217373 0.02280267 0.00496330
v 0.00188663 0.02285368 0.00496275
v 0.00196430 0.02295568 0.00487067
v 0.00244215 0.02320778 0.00458614
v 0.00203706 0.02323692 0.00461316
v 0.00185811 0.02324712 0.00462419
v 0.00193874 0.02337536 0.00448358
v 0.00201838 0.02350213 0.00434187
v 0.00217373 0.02360705 0.00419740
v 0.00217373 0.02374257 0.00403198
v 0.00980746 0.01210823 0.00340668
v 0.00955477 0.01410023 0.00326166
v 0.00979468 0.01182407 0.00366033
v 0.00982122 0.01140294 0.00379432
v 0.00971503 0.01236470 0.00367356
v 0.00975338 0.01209657 0.00367356
v 0.00977206 0.01236470 0.00340503
v 0.00956755 0.01392099 0.00332342
v 0.00980942 0.01102261 0.00401985
v 0.00984482 0.01102261 0.00388586
v 0.00979762 0.01130385 0.00393493
v 0.00994216 0.00990493 0.00398456
v 0.00955477 0.01436836 0.00299313
v 0.00955379 0.01463357 0.00271743
v 0.00951249 0.01451262 0.00313649
v 0.00954789 0.01487109 0.00233089
v 0.00932666 0.01612283 0.00233089
v 0.00929028 0.01626855 0.00248087
v 0.00966587 0.01343866 0.00313649
v 0.00956755 0.01419058 0.00308246
v 0.00958427 0.01399677 0.00315800
v 0.00958623 0.01478220 0.00182415
v 0.00955772 0.01495124 0.00182415
v 0.00940139 0.01585471 0.00182415
v 0.00217373 0.02405879 0.00356659
v 0.00217373 0.02414622 0.00340503
v 0.00217373 0.02426425 0.00318171
v 0.00238512 0.02432254 0.00302456
v 0.00246181 0.02437063 0.00289277
v 0.00244215 0.02449012 0.00259942
v 0.00217373 0.02457172 0.00244282
v 0.00244215 0.02466644 0.00206291
v 0.00244215 0.02460378 0.00227079
v 0.00217373 0.02383875 0.00389799
v 0.00217373 0.02397281 0.00370058
v 0.00217373 0.02474513 0.00182415
v 0.00458950 0.00990493 0.00737350
v 0.00405266 0.01102261 0.00733600
v 0.00407921 0.01131696 0.00731285
v 0.00378424 0.01129073 0.00733380
v 0.00372230 0.01175413 0.00730237
v 0.00351582 0.01317053 0.00720642
v 0.00418638 0.01142480 0.00729741
v 0.00351582 0.01370678 0.00716452
v 0.00351582 0.01397491 0.00714301
v 0.00351582 0.01424449 0.00712096
v 0.00324740 0.01451262 0.00711875
v 0.00280299 0.01570024 0.00702722
v 0.00297899 0.01551372 0.00703549
v 0.00297899 0.01585471 0.00699909
v 0.00324740 0.01478075 0.00709339
v 0.00297899 0.01504887 0.00708346
v 0.00297899 0.01826930 0.00665943
v 0.00271057 0.01853888 0.00663627
v 0.00297899 0.01800117 0.00670409
v 0.00324740 0.01666054 0.00688220
v 0.00324740 0.01639242 0.00691804
v 0.00312942 0.01546418 0.00703053
v 0.00324740 0.01585471 0.00697759
v 0.00308812 0.01758150 0.00675813
v 0.00299078 0.01773159 0.00674490
v 0.00271057 0.01880701 0.00658113
v 0.00270565 0.01908679 0.00651882
v 0.00271057 0.02068681 0.00603027
v 0.00297899 0.01934326 0.00642122
v 0.00297899 0.01961285 0.00634899
v 0.00298292 0.01989554 0.00626407
v 0.00289541 0.02003981 0.00623154
v 0.00298292 0.02013744 0.00618577
v 0.00297899 0.02041722 0.00608927
v 0.00271057 0.02084856 0.00596686
v 0.00271057 0.02098262 0.00591007
v 0.00244215 0.02122306 0.00584004
v 0.00279217 0.01918443 0.00648629
v 0.00297899 0.01913925 0.00647471
v 0.00244215 0.02158882 0.00566910
v 0.00271057 0.02176077 0.00553566
v 0.00244215 0.02176077 0.00557978
v 0.00271057 0.02122306 0.00579979
v 0.00244215 0.02197644 0.00546288
v 0.00244215 0.02211196 0.00538899
v 0.00223174 0.02214110 0.00540608
v 0.00270172 0.02231451 0.00521916
v 0.00278529 0.02241651 0.00514030
v 0.00244215 0.02245877 0.00516787
v 0.00215505 0.02227225 0.00533495
v 0.00244215 0.02259284 0.00507689
v 0.00271057 0.02275167 0.00492140
v 0.00244215 0.02277790 0.00494235
v 0.00244215 0.02291196 0.00483538
v 0.00217373 0.02293674 0.00485523
v 0.00244215 0.02307371 0.00470083
v 0.00271057 0.02304603 0.00467767
v 0.00271057 0.02318009 0.00456078
v 0.00271057 0.02331270 0.00442678
v 0.00244215 0.02333893 0.00445215
v 0.00217373 0.02335787 0.00446979
v 0.00217373 0.02349193 0.00433139
v 0.00244215 0.02358957 0.00417534
v 0.00244215 0.02372363 0.00400716
v 0.00954592 0.01426489 0.00315800
v 0.00945743 0.01451262 0.00340503
v 0.00950069 0.01424449 0.00340503
v 0.00953707 0.01399677 0.00340944
v 0.00954789 0.01378547 0.00350208
v 0.00976125 0.01155886 0.00394210
v 0.00964719 0.01236470 0.00394210
v 0.00957345 0.01343866 0.00361181
v 0.00963736 0.01290095 0.00367356
v 0.00955280 0.01328274 0.00379487
v 0.00971405 0.01129073 0.00421063
v 0.00974846 0.01102261 0.00421063
v 0.00981926 0.01084629 0.00405789
v 0.00983007 0.01066705 0.00409318
v 0.00985563 0.01075448 0.00395809
v 0.00987628 0.00990493 0.00422938
v 0.00950659 0.01478075 0.00286796
v 0.00946726 0.01478075 0.00313649
v 0.00935419 0.01612283 0.00182415
v 0.00934141 0.01612283 0.00206291
v 0.00929520 0.01629041 0.00233089
v 0.00902186 0.01760919 0.00182415
v 0.00897565 0.01773305 0.00206291
v 0.00895205 0.01773305 0.00233089
v 0.00902383 0.01735126 0.00249466
v 0.00913592 0.01666054 0.00286796
v 0.00919884 0.01639242 0.00286796
v 0.00927553 0.01619569 0.00265953
v 0.00930896 0.01585325 0.00286024
v 0.00935812 0.01558658 0.00286796
v 0.00940827 0.01531846 0.00286796
v 0.00236251 0.02404859 0.00354950
v 0.00244805 0.02410542 0.00342764
v 0.00271057 0.02422054 0.00313649
v 0.00256407 0.02430943 0.00299864
v 0.00271057 0.02436189 0.00284204
v 0.00271057 0.02409959 0.00337470
v 0.00271057 0.02446098 0.00259942
v 0.00271057 0.02454549 0.00236067
v 0.00244215 0.02455861 0.00240478
v 0.00271057 0.02469996 0.00182415
v 0.00268107 0.02470287 0.00182415
v 0.00241265 0.02472764 0.00182415
v 0.00271057 0.02458921 0.00222667
v 0.00271057 0.02463730 0.00206291
v 0.00244215 0.02381835 0.00387317
v 0.00254145 0.02403839 0.00353185
v 0.00512634 0.00990493 0.00732663
v 0.00458950 0.01021677 0.00735200
v 0.00434665 0.01104738 0.00731395
v 0.00432108 0.01075448 0.00733545
v 0.00400743 0.01149911 0.00730347
v 0.00427389 0.01124556 0.00730457
v 0.00445283 0.01115376 0.00729741
v 0.00378424 0.01317053 0.00718712
v 0.00378424 0.01370678 0.00714246
v 0.00378424 0.01397491 0.00711985
v 0.00351582 0.01451262 0.00709780
v 0.00351582 0.01478075 0.00707078
v 0.00341849 0.01521791 0.00703273
v 0.00324740 0.01826930 0.00662690
v 0.00297899 0.01853888 0.00660760
v 0.00324740 0.01800117 0.00667321
v 0.00324740 0.01773305 0.00671622
v 0.00351582 0.01639242 0.00688881
v 0.00351582 0.01666054 0.00685187
v 0.00324740 0.01692867 0.00684139
v 0.00330836 0.01539714 0.00702281
v 0.00351582 0.01558658 0.00698200
v 0.00351582 0.01585471 0.00695167
v 0.00351582 0.01612283 0.00692080
v 0.00324740 0.01719680 0.00680004
v 0.00297899 0.01880701 0.00655135
v 0.00297899 0.01900373 0.00650724
v 0.00285313 0.02082379 0.00595694
v 0.00314417 0.01896147 0.00649732
v 0.00324740 0.01934326 0.00638042
v 0.00324740 0.01961285 0.00630653
v 0.00324740 0.01981540 0.00624643
v 0.00307436 0.01999609 0.00621720
v 0.00324740 0.02014910 0.00613559
v 0.00324740 0.02041722 0.00604020
v 0.00324740 0.02059646 0.00597238
v 0.00295735 0.02068972 0.00599002
v 0.00295735 0.02093016 0.00589242
v 0.00298587 0.02124346 0.00574575
v 0.00271057 0.02154365 0.00564705
v 0.00298587 0.02147661 0.00563436
v 0.00297997 0.02177826 0.00548107
v 0.00289050 0.02190940 0.00542593
v 0.00271057 0.02193709 0.00544082
v 0.00271057 0.02207115 0.00536693
v 0.00297899 0.02225331 0.00520813
v 0.00297899 0.02238737 0.00511990
v 0.00292491 0.02272544 0.00490099
v 0.00270172 0.02254329 0.00506862
v 0.00271057 0.02288573 0.00481167
v 0.00297899 0.02300960 0.00464790
v 0.00297899 0.02314366 0.00452824
v 0.00318546 0.02325878 0.00436723
v 0.00297899 0.02328355 0.00439425
v 0.00297899 0.02341907 0.00424868
v 0.00271057 0.02344676 0.00428011
v 0.00244215 0.02347299 0.00430934
v 0.00271057 0.02356625 0.00414612
v 0.00271057 0.02370031 0.00397739
v 0.00289836 0.02378337 0.00382134
v 0.00271057 0.02379795 0.00384340
v 0.00938467 0.01451262 0.00367356
v 0.00942990 0.01424449 0.00367356
v 0.00947414 0.01397491 0.00367356
v 0.00940925 0.01478075 0.00340503
v 0.00954100 0.01343866 0.00374580
v 0.00955477 0.01276106 0.00407333
v 0.00954395 0.01290095 0.00403418
v 0.00967669 0.01155886 0.00421063
v 0.00959213 0.01155886 0.00442568
v 0.00964522 0.01102261 0.00447917
v 0.00968062 0.01075448 0.00447917
v 0.00971602 0.01048490 0.00447917
v 0.00982319 0.01007105 0.00434021
v 0.00986743 0.00996905 0.00423490
v 0.00983990 0.00990493 0.00434628
v 0.00941613 0.01504887 0.00313649
v 0.00929618 0.01549478 0.00330136
v 0.00927848 0.01594068 0.00294460
v 0.00930896 0.01635307 0.00182415
v 0.00930306 0.01632393 0.00206291
v 0.00912313 0.01716765 0.00182415
v 0.00899630 0.01771410 0.00182415
v 0.00892747 0.01797203 0.00182415
v 0.00890388 0.01800117 0.00206291
v 0.00887930 0.01800117 0.00233089
v 0.00891273 0.01773305 0.00259942
v 0.00901793 0.01705836 0.00299313
v 0.00914772 0.01639242 0.00313649
v 0.00920573 0.01612283 0.00313649
v 0.00925882 0.01611263 0.00286024
v 0.00297899 0.02418119 0.00313649
v 0.00297899 0.02427882 0.00293468
v 0.00297899 0.02434148 0.00280014
v 0.00297899 0.02442600 0.00259942
v 0.00271057 0.02402381 0.00350924
v 0.00297899 0.02407773 0.00333279
v 0.00295834 0.02453384 0.00230663
v 0.00297702 0.02466790 0.00182415
v 0.00285510 0.02458047 0.00220076
v 0.00295834 0.02460524 0.00206787
v 0.00271057 0.02391452 0.00367356
v 0.00528562 0.00990493 0.00731174
v 0.00526989 0.01009874 0.00729906
v 0.00452559 0.01097452 0.00730457
v 0.00458950 0.01048490 0.00733325
v 0.00460523 0.01104738 0.00729079
v 0.00485890 0.01102261 0.00726708
v 0.00485890 0.01129073 0.00724447
v 0.00378424 0.01424449 0.00709614
v 0.00378424 0.01451262 0.00707133
v 0.00378326 0.01478220 0.00704376
v 0.00369379 0.01495707 0.00703383
v 0.00359743 0.01513485 0.00702391
v 0.00351582 0.01826930 0.00658719
v 0.00324740 0.01853888 0.00657286
v 0.00351582 0.01800117 0.00663572
v 0.00338997 0.01733814 0.00676144
v 0.00356892 0.01726383 0.00674986
v 0.00351582 0.01773305 0.00668038
v 0.00378424 0.01639242 0.00685463
v 0.00378424 0.01558658 0.00695167
v 0.00378424 0.01585471 0.00691969
v 0.00378424 0.01666054 0.00681658
v 0.00349419 0.01718368 0.00677247
v 0.00387273 0.01487109 0.00702446
v 0.00303208 0.02078153 0.00593984
v 0.00323954 0.01906056 0.00645651
v 0.00323954 0.01880847 0.00651606
v 0.00344503 0.01871958 0.00650283
v 0.00332311 0.01889881 0.00648243
v 0.00351582 0.01907514 0.00640578
v 0.00351582 0.01934326 0.00633355
v 0.00351091 0.01961867 0.00625690
v 0.00341849 0.01976877 0.00623043
v 0.00324740 0.01994946 0.00620231
v 0.00351582 0.02014910 0.00608155
v 0.00351091 0.01986640 0.00617915
v 0.00339489 0.02056003 0.00595804
v 0.00324740 0.02073052 0.00591889
v 0.00324740 0.02095493 0.00582515
v 0.00324740 0.02117497 0.00572700
v 0.00308026 0.02134547 0.00568123
v 0.00324740 0.02149119 0.00557481
v 0.00324740 0.02170831 0.00546343
v 0.00306944 0.02188026 0.00541049
v 0.00297997 0.02200995 0.00535315
v 0.00324740 0.02220522 0.00517780
v 0.00324740 0.02202890 0.00528312
v 0.00324740 0.02234074 0.00508682
v 0.00300062 0.02258992 0.00497654
v 0.00315695 0.02298337 0.00462584
v 0.00310385 0.02269630 0.00487894
v 0.00326019 0.02310723 0.00448358
v 0.00336441 0.02323109 0.00433911
v 0.00326215 0.02337681 0.00421504
v 0.00316088 0.02351816 0.00409153
v 0.00297899 0.02353856 0.00411469
v 0.00298390 0.02368866 0.00392335
v 0.00307731 0.02376734 0.00379763
v 0.00932863 0.01478949 0.00368735
v 0.00929913 0.01470497 0.00384064
v 0.00931683 0.01451262 0.00388916
v 0.00948201 0.01343866 0.00394210
v 0.00935616 0.01504887 0.00340503
v 0.00928242 0.01434941 0.00406286
v 0.00943088 0.01317053 0.00421063
v 0.00947709 0.01290095 0.00421063
v 0.00951937 0.01265614 0.00420236
v 0.00955968 0.01198728 0.00435345
v 0.00954690 0.01136505 0.00459331
v 0.00956067 0.01118581 0.00462253
v 0.00960295 0.01128199 0.00449350
v 0.00957247 0.01102261 0.00464514
v 0.00967374 0.00990493 0.00474715
v 0.00976911 0.00990493 0.00452824
v 0.00978878 0.00990493 0.00448303
v 0.00975043 0.01021677 0.00447917
v 0.00978681 0.00996905 0.00446759
v 0.00982614 0.00990493 0.00438764
v 0.00929520 0.01576145 0.00304386
v 0.00936402 0.01531846 0.00313649
v 0.00927848 0.01567401 0.00322251
v 0.00913592 0.01612283 0.00340503
v 0.00919196 0.01585471 0.00340503
v 0.00927062 0.01536946 0.00348002
v 0.00928143 0.01488421 0.00378605
v 0.00925980 0.01585325 0.00313484
v 0.00930601 0.01636764 0.00182415
v 0.00924407 0.01663869 0.00182415
v 0.00891961 0.01800117 0.00182415
v 0.00878196 0.01846748 0.00182415
v 0.00861088 0.01904599 0.00182415
v 0.00858335 0.01907514 0.00206291
v 0.00875836 0.01843105 0.00225590
v 0.00883800 0.01800117 0.00259942
v 0.00879081 0.01828824 0.00233971
v 0.00874656 0.01839025 0.00243455
v 0.00886553 0.01773305 0.00286796
v 0.00900318 0.01695199 0.00316186
v 0.00904054 0.01687912 0.00308962
v 0.00876917 0.01792831 0.00306150
v 0.00907102 0.01668532 0.00316186
v 0.00901793 0.01679169 0.00326883
v 0.00904153 0.01661391 0.00334217
v 0.00906807 0.01640553 0.00342102
v 0.00326805 0.02426862 0.00285914
v 0.00326609 0.02411853 0.00316076
v 0.00319234 0.02432400 0.00276374
v 0.00326805 0.02437063 0.00262369
v 0.00324740 0.02448429 0.00233089
v 0.00297899 0.02399758 0.00346679
v 0.00318939 0.02405879 0.00329695
v 0.00303405 0.02456881 0.00216106
v 0.00324740 0.02462710 0.00182415
v 0.00324740 0.02459067 0.00197192
v 0.00338899 0.02458047 0.00193277
v 0.00324740 0.02455424 0.00210647
v 0.00532987 0.00990493 0.00730678
v 0.00531512 0.00994865 0.00730568
v 0.00470454 0.01085940 0.00729575
v 0.00593160 0.00990493 0.00723565
v 0.00512634 0.01102261 0.00723675
v 0.00485890 0.01155886 0.00722021
v 0.00405266 0.01424449 0.00706747
v 0.00396319 0.01469186 0.00703439
v 0.00405266 0.01450971 0.00704266
v 0.00380784 0.01829262 0.00653261
v 0.00373312 0.01847477 0.00650779
v 0.00352762 0.01855346 0.00652599
v 0.00378424 0.01800117 0.00659271
v 0.00385307 0.01700590 0.00675096
v 0.00378424 0.01746492 0.00668424
v 0.00367412 0.01708459 0.00676420
v 0.00405266 0.01639242 0.00681493
v 0.00405266 0.01531846 0.00694892
v 0.00405266 0.01558658 0.00691638
v 0.00405266 0.01585471 0.00688330
v 0.00405266 0.01612283 0.00684966
v 0.00405266 0.01478220 0.00701343
v 0.00405266 0.01504887 0.00698145
v 0.00404381 0.01664889 0.00677853
v 0.00394844 0.01682667 0.00676585
v 0.00362398 0.01865400 0.00648794
v 0.00352762 0.01880847 0.00646919
v 0.00378424 0.01907514 0.00635285
v 0.00378424 0.01880701 0.00642067
v 0.00371837 0.01953270 0.00623981
v 0.00359743 0.01971194 0.00621334
v 0.00379703 0.02016513 0.00600932
v 0.00371542 0.02032542 0.00597183
v 0.00349714 0.02041577 0.00598892
v 0.00378424 0.01988097 0.00611243
v 0.00357383 0.02050466 0.00593654
v 0.00349714 0.02066349 0.00589077
v 0.00352959 0.02097388 0.00575126
v 0.00344897 0.02112543 0.00570439
v 0.00324740 0.02130903 0.00566359
v 0.00353451 0.02151450 0.00549265
v 0.00345781 0.02166022 0.00543751
v 0.00324740 0.02184383 0.00538899
v 0.00340767 0.02217462 0.00515740
v 0.00353451 0.02175494 0.00536418
v 0.00324740 0.02253455 0.00495283
v 0.00324740 0.02285222 0.00470966
v 0.00333589 0.02295277 0.00459993
v 0.00324740 0.02266861 0.00485854
v 0.00351582 0.02278664 0.00468319
v 0.00351582 0.02292071 0.00457125
v 0.00351582 0.02306643 0.00443671
v 0.00351582 0.02320195 0.00431099
v 0.00378424 0.02328355 0.00412461
v 0.00351582 0.02333164 0.00417700
v 0.00333983 0.02349339 0.00406175
v 0.00324937 0.02359831 0.00396030
v 0.00324740 0.02374549 0.00376785
v 0.00368789 0.02378483 0.00355556
v 0.00351582 0.02380523 0.00358644
v 0.00324740 0.02383438 0.00363386
v 0.00926767 0.01451262 0.00402371
v 0.00924604 0.01478949 0.00393493
v 0.00925587 0.01397491 0.00427515
v 0.00927455 0.01377527 0.00431650
v 0.00929127 0.01359604 0.00435290
v 0.00929815 0.01417018 0.00410090
v 0.00918409 0.01451262 0.00421063
v 0.00930601 0.01343866 0.00438157
v 0.00933059 0.01317053 0.00443009
v 0.00934633 0.01290095 0.00449626
v 0.00939844 0.01263282 0.00447917
v 0.00953117 0.01236470 0.00428232
v 0.00929520 0.01281060 0.00462584
v 0.00948988 0.01128199 0.00472565
v 0.00950167 0.01102261 0.00477913
v 0.00952232 0.01075448 0.00481663
v 0.00954199 0.01048490 0.00485412
v 0.00955280 0.01033043 0.00487563
v 0.00961868 0.01023134 0.00477031
v 0.00956558 0.01015120 0.00489769
v 0.00957935 0.00994865 0.00492305
v 0.00958230 0.00990493 0.00492856
v 0.00905333 0.01611409 0.00367632
v 0.00903465 0.01632393 0.00358865
v 0.00902580 0.01601791 0.00382134
v 0.00860203 0.01907514 0.00182415
v 0.00851255 0.01930683 0.00206291
v 0.00855188 0.01907514 0.00233089
v 0.00877409 0.01821101 0.00259942
v 0.00875836 0.01816001 0.00277532
v 0.00878687 0.01801137 0.00286631
v 0.00867282 0.01853888 0.00259942
v 0.00874164 0.01810755 0.00295453
v 0.00850371 0.01873561 0.00306316
v 0.00863447 0.01826930 0.00313649
v 0.00871608 0.01801137 0.00314532
v 0.00874066 0.01783068 0.00324071
v 0.00899728 0.01668532 0.00342102
v 0.00886160 0.01719680 0.00340503
v 0.00901301 0.01650316 0.00352138
v 0.00351582 0.02421762 0.00286796
v 0.00337129 0.02430943 0.00272956
v 0.00336834 0.02403984 0.00326607
v 0.00351582 0.02409813 0.00310176
v 0.00351582 0.02434877 0.00256083
v 0.00351582 0.02443620 0.00233089
v 0.00349321 0.02453384 0.00203864
v 0.00326609 0.02398155 0.00339400
v 0.00346470 0.02459212 0.00182415
v 0.00356794 0.02456589 0.00186385
v 0.00512634 0.01129073 0.00721249
v 0.00620002 0.00990493 0.00718933
v 0.00593160 0.00994865 0.00723124
v 0.00421489 0.01441790 0.00703328
v 0.00414214 0.01459714 0.00702391
v 0.00391206 0.01839753 0.00649070
v 0.00400154 0.01821976 0.00651000
v 0.00380784 0.01855346 0.00647526
v 0.00405266 0.01773305 0.00658995
v 0.00407528 0.01802303 0.00653205
v 0.00405266 0.01719680 0.00668369
v 0.00405266 0.01746492 0.00663737
v 0.00430928 0.01636619 0.00677357
v 0.00421096 0.01655271 0.00676530
v 0.00432108 0.01558658 0.00687503
v 0.00432108 0.01585471 0.00684029
v 0.00432108 0.01612283 0.00680445
v 0.00432108 0.01478075 0.00697538
v 0.00432108 0.01531846 0.00690922
v 0.00412739 0.01673195 0.00674986
v 0.00407823 0.01909991 0.00627841
v 0.00379801 0.01935929 0.00627069
v 0.00405266 0.01880701 0.00636167
v 0.00405266 0.01853888 0.00642674
v 0.00400547 0.01928060 0.00624422
v 0.00389731 0.01945984 0.00621830
v 0.00379801 0.01961867 0.00619459
v 0.00389436 0.02026568 0.00594867
v 0.00405266 0.01988097 0.00604296
v 0.00379703 0.02041577 0.00591503
v 0.00405266 0.01961285 0.00613284
v 0.00378424 0.02068681 0.00580806
v 0.00378424 0.02089519 0.00571928
v 0.00362791 0.02107588 0.00568068
v 0.00352959 0.02121869 0.00563822
v 0.00363676 0.02161942 0.00541435
v 0.00358662 0.02213090 0.00512983
v 0.00350403 0.02227662 0.00505594
v 0.00351582 0.02247626 0.00491313
v 0.00351582 0.02261178 0.00481718
v 0.00373312 0.02274147 0.00464459
v 0.00380784 0.02283182 0.00453872
v 0.00378424 0.02301251 0.00438764
v 0.00378424 0.02314657 0.00425916
v 0.00395139 0.02325149 0.00409098
v 0.00378424 0.02341761 0.00397298
v 0.00351582 0.02346570 0.00402757
v 0.00351582 0.02357354 0.00389358
v 0.00351582 0.02370760 0.00372043
v 0.00386782 0.02375714 0.00351586
v 0.00405266 0.02381835 0.00333776
v 0.00378031 0.02384603 0.00341771
v 0.00351582 0.02402236 0.00323575
v 0.00351582 0.02391889 0.00340503
v 0.00392484 0.02350796 0.00381031
v 0.00912707 0.01478075 0.00421063
v 0.00918606 0.01504887 0.00394210
v 0.00926079 0.01317053 0.00456464
v 0.00927848 0.01298838 0.00459717
v 0.00906906 0.01451262 0.00443285
v 0.00903956 0.01478075 0.00438102
v 0.00921359 0.01290095 0.00472785
v 0.00922736 0.01263282 0.00478465
v 0.00927455 0.01209657 0.00486019
v 0.00930306 0.01177744 0.00490430
v 0.00934534 0.01129073 0.00497157
v 0.00943187 0.01155886 0.00474715
v 0.00940335 0.01075448 0.00501569
v 0.00950364 0.00990493 0.00506256
v 0.00957050 0.00990493 0.00494952
v 0.00900515 0.01619715 0.00376730
v 0.00895205 0.01611409 0.00392335
v 0.00902481 0.01547729 0.00408822
v 0.00904448 0.01531846 0.00412627
v 0.00851649 0.01935492 0.00182415
v 0.00849584 0.01925292 0.00233089
v 0.00846929 0.01944090 0.00206291
v 0.00848404 0.01921357 0.00247260
v 0.00858925 0.01880701 0.00259942
v 0.00850960 0.01907222 0.00257737
v 0.00849682 0.01898187 0.00278911
v 0.00852927 0.01881721 0.00287458
v 0.00847224 0.01891484 0.00296832
v 0.00835524 0.01907514 0.00313649
v 0.00844471 0.01881721 0.00314642
v 0.00847126 0.01864380 0.00324236
v 0.00850371 0.01846457 0.00332673
v 0.00853910 0.01854763 0.00314642
v 0.00863152 0.01800117 0.00340503
v 0.00871215 0.01773742 0.00340503
v 0.00873575 0.01754507 0.00349491
v 0.00898352 0.01640553 0.00367632
v 0.00380391 0.02427445 0.00259832
v 0.00351582 0.02429485 0.00269482
v 0.00378424 0.02415642 0.00286796
v 0.00378424 0.02406461 0.00304276
v 0.00372722 0.02432691 0.00250734
v 0.00390616 0.02430797 0.00245771
v 0.00380391 0.02436626 0.00235350
v 0.00378424 0.02446680 0.00206291
v 0.00359252 0.02457027 0.00182415
v 0.00366921 0.02455424 0.00182415
v 0.00642616 0.00990493 0.00714026
v 0.00620002 0.00994865 0.00718437
v 0.00557371 0.01231078 0.00703825
v 0.00566318 0.01129073 0.00713419
v 0.00566318 0.01102261 0.00716176
v 0.00440761 0.01424449 0.00702170
v 0.00458950 0.01451262 0.00696491
v 0.00431125 0.01450971 0.00700847
v 0.00418048 0.01812649 0.00649070
v 0.00407528 0.01829262 0.00647746
v 0.00432108 0.01719680 0.00663131
v 0.00432108 0.01746492 0.00658278
v 0.00430928 0.01664889 0.00673001
v 0.00432108 0.01692867 0.00667873
v 0.00445677 0.01625981 0.00676089
v 0.00438991 0.01643905 0.00674821
v 0.00458950 0.01504887 0.00689874
v 0.00458950 0.01531846 0.00686400
v 0.00458950 0.01478075 0.00693293
v 0.00418441 0.01920628 0.00622272
v 0.00432108 0.01900665 0.00624257
v 0.00432108 0.01880701 0.00629495
v 0.00432108 0.01853888 0.00636277
v 0.00432108 0.01826930 0.00642674
v 0.00407823 0.01935929 0.00620342
v 0.00405266 0.02007041 0.00597513
v 0.00405266 0.02020447 0.00592606
v 0.00405266 0.02041722 0.00584169
v 0.00418933 0.02001649 0.00595583
v 0.00432108 0.01961285 0.00605564
v 0.00429650 0.01986057 0.00597844
v 0.00394942 0.02084419 0.00569667
v 0.00378424 0.02102925 0.00565918
v 0.00378424 0.02157279 0.00539064
v 0.00378424 0.02176077 0.00528477
v 0.00378424 0.02194292 0.00517835
v 0.00378424 0.02122306 0.00556489
v 0.00378424 0.02143873 0.00545847
v 0.00395729 0.02138335 0.00543145
v 0.00378424 0.02207698 0.00509619
v 0.00376851 0.02230285 0.00495007
v 0.00366921 0.02244129 0.00488776
v 0.00391206 0.02269630 0.00461095
v 0.00384815 0.02239611 0.00485523
v 0.00404086 0.02284348 0.00443340
v 0.00394254 0.02297900 0.00435510
v 0.00403693 0.02309557 0.00420402
v 0.00413132 0.02321069 0.00405128
v 0.00432108 0.02329667 0.00387207
v 0.00402808 0.02336370 0.00393107
v 0.00405266 0.02372363 0.00347175
v 0.00422866 0.02379066 0.00329364
v 0.00410379 0.02347590 0.00377061
v 0.00432108 0.02354002 0.00358479
v 0.00403300 0.02395678 0.00311334
v 0.00378424 0.02398884 0.00317675
v 0.00902186 0.01492792 0.00435014
v 0.00901006 0.01433338 0.00459827
v 0.00902776 0.01415415 0.00462695
v 0.00899040 0.01451262 0.00456684
v 0.00895894 0.01478075 0.00451556
v 0.00875639 0.01601500 0.00435455
v 0.00914772 0.01317053 0.00474715
v 0.00904054 0.01317053 0.00490982
v 0.00906807 0.01290095 0.00494731
v 0.00925685 0.01129073 0.00510612
v 0.00927553 0.01108818 0.00513258
v 0.00929127 0.01091040 0.00515464
v 0.00935321 0.01100804 0.00503223
v 0.00936599 0.00994865 0.00526106
v 0.00936697 0.00990493 0.00526878
v 0.00876033 0.01736583 0.00356273
v 0.00874656 0.01705108 0.00379984
v 0.00887045 0.01639242 0.00394210
v 0.00873476 0.01619424 0.00431485
v 0.00880359 0.01611263 0.00421946
v 0.00897565 0.01531846 0.00426026
v 0.00847912 0.01947004 0.00182415
v 0.00847716 0.01946421 0.00187212
v 0.00844963 0.01938698 0.00233089
v 0.00845651 0.01953561 0.00182415
v 0.00834541 0.01985037 0.00182415
v 0.00833459 0.01988097 0.00182415
v 0.00840833 0.01961285 0.00206291
v 0.00846339 0.01915965 0.00265181
v 0.00836605 0.01961285 0.00233089
v 0.00822447 0.02004272 0.00224597
v 0.00820481 0.01999172 0.00242518
v 0.00823529 0.01980665 0.00259942
v 0.00842111 0.01931995 0.00257737
v 0.00821857 0.01976002 0.00275051
v 0.00843980 0.01907222 0.00287458
v 0.00822545 0.01950793 0.00303724
v 0.00825692 0.01934181 0.00313098
v 0.00819497 0.01942924 0.00321645
v 0.00822840 0.01925000 0.00330412
v 0.00846831 0.01836839 0.00350594
v 0.00853714 0.01827513 0.00341165
v 0.00850174 0.01818915 0.00357817
v 0.00860399 0.01773305 0.00367356
v 0.00405266 0.02421179 0.00259942
v 0.00392976 0.02404567 0.00300802
v 0.00403300 0.02408793 0.00286851
v 0.00405266 0.02429048 0.00240643
v 0.00405266 0.02433566 0.00227244
v 0.00420900 0.02431671 0.00221565
v 0.00405266 0.02439977 0.00206291
v 0.00405266 0.02446243 0.00182415
v 0.00377539 0.02453092 0.00182415
v 0.00646844 0.00990493 0.00713088
v 0.00646844 0.00994865 0.00712592
v 0.00580378 0.01197416 0.00703053
v 0.00552258 0.01248856 0.00702777
v 0.00522958 0.01299275 0.00702446
v 0.00575265 0.01215340 0.00702005
v 0.00539476 0.01317053 0.00697428
v 0.00485890 0.01397491 0.00697924
v 0.00485890 0.01451262 0.00691859
v 0.00485890 0.01424449 0.00695002
v 0.00425619 0.01794872 0.00650724
v 0.00433583 0.01802303 0.00647581
v 0.00458950 0.01666054 0.00667046
v 0.00443514 0.01784380 0.00648739
v 0.00433583 0.01774471 0.00652764
v 0.00460228 0.01586199 0.00678791
v 0.00470061 0.01595671 0.00675593
v 0.00464063 0.01612283 0.00674435
v 0.00456394 0.01636619 0.00672394
v 0.00485890 0.01478075 0.00688440
v 0.00476058 0.01577748 0.00676861
v 0.00432108 0.01934326 0.00614000
v 0.00445677 0.01894253 0.00622382
v 0.00458950 0.01826930 0.00635560
v 0.00458950 0.01800117 0.00641571
v 0.00429650 0.02012433 0.00588029
v 0.00432797 0.02042888 0.00574795
v 0.00404480 0.02068535 0.00573252
v 0.00446955 0.01975857 0.00595969
v 0.00458950 0.01934326 0.00605619
v 0.00473797 0.01949336 0.00596025
v 0.00457082 0.01959390 0.00598120
v 0.00424341 0.02059500 0.00570550
v 0.00412837 0.02077424 0.00566635
v 0.00404480 0.02094182 0.00561893
v 0.00404873 0.02122889 0.00547832
v 0.00403300 0.02175931 0.00520096
v 0.00404873 0.02148099 0.00534874
v 0.00392976 0.02190066 0.00515354
v 0.00413624 0.02132215 0.00540057
v 0.00403300 0.02200558 0.00505043
v 0.00419818 0.02216879 0.00488555
v 0.00405266 0.02220813 0.00491313
v 0.00405266 0.02252435 0.00468153
v 0.00405266 0.02265841 0.00458228
v 0.00432108 0.02275459 0.00439039
v 0.00405266 0.02234220 0.00481553
v 0.00412149 0.02293819 0.00431706
v 0.00432108 0.02303291 0.00413895
v 0.00449905 0.02299065 0.00409815
v 0.00432108 0.02316698 0.00400606
v 0.00432108 0.02343073 0.00371878
v 0.00449610 0.02325732 0.00382906
v 0.00440761 0.02375423 0.00324292
v 0.00458950 0.02380523 0.00305047
v 0.00431912 0.02384749 0.00314697
v 0.00447053 0.02351088 0.00354784
v 0.00410871 0.02401944 0.00295839
v 0.00893632 0.01424449 0.00472840
v 0.00902383 0.01332645 0.00488776
v 0.00884390 0.01452719 0.00476976
v 0.00908676 0.01342554 0.00476149
v 0.00882424 0.01478075 0.00471352
v 0.00876524 0.01523831 0.00463301
v 0.00866004 0.01611263 0.00445822
v 0.00874164 0.01541755 0.00460048
v 0.00896484 0.01290095 0.00508130
v 0.00899237 0.01263282 0.00511604
v 0.00902776 0.01227435 0.00516016
v 0.00909757 0.01155886 0.00524783
v 0.00910642 0.01128636 0.00530297
v 0.00919098 0.01100804 0.00525996
v 0.00919983 0.01075448 0.00530573
v 0.00927357 0.00990493 0.00540002
v 0.00934338 0.00990493 0.00530242
v 0.00848797 0.01788314 0.00381914
v 0.00875541 0.01654105 0.00408546
v 0.00879671 0.01664306 0.00394210
v 0.00877606 0.01639242 0.00412792
v 0.00870527 0.01639242 0.00426191
v 0.00849879 0.01684561 0.00436889
v 0.00852927 0.01666054 0.00441190
v 0.00855975 0.01638659 0.00449185
v 0.00825003 0.02011121 0.00182415
v 0.00831099 0.01988097 0.00206291
v 0.00823725 0.02007770 0.00206291
v 0.00818514 0.02021176 0.00206291
v 0.00810058 0.02041722 0.00206291
v 0.00798751 0.02069701 0.00204802
v 0.00793344 0.02079318 0.00212797
v 0.00805339 0.02041722 0.00233089
v 0.00816744 0.02013890 0.00233365
v 0.00810353 0.02014910 0.00259942
v 0.00818514 0.01994072 0.00259942
v 0.00796883 0.02033708 0.00280014
v 0.00814680 0.01986203 0.00285087
v 0.00819006 0.01968716 0.00292917
v 0.00815565 0.01960265 0.00313098
v 0.00814876 0.01934181 0.00339841
v 0.00802291 0.01990137 0.00315690
v 0.00794032 0.02000483 0.00326001
v 0.00818612 0.01913925 0.00348333
v 0.00845553 0.01806238 0.00375738
v 0.00852730 0.01798369 0.00367026
v 0.00822054 0.01896002 0.00355281
v 0.00842111 0.01827513 0.00367026
v 0.00827855 0.01826784 0.00394761
v 0.00430732 0.02425114 0.00231545
v 0.00425914 0.02406461 0.00277973
v 0.00433780 0.02411562 0.00261928
v 0.00433780 0.02399613 0.00286851
v 0.00438794 0.02429194 0.00212907
v 0.00430732 0.02433566 0.00204857
v 0.00447250 0.02431671 0.00194987
v 0.00432010 0.02438811 0.00182415
v 0.00674177 0.00990493 0.00706030
v 0.00674276 0.00992824 0.00705754
v 0.00661985 0.01039455 0.00703494
v 0.00657758 0.01057379 0.00702281
v 0.00590800 0.01207617 0.00699468
v 0.00566318 0.01290095 0.00695002
v 0.00566318 0.01263282 0.00698200
v 0.00539476 0.01343866 0.00694285
v 0.00512634 0.01397491 0.00693182
v 0.00512634 0.01424449 0.00689929
v 0.00485890 0.01639242 0.00665447
v 0.00485890 0.01666054 0.00660539
v 0.00513716 0.01666783 0.00653040
v 0.00485399 0.01586199 0.00673552
v 0.00485890 0.01612283 0.00669637
v 0.00512634 0.01451262 0.00686455
v 0.00485890 0.01504887 0.00684801
v 0.00485890 0.01531846 0.00681107
v 0.00512634 0.01478075 0.00682816
v 0.00504080 0.01531846 0.00677136
v 0.00499656 0.01545835 0.00676144
v 0.00493953 0.01563758 0.00674876
v 0.00485890 0.01880701 0.00613063
v 0.00456394 0.01904891 0.00615655
v 0.00460818 0.01855491 0.00627730
v 0.00486874 0.01827804 0.00626958
v 0.00496608 0.01837276 0.00621500
v 0.00485890 0.01800117 0.00633851
v 0.00523449 0.01676255 0.00648518
v 0.00485890 0.01773305 0.00639365
v 0.00457082 0.01986057 0.00588581
v 0.00460622 0.02016658 0.00575623
v 0.00452756 0.02034582 0.00571322
v 0.00442235 0.02052506 0.00567517
v 0.00464850 0.01967259 0.00592937
v 0.00485890 0.01907514 0.00605068
v 0.00505457 0.01907514 0.00597899
v 0.00491691 0.01939135 0.00592606
v 0.00483924 0.01959390 0.00588525
v 0.00434075 0.02097533 0.00549927
v 0.00432797 0.02068535 0.00563657
v 0.00426406 0.02114437 0.00544634
v 0.00424931 0.02166897 0.00517449
v 0.00410871 0.02184674 0.00512045
v 0.00434075 0.02122889 0.00537300
v 0.00458950 0.02223582 0.00466499
v 0.00443317 0.02241943 0.00460379
v 0.00425422 0.02246897 0.00464073
v 0.00433190 0.02175931 0.00508516
v 0.00430142 0.02202307 0.00493353
v 0.00437713 0.02210904 0.00484751
v 0.00433485 0.02256078 0.00453651
v 0.00447741 0.02271233 0.00435455
v 0.00432108 0.02288865 0.00427349
v 0.00457770 0.02282745 0.00420512
v 0.00467799 0.02294257 0.00405238
v 0.00458655 0.02310140 0.00394044
v 0.00457279 0.02336515 0.00366419
v 0.00467504 0.02321215 0.00378109
v 0.00458950 0.02371634 0.00318447
v 0.00457180 0.02357062 0.00340613
v 0.00479794 0.02353856 0.00331736
v 0.00472814 0.02377609 0.00300471
v 0.00458950 0.02390869 0.00286796
v 0.00464948 0.02347153 0.00349601
v 0.00876623 0.01444705 0.00489989
v 0.00878884 0.01424449 0.00492801
v 0.00874558 0.01462482 0.00487453
v 0.00849289 0.01629333 0.00462639
v 0.00875344 0.01358438 0.00515244
v 0.00877016 0.01343866 0.00517063
v 0.00880064 0.01317053 0.00520372
v 0.00900810 0.01137234 0.00540553
v 0.00883013 0.01290095 0.00523625
v 0.00902580 0.01119310 0.00542648
v 0.00911822 0.00995302 0.00557481
v 0.00913297 0.00990493 0.00556709
v 0.00904153 0.01102261 0.00544413
v 0.00906512 0.01075448 0.00547170
v 0.00839752 0.01798369 0.00392170
v 0.00844078 0.01773305 0.00399724
v 0.00849486 0.01737312 0.00409870
v 0.00846929 0.01702485 0.00432477
v 0.00846438 0.01647111 0.00458945
v 0.00820087 0.01782922 0.00432753
v 0.00819891 0.02024527 0.00182415
v 0.00794819 0.02082816 0.00194876
v 0.00791181 0.02074510 0.00233089
v 0.00797080 0.02061103 0.00233089
v 0.00788133 0.02093308 0.00204802
v 0.00768468 0.02137315 0.00196476
v 0.00781250 0.02095493 0.00233089
v 0.00795310 0.02056877 0.00249411
v 0.00799145 0.02042305 0.00259005
v 0.00793639 0.02026422 0.00297934
v 0.00801406 0.02016367 0.00288119
v 0.00792852 0.02051631 0.00267331
v 0.00789902 0.02042305 0.00288119
v 0.00797473 0.02008498 0.00308080
v 0.00797867 0.01982560 0.00333610
v 0.00802488 0.01962159 0.00341716
v 0.00797277 0.01953853 0.00359030
v 0.00790099 0.01990137 0.00341716
v 0.00790886 0.02016367 0.00315690
v 0.00767092 0.02080921 0.00298872
v 0.00767190 0.02054400 0.00326221
v 0.00771909 0.02036477 0.00334713
v 0.00777416 0.02016658 0.00342378
v 0.00800718 0.01933889 0.00367742
v 0.00819399 0.01835673 0.00404135
v 0.00823037 0.01817750 0.00410146
v 0.00458950 0.02406899 0.00252719
v 0.00473010 0.02404421 0.00247040
v 0.00458950 0.02414768 0.00233089
v 0.00443809 0.02403693 0.00272129
v 0.00458950 0.02401216 0.00266118
v 0.00457279 0.02425114 0.00204857
v 0.00465144 0.02428465 0.00182415
v 0.00451773 0.02432983 0.00182415
v 0.00677225 0.00990493 0.00705148
v 0.00672014 0.01048490 0.00698862
v 0.00673686 0.01075448 0.00694451
v 0.00683616 0.01000402 0.00701784
v 0.00620002 0.01236470 0.00688275
v 0.00620002 0.01209657 0.00691969
v 0.00593160 0.01263282 0.00691859
v 0.00593160 0.01236470 0.00695333
v 0.00635635 0.01282372 0.00676916
v 0.00631800 0.01300295 0.00675537
v 0.00566318 0.01317053 0.00691583
v 0.00539476 0.01370678 0.00691032
v 0.00539476 0.01397491 0.00687613
v 0.00512634 0.01639242 0.00658609
v 0.00512634 0.01612283 0.00663076
v 0.00529545 0.01658331 0.00650393
v 0.00523155 0.01513922 0.00675427
v 0.00512634 0.01585471 0.00667211
v 0.00539476 0.01424449 0.00684084
v 0.00533970 0.01478075 0.00677964
v 0.00512634 0.01853888 0.00610968
v 0.00514699 0.01882595 0.00602035
v 0.00503588 0.01819353 0.00623926
v 0.00512536 0.01827804 0.00618301
v 0.00512634 0.01773305 0.00631094
v 0.00512536 0.01798515 0.00625690
v 0.00470651 0.02026713 0.00568013
v 0.00460622 0.02042888 0.00564760
v 0.00458950 0.02068681 0.00553787
v 0.00444300 0.02107880 0.00541325
v 0.00487365 0.01989554 0.00575898
v 0.00525023 0.01892796 0.00595142
v 0.00510078 0.01931849 0.00587753
v 0.00514011 0.01962596 0.00575402
v 0.00442825 0.02160485 0.00513810
v 0.00433190 0.02150576 0.00522963
v 0.00475370 0.02218336 0.00462750
v 0.00458950 0.02236988 0.00456739
v 0.00479794 0.02248063 0.00438267
v 0.00465636 0.02265987 0.00431209
v 0.00459343 0.02177097 0.00496496
v 0.00450691 0.02193126 0.00490375
v 0.00459343 0.02202307 0.00480505
v 0.00485890 0.02289011 0.00400330
v 0.00501917 0.02298337 0.00382410
v 0.00485890 0.02302854 0.00386876
v 0.00485890 0.02275459 0.00412461
v 0.00485890 0.02328501 0.00359251
v 0.00485890 0.02316260 0.00372705
v 0.00497689 0.02349776 0.00325946
v 0.00490708 0.02373383 0.00293413
v 0.00483334 0.02381543 0.00285417
v 0.00512634 0.02354731 0.00306922
v 0.00527284 0.02351233 0.00301353
v 0.00483531 0.02395678 0.00257571
v 0.00487562 0.02343219 0.00340613
v 0.00849092 0.01548458 0.00489162
v 0.00851452 0.01531846 0.00491699
v 0.00856958 0.01475889 0.00502782
v 0.00848502 0.01465543 0.00515244
v 0.00865709 0.01452719 0.00499970
v 0.00829625 0.01666054 0.00470745
v 0.00834934 0.01639825 0.00474936
v 0.00823529 0.01632393 0.00490265
v 0.00839948 0.01612283 0.00478851
v 0.00846536 0.01566381 0.00486295
v 0.00870035 0.01290095 0.00537079
v 0.00875049 0.01249876 0.00541821
v 0.00850272 0.01451262 0.00517008
v 0.00879671 0.01209657 0.00546398
v 0.00888519 0.01129073 0.00555220
v 0.00877114 0.01231952 0.00543862
v 0.00891567 0.01102261 0.00557867
v 0.00901203 0.01004628 0.00567903
v 0.00906906 0.00990493 0.00564264
v 0.00826183 0.01800117 0.00414943
v 0.00829821 0.01773742 0.00422718
v 0.00822054 0.01708459 0.00462198
v 0.00824905 0.01692867 0.00465286
v 0.00818907 0.01726383 0.00458449
v 0.00816744 0.01800117 0.00428342
v 0.00801701 0.01797640 0.00448193
v 0.00794622 0.01787003 0.00461426
v 0.00811927 0.01773742 0.00446538
v 0.00812910 0.02041722 0.00182415
v 0.00795507 0.02084273 0.00182415
v 0.00789312 0.02097533 0.00182415
v 0.00779087 0.02118954 0.00182415
v 0.00803176 0.02065621 0.00182415
v 0.00769353 0.02139210 0.00182415
v 0.00762667 0.02152324 0.00182415
v 0.00761094 0.02147516 0.00205794
v 0.00766502 0.02133381 0.00214396
v 0.00771123 0.02115749 0.00233089
v 0.00768960 0.02111377 0.00250458
v 0.00787936 0.02066932 0.00259005
v 0.00776039 0.02070721 0.00288671
v 0.00773581 0.02096222 0.00259612
v 0.00770631 0.02087770 0.00281006
v 0.00788526 0.01962159 0.00367742
v 0.00792360 0.01942341 0.00376951
v 0.00763159 0.02096222 0.00288671
v 0.00739365 0.02133381 0.00296887
v 0.00744478 0.02115457 0.00307033
v 0.00764044 0.02070721 0.00315855
v 0.00744674 0.02088790 0.00333776
v 0.00750279 0.02069847 0.00341826
v 0.00766895 0.02026859 0.00352579
v 0.00771123 0.02008935 0.00359968
v 0.00793835 0.01892504 0.00406672
v 0.00797670 0.01874726 0.00411745
v 0.00812025 0.01826784 0.00419850
v 0.00479303 0.02407044 0.00233089
v 0.00492773 0.02401798 0.00233089
v 0.00486087 0.02420159 0.00182415
v 0.00498967 0.02404130 0.00219304
v 0.00488348 0.02411562 0.00208717
v 0.00695808 0.00990493 0.00699027
v 0.00698168 0.00992824 0.00697869
v 0.00673686 0.01102261 0.00690536
v 0.00621673 0.01290823 0.00679949
v 0.00620002 0.01263282 0.00684415
v 0.00593160 0.01424449 0.00669251
v 0.00556486 0.01445287 0.00677136
v 0.00593160 0.01290095 0.00688275
v 0.00566318 0.01343866 0.00688109
v 0.00620002 0.01451262 0.00656514
v 0.00712326 0.01111733 0.00675482
v 0.00620002 0.01424449 0.00660594
v 0.00593160 0.01451262 0.00665392
v 0.00535150 0.01639242 0.00652158
v 0.00539476 0.01585471 0.00659988
v 0.00539476 0.01531846 0.00668479
v 0.00539476 0.01558658 0.00664289
v 0.00548522 0.01639242 0.00647746
v 0.00566318 0.01639242 0.00641791
v 0.00566318 0.01666054 0.00636167
v 0.00538886 0.01666783 0.00645375
v 0.00551963 0.01463065 0.00675813
v 0.00541541 0.01453011 0.00679673
v 0.00539476 0.01826930 0.00608486
v 0.00549603 0.01863069 0.00594260
v 0.00521385 0.01806529 0.00620672
v 0.00527186 0.01788605 0.00622823
v 0.00479401 0.02008790 0.00571542
v 0.00506145 0.01981540 0.00571432
v 0.00523941 0.01972359 0.00567793
v 0.00487365 0.02016658 0.00565146
v 0.00512634 0.02014910 0.00555110
v 0.00485890 0.02041722 0.00555055
v 0.00472715 0.02082379 0.00541932
v 0.00458950 0.02088207 0.00544744
v 0.00483334 0.02066641 0.00544799
v 0.00458950 0.02101614 0.00538292
v 0.00485890 0.02116477 0.00519048
v 0.00461605 0.02124929 0.00525059
v 0.00454329 0.02142561 0.00518662
v 0.00540164 0.01882595 0.00592110
v 0.00539476 0.01907514 0.00584169
v 0.00531512 0.01954436 0.00571101
v 0.00480778 0.02168791 0.00492084
v 0.00461605 0.02150576 0.00511218
v 0.00486480 0.02230139 0.00448303
v 0.00468586 0.02186715 0.00486350
v 0.00488152 0.02177097 0.00483262
v 0.00484907 0.02202890 0.00468153
v 0.00493265 0.02211779 0.00458338
v 0.00497689 0.02242089 0.00433635
v 0.00487562 0.02256806 0.00427074
v 0.00500639 0.02270941 0.00408381
v 0.00510078 0.02281870 0.00392721
v 0.00519713 0.02292799 0.00376785
v 0.00510078 0.02308829 0.00365757
v 0.00500540 0.02324421 0.00354729
v 0.00510668 0.02330832 0.00340007
v 0.00530627 0.02326752 0.00330688
v 0.00512634 0.02345550 0.00320377
v 0.00501622 0.02378629 0.00275547
v 0.00545179 0.02345550 0.00292751
v 0.00554126 0.02351379 0.00274830
v 0.00537510 0.02354731 0.00284976
v 0.00548522 0.02320923 0.00323409
v 0.00558256 0.02327627 0.00305489
v 0.00511356 0.02382272 0.00258564
v 0.00512634 0.02392764 0.00233089
v 0.00812222 0.01612283 0.00506697
v 0.00818416 0.01478075 0.00539119
v 0.00820776 0.01462628 0.00541325
v 0.00823234 0.01444705 0.00543531
v 0.00822939 0.01336288 0.00569943
v 0.00838867 0.01317053 0.00559907
v 0.00853222 0.01317053 0.00546508
v 0.00856663 0.01290095 0.00549762
v 0.00820481 0.01650316 0.00487287
v 0.00795998 0.01629770 0.00516291
v 0.00808190 0.01640116 0.00501844
v 0.00860006 0.01263282 0.00552849
v 0.00847618 0.01247399 0.00568123
v 0.00865610 0.01209657 0.00559797
v 0.00874164 0.01138837 0.00567793
v 0.00876229 0.01120913 0.00569778
v 0.00878196 0.01102261 0.00571652
v 0.00889109 0.00990493 0.00582681
v 0.00896484 0.00990493 0.00575347
v 0.00797670 0.01826930 0.00438322
v 0.00790689 0.01804926 0.00457291
v 0.00772106 0.01826930 0.00465452
v 0.00781447 0.01797640 0.00469311
v 0.00763847 0.01800117 0.00484641
v 0.00767092 0.01785254 0.00487618
v 0.00792066 0.01726820 0.00485854
v 0.00747329 0.02179866 0.00182415
v 0.00753622 0.02149119 0.00233089
v 0.00764240 0.02129155 0.00233089
v 0.00746936 0.02172725 0.00206291
v 0.00743691 0.02167334 0.00233089
v 0.00765912 0.02105694 0.00268379
v 0.00741626 0.02163836 0.00248583
v 0.00775842 0.01988534 0.00368294
v 0.00765715 0.01997861 0.00377888
v 0.00770140 0.01979937 0.00384174
v 0.00773286 0.01958662 0.00393548
v 0.00784986 0.01933889 0.00392831
v 0.00748705 0.02123618 0.00287513
v 0.00743101 0.02139792 0.00278966
v 0.00737988 0.02157716 0.00266504
v 0.00734055 0.02148973 0.00287513
v 0.00715964 0.02165439 0.00303559
v 0.00735039 0.02123618 0.00315028
v 0.00739562 0.02106714 0.00324898
v 0.00750377 0.02096805 0.00315028
v 0.00739463 0.02079610 0.00351696
v 0.00762077 0.02016658 0.00368294
v 0.00767780 0.01948024 0.00407719
v 0.00794622 0.01840774 0.00434683
v 0.00517845 0.02406170 0.00182415
v 0.00504965 0.02406753 0.00201383
v 0.00513322 0.02400924 0.00208717
v 0.00697480 0.00990493 0.00698421
v 0.00700528 0.01075448 0.00684966
v 0.00727370 0.00990493 0.00687393
v 0.00727370 0.00994865 0.00686786
v 0.00633570 0.01465105 0.00649290
v 0.00620198 0.01475597 0.00652433
v 0.00610760 0.01504887 0.00650834
v 0.00593160 0.01478075 0.00661256
v 0.00715669 0.01093809 0.00676806
v 0.00740151 0.01033335 0.00675758
v 0.00725796 0.01102552 0.00670906
v 0.00727370 0.01129073 0.00665833
v 0.00723830 0.01209657 0.00654032
v 0.00715768 0.01254976 0.00650118
v 0.00687549 0.01331625 0.00649401
v 0.00673686 0.01424449 0.00639806
v 0.00649892 0.01451262 0.00645045
v 0.00566318 0.01478075 0.00669306
v 0.00541934 0.01614615 0.00654308
v 0.00552553 0.01625107 0.00649070
v 0.00566318 0.01504887 0.00665061
v 0.00566318 0.01531846 0.00660705
v 0.00566318 0.01558658 0.00656238
v 0.00566220 0.01614615 0.00646368
v 0.00602599 0.01537820 0.00647857
v 0.00593160 0.01612283 0.00637380
v 0.00593160 0.01639242 0.00632142
v 0.00593553 0.01664889 0.00626407
v 0.00579788 0.01706419 0.00622382
v 0.00537411 0.01798515 0.00616592
v 0.00566318 0.01800117 0.00605012
v 0.00565531 0.01824744 0.00598837
v 0.00556092 0.01845145 0.00596907
v 0.00566318 0.01880701 0.00581357
v 0.00565531 0.01854034 0.00590014
v 0.00540066 0.01962596 0.00564153
v 0.00539476 0.01988097 0.00554118
v 0.00527284 0.02029628 0.00542428
v 0.00510668 0.02039828 0.00545240
v 0.00500442 0.02056295 0.00542373
v 0.00490610 0.02074218 0.00538127
v 0.00483334 0.02093016 0.00532117
v 0.00500737 0.02110211 0.00515685
v 0.00472224 0.02135567 0.00514858
v 0.00556387 0.01925583 0.00570329
v 0.00540066 0.01934472 0.00574409
v 0.00565728 0.01905911 0.00573031
v 0.00549407 0.01943507 0.00567076
v 0.00498672 0.02162088 0.00487839
v 0.00488152 0.02151596 0.00498591
v 0.00504768 0.02194001 0.00464183
v 0.00513224 0.02202890 0.00453651
v 0.00527776 0.02217607 0.00435455
v 0.00512634 0.02223145 0.00439701
v 0.00531020 0.02246897 0.00410752
v 0.00510766 0.02256078 0.00414832
v 0.00512634 0.02236697 0.00429445
v 0.00518435 0.02264821 0.00403032
v 0.00532692 0.02274876 0.00385167
v 0.00541836 0.02285222 0.00369066
v 0.00550881 0.02295422 0.00352413
v 0.00532987 0.02301251 0.00358865
v 0.00518337 0.02319175 0.00348609
v 0.00540754 0.02311160 0.00341551
v 0.00566318 0.02301543 0.00332783
v 0.00519418 0.02373966 0.00266559
v 0.00559927 0.02354731 0.00259942
v 0.00527776 0.02378483 0.00248639
v 0.00565138 0.02336224 0.00285638
v 0.00606335 0.02296734 0.00299975
v 0.00583918 0.02327044 0.00278525
v 0.00573397 0.02345987 0.00259942
v 0.00578903 0.02350068 0.00245330
v 0.00579886 0.02297025 0.00327269
v 0.00576150 0.02321069 0.00296390
v 0.00541737 0.02386498 0.00208276
v 0.00533577 0.02381835 0.00233089
v 0.00798751 0.01612283 0.00518828
v 0.00794524 0.01545252 0.00541821
v 0.00797277 0.01527328 0.00544192
v 0.00800816 0.01504887 0.00547060
v 0.00804946 0.01478075 0.00550534
v 0.00820382 0.01354212 0.00567903
v 0.00794425 0.01437564 0.00568620
v 0.00810058 0.01344740 0.00577277
v 0.00810845 0.01290095 0.00588250
v 0.00814680 0.01263282 0.00590896
v 0.00825397 0.01317053 0.00571983
v 0.00845651 0.01263282 0.00566304
v 0.00842308 0.01290095 0.00563161
v 0.00798751 0.01692867 0.00491919
v 0.00803962 0.01666054 0.00496771
v 0.00789214 0.01666054 0.00510171
v 0.00792754 0.01647694 0.00513369
v 0.00782725 0.01638950 0.00524673
v 0.00767387 0.01625107 0.00541656
v 0.00780070 0.01614615 0.00534047
v 0.00849781 0.01229475 0.00570108
v 0.00855385 0.01182699 0.00575126
v 0.00852140 0.01209657 0.00572259
v 0.00861186 0.01127325 0.00581743
v 0.00863152 0.01102261 0.00585107
v 0.00866200 0.01075448 0.00587698
v 0.00874066 0.01003899 0.00594646
v 0.00882227 0.00990493 0.00589408
v 0.00768567 0.01896147 0.00435510
v 0.00768468 0.01842085 0.00462088
v 0.00745264 0.01822413 0.00492084
v 0.00750475 0.01800117 0.00496606
v 0.00738677 0.01781902 0.00513369
v 0.00754801 0.01774616 0.00502065
v 0.00767780 0.01706710 0.00515078
v 0.00735334 0.02199684 0.00182415
v 0.00740545 0.02189046 0.00191237
v 0.00738775 0.02186132 0.00206291
v 0.00728353 0.02202890 0.00206291
v 0.00714784 0.02217462 0.00222281
v 0.00711835 0.02213090 0.00240147
v 0.00717046 0.02194001 0.00259942
v 0.00730811 0.02174183 0.00258509
v 0.00744281 0.02061686 0.00358865
v 0.00743003 0.02032105 0.00383457
v 0.00747722 0.02014910 0.00389137
v 0.00755490 0.01990283 0.00395644
v 0.00714194 0.02189775 0.00273838
v 0.00718914 0.02175057 0.00284370
v 0.00709475 0.02183363 0.00291703
v 0.00690106 0.02220376 0.00278745
v 0.00684894 0.02213382 0.00296611
v 0.00691580 0.02195458 0.00307529
v 0.00701019 0.02176806 0.00314532
v 0.00710556 0.02157133 0.00321479
v 0.00720880 0.02148536 0.00312988
v 0.00735137 0.02096805 0.00341826
v 0.00716063 0.02139210 0.00330467
v 0.00732974 0.02069847 0.00367632
v 0.00737693 0.02049883 0.00376785
v 0.00721077 0.02121577 0.00339841
v 0.00716063 0.02112106 0.00356549
v 0.00719995 0.02093162 0.00366254
v 0.00745166 0.01982851 0.00412847
v 0.00752638 0.01958224 0.00419244
v 0.00742315 0.01950647 0.00435951
v 0.00764339 0.01913925 0.00430603
v 0.00522761 0.02402819 0.00186716
v 0.00523843 0.02403256 0.00182415
v 0.00743396 0.00990493 0.00680721
v 0.00743101 0.01015557 0.00677192
v 0.00644287 0.01475597 0.00643060
v 0.00629342 0.01483029 0.00647636
v 0.00607318 0.01519896 0.00649511
v 0.00593160 0.01504887 0.00656734
v 0.00752933 0.01023280 0.00670961
v 0.00754211 0.01048490 0.00666163
v 0.00754211 0.01075448 0.00661697
v 0.00756473 0.01103718 0.00655852
v 0.00750967 0.01129073 0.00654363
v 0.00746444 0.01155886 0.00652103
v 0.00727370 0.01155886 0.00661366
v 0.00739955 0.01193919 0.00648794
v 0.00732482 0.01236470 0.00645100
v 0.00743101 0.01175995 0.00650338
v 0.00727370 0.01317053 0.00633520
v 0.00701708 0.01422846 0.00627400
v 0.00694235 0.01451262 0.00626021
v 0.00673686 0.01451262 0.00635285
v 0.00566220 0.01583139 0.00651992
v 0.00583623 0.01558658 0.00650559
v 0.00593455 0.01530097 0.00652323
v 0.00620002 0.01558658 0.00637159
v 0.00620002 0.01585471 0.00632031
v 0.00612038 0.01639242 0.00624698
v 0.00608007 0.01655125 0.00622933
v 0.00590505 0.01717202 0.00615324
v 0.00584213 0.01800117 0.00597569
v 0.00580181 0.01814252 0.00595749
v 0.00573987 0.01832176 0.00592992
v 0.00590702 0.01824744 0.00587643
v 0.00595028 0.01855346 0.00576009
v 0.00605254 0.01865400 0.00568068
v 0.00586572 0.01880701 0.00571873
v 0.00581165 0.01896002 0.00569337
v 0.00568383 0.01963179 0.00550368
v 0.00578707 0.01973525 0.00541325
v 0.00558944 0.01988097 0.00544744
v 0.00553044 0.02001649 0.00541876
v 0.00537510 0.02012287 0.00544854
v 0.00545179 0.02019573 0.00538072
v 0.00564646 0.02039682 0.00518993
v 0.00537510 0.02039828 0.00532558
v 0.00537903 0.02067078 0.00519269
v 0.00518238 0.02047551 0.00538182
v 0.00510668 0.02066641 0.00532613
v 0.00510864 0.02093890 0.00519159
v 0.00518632 0.02101905 0.00511329
v 0.00510864 0.02120412 0.00505098
v 0.00485890 0.02129883 0.00511715
v 0.00574282 0.01913925 0.00566083
v 0.00565728 0.01934472 0.00562609
v 0.00512634 0.02155968 0.00484310
v 0.00533380 0.02168791 0.00465396
v 0.00513224 0.02177097 0.00470690
v 0.00512634 0.02142561 0.00491919
v 0.00526694 0.02136295 0.00488445
v 0.00522565 0.02186715 0.00459441
v 0.00537805 0.02202015 0.00440528
v 0.00538296 0.02228828 0.00420457
v 0.00545670 0.02210321 0.00430106
v 0.00550586 0.02268318 0.00379212
v 0.00548915 0.02240048 0.00404962
v 0.00566318 0.02276041 0.00359747
v 0.00566318 0.02289448 0.00346238
v 0.00599846 0.02290759 0.00313649
v 0.00607613 0.02270941 0.00328207
v 0.00634947 0.02244566 0.00328703
v 0.00633472 0.02270067 0.00300250
v 0.00620985 0.02289739 0.00289332
v 0.00630621 0.02294111 0.00269041
v 0.00612726 0.02301834 0.00282109
v 0.00601812 0.02319758 0.00266449
v 0.00592963 0.02331415 0.00258454
v 0.00592963 0.02343219 0.00235074
v 0.00583918 0.02353565 0.00227465
v 0.00566416 0.02371926 0.00208276
v 0.00552160 0.02377026 0.00218532
v 0.00607908 0.02324858 0.00248528
v 0.00580181 0.02270358 0.00354288
v 0.00608498 0.02244857 0.00355611
v 0.00530529 0.02399904 0.00182415
v 0.00557469 0.02380086 0.00200666
v 0.00787739 0.01478075 0.00563933
v 0.00792262 0.01451262 0.00567131
v 0.00763355 0.01424449 0.00592661
v 0.00783708 0.01426927 0.00578214
v 0.00775842 0.01343866 0.00601153
v 0.00795113 0.01305541 0.00595914
v 0.00805634 0.01315450 0.00586540
v 0.00759128 0.01451262 0.00589794
v 0.00797375 0.01290095 0.00597513
v 0.00801209 0.01263282 0.00600160
v 0.00794819 0.01170458 0.00622547
v 0.00800521 0.01129073 0.00626572
v 0.00836016 0.01126450 0.00602090
v 0.00848207 0.01115667 0.00595528
v 0.00770533 0.01692867 0.00517394
v 0.00775744 0.01666054 0.00521916
v 0.00764535 0.01639242 0.00539561
v 0.00751164 0.01639242 0.00548990
v 0.00731794 0.01639242 0.00562389
v 0.00736808 0.01612283 0.00565973
v 0.00756768 0.01614615 0.00551636
v 0.00764732 0.01531846 0.00566635
v 0.00849781 0.01102261 0.00596741
v 0.00852829 0.01075448 0.00599223
v 0.00869740 0.00990493 0.00600767
v 0.00731696 0.01934326 0.00453155
v 0.00740741 0.01840191 0.00488059
v 0.00734350 0.01800117 0.00510005
v 0.00713604 0.01893524 0.00487894
v 0.00720880 0.01800117 0.00519875
v 0.00699643 0.01801283 0.00534488
v 0.00708098 0.01773305 0.00537686
v 0.00728746 0.01773159 0.00523184
v 0.00741921 0.01681938 0.00542593
v 0.00742511 0.01763979 0.00516291
v 0.00758833 0.01666054 0.00535370
v 0.00734350 0.02201287 0.00182415
v 0.00719504 0.02224748 0.00182415
v 0.00716947 0.02220813 0.00206291
v 0.00707803 0.02234220 0.00206291
v 0.00704362 0.02227808 0.00231986
v 0.00687451 0.02243546 0.00247426
v 0.00693252 0.02229557 0.00257792
v 0.00707902 0.02207407 0.00259942
v 0.00714391 0.02082670 0.00381252
v 0.00718619 0.02068681 0.00386325
v 0.00727665 0.02042160 0.00394541
v 0.00717734 0.02034436 0.00411524
v 0.00736612 0.02014910 0.00402536
v 0.00683125 0.02238300 0.00265291
v 0.00675062 0.02231451 0.00289057
v 0.00659724 0.02242526 0.00299368
v 0.00665918 0.02223290 0.00313649
v 0.00686074 0.02188172 0.00325450
v 0.00692662 0.02170248 0.00334493
v 0.00709967 0.02130029 0.00348388
v 0.00685779 0.02160776 0.00352413
v 0.00700331 0.02122015 0.00367081
v 0.00708590 0.02100594 0.00374470
v 0.00737202 0.01968571 0.00430768
v 0.00713899 0.02001358 0.00434407
v 0.00719307 0.01983434 0.00439260
v 0.00725895 0.01958662 0.00446538
v 0.00714588 0.01948898 0.00461867
v 0.00747132 0.00990493 0.00679122
v 0.00746444 0.00994865 0.00678791
v 0.00760504 0.00990493 0.00672505
v 0.00646844 0.01504887 0.00636553
v 0.00617740 0.01530097 0.00643446
v 0.00773089 0.01075448 0.00652047
v 0.00766993 0.01113627 0.00648849
v 0.00759914 0.01155886 0.00645265
v 0.00766502 0.01273191 0.00621720
v 0.00756178 0.01263865 0.00628502
v 0.00742216 0.01334248 0.00623099
v 0.00722158 0.01370678 0.00626572
v 0.00717439 0.01397491 0.00624146
v 0.00714686 0.01412937 0.00622713
v 0.00711441 0.01430861 0.00621003
v 0.00707705 0.01451262 0.00619073
v 0.00690204 0.01472246 0.00623981
v 0.00676045 0.01479969 0.00628888
v 0.00620788 0.01611118 0.00626683
v 0.00646844 0.01531846 0.00631370
v 0.00647335 0.01556764 0.00626297
v 0.00625410 0.01639242 0.00618963
v 0.00630326 0.01619278 0.00621058
v 0.00618134 0.01664889 0.00616206
v 0.00620002 0.01692867 0.00608541
v 0.00593160 0.01746492 0.00606998
v 0.00597683 0.01800117 0.00591448
v 0.00612824 0.01746492 0.00598340
v 0.00620002 0.01800117 0.00580861
v 0.00620002 0.01825473 0.00573417
v 0.00610956 0.01847477 0.00570936
v 0.00628851 0.01833342 0.00566249
v 0.00620002 0.01855346 0.00563492
v 0.00622657 0.01883324 0.00552022
v 0.00599944 0.01880701 0.00565477
v 0.00634553 0.01815418 0.00569281
v 0.00591292 0.01905911 0.00560679
v 0.00585589 0.01955601 0.00544854
v 0.00572414 0.01988097 0.00538127
v 0.00603484 0.01943507 0.00540112
v 0.00593946 0.01963179 0.00537190
v 0.00595225 0.01989992 0.00524838
v 0.00586376 0.02014910 0.00518773
v 0.00580673 0.02029482 0.00515519
v 0.00563663 0.02012287 0.00531896
v 0.00554618 0.02057169 0.00515905
v 0.00527972 0.02083981 0.00515905
v 0.00554028 0.02110065 0.00488776
v 0.00537116 0.02120266 0.00491919
v 0.00545867 0.02075092 0.00511439
v 0.00537903 0.02093890 0.00505704
v 0.00551275 0.02161068 0.00460379
v 0.00538984 0.02148681 0.00474439
v 0.00541147 0.02177097 0.00455471
v 0.00555994 0.02192398 0.00436503
v 0.00559730 0.02222125 0.00412241
v 0.00566318 0.02248646 0.00385553
v 0.00579788 0.02243254 0.00380866
v 0.00566318 0.02262052 0.00373201
v 0.00616954 0.02253746 0.00337415
v 0.00639371 0.02254766 0.00311003
v 0.00626393 0.02236114 0.00346624
v 0.00643992 0.02226642 0.00337305
v 0.00661002 0.02217170 0.00327986
v 0.00654218 0.02236697 0.00313649
v 0.00637798 0.02274730 0.00286796
v 0.00635930 0.02299211 0.00251120
v 0.00619215 0.02309557 0.00258784
v 0.00657168 0.02266570 0.00267662
v 0.00646549 0.02283036 0.00259391
v 0.00602599 0.02347445 0.00206291
v 0.00612136 0.02328355 0.00233089
v 0.00589129 0.02357499 0.00206291
v 0.00625606 0.02316843 0.00233089
v 0.00588932 0.02253018 0.00363938
v 0.00597781 0.02234948 0.00373532
v 0.00607220 0.02217024 0.00381362
v 0.00616757 0.02226496 0.00364599
v 0.00635045 0.02218190 0.00355611
v 0.00538099 0.02395678 0.00182415
v 0.00574085 0.02374111 0.00182415
v 0.00561009 0.02382563 0.00182415
v 0.00559534 0.02383438 0.00182415
v 0.00774368 0.01478075 0.00573252
v 0.00766207 0.01406380 0.00594536
v 0.00742708 0.01469914 0.00596686
v 0.00745756 0.01451262 0.00598561
v 0.00781053 0.01290095 0.00608652
v 0.00779284 0.01263865 0.00614993
v 0.00769156 0.01255413 0.00623319
v 0.00804159 0.01102261 0.00629054
v 0.00817531 0.01102261 0.00619680
v 0.00793442 0.01031732 0.00648629
v 0.00822349 0.01065539 0.00623043
v 0.00828051 0.01021677 0.00627069
v 0.00844963 0.00994865 0.00620011
v 0.00745461 0.01666054 0.00545019
v 0.00715079 0.01655271 0.00569447
v 0.00718324 0.01639242 0.00571487
v 0.00739267 0.01487838 0.00594646
v 0.00739758 0.01596108 0.00567958
v 0.00743003 0.01578185 0.00570164
v 0.00759914 0.01558658 0.00563326
v 0.00751262 0.01531846 0.00575898
v 0.00859613 0.00990493 0.00609038
v 0.00863742 0.00994865 0.00604902
v 0.00716456 0.01817895 0.00516732
v 0.00699938 0.01935346 0.00479788
v 0.00685484 0.01944964 0.00486956
v 0.00685779 0.01811047 0.00540994
v 0.00690106 0.01793123 0.00543806
v 0.00728353 0.01691701 0.00548990
v 0.00733466 0.01719680 0.00536693
v 0.00710458 0.02238154 0.00182415
v 0.00694333 0.02252289 0.00206291
v 0.00690204 0.02247043 0.00233089
v 0.00678995 0.02260449 0.00233089
v 0.00665623 0.02276333 0.00233089
v 0.00661887 0.02271815 0.00249741
v 0.00706722 0.02068681 0.00399779
v 0.00712031 0.02052360 0.00405624
v 0.00690695 0.02113854 0.00384615
v 0.00688237 0.02083690 0.00408712
v 0.00701314 0.02042888 0.00421780
v 0.00709770 0.02014910 0.00430658
v 0.00665230 0.02248646 0.00281447
v 0.00652645 0.02257243 0.00288946
v 0.00680470 0.02177971 0.00342267
v 0.00666213 0.02176077 0.00360629
v 0.00659921 0.02162233 0.00380480
v 0.00676045 0.02152616 0.00370058
v 0.00692072 0.02142853 0.00359692
v 0.00702691 0.01991595 0.00449792
v 0.00709278 0.01966676 0.00457180
v 0.00685878 0.01999609 0.00460323
v 0.00691384 0.01981686 0.00464845
v 0.00700429 0.01959099 0.00468429
v 0.00778399 0.00990493 0.00663296
v 0.00663952 0.01531846 0.00624091
v 0.00660805 0.01546563 0.00622602
v 0.00777416 0.01048490 0.00654253
v 0.00790787 0.01048490 0.00647195
v 0.00730811 0.01397491 0.00617143
v 0.00735629 0.01370678 0.00619680
v 0.00727370 0.01451262 0.00608707
v 0.00725108 0.01422846 0.00615324
v 0.00699741 0.01479969 0.00617364
v 0.00675161 0.01612138 0.00601594
v 0.00686468 0.01490169 0.00622051
v 0.00638290 0.01585471 0.00624422
v 0.00646844 0.01639242 0.00609479
v 0.00644877 0.01611118 0.00616371
v 0.00656676 0.01564341 0.00620783
v 0.00648515 0.01666929 0.00602035
v 0.00640846 0.01692867 0.00599112
v 0.00635930 0.01711228 0.00596797
v 0.00621280 0.01719971 0.00601208
v 0.00618330 0.01772285 0.00589077
v 0.00631112 0.01729151 0.00594481
v 0.00638585 0.01800117 0.00571487
v 0.00644877 0.01825473 0.00559963
v 0.00647532 0.01853306 0.00548548
v 0.00638978 0.01876184 0.00545185
v 0.00633374 0.01894107 0.00541821
v 0.00615577 0.01907514 0.00547170
v 0.00609678 0.01925583 0.00543641
v 0.00651956 0.01800117 0.00563988
v 0.00675554 0.01801283 0.00549982
v 0.00593946 0.01934472 0.00548548
v 0.00619215 0.01934472 0.00534598
v 0.00636717 0.01952687 0.00517008
v 0.00620887 0.01961430 0.00522632
v 0.00612431 0.01982268 0.00518387
v 0.00605548 0.02000192 0.00514361
v 0.00599747 0.02014910 0.00510998
v 0.00613414 0.02036768 0.00492360
v 0.00606040 0.02054692 0.00487839
v 0.00586474 0.02068681 0.00492084
v 0.00580280 0.02082670 0.00488445
v 0.00572512 0.02047406 0.00510943
v 0.00564646 0.02067078 0.00505263
v 0.00564253 0.02093162 0.00491974
v 0.00571922 0.02100594 0.00483593
v 0.00578313 0.02134401 0.00460489
v 0.00568088 0.02150867 0.00456464
v 0.00583524 0.02166314 0.00437054
v 0.00565531 0.02175494 0.00442072
v 0.00573889 0.02184092 0.00430603
v 0.00566810 0.02203327 0.00421394
v 0.00577625 0.02214256 0.00406175
v 0.00590505 0.02227371 0.00385663
v 0.00653038 0.02207698 0.00345907
v 0.00653726 0.02289739 0.00233089
v 0.00640256 0.02303437 0.00233089
v 0.00605942 0.02350068 0.00191072
v 0.00630621 0.02321215 0.00212246
v 0.00594930 0.02204347 0.00401047
v 0.00605057 0.02188026 0.00406506
v 0.00617740 0.02200412 0.00385939
v 0.00633669 0.02189775 0.00380976
v 0.00625115 0.02207553 0.00373532
v 0.00596896 0.02358519 0.00182415
v 0.00752638 0.01478512 0.00587919
v 0.00729139 0.01478512 0.00602090
v 0.00795998 0.01013808 0.00650118
v 0.00812517 0.00990493 0.00643335
v 0.00832378 0.00990493 0.00629716
v 0.00783118 0.01022406 0.00655576
v 0.00781053 0.00994865 0.00661201
v 0.00781053 0.00990493 0.00661918
v 0.00845454 0.00990493 0.00620397
v 0.00688434 0.01708896 0.00569392
v 0.00701314 0.01664889 0.00574465
v 0.00672801 0.01666929 0.00589628
v 0.00663264 0.01658477 0.00597127
v 0.00700528 0.01639242 0.00581633
v 0.00678995 0.01746492 0.00564043
v 0.00683911 0.01726820 0.00566855
v 0.00698856 0.01612138 0.00588911
v 0.00716849 0.01531846 0.00597072
v 0.00722355 0.01504887 0.00599995
v 0.00706132 0.01853888 0.00509399
v 0.00660117 0.01920628 0.00514858
v 0.00701609 0.01826930 0.00523570
v 0.00680273 0.01961285 0.00483207
v 0.00666901 0.01961285 0.00492801
v 0.00655889 0.01934326 0.00512045
v 0.00656873 0.01861903 0.00539726
v 0.00662379 0.01843979 0.00543145
v 0.00667590 0.01826930 0.00546177
v 0.00694333 0.02259284 0.00182415
v 0.00686566 0.02269338 0.00182415
v 0.00683518 0.02265695 0.00206291
v 0.00657954 0.02294402 0.00212577
v 0.00681748 0.02101614 0.00402536
v 0.00663853 0.02113271 0.00410752
v 0.00673096 0.02093745 0.00415439
v 0.00660216 0.02081941 0.00434407
v 0.00690499 0.02033271 0.00437495
v 0.00696300 0.02014910 0.00442678
v 0.00640060 0.02176077 0.00386435
v 0.00631506 0.02160339 0.00406010
v 0.00673784 0.01988243 0.00474825
v 0.00680667 0.02014910 0.00456078
v 0.00661985 0.02030648 0.00462584
v 0.00667295 0.02014910 0.00466444
v 0.00673686 0.01585471 0.00608100
v 0.00667688 0.01639242 0.00599498
v 0.00700528 0.01531846 0.00605729
v 0.00688827 0.01602957 0.00596411
v 0.00685091 0.01620881 0.00594425
v 0.00658642 0.01676401 0.00594701
v 0.00647630 0.01772139 0.00574299
v 0.00657069 0.01780299 0.00566855
v 0.00647532 0.01883324 0.00537245
v 0.00642419 0.01934326 0.00520647
v 0.00629047 0.01907514 0.00539230
v 0.00671719 0.01772139 0.00560790
v 0.00646155 0.01961430 0.00506862
v 0.00630326 0.01970465 0.00513148
v 0.00620887 0.01989992 0.00509895
v 0.00621477 0.02015930 0.00497433
v 0.00631309 0.02025547 0.00486736
v 0.00621477 0.02044200 0.00483317
v 0.00612234 0.02088936 0.00465176
v 0.00599944 0.02068681 0.00484089
v 0.00592472 0.02094765 0.00474384
v 0.00586769 0.02116477 0.00465672
v 0.00594733 0.02124200 0.00455912
v 0.00592767 0.02148390 0.00442127
v 0.00604664 0.02106714 0.00460048
v 0.00601419 0.02156842 0.00430878
v 0.00613611 0.02170102 0.00413013
v 0.00587162 0.02196478 0.00412682
v 0.00616856 0.02342636 0.00182415
v 0.00607318 0.02351088 0.00182415
v 0.00633865 0.02324129 0.00194325
v 0.00645959 0.02309266 0.00203423
v 0.00621477 0.02177826 0.00400716
v 0.00798555 0.00994865 0.00651717
v 0.00799046 0.00990493 0.00652047
v 0.00795703 0.00990493 0.00653922
v 0.00674472 0.01718660 0.00574409
v 0.00681158 0.01639242 0.00592275
v 0.00661789 0.01976877 0.00489162
v 0.00676439 0.02281870 0.00182415
v 0.00660805 0.02297317 0.00194656
v 0.00668475 0.02284639 0.00204692
v 0.00645959 0.02121140 0.00420402
v 0.00635340 0.02111231 0.00435896
v 0.00654906 0.02095493 0.00430051
v 0.00638683 0.02142415 0.00412131
v 0.00641436 0.02095493 0.00440528
v 0.00655004 0.02048571 0.00457511
v 0.00666410 0.02064018 0.00439646
v 0.00620493 0.02149702 0.00421504
v 0.00627376 0.02129155 0.00430051
v 0.00646745 0.02015930 0.00480670
v 0.00630129 0.02077861 0.00459000
v 0.00637110 0.02059938 0.00463963
v 0.00665525 0.01746492 0.00571597
v 0.00646745 0.01986640 0.00494786
v 0.00637700 0.02007624 0.00491037
v 0.00620690 0.02096951 0.00454699
v 0.00609481 0.02139064 0.00436503
v 0.00619117 0.02120995 0.00441190
v 0.00635438 0.02325732 0.00182415
v 0.00648909 0.02312472 0.00182415
v 0.00662379 0.02299065 0.00182415
f 74 75 49
f 28 43 44
f 28 18 29
f 4 5 1
f 111 75 74
f 43 28 46
f 25 37 38
f 14 15 5
f 8 4 10
f 32 30 20
f 21 10 20
f 20 30 21
f 66 102 67
f 66 67 42
f 45 28 29
f 45 46 28
f 1 5 2
f 5 6 2
f 5 15 16
f 26 25 38
f 1727 1728 1610
f 1281 1385 1386
f 348 287 271
f 1001 1115 1004
f 1971 1840 1970
f 2272 2331 2195
f 3 4 1
f 3 7 4
f 10 4 9
f 4 7 9
f 10 21 19
f 19 8 10
f 18 8 19
f 29 18 19
f 107 110 139
f 75 111 112
f 33 58 34
f 144 114 113
f 78 55 77
f 77 115 78
f 77 114 115
f 145 114 144
f 115 114 145
f 119 84 83
f 17 6 5
f 5 16 17
f 13 14 5
f 163 128 127
f 799 910 911
f 617 532 536
f 1546 1433 1439
f 129 165 166
f 128 165 129
f 164 165 128
f 128 163 164
f 2456 2458 2372
f 2460 2376 2372
f 2377 2376 2263
f 2263 2244 2377
f 2377 2244 2376
f 2365 2453 2369
f 2100 2241 2242
f 2376 2244 2242
f 1190 1192 1079
f 751 856 857
f 857 856 965
f 751 655 750
f 1283 1386 1388
f 1386 1385 1499
f 1280 1281 1184
f 1385 1281 1280
f 1387 1386 1283
f 1387 1281 1386
f 78 115 116
f 125 126 93
f 207 161 160
f 161 126 160
f 1001 1004 899
f 1849 1971 1970
f 1970 1840 1849
f 1849 1840 1718
f 2004 1986 1985
f 1985 1848 1984
f 1986 1848 1985
f 1976 2124 2130
f 1844 1975 1976
f 1976 1975 2124
f 1988 2138 2139
f 2124 1975 1974
f 2004 2002 2157
f 2297 2284 2154
f 2154 2284 2298
f 2408 2409 2293
f 2003 2002 2004
f 1863 2000 2001
f 2466 2467 2392
f 2040 2039 2188
f 1979 2134 2135
f 2136 1979 2135
f 2275 2274 2195
f 2130 2124 2270
f 2270 2272 2130
f 1781 1663 1782
f 1657 1663 1539
f 1773 1782 1894
f 108 111 74
f 108 107 111
f 166 170 167
f 66 99 100
f 140 107 139
f 139 180 140
f 111 107 140
f 140 112 111
f 143 112 140
f 140 180 143
f 179 180 139
f 23 22 33
f 33 34 23
f 57 58 33
f 36 90 60
f 37 25 36
f 36 61 37
f 60 61 36
f 59 34 58
f 58 90 59
f 90 36 59
f 76 77 55
f 76 113 114
f 114 77 76
f 33 55 56
f 55 83 56
f 56 85 86
f 56 84 85
f 56 83 84
f 56 57 33
f 88 57 56
f 55 81 82
f 82 83 55
f 82 81 119
f 119 83 82
f 119 81 80
f 80 118 119
f 80 81 55
f 119 118 149
f 288 287 348
f 536 532 531
f 215 163 214
f 214 286 215
f 217 164 215
f 215 164 163
f 216 271 287
f 287 288 216
f 529 532 615
f 532 620 615
f 802 914 803
f 802 803 712
f 712 711 802
f 712 620 619
f 619 711 712
f 619 620 532
f 709 617 708
f 799 800 709
f 709 708 799
f 1546 1439 1550
f 1232 1230 1126
f 1126 1230 1231
f 1126 1012 1127
f 1127 1232 1126
f 1013 911 910
f 910 1012 1013
f 1013 1012 1126
f 1547 1433 1546
f 1547 1434 1433
f 2413 2445 2357
f 2357 2409 2413
f 2072 1926 2071
f 978 975 1091
f 1091 1094 978
f 978 1094 980
f 225 170 166
f 727 829 728
f 940 939 1040
f 833 939 940
f 139 110 142
f 142 179 139
f 182 179 142
f 169 170 226
f 976 940 1040
f 880 940 976
f 867 972 868
f 2428 2483 2476
f 2476 2483 2458
f 2372 2371 2370
f 2370 2456 2372
f 2458 2483 2482
f 2482 2483 2428
f 2450 2363 2449
f 1343 1241 1339
f 1339 1241 1237
f 2384 2460 2372
f 2376 2460 2384
f 1823 1824 1694
f 1822 1824 1823
f 1948 1822 1947
f 1947 1824 1948
f 1948 1824 1822
f 1364 1361 1360
f 1254 1358 1359
f 1359 1360 1254
f 1254 1360 1361
f 1590 1470 1589
f 1698 1824 1699
f 1589 1470 1469
f 1469 1470 1359
f 1359 1358 1469
f 1358 1254 1357
f 2365 2363 2452
f 2452 2453 2365
f 2374 2241 2372
f 2372 2241 2373
f 2244 2243 2102
f 2102 2242 2244
f 2376 2242 2375
f 2375 2242 2241
f 2241 2374 2375
f 2372 2376 2375
f 2375 2374 2372
f 1947 1945 2099
f 2099 1945 2100
f 2100 2242 2099
f 2099 2102 1947
f 2242 2102 2099
f 1947 1822 1949
f 1949 1945 1947
f 2380 2420 2382
f 2464 2463 2382
f 2382 2420 2464
f 2464 2473 2463
f 2420 2473 2464
f 1708 1830 1836
f 1832 1705 1708
f 1072 1073 965
f 965 1071 1072
f 1301 1280 1199
f 1192 1190 1189
f 751 750 854
f 1076 1190 1079
f 1076 1189 1190
f 472 479 473
f 472 396 487
f 564 644 655
f 655 656 564
f 555 476 561
f 652 653 559
f 1858 1729 1728
f 1613 1494 1610
f 1610 1728 1613
f 1728 1729 1613
f 1844 1982 1845
f 1369 1481 1479
f 1479 1480 1369
f 1481 1480 1479
f 1720 1719 1718
f 1368 1388 1386
f 1283 1388 1368
f 1487 1488 1376
f 1282 1387 1283
f 1281 1387 1282
f 1282 1283 1184
f 1184 1281 1282
f 947 840 843
f 1610 1494 1493
f 1494 1379 1493
f 770 883 884
f 681 770 683
f 683 682 681
f 507 589 590
f 506 417 505
f 418 417 506
f 506 507 418
f 516 517 428
f 684 589 683
f 683 685 684
f 684 685 589
f 120 84 119
f 119 122 120
f 85 84 120
f 86 85 120
f 156 126 125
f 203 204 156
f 256 195 194
f 194 195 151
f 151 199 194
f 191 199 151
f 258 340 260
f 118 80 117
f 117 149 118
f 117 150 151
f 151 149 117
f 162 126 161
f 161 209 210
f 430 431 352
f 352 353 273
f 265 203 264
f 265 204 203
f 264 266 265
f 266 204 265
f 264 203 263
f 1119 1115 1001
f 1001 1118 1119
f 1425 1428 1317
f 1115 1225 1226
f 898 899 789
f 1001 899 898
f 1425 1314 1424
f 1424 1427 1425
f 1314 1427 1424
f 2387 2265 2263
f 2263 2386 2387
f 2387 2386 2265
f 1983 1848 1865
f 1984 1848 1983
f 1865 1985 1983
f 1983 1985 1984
f 2137 1986 2004
f 2137 2138 1986
f 2139 2138 2137
f 1718 1848 1850
f 1850 1849 1718
f 1850 1848 1986
f 1986 1849 1850
f 2143 1988 2142
f 1978 1979 1844
f 1971 1988 2123
f 2123 2270 2124
f 2140 1988 2139
f 1971 1849 1989
f 1989 1988 1971
f 1849 1988 1989
f 2138 1988 1987
f 1987 1988 1849
f 1986 2138 1987
f 1987 1849 1986
f 2124 1974 1973
f 2004 2157 2158
f 2139 2137 2158
f 2158 2137 2004
f 2002 2154 2155
f 2296 2354 2297
f 2296 2222 2354
f 2150 2001 2000
f 2002 2001 2150
f 1863 2001 1864
f 1864 2003 2004
f 2002 2003 1864
f 1864 2001 2002
f 2004 1985 1864
f 1864 1985 1865
f 2195 2328 2279
f 2193 2328 2195
f 2192 2279 2193
f 2193 2279 2328
f 2192 2193 2046
f 2040 2188 2189
f 2189 2324 2192
f 2192 2046 2189
f 2395 2324 2396
f 2396 2279 2395
f 2130 2272 2125
f 2125 2271 2126
f 2125 1976 2130
f 2126 1976 2125
f 2273 2272 2195
f 2273 2125 2272
f 2271 2125 2273
f 2282 2291 2146
f 2135 2134 2278
f 2278 2136 2135
f 2278 2280 2136
f 1844 1979 1980
f 1979 2136 1980
f 2134 1979 2133
f 2133 2275 2195
f 2191 2042 2190
f 1781 1782 1897
f 1906 2057 2058
f 1774 1663 1657
f 1774 1782 1663
f 1894 1782 1774
f 1657 1773 1774
f 1774 1773 1894
f 1901 1902 1782
f 31 32 20
f 31 47 32
f 51 52 32
f 32 52 53
f 53 54 32
f 66 65 98
f 98 99 66
f 168 167 170
f 132 100 99
f 132 170 169
f 132 168 170
f 180 179 244
f 324 249 245
f 180 244 245
f 504 503 412
f 769 678 677
f 583 503 504
f 24 23 34
f 147 115 146
f 115 145 146
f 154 151 119
f 119 153 154
f 154 153 151
f 151 153 152
f 152 149 151
f 152 153 119
f 119 149 152
f 95 94 127
f 95 64 94
f 127 128 95
f 128 129 95
f 62 61 92
f 92 93 62
f 364 286 283
f 283 286 214
f 366 361 285
f 444 531 532
f 444 532 529
f 213 283 214
f 214 163 213
f 163 216 213
f 912 800 799
f 799 911 912
f 1129 1133 1017
f 1017 1132 1019
f 803 914 915
f 915 1017 1019
f 914 1017 915
f 529 615 530
f 615 616 530
f 801 802 711
f 801 709 800
f 532 617 618
f 617 709 618
f 618 619 532
f 519 431 430
f 520 431 519
f 1438 1550 1439
f 1438 1437 1550
f 1557 1550 1549
f 1550 1437 1549
f 1333 1232 1334
f 1232 1127 1233
f 1233 1334 1232
f 1126 1231 1128
f 1128 1013 1126
f 911 1013 1014
f 1014 1128 1129
f 1013 1128 1014
f 2338 2337 2208
f 2208 2337 2210
f 2403 2284 2297
f 2297 2354 2403
f 2222 2216 2215
f 1223 1324 1221
f 1445 1432 1434
f 1546 1550 1669
f 1550 1672 1669
f 1669 1788 1786
f 1668 1547 1546
f 1546 1669 1668
f 1668 1669 1786
f 1781 1900 1784
f 2043 1897 2042
f 2043 2042 2191
f 2226 2357 2358
f 2226 2076 2224
f 1091 1205 1206
f 1206 1309 1209
f 1205 1309 1206
f 1090 1205 1091
f 1091 975 1090
f 1835 1832 1708
f 2106 2105 1966
f 1837 1836 1966
f 1837 1833 1708
f 1708 1836 1837
f 2120 2248 2246
f 2120 2106 1966
f 2246 2106 2120
f 2265 2248 2120
f 2265 2250 2249
f 2249 2248 2265
f 2246 2248 2107
f 2107 2106 2246
f 2248 2249 2107
f 2107 2249 2250
f 2250 2251 2107
f 727 825 826
f 826 825 930
f 828 829 727
f 828 937 829
f 579 498 497
f 639 638 551
f 640 554 553
f 553 638 640
f 640 638 729
f 729 641 640
f 640 641 554
f 166 165 223
f 222 223 165
f 712 803 797
f 803 908 797
f 289 286 364
f 369 289 364
f 1040 939 1039
f 1039 939 1038
f 833 940 941
f 1475 1599 1476
f 1476 1599 1531
f 1414 1413 1478
f 1478 1531 1414
f 1478 1476 1531
f 1414 1531 1529
f 493 574 575
f 575 576 493
f 761 760 866
f 761 867 868
f 584 583 504
f 677 678 584
f 491 572 573
f 400 572 491
f 182 248 240
f 241 179 240
f 240 179 182
f 1092 976 1040
f 1093 976 1092
f 1040 1159 1092
f 977 976 1093
f 977 1088 972
f 1093 1088 977
f 972 1088 1087
f 462 551 550
f 550 551 638
f 550 638 553
f 303 226 302
f 302 226 301
f 2485 2479 2476
f 2449 2486 2485
f 2485 2450 2449
f 2457 2476 2492
f 1815 1695 1689
f 1941 1819 1815
f 2369 2370 2234
f 2365 2369 2234
f 2457 2456 2455
f 2455 2370 2457
f 2456 2370 2455
f 2454 2453 2457
f 2457 2370 2454
f 2454 2369 2453
f 2454 2370 2369
f 1932 1931 1930
f 1930 1931 1803
f 1930 1929 2079
f 2364 2363 2365
f 2365 2230 2364
f 2364 2230 2363
f 2228 2358 2359
f 2359 2360 2228
f 1238 1133 1240
f 1237 1241 1239
f 1241 1134 1239
f 1021 1136 1137
f 1803 1931 1804
f 1804 1931 1932
f 2428 2384 2459
f 2458 2482 2459
f 2459 2482 2428
f 2372 2458 2459
f 2459 2384 2372
f 2385 2386 2263
f 2263 2384 2385
f 2385 2384 2386
f 2465 2384 2428
f 2263 2376 2383
f 2383 2384 2263
f 2376 2384 2383
f 1950 1824 1947
f 1947 1951 1950
f 1826 1827 1699
f 1364 1360 1472
f 1154 1155 1037
f 1037 1155 1040
f 1040 1039 1037
f 1037 1039 1038
f 1359 1470 1471
f 1471 1360 1359
f 1598 1599 1475
f 1708 1705 1598
f 1598 1707 1708
f 1253 1254 1151
f 1255 1254 1361
f 1464 1465 1354
f 1354 1465 1466
f 1466 1465 1587
f 1822 1817 1821
f 1821 1941 1943
f 1819 1941 1821
f 1473 1471 1470
f 1360 1471 1473
f 1593 1472 1473
f 1473 1472 1360
f 1470 1590 1591
f 1699 1700 1591
f 1591 1698 1699
f 1591 1590 1694
f 1694 1824 1701
f 1824 1698 1701
f 1701 1591 1694
f 1698 1591 1701
f 2232 2230 2366
f 2366 2367 2232
f 2366 2230 2365
f 2365 2367 2366
f 2101 2102 2243
f 2101 1951 1947
f 1947 2102 2101
f 2101 2243 2244
f 2244 2245 2101
f 2098 2240 2241
f 2098 2241 2100
f 2100 1945 2098
f 2463 2493 2461
f 2494 2493 2463
f 2494 2473 2495
f 2463 2473 2494
f 2379 2380 2253
f 2420 2380 2379
f 2300 2161 2160
f 2269 2266 2122
f 2122 2268 2269
f 2122 2259 2267
f 2267 2268 2122
f 2116 2259 2122
f 2382 2257 2258
f 1960 1965 1969
f 1528 1649 1532
f 1648 1649 1528
f 1308 1205 1307
f 1308 1309 1205
f 1307 1416 1308
f 1308 1416 1309
f 1420 1309 1419
f 1708 1707 1704
f 1707 1598 1704
f 1622 1740 1741
f 1622 1626 1625
f 1507 1621 1622
f 856 963 964
f 965 856 964
f 964 1071 965
f 751 857 858
f 1084 1196 1198
f 1764 1646 1755
f 1525 1644 1527
f 1498 1385 1384
f 1385 1280 1384
f 1496 1384 1411
f 1522 1525 1410
f 1522 1644 1525
f 485 396 395
f 395 396 314
f 313 394 314
f 314 394 395
f 313 314 238
f 238 314 308
f 735 646 657
f 557 646 558
f 477 562 557
f 961 854 852
f 855 961 962
f 854 961 855
f 751 854 855
f 855 856 751
f 855 963 856
f 967 1076 1079
f 967 858 857
f 1079 968 967
f 968 858 967
f 966 1077 1078
f 1078 1076 966
f 966 857 965
f 966 967 857
f 1076 967 966
f 1188 1076 1078
f 1189 1076 1188
f 472 473 389
f 389 314 396
f 308 314 389
f 569 487 568
f 472 487 556
f 556 479 472
f 556 569 644
f 487 569 556
f 749 750 655
f 644 564 563
f 480 479 563
f 563 564 480
f 942 945 1041
f 643 561 653
f 643 555 561
f 653 561 560
f 560 559 653
f 561 476 560
f 651 650 652
f 652 559 651
f 651 559 650
f 1857 1858 1728
f 1611 1613 1729
f 1725 1727 1610
f 1842 1973 1974
f 1842 1974 1975
f 1484 1483 1372
f 1386 1485 1373
f 1484 1372 1373
f 1373 1372 1270
f 1373 1368 1386
f 1270 1368 1373
f 1484 1373 1486
f 1486 1373 1485
f 1375 1480 1487
f 1487 1376 1375
f 1386 1499 1497
f 1497 1500 1386
f 1497 1385 1498
f 1497 1499 1385
f 1498 1384 1497
f 1384 1496 1497
f 955 849 847
f 847 954 955
f 1171 1050 1049
f 1050 947 1049
f 840 947 839
f 839 947 844
f 843 943 948
f 948 947 843
f 1610 1493 1492
f 1492 1493 1379
f 1492 1491 1610
f 1379 1491 1492
f 1381 1278 1379
f 1379 1278 1277
f 1100 1099 1102
f 186 145 144
f 186 146 145
f 187 146 186
f 261 263 262
f 597 517 598
f 598 510 597
f 588 681 682
f 427 516 428
f 428 344 427
f 591 507 590
f 592 593 510
f 510 509 592
f 592 591 593
f 596 595 685
f 597 510 596
f 510 595 596
f 685 595 686
f 590 589 686
f 589 685 686
f 686 591 590
f 593 591 686
f 87 56 86
f 88 56 87
f 60 90 89
f 89 90 58
f 58 57 89
f 89 57 88
f 88 87 89
f 86 120 89
f 89 87 86
f 92 61 91
f 91 120 122
f 91 61 60
f 60 89 91
f 91 89 120
f 91 93 92
f 126 156 159
f 159 156 204
f 159 160 126
f 159 204 207
f 207 160 159
f 190 191 147
f 199 191 190
f 151 150 193
f 259 258 260
f 195 258 259
f 421 424 339
f 79 55 78
f 78 116 79
f 116 117 79
f 79 80 55
f 79 117 80
f 347 344 266
f 429 344 347
f 267 204 266
f 207 204 267
f 267 272 207
f 205 162 212
f 212 268 205
f 281 360 348
f 348 268 281
f 281 359 360
f 281 268 212
f 281 358 359
f 366 285 367
f 367 285 288
f 1008 1012 910
f 910 909 1008
f 1008 1011 1012
f 909 1011 1008
f 799 708 798
f 798 910 799
f 798 909 910
f 625 617 536
f 708 617 625
f 1005 899 1004
f 1004 999 1005
f 354 279 276
f 212 162 211
f 211 162 161
f 161 210 211
f 276 279 277
f 277 210 276
f 279 211 277
f 277 211 210
f 208 272 273
f 207 272 208
f 208 161 207
f 208 209 161
f 351 352 273
f 430 352 351
f 346 347 266
f 429 347 346
f 198 197 260
f 198 261 262
f 151 197 198
f 151 195 196
f 196 197 151
f 195 259 196
f 260 197 196
f 196 259 260
f 155 156 119
f 155 200 156
f 119 151 155
f 151 198 155
f 262 200 155
f 155 198 262
f 156 200 201
f 201 263 203
f 262 263 201
f 201 200 262
f 1224 1225 1115
f 1115 1119 1224
f 1318 1317 1428
f 1318 1429 1330
f 1217 1127 1124
f 1124 1109 1217
f 1110 1109 1124
f 609 604 691
f 1117 1118 1001
f 1001 898 1003
f 2356 2357 2226
f 2226 2352 2356
f 1863 1864 1737
f 1737 1864 1865
f 1865 1848 1737
f 1737 1620 1736
f 1736 1620 1735
f 1735 1620 1646
f 1646 1620 1730
f 2400 2401 2284
f 2337 2401 2340
f 2210 2337 2340
f 2340 2211 2210
f 1844 1976 1977
f 1977 1978 1844
f 1976 1978 1977
f 1972 2123 2124
f 2124 1973 1972
f 1971 2123 1972
f 1972 1842 1971
f 1973 1842 1972
f 2156 2158 2157
f 2156 2154 2298
f 2156 2157 2002
f 2002 2155 2156
f 2298 2284 2156
f 2293 2296 2152
f 2002 2150 2152
f 2152 2150 2293
f 2297 2154 2153
f 2153 2296 2297
f 2153 2154 2002
f 2002 2152 2153
f 2153 2152 2296
f 2410 2293 2409
f 2409 2296 2410
f 2410 2296 2293
f 2416 2296 2415
f 2195 2279 2276
f 2276 2279 2134
f 2276 2133 2195
f 2134 2133 2276
f 2327 2279 2192
f 2327 2324 2395
f 2192 2324 2327
f 2187 2188 2039
f 2187 2189 2188
f 2040 2189 2045
f 2045 2189 2046
f 2045 1902 2040
f 2046 1902 2045
f 2468 2467 2466
f 2466 2396 2468
f 2391 2396 2466
f 2279 2396 2391
f 2466 2392 2391
f 2397 2282 2393
f 2291 2282 2397
f 2145 2282 2146
f 2136 2282 2145
f 2146 1996 2145
f 2145 1996 2136
f 1997 1996 2147
f 2147 1996 2146
f 1856 1996 1997
f 1997 1857 1856
f 1728 1727 1856
f 1856 1857 1728
f 2393 2282 2281
f 2281 2282 2136
f 2136 2280 2281
f 2277 2278 2134
f 2280 2278 2277
f 2277 2281 2280
f 2134 2279 2277
f 2277 2392 2393
f 2393 2281 2277
f 2277 2391 2392
f 2279 2391 2277
f 2132 2133 1979
f 2275 2133 2132
f 1979 1978 2132
f 1978 2131 2132
f 2274 2275 2132
f 2132 2131 2274
f 2195 2331 2329
f 2329 2330 2195
f 2206 2190 2326
f 2333 2202 2331
f 2063 2190 2206
f 2048 1902 2047
f 2047 1902 2046
f 2047 2193 2048
f 2047 2046 2193
f 1904 1902 2051
f 2058 2057 2203
f 2335 2326 2203
f 2203 2057 2202
f 2202 2333 2203
f 2330 2329 2200
f 2051 1902 2050
f 1908 1906 2058
f 2058 2190 2041
f 2041 2190 2042
f 2042 1897 2041
f 2051 2050 1905
f 1905 2050 2054
f 1905 1904 2051
f 1905 1906 1782
f 1782 1904 1905
f 1655 1658 1538
f 1657 1539 1538
f 1539 1659 1660
f 1772 1658 1655
f 1772 1773 1657
f 1657 1658 1772
f 1896 1895 2039
f 1896 2039 2040
f 2040 1902 1896
f 1902 1901 1896
f 1896 1901 1782
f 1782 1773 1896
f 1773 1895 1896
f 32 47 50
f 50 51 32
f 99 98 131
f 167 168 131
f 166 167 131
f 131 132 99
f 168 132 131
f 133 132 169
f 100 132 133
f 134 133 172
f 100 133 134
f 73 108 74
f 107 108 73
f 110 107 73
f 73 109 110
f 109 73 106
f 100 134 106
f 106 134 109
f 106 71 102
f 324 245 323
f 323 245 244
f 143 180 184
f 180 245 184
f 184 245 249
f 331 412 330
f 330 249 331
f 331 249 324
f 324 323 331
f 330 412 411
f 411 412 503
f 874 878 979
f 979 878 981
f 980 1094 981
f 981 878 980
f 677 584 670
f 22 23 11
f 23 24 11
f 34 59 35
f 35 24 34
f 35 59 36
f 35 36 25
f 25 24 35
f 147 146 189
f 189 253 254
f 256 194 189
f 189 190 147
f 189 194 199
f 199 190 189
f 96 95 129
f 64 95 96
f 65 64 96
f 37 61 39
f 61 62 39
f 38 37 39
f 39 26 38
f 63 93 94
f 63 62 93
f 94 64 63
f 284 216 288
f 288 285 284
f 284 213 216
f 285 213 284
f 531 444 446
f 536 531 446
f 361 283 282
f 283 213 282
f 282 285 361
f 282 213 285
f 1015 1014 1129
f 1015 912 911
f 911 1014 1015
f 914 802 913
f 800 912 913
f 913 801 800
f 802 801 913
f 1130 1017 1133
f 1130 1238 1237
f 1133 1238 1130
f 917 908 803
f 529 530 442
f 442 444 529
f 444 442 362
f 710 801 711
f 709 801 710
f 711 619 710
f 619 618 710
f 710 618 709
f 789 699 790
f 790 898 789
f 904 898 790
f 771 772 683
f 883 772 771
f 771 884 883
f 683 770 771
f 770 884 771
f 773 685 683
f 683 772 773
f 1225 1224 1329
f 1329 1226 1225
f 1543 1545 1544
f 1545 1429 1544
f 1544 1427 1543
f 1671 1554 1674
f 1671 1550 1557
f 1671 1672 1550
f 1793 1672 1671
f 1671 1674 1793
f 1327 1438 1439
f 1327 1324 1223
f 1433 1324 1327
f 1327 1439 1433
f 1444 1445 1563
f 1129 1128 1236
f 1236 1133 1129
f 1240 1133 1236
f 1234 1231 1230
f 1234 1128 1231
f 1333 1334 1443
f 1334 1444 1443
f 2343 2211 2342
f 2343 2214 2211
f 2210 2211 2066
f 2205 2336 2209
f 2338 2208 2209
f 2336 2326 2209
f 2354 2222 2353
f 2072 2071 2070
f 2068 2215 2070
f 2070 2215 2216
f 2070 1926 2068
f 2070 2071 1926
f 2217 2222 2072
f 2217 2216 2222
f 2072 2070 2217
f 2217 2070 2216
f 2213 2215 2068
f 2068 2067 2213
f 2213 2067 2214
f 2222 2215 2346
f 2346 2353 2222
f 2222 2296 2347
f 2296 2416 2347
f 1921 1922 1798
f 1798 1791 1921
f 1110 996 995
f 995 1109 1110
f 1108 1109 995
f 1122 1115 1223
f 1122 1004 1115
f 1325 1221 1324
f 1325 1324 1433
f 1433 1322 1325
f 1323 1218 1322
f 1219 1218 1323
f 1433 1434 1323
f 1323 1322 1433
f 1321 1233 1215
f 1215 1127 1217
f 1215 1233 1127
f 1217 1109 1215
f 1215 1109 1108
f 1108 1216 1215
f 1564 1563 1565
f 1565 1445 1564
f 1563 1445 1565
f 1547 1668 1548
f 1548 1668 1670
f 1434 1547 1548
f 1548 1445 1434
f 1548 1670 1564
f 1564 1445 1548
f 1786 1788 1913
f 1793 1788 1787
f 1788 1669 1787
f 1787 1672 1793
f 1787 1669 1672
f 1785 1668 1786
f 1670 1668 1785
f 2205 2209 2064
f 2064 2209 2208
f 2064 2063 2205
f 1790 1791 1670
f 1781 1784 1783
f 1664 1784 1775
f 1775 1659 1664
f 1664 1783 1784
f 1664 1539 1663
f 1664 1659 1539
f 1664 1663 1781
f 1781 1783 1664
f 1776 1659 1775
f 1775 1784 1776
f 1776 1777 1659
f 1784 1777 1776
f 1899 1900 1781
f 1899 2043 1900
f 2227 2076 2226
f 2226 2358 2227
f 2227 2228 2076
f 2358 2228 2227
f 2359 2358 2446
f 2446 2360 2359
f 2447 2360 2446
f 2446 2358 2357
f 2446 2357 2445
f 2414 2296 2409
f 2415 2296 2414
f 2409 2357 2442
f 2442 2414 2409
f 2441 2414 2442
f 2350 2414 2441
f 2350 2442 2357
f 2441 2442 2350
f 2077 1929 2076
f 1304 1413 1414
f 868 972 973
f 972 1087 973
f 973 1087 974
f 1098 1094 1091
f 1091 1206 1098
f 1098 981 1094
f 877 978 980
f 980 878 877
f 975 978 871
f 1209 1310 1208
f 1201 1303 1204
f 1204 1090 1201
f 1205 1090 1204
f 1201 1090 1089
f 1089 1087 1201
f 974 1087 1089
f 975 974 1089
f 1089 1090 975
f 1708 1833 1834
f 1834 1835 1708
f 1833 1837 1834
f 1960 1838 1834
f 1832 1835 1834
f 2020 2173 2021
f 2021 1882 2020
f 2312 2255 2313
f 2313 2255 2252
f 2250 2175 2174
f 2174 2251 2250
f 2174 2173 2312
f 2312 2313 2174
f 2174 2175 2021
f 2021 2173 2174
f 2108 2251 2174
f 2174 2252 2108
f 2174 2313 2252
f 2244 2120 2261
f 2262 2244 2263
f 2263 2120 2262
f 2262 2120 2244
f 2263 2265 2264
f 2264 2120 2263
f 2265 2120 2264
f 2247 2251 2108
f 2108 2107 2247
f 2247 2107 2251
f 1146 1149 1035
f 1355 1467 1354
f 1149 1146 1148
f 827 828 727
f 727 826 827
f 827 931 932
f 826 931 827
f 937 828 936
f 170 225 227
f 227 228 170
f 301 305 381
f 381 305 304
f 230 226 170
f 301 226 230
f 230 305 301
f 501 579 497
f 732 832 733
f 733 832 833
f 733 641 732
f 553 554 467
f 554 501 467
f 303 302 383
f 383 302 382
f 383 467 468
f 306 232 303
f 246 232 306
f 938 939 833
f 833 832 938
f 1038 939 938
f 938 832 937
f 937 936 938
f 829 937 831
f 831 832 732
f 937 832 831
f 298 223 297
f 298 297 376
f 297 223 296
f 223 222 296
f 726 825 727
f 707 620 712
f 712 797 707
f 707 615 620
f 919 812 805
f 1575 1576 1569
f 217 289 218
f 218 164 217
f 218 219 164
f 165 164 220
f 164 219 220
f 541 453 540
f 372 453 373
f 982 940 880
f 880 941 982
f 982 941 940
f 1158 1159 1040
f 1040 1157 1158
f 1156 1157 1040
f 1258 1157 1156
f 1040 1155 1156
f 1156 1155 1258
f 1364 1365 1259
f 1364 1259 1264
f 1264 1259 1157
f 1264 1361 1364
f 1264 1255 1361
f 1257 1157 1258
f 1258 1155 1257
f 1257 1155 1154
f 1257 1264 1157
f 1599 1598 1706
f 1705 1832 1706
f 1706 1598 1705
f 402 494 403
f 403 318 402
f 401 402 318
f 401 318 400
f 400 491 401
f 667 574 573
f 676 584 678
f 583 584 676
f 577 578 494
f 577 493 576
f 494 402 577
f 577 402 493
f 576 584 672
f 672 577 576
f 578 577 672
f 400 318 399
f 318 317 399
f 169 226 171
f 171 133 169
f 172 133 171
f 171 181 172
f 142 181 171
f 398 399 317
f 870 977 972
f 972 867 870
f 880 976 870
f 976 977 870
f 870 866 880
f 870 761 866
f 867 761 870
f 462 550 465
f 553 382 465
f 465 550 553
f 2431 2485 2486
f 2431 2486 2449
f 2449 2484 2431
f 2490 2476 2457
f 2490 2485 2476
f 2428 2476 2478
f 2476 2475 2478
f 2458 2456 2491
f 2491 2476 2458
f 2491 2492 2476
f 2491 2456 2457
f 2457 2492 2491
f 1806 1805 1684
f 1684 1575 1569
f 1584 1689 1695
f 2096 1941 2095
f 2232 2367 2236
f 2235 2234 2096
f 2231 2230 2080
f 2080 1930 2079
f 1933 1805 1932
f 1934 1805 1933
f 1935 1934 1933
f 1933 2086 1935
f 2448 2446 2449
f 2447 2446 2448
f 2229 2230 2076
f 2076 2228 2229
f 2229 2360 2230
f 2229 2228 2360
f 1237 1239 1131
f 1131 1239 1134
f 1131 1130 1237
f 1019 1132 1131
f 1131 1134 1019
f 1132 1017 1131
f 1017 1130 1131
f 1137 1136 1243
f 1241 1136 1135
f 1019 1134 1135
f 1135 1134 1241
f 1135 1021 1019
f 1136 1021 1135
f 1019 1021 1020
f 919 805 918
f 918 805 908
f 918 1020 1021
f 1343 1339 1448
f 1339 1447 1448
f 1453 1569 1343
f 1453 1447 1569
f 1343 1448 1453
f 1453 1448 1447
f 1569 1447 1568
f 1932 1805 1807
f 1807 1804 1932
f 1683 1805 1806
f 1683 1807 1805
f 1804 1807 1683
f 1806 1684 1683
f 1683 1684 1569
f 1951 1826 1825
f 1824 1950 1825
f 1825 1950 1951
f 1699 1824 1825
f 1825 1826 1699
f 1966 1836 1957
f 1957 1836 1830
f 1956 1957 1830
f 1477 1472 1593
f 1477 1365 1364
f 1364 1472 1477
f 1035 1154 1036
f 1154 1037 1036
f 828 827 934
f 1035 1149 1150
f 1150 1151 1035
f 1253 1151 1252
f 1252 1254 1253
f 1252 1357 1254
f 1151 1150 1252
f 1252 1150 1149
f 1252 1251 1357
f 1149 1251 1252
f 1153 1154 1035
f 1468 1466 1589
f 1589 1469 1468
f 1468 1469 1358
f 1358 1357 1468
f 1694 1590 1588
f 1588 1466 1587
f 1588 1590 1589
f 1589 1466 1588
f 1693 1823 1694
f 1822 1823 1693
f 1693 1817 1822
f 1465 1464 1583
f 1944 1821 1943
f 1945 1821 1944
f 1944 2098 1945
f 1822 1821 1946
f 1946 1821 1945
f 1946 1949 1822
f 1945 1949 1946
f 1593 1473 1594
f 1594 1700 1699
f 1952 1826 1951
f 1951 2101 1952
f 2238 2370 2371
f 2238 2234 2370
f 2240 2093 2238
f 2238 2371 2372
f 2372 2373 2238
f 2238 2373 2241
f 2241 2240 2238
f 2092 1941 2096
f 2092 2093 1941
f 2092 2238 2093
f 1943 1941 2094
f 2094 2093 1943
f 1941 2093 2094
f 2420 2379 2304
f 2305 2256 2255
f 2305 2304 2379
f 2253 2256 2305
f 2305 2379 2253
f 2162 2301 2302
f 2162 2161 2300
f 2300 2301 2162
f 2474 2473 2420
f 1872 1867 1870
f 1507 1622 1508
f 1871 1749 1872
f 1872 1878 1871
f 1868 1867 1872
f 1872 1749 1868
f 2159 2160 2006
f 2006 2160 2161
f 2009 2010 1872
f 1872 1870 2009
f 2161 2162 2009
f 2021 2175 2176
f 2176 2175 2250
f 2381 2267 2259
f 2259 2257 2381
f 2381 2257 2382
f 2382 2463 2381
f 2381 2461 2462
f 2463 2461 2381
f 2259 2116 2115
f 2115 2116 1965
f 2115 2257 2259
f 2108 2109 1962
f 1966 2105 1962
f 1962 2107 2108
f 2105 2106 1962
f 2106 2107 1962
f 2253 2380 2260
f 2260 2118 2253
f 2258 2118 2260
f 2260 2380 2382
f 2382 2258 2260
f 2114 2258 2257
f 2257 2115 2114
f 2114 2115 1965
f 1965 2118 2114
f 2114 2118 2258
f 1968 2037 1892
f 1768 1770 1767
f 1648 1768 1767
f 1767 1649 1648
f 1892 1770 1839
f 1839 1968 1892
f 1969 1968 1839
f 1839 1770 1768
f 1960 1969 1839
f 1839 1838 1960
f 1654 1534 1653
f 1419 1534 1535
f 1535 1534 1654
f 1533 1534 1419
f 1532 1534 1533
f 1414 1529 1412
f 1412 1304 1414
f 1419 1309 1418
f 1418 1533 1419
f 1417 1528 1532
f 1532 1533 1417
f 1533 1418 1417
f 1309 1416 1417
f 1417 1418 1309
f 1311 1310 1209
f 1209 1309 1311
f 1309 1420 1311
f 1955 1956 1830
f 1831 1830 1708
f 1708 1704 1831
f 1831 1704 1830
f 1595 1598 1475
f 1709 1768 1648
f 1832 1838 1709
f 1709 1839 1768
f 1838 1839 1709
f 1648 1651 1709
f 1709 1706 1832
f 1599 1706 1709
f 1709 1651 1599
f 1745 1626 1744
f 1504 1505 1394
f 1078 1077 1187
f 1288 1187 1287
f 1287 1187 1285
f 1391 1285 1286
f 1391 1287 1285
f 1753 1640 1751
f 1751 1633 1753
f 1639 1640 1521
f 1753 1633 1632
f 1510 1622 1625
f 1510 1627 1623
f 1625 1626 1510
f 1626 1627 1510
f 1740 1622 1743
f 859 968 969
f 969 860 859
f 859 860 751
f 751 858 859
f 859 858 968
f 969 968 1081
f 1080 1081 968
f 1084 1081 1080
f 1197 1084 1198
f 1041 945 1045
f 1182 1280 1184
f 1086 1064 969
f 2035 1999 1998
f 1410 1525 1526
f 1526 1527 1410
f 1525 1527 1526
f 1646 1527 1645
f 1645 1527 1644
f 1755 1646 1645
f 1645 1644 1755
f 1524 1411 1410
f 1410 1496 1524
f 1524 1496 1411
f 1410 1527 1523
f 1523 1496 1410
f 1410 1411 1298
f 1298 1299 1196
f 1196 1195 1298
f 1298 1195 1194
f 1383 1280 1301
f 1383 1384 1280
f 1411 1384 1383
f 1519 1522 1407
f 1519 1406 1521
f 1407 1406 1519
f 395 483 484
f 484 485 395
f 396 485 486
f 568 487 486
f 486 487 396
f 482 483 395
f 395 394 482
f 174 136 135
f 176 233 174
f 174 135 176
f 138 137 105
f 176 135 175
f 135 137 175
f 177 137 138
f 138 178 177
f 177 178 238
f 177 175 137
f 480 562 481
f 481 562 477
f 567 562 480
f 646 562 567
f 475 557 558
f 475 560 476
f 558 559 475
f 559 560 475
f 645 562 646
f 646 557 645
f 645 557 562
f 962 961 1070
f 1070 961 1069
f 960 961 852
f 1069 961 960
f 751 860 861
f 471 396 472
f 472 389 471
f 471 389 396
f 308 389 311
f 311 391 309
f 644 569 662
f 662 569 661
f 655 644 662
f 662 749 655
f 755 756 661
f 661 756 757
f 852 749 757
f 757 662 661
f 749 662 757
f 853 749 852
f 750 749 853
f 852 854 853
f 853 854 750
f 944 943 843
f 837 838 735
f 652 650 737
f 737 744 652
f 737 839 744
f 737 739 840
f 840 839 737
f 843 840 738
f 840 739 738
f 739 649 738
f 734 646 735
f 734 649 646
f 558 646 648
f 648 649 558
f 646 649 648
f 558 649 647
f 647 559 558
f 650 559 647
f 647 737 650
f 835 942 943
f 945 942 835
f 943 944 835
f 735 748 835
f 237 307 233
f 237 236 307
f 237 233 176
f 176 236 237
f 307 236 310
f 310 236 176
f 386 388 469
f 307 388 386
f 469 388 470
f 470 555 469
f 476 555 470
f 1494 1611 1612
f 1612 1611 1729
f 1494 1613 1614
f 1614 1611 1494
f 1613 1611 1614
f 1608 1725 1610
f 1488 1609 1608
f 1489 1488 1608
f 1608 1490 1489
f 1610 1491 1608
f 1491 1490 1608
f 1607 1488 1487
f 1607 1609 1488
f 1722 1609 1607
f 1981 1982 1844
f 1840 1971 1841
f 1971 1842 1841
f 1843 1975 1844
f 1843 1842 1975
f 1369 1269 1371
f 1371 1372 1483
f 1371 1269 1270
f 1270 1372 1371
f 1371 1481 1369
f 1371 1483 1481
f 1266 1161 1184
f 1161 1266 1265
f 1283 1368 1265
f 1265 1368 1270
f 1184 1283 1265
f 1265 1266 1184
f 1184 1161 1067
f 1067 1182 1184
f 1064 1182 1067
f 1060 1059 1057
f 949 950 844
f 1050 950 949
f 844 947 949
f 949 947 1050
f 1051 950 1050
f 1175 1277 1176
f 1175 1275 1277
f 1054 952 951
f 951 950 1053
f 844 950 951
f 951 952 844
f 953 952 1054
f 1054 1055 953
f 1059 1060 953
f 953 1060 954
f 953 954 844
f 844 952 953
f 1177 1054 1176
f 1278 1279 1177
f 1176 1277 1177
f 1177 1277 1278
f 745 847 849
f 844 954 845
f 954 847 845
f 1047 947 1046
f 1046 947 1043
f 947 948 1043
f 1278 1381 1382
f 1211 1314 1315
f 1315 1314 1425
f 1425 1317 1315
f 983 1099 1100
f 770 881 882
f 882 881 986
f 882 883 770
f 984 988 1101
f 984 983 1100
f 1100 1102 984
f 881 983 984
f 1101 988 987
f 987 988 887
f 887 988 989
f 989 890 887
f 988 984 989
f 1104 1105 989
f 505 417 416
f 416 417 334
f 413 414 333
f 333 332 413
f 260 340 342
f 340 346 342
f 510 598 422
f 422 423 339
f 339 424 422
f 424 421 422
f 422 509 510
f 422 421 509
f 515 598 517
f 517 516 515
f 516 427 515
f 587 588 506
f 587 506 505
f 518 601 513
f 428 517 518
f 518 513 428
f 692 601 603
f 601 518 603
f 603 517 597
f 603 518 517
f 428 513 425
f 425 344 428
f 425 512 430
f 430 351 425
f 425 351 344
f 604 519 599
f 691 604 599
f 599 600 692
f 512 600 599
f 508 509 418
f 508 592 509
f 418 507 508
f 507 591 508
f 591 592 508
f 780 784 690
f 690 784 695
f 597 596 690
f 690 603 597
f 695 603 690
f 593 686 594
f 594 686 595
f 510 593 594
f 594 595 510
f 125 93 121
f 93 91 121
f 121 156 125
f 147 191 192
f 192 191 151
f 151 193 192
f 257 195 256
f 257 258 195
f 258 257 338
f 338 257 256
f 158 163 127
f 126 162 158
f 162 205 158
f 348 271 350
f 350 269 348
f 349 268 348
f 348 269 349
f 349 269 268
f 270 350 271
f 269 350 270
f 366 367 447
f 536 446 447
f 447 446 366
f 348 360 368
f 368 288 348
f 368 367 288
f 359 358 439
f 439 440 359
f 439 358 437
f 1009 996 1110
f 909 996 1009
f 537 625 536
f 536 447 537
f 627 625 537
f 276 353 355
f 355 354 276
f 212 211 280
f 280 281 212
f 358 281 280
f 437 358 356
f 358 280 356
f 273 353 274
f 274 208 273
f 345 351 273
f 344 351 345
f 266 344 345
f 345 267 266
f 203 156 202
f 202 201 203
f 156 201 202
f 1430 1318 1428
f 1429 1318 1430
f 1430 1428 1425
f 1430 1544 1429
f 1425 1427 1430
f 1427 1544 1430
f 1125 1127 1012
f 1125 1124 1127
f 1012 1011 1125
f 1110 1124 1010
f 1010 1009 1110
f 1010 1125 1011
f 1124 1125 1010
f 1010 1011 909
f 909 1009 1010
f 1227 1117 1214
f 1214 1319 1227
f 1227 1318 1330
f 1227 1319 1318
f 991 1105 1107
f 1107 1106 991
f 1214 1106 1107
f 1213 1105 1104
f 1214 1107 1213
f 1213 1107 1105
f 1213 1319 1214
f 1213 1315 1317
f 1317 1318 1213
f 1318 1319 1213
f 1214 1117 1116
f 1116 1117 1001
f 1001 1003 1116
f 1002 898 904
f 1002 1003 898
f 904 1006 1002
f 2427 2465 2428
f 2386 2384 2427
f 2384 2465 2427
f 2378 2250 2265
f 2378 2315 2250
f 2477 2476 2424
f 2476 2479 2424
f 2489 2484 2449
f 2449 2446 2489
f 2484 2489 2471
f 2471 2431 2484
f 2151 2150 2000
f 2293 2150 2151
f 2320 2319 2321
f 1861 2000 1863
f 1861 1999 2000
f 1604 1486 1485
f 1484 1486 1604
f 1719 1720 1604
f 1718 1719 1604
f 1620 1619 1501
f 1386 1500 1501
f 1733 1737 1848
f 1736 1735 1859
f 1766 1735 1646
f 1766 1859 1735
f 1646 1730 1616
f 1616 1730 1617
f 1616 1497 1496
f 1617 1500 1616
f 1500 1497 1616
f 2142 2285 2286
f 2141 2142 1988
f 2141 2285 2142
f 2284 2285 2141
f 2141 2140 2284
f 1988 2140 2141
f 2144 1988 2143
f 2144 2123 1988
f 2270 2123 2144
f 2143 2142 2287
f 2287 2288 2143
f 2142 2286 2287
f 2287 2286 2288
f 2290 2286 2272
f 2288 2286 2290
f 2270 2144 2290
f 2290 2144 2288
f 2342 2211 2341
f 2211 2340 2341
f 2341 2401 2342
f 2341 2340 2401
f 2127 1976 2126
f 2126 2271 2127
f 2195 2274 2127
f 2127 2273 2195
f 2271 2273 2127
f 2299 2155 2154
f 2154 2156 2299
f 2299 2156 2155
f 2284 2140 2283
f 2283 2156 2284
f 2283 2140 2139
f 2139 2158 2283
f 2158 2156 2283
f 2395 2279 2394
f 2394 2327 2395
f 2279 2327 2394
f 2291 2147 2292
f 2146 2291 2292
f 2292 2147 2146
f 1727 1725 1855
f 1855 1856 1727
f 1996 1856 1855
f 2206 2326 2207
f 2207 2326 2336
f 2207 2336 2205
f 2207 2063 2206
f 2205 2063 2207
f 2433 2326 2335
f 2331 2272 2390
f 2390 2333 2331
f 2272 2286 2390
f 2191 2190 2062
f 2190 2063 2062
f 2062 2043 2191
f 1918 2043 2062
f 2062 2063 1918
f 1782 1902 1903
f 1903 1904 1782
f 1902 1904 1903
f 2058 2203 2204
f 2204 2203 2326
f 2204 2190 2058
f 2202 2057 2201
f 2057 2200 2201
f 2331 2202 2201
f 2195 2330 2197
f 2330 2200 2197
f 2332 2329 2331
f 2332 2200 2329
f 2331 2201 2332
f 2332 2201 2200
f 2194 2193 2195
f 2195 2054 2194
f 2054 2050 2194
f 2048 2193 2049
f 2049 1902 2048
f 2049 2050 1902
f 2193 2194 2049
f 2049 2194 2050
f 1909 1897 1782
f 1782 1908 1909
f 1909 1908 2058
f 2058 2041 1909
f 1909 2041 1897
f 1782 1906 1907
f 1907 1908 1782
f 1906 1908 1907
f 1906 1905 2053
f 1655 1538 1537
f 1656 1658 1657
f 1657 1538 1656
f 1656 1538 1658
f 1313 1314 1211
f 1313 1423 1314
f 1673 1667 1780
f 1674 1554 1673
f 1539 1660 1661
f 1793 1673 1778
f 1778 1673 1780
f 1778 1660 1659
f 1780 1661 1778
f 1659 1777 1778
f 1778 1784 1793
f 1778 1777 1784
f 1893 1895 1773
f 1773 1772 1893
f 130 129 166
f 166 131 130
f 130 96 129
f 130 131 98
f 109 134 141
f 110 109 141
f 172 181 141
f 141 142 110
f 141 181 142
f 74 49 48
f 48 73 74
f 49 32 48
f 48 69 70
f 70 71 48
f 66 100 101
f 100 106 101
f 102 66 101
f 101 106 102
f 403 494 495
f 319 318 403
f 403 495 404
f 143 184 185
f 185 184 249
f 405 331 323
f 323 404 405
f 677 670 765
f 765 877 878
f 876 769 765
f 765 769 677
f 765 875 876
f 874 875 765
f 878 874 765
f 671 584 576
f 576 670 671
f 671 670 584
f 669 576 575
f 669 670 576
f 5 11 12
f 12 11 24
f 12 24 25
f 25 26 12
f 26 27 12
f 12 27 13
f 12 13 5
f 188 146 187
f 188 189 146
f 253 189 188
f 332 333 252
f 256 189 255
f 255 338 256
f 337 338 255
f 254 337 255
f 255 189 254
f 41 64 65
f 41 63 64
f 41 65 66
f 42 26 41
f 41 66 42
f 1016 1015 914
f 912 1015 1016
f 914 913 1016
f 1016 913 912
f 1018 1017 914
f 914 1015 1018
f 1129 1017 1018
f 1018 1015 1129
f 803 915 916
f 916 917 803
f 916 915 1019
f 1019 1020 916
f 908 917 916
f 535 451 445
f 370 369 445
f 445 451 370
f 365 361 366
f 444 362 365
f 365 283 361
f 365 362 283
f 366 446 365
f 365 446 444
f 701 790 699
f 701 609 691
f 699 609 701
f 685 773 774
f 774 773 772
f 780 690 689
f 689 690 596
f 883 887 886
f 887 776 886
f 886 772 883
f 886 776 772
f 1330 1429 1440
f 1440 1429 1545
f 1554 1552 1440
f 1554 1671 1555
f 1441 1440 1552
f 1557 1549 1441
f 1441 1549 1437
f 1554 1555 1441
f 1441 1437 1436
f 1436 1329 1441
f 1329 1440 1441
f 1438 1327 1326
f 1436 1437 1326
f 1437 1438 1326
f 1326 1329 1436
f 1226 1329 1326
f 1561 1563 1677
f 1561 1444 1563
f 1677 1562 1561
f 1562 1443 1561
f 1432 1445 1335
f 1445 1444 1335
f 1335 1444 1334
f 1335 1233 1321
f 1334 1233 1335
f 1235 1236 1128
f 1128 1234 1235
f 1240 1236 1235
f 1572 1686 1573
f 1442 1443 1341
f 1341 1238 1240
f 1341 1342 1238
f 1450 1443 1559
f 1450 1341 1443
f 1558 1571 1559
f 1559 1443 1558
f 1558 1443 1562
f 1333 1443 1332
f 1332 1232 1333
f 1230 1232 1332
f 2212 2066 2211
f 2067 2066 2212
f 2211 2214 2212
f 2214 2067 2212
f 2338 2209 2339
f 2339 2209 2326
f 2339 2337 2338
f 2284 2403 2404
f 2404 2398 2284
f 2487 2439 2469
f 2469 2439 2400
f 2399 2400 2284
f 2284 2398 2399
f 2399 2469 2400
f 2398 2469 2399
f 2444 2403 2354
f 2354 2353 2444
f 2345 2213 2214
f 2345 2343 2342
f 2214 2343 2345
f 2345 2346 2215
f 2342 2401 2345
f 2439 2346 2438
f 2401 2400 2438
f 2400 2439 2438
f 2438 2345 2401
f 2346 2345 2438
f 2222 2347 2218
f 2218 2347 2219
f 2072 2222 2218
f 2218 2219 2072
f 1675 1558 1562
f 2068 1925 1924
f 1925 1795 1924
f 1926 1813 1812
f 1813 1686 1812
f 2068 1926 2069
f 1926 1927 2069
f 2069 1925 2068
f 2069 1927 1925
f 1797 1798 1922
f 1797 1795 1677
f 1922 1795 1797
f 1791 1798 1680
f 1564 1670 1680
f 1677 1563 1680
f 1680 1797 1677
f 1798 1797 1680
f 1223 1221 1220
f 1219 1323 1320
f 1320 1216 1219
f 1432 1335 1320
f 1320 1335 1321
f 1321 1215 1320
f 1320 1215 1216
f 1786 1913 1914
f 1914 1913 1900
f 1900 1913 1910
f 1793 1784 1910
f 1910 1784 1900
f 1910 1788 1793
f 1910 1913 1788
f 2210 2066 2065
f 2065 2066 1921
f 2065 2208 2210
f 2065 2064 2208
f 1670 1785 1789
f 1789 1790 1670
f 1917 2043 1918
f 1918 1790 1917
f 1781 1897 1898
f 1898 1899 1781
f 1897 2043 1898
f 2043 1899 1898
f 2072 2219 2220
f 2351 2356 2352
f 2351 2220 2350
f 2073 1926 2072
f 2072 2074 2073
f 2073 2074 1926
f 2221 2074 2072
f 2221 2351 2352
f 2072 2220 2221
f 2220 2351 2221
f 1939 1813 1926
f 1926 2074 1939
f 1305 1304 1203
f 1413 1304 1305
f 1203 1367 1305
f 1305 1367 1413
f 1200 1303 1201
f 1201 1087 1200
f 1203 1304 1200
f 1200 1088 1203
f 1200 1087 1088
f 1097 1095 979
f 1097 1098 1206
f 1097 1206 1209
f 1097 1208 1095
f 1209 1208 1097
f 670 669 764
f 978 877 872
f 872 871 978
f 763 871 872
f 1307 1205 1306
f 1205 1204 1306
f 1306 1204 1303
f 1959 1965 1960
f 1960 1834 1959
f 1959 1834 1965
f 1958 1838 1832
f 1832 1834 1958
f 1958 1834 1838
f 2019 2020 1882
f 2304 2305 2164
f 2244 2261 2119
f 2119 2120 1966
f 2119 2261 2120
f 932 931 1032
f 1250 1355 1354
f 1353 1355 1250
f 1354 1251 1250
f 1250 1251 1149
f 1149 1148 1250
f 1147 1148 1033
f 1033 1148 1145
f 1145 1148 1146
f 1145 1032 1033
f 1146 1032 1145
f 301 381 380
f 380 302 301
f 382 302 380
f 464 551 462
f 462 380 464
f 464 380 381
f 385 381 304
f 229 230 170
f 305 230 229
f 170 228 229
f 304 305 229
f 500 467 501
f 554 641 642
f 641 733 642
f 767 733 833
f 466 382 553
f 466 383 382
f 553 467 466
f 467 383 466
f 830 728 829
f 829 831 830
f 729 728 730
f 730 641 729
f 728 830 730
f 730 830 831
f 223 298 224
f 224 225 166
f 166 223 224
f 299 298 378
f 225 224 299
f 299 224 298
f 455 543 544
f 544 545 456
f 456 455 544
f 544 543 630
f 806 805 812
f 714 805 806
f 376 297 295
f 297 296 295
f 295 375 376
f 295 294 375
f 295 296 222
f 222 294 295
f 908 805 804
f 804 805 714
f 804 797 908
f 1576 1575 1454
f 1343 1569 1454
f 1569 1576 1454
f 1349 1348 1350
f 1348 1456 1350
f 1455 1456 1343
f 1343 1454 1455
f 1455 1454 1575
f 219 218 291
f 291 220 219
f 452 540 453
f 370 451 452
f 452 451 535
f 535 540 452
f 1203 1088 1202
f 1202 1088 1093
f 1159 1158 1202
f 1093 1092 1202
f 1413 1367 1366
f 1366 1478 1413
f 1476 1478 1366
f 1256 1257 1154
f 1264 1257 1256
f 1255 1264 1256
f 1154 1153 1256
f 1650 1529 1531
f 1531 1599 1650
f 1599 1651 1650
f 1648 1528 1647
f 1647 1651 1648
f 574 493 492
f 492 401 491
f 493 402 492
f 402 401 492
f 573 574 492
f 492 491 573
f 666 667 573
f 761 667 666
f 760 761 666
f 762 871 763
f 763 667 762
f 762 667 761
f 880 866 865
f 866 760 759
f 759 865 866
f 758 865 759
f 231 171 226
f 232 171 231
f 231 226 303
f 303 232 231
f 142 171 183
f 182 142 183
f 183 246 182
f 183 232 246
f 183 171 232
f 182 246 247
f 247 248 182
f 384 383 468
f 303 383 384
f 384 306 303
f 490 572 400
f 400 399 490
f 399 398 490
f 316 315 398
f 316 398 317
f 2479 2485 2480
f 2485 2431 2480
f 2480 2424 2479
f 2431 2424 2480
f 2451 2490 2457
f 2485 2490 2451
f 2451 2452 2363
f 2363 2450 2451
f 2450 2485 2451
f 2457 2453 2451
f 2453 2452 2451
f 2316 2427 2428
f 2316 2378 2265
f 2315 2378 2316
f 2265 2386 2316
f 2386 2427 2316
f 1808 1805 1934
f 1808 1684 1805
f 1690 1684 1689
f 1575 1684 1577
f 1577 1455 1575
f 1456 1455 1577
f 1689 1584 1578
f 1578 1690 1689
f 2096 2095 2088
f 2088 1941 1935
f 2088 2095 1941
f 2368 2236 2367
f 2234 2236 2368
f 2368 2367 2365
f 2365 2234 2368
f 2232 2236 2233
f 2231 2080 2225
f 2225 2080 2076
f 2225 2230 2231
f 2076 2230 2225
f 1930 2080 2081
f 2081 2230 2232
f 2081 2080 2230
f 2078 2080 2079
f 2079 1929 2078
f 1929 2077 2078
f 2078 2077 2076
f 2076 2080 2078
f 2230 2360 2361
f 2361 2360 2447
f 2447 2448 2361
f 2449 2363 2362
f 2362 2448 2449
f 2363 2230 2362
f 2230 2361 2362
f 2362 2361 2448
f 1446 1447 1339
f 1567 1568 1446
f 1446 1568 1447
f 1237 1238 1337
f 1242 1243 1136
f 1242 1241 1343
f 1242 1136 1241
f 1343 1456 1344
f 1344 1456 1348
f 1344 1242 1343
f 1243 1242 1344
f 1137 1243 1244
f 1007 918 908
f 1020 918 1007
f 908 916 1007
f 1007 916 1020
f 1569 1568 1681
f 1804 1683 1681
f 1681 1568 1567
f 1567 1570 1681
f 1803 1804 1681
f 1596 1477 1597
f 1597 1704 1598
f 1598 1595 1597
f 1474 1477 1596
f 1474 1595 1475
f 1596 1597 1474
f 1474 1597 1595
f 935 936 828
f 828 934 935
f 1038 938 935
f 935 938 936
f 935 1037 1038
f 933 1036 1037
f 1037 935 933
f 933 935 934
f 1035 1036 933
f 932 1032 933
f 933 827 932
f 933 934 827
f 1357 1251 1356
f 1356 1468 1357
f 1356 1251 1354
f 1354 1466 1356
f 1466 1468 1356
f 1582 1588 1587
f 1694 1588 1582
f 1587 1465 1582
f 1465 1583 1582
f 1582 1693 1694
f 1692 1693 1582
f 1943 2093 2097
f 2097 1944 1943
f 2097 2093 2240
f 2240 2098 2097
f 2098 1944 2097
f 1696 1584 1695
f 1696 1695 1815
f 1592 1591 1700
f 1700 1594 1592
f 1470 1591 1592
f 1592 1473 1470
f 1592 1594 1473
f 1826 1952 1953
f 1957 1956 1953
f 1966 1957 1953
f 1953 1952 2101
f 2239 2092 2096
f 2238 2092 2239
f 2096 2234 2239
f 2234 2238 2239
f 2417 2301 2300
f 2417 2418 2301
f 2495 2473 2472
f 2008 1870 2007
f 2008 2006 2161
f 2007 2006 2008
f 2161 2009 2008
f 2008 2009 1870
f 1753 1871 1756
f 1756 1871 1878
f 1756 1640 1753
f 1756 1878 1757
f 1757 1640 1756
f 1867 1868 1746
f 1746 1870 1867
f 1745 1866 1746
f 1746 1626 1745
f 2159 2006 2005
f 2005 2006 1866
f 2010 2009 2163
f 2302 2164 2163
f 2163 2164 2010
f 2163 2162 2302
f 2163 2009 2162
f 1757 1878 1879
f 1879 1880 1757
f 1879 1878 1872
f 1872 1880 1879
f 1881 1882 1757
f 1757 1880 1881
f 2022 1882 2021
f 2021 2176 2022
f 2315 2316 2179
f 2250 2315 2179
f 2388 2381 2462
f 2267 2381 2388
f 2110 1962 2109
f 2111 1962 2110
f 2110 2256 2253
f 2110 2109 2108
f 2108 2252 2110
f 2252 2255 2110
f 2255 2256 2110
f 2111 2118 2112
f 2112 1962 2111
f 1967 1837 1966
f 1966 1962 1967
f 1965 1834 1964
f 2122 2266 2121
f 2121 1968 2122
f 2037 1968 2121
f 1891 1890 1769
f 1769 1770 1891
f 1891 1770 1892
f 1892 2037 1891
f 2037 1890 1891
f 2117 2116 2122
f 2122 1968 2117
f 2117 1968 1969
f 1965 2116 2117
f 2117 1969 1965
f 1769 1653 1652
f 1652 1653 1534
f 1652 1534 1532
f 1652 1767 1770
f 1532 1649 1652
f 1649 1767 1652
f 1307 1412 1415
f 1415 1412 1528
f 1528 1417 1415
f 1415 1416 1307
f 1415 1417 1416
f 1302 1412 1307
f 1307 1306 1302
f 1302 1306 1303
f 1304 1412 1302
f 1303 1200 1302
f 1302 1200 1304
f 1593 1594 1702
f 1742 1622 1741
f 1626 1622 1742
f 1742 1744 1626
f 1748 1868 1749
f 1749 1627 1748
f 1286 1394 1395
f 1395 1394 1505
f 1395 1391 1286
f 1506 1505 1504
f 1504 1621 1506
f 1506 1621 1507
f 1191 1187 1288
f 1189 1188 1191
f 1191 1188 1078
f 1078 1187 1191
f 1191 1288 1192
f 1192 1189 1191
f 1286 1285 1186
f 1285 1187 1186
f 1186 1185 1284
f 1186 1284 1286
f 1289 1287 1290
f 1288 1287 1289
f 1290 1192 1289
f 1192 1288 1289
f 1402 1403 1290
f 1505 1506 1398
f 1398 1395 1505
f 1391 1395 1398
f 1398 1506 1507
f 1507 1508 1398
f 1623 1627 1628
f 1753 1632 1752
f 1752 1871 1753
f 1749 1871 1752
f 1509 1508 1622
f 1622 1510 1509
f 1509 1398 1508
f 1510 1398 1509
f 1739 1622 1621
f 1739 1743 1622
f 1083 1084 969
f 969 1081 1083
f 1083 1081 1084
f 1196 1084 1082
f 1084 1080 1082
f 1082 1195 1196
f 1082 1080 968
f 1194 1195 1082
f 1079 1192 1082
f 1082 968 1079
f 1064 1067 1065
f 1065 1067 1066
f 1199 1086 1085
f 1085 1197 1199
f 1084 1197 1085
f 969 1084 1085
f 1085 1086 969
f 1183 1182 1064
f 1064 1086 1183
f 1280 1182 1183
f 1183 1199 1280
f 1183 1086 1199
f 1291 1192 1290
f 1408 1296 1407
f 1408 1522 1410
f 1407 1522 1408
f 1615 1527 1646
f 1615 1523 1527
f 1496 1523 1615
f 1646 1616 1615
f 1615 1616 1496
f 1300 1298 1411
f 1299 1298 1300
f 1411 1383 1300
f 1198 1196 1300
f 1196 1299 1300
f 1300 1197 1198
f 1199 1197 1300
f 1301 1199 1300
f 1300 1383 1301
f 1403 1402 1292
f 1290 1403 1292
f 1292 1291 1290
f 1192 1291 1292
f 1630 1639 1521
f 1640 1639 1630
f 1630 1751 1640
f 1633 1751 1630
f 1516 1631 1518
f 1755 1644 1637
f 1644 1522 1637
f 1522 1519 1637
f 68 105 103
f 103 105 137
f 103 104 68
f 136 104 103
f 135 136 103
f 103 137 135
f 313 238 312
f 176 175 234
f 175 177 234
f 308 311 234
f 234 238 308
f 234 177 238
f 566 657 646
f 646 567 566
f 566 567 480
f 654 564 656
f 565 566 480
f 657 566 565
f 565 654 658
f 480 564 565
f 564 654 565
f 390 475 476
f 476 470 390
f 390 310 309
f 390 470 388
f 477 557 478
f 478 391 477
f 970 860 969
f 969 1064 970
f 945 835 851
f 851 835 748
f 393 311 389
f 393 389 473
f 477 391 393
f 391 311 393
f 393 481 477
f 480 481 393
f 393 479 480
f 393 473 479
f 660 569 568
f 661 569 660
f 660 755 661
f 843 838 946
f 946 944 843
f 841 838 843
f 841 738 838
f 735 838 741
f 838 738 741
f 741 649 735
f 741 738 649
f 735 649 740
f 740 734 735
f 649 734 740
f 739 737 736
f 737 647 736
f 736 649 739
f 736 647 649
f 838 837 836
f 836 946 838
f 836 837 735
f 735 835 836
f 836 835 944
f 944 946 836
f 387 388 307
f 307 310 387
f 235 311 309
f 309 310 235
f 235 310 176
f 176 234 235
f 235 234 311
f 1724 1608 1609
f 1725 1608 1724
f 1724 1855 1725
f 1844 1980 1852
f 1852 1981 1844
f 1722 1851 1852
f 1852 1851 1981
f 1162 1046 1166
f 1270 1269 1166
f 1166 1265 1270
f 954 1060 956
f 956 849 955
f 955 954 956
f 1377 1488 1489
f 1377 1376 1488
f 1379 1277 1380
f 1380 1275 1379
f 1277 1275 1380
f 1275 1175 1174
f 1052 951 1053
f 1054 951 1052
f 1053 950 1052
f 950 1051 1052
f 1173 1174 1052
f 1052 1172 1173
f 1051 1172 1052
f 1052 1174 1175
f 1176 1054 1052
f 1052 1175 1176
f 1057 1059 1058
f 1058 953 1057
f 1059 953 1058
f 1057 953 1056
f 1056 953 1055
f 1055 1177 1179
f 1179 1279 1181
f 1179 1177 1279
f 1178 1055 1054
f 1054 1177 1178
f 1178 1177 1055
f 743 745 653
f 743 653 652
f 1165 1047 1046
f 1171 1049 1048
f 1048 1049 947
f 947 1047 1048
f 942 1043 1044
f 1044 1043 948
f 943 942 1044
f 1044 948 943
f 1042 1043 942
f 1042 942 1041
f 1041 1067 1042
f 1042 1067 1161
f 1495 1382 1381
f 1495 1379 1494
f 1495 1381 1379
f 1212 1102 1211
f 1211 1315 1212
f 1212 1213 1102
f 985 984 1101
f 881 984 985
f 1101 987 985
f 985 987 887
f 986 881 985
f 985 887 883
f 883 882 985
f 985 882 986
f 890 989 990
f 990 989 1105
f 990 1105 991
f 1103 984 1102
f 1103 989 984
f 415 414 505
f 505 416 415
f 415 416 334
f 334 333 415
f 415 333 414
f 261 342 343
f 263 261 343
f 343 342 346
f 264 263 343
f 343 266 264
f 343 346 266
f 423 422 511
f 511 422 598
f 598 515 511
f 429 515 426
f 426 515 427
f 426 344 429
f 426 427 344
f 680 679 681
f 681 588 680
f 693 599 692
f 691 781 782
f 695 781 696
f 696 603 695
f 692 603 696
f 696 693 692
f 781 693 696
f 513 601 514
f 514 425 513
f 512 425 514
f 514 600 512
f 123 91 122
f 123 121 91
f 123 122 119
f 147 192 148
f 148 192 193
f 148 193 150
f 148 115 147
f 148 116 115
f 150 117 148
f 148 117 116
f 419 335 418
f 418 509 419
f 509 421 419
f 339 258 341
f 258 338 341
f 341 421 339
f 341 338 421
f 163 158 206
f 271 216 206
f 206 216 163
f 206 158 205
f 206 270 271
f 269 270 206
f 206 205 268
f 268 269 206
f 127 94 124
f 124 158 127
f 94 93 124
f 124 93 126
f 126 158 124
f 539 450 449
f 450 368 449
f 906 996 909
f 906 895 996
f 907 807 796
f 907 906 909
f 717 798 708
f 708 625 717
f 526 522 611
f 526 439 437
f 279 354 357
f 357 354 433
f 437 356 357
f 357 356 279
f 716 706 796
f 716 625 627
f 716 717 625
f 796 807 716
f 807 717 716
f 796 706 795
f 787 895 795
f 895 906 795
f 795 907 796
f 906 907 795
f 448 368 450
f 367 368 448
f 448 447 367
f 448 537 447
f 786 895 787
f 894 995 996
f 996 895 894
f 895 786 894
f 353 352 432
f 432 355 353
f 432 431 520
f 432 352 431
f 435 432 520
f 355 432 435
f 434 523 433
f 433 354 434
f 354 355 434
f 278 211 279
f 279 356 278
f 278 280 211
f 278 356 280
f 275 274 353
f 275 353 276
f 209 208 275
f 208 274 275
f 276 210 275
f 275 210 209
f 604 609 524
f 609 610 524
f 610 608 524
f 524 608 523
f 523 434 524
f 524 435 604
f 700 609 699
f 699 610 700
f 700 610 609
f 704 699 789
f 704 610 699
f 893 790 901
f 893 892 993
f 784 892 893
f 1330 1224 1228
f 1228 1227 1330
f 1228 1119 1118
f 1228 1224 1119
f 1118 1117 1228
f 1117 1227 1228
f 1214 1116 1121
f 1121 1116 1003
f 1003 1002 1120
f 1214 1121 1120
f 1120 1121 1003
f 1120 1002 1006
f 1120 1106 1214
f 1006 1106 1120
f 1877 1764 1755
f 2035 1888 2034
f 2035 1998 2036
f 2036 1888 2035
f 1998 1888 2036
f 2430 2431 2321
f 2295 2151 2294
f 2413 2409 2295
f 2295 2409 2408
f 2408 2293 2295
f 2293 2151 2295
f 2445 2471 2488
f 2488 2471 2489
f 2488 2446 2445
f 2488 2489 2446
f 2321 2431 2432
f 2149 2151 2000
f 2000 1999 2149
f 2294 2151 2186
f 2186 2295 2294
f 2186 2185 2320
f 2186 2320 2321
f 2035 2185 2186
f 2151 2149 2186
f 1863 1737 1862
f 1862 1861 1863
f 1737 1861 1862
f 1619 1604 1503
f 1503 1485 1386
f 1503 1604 1485
f 1717 1848 1718
f 1718 1604 1717
f 1620 1501 1618
f 1617 1730 1618
f 1618 1500 1617
f 1618 1501 1500
f 1716 1733 1848
f 1619 1733 1716
f 1848 1717 1716
f 1716 1604 1619
f 1716 1717 1604
f 1734 1619 1620
f 1860 1998 1999
f 1860 1737 1736
f 1736 1859 1860
f 1999 1861 1860
f 1860 1861 1737
f 1859 1766 1889
f 1764 1888 1889
f 1889 1888 1998
f 1998 1860 1889
f 1889 1860 1859
f 2402 2285 2284
f 2284 2401 2402
f 2401 2470 2402
f 2143 2288 2289
f 2289 2144 2143
f 2288 2144 2289
f 2272 2270 2389
f 2389 2290 2272
f 2270 2290 2389
f 2129 1978 1976
f 2128 2131 1978
f 1978 2129 2128
f 2274 2131 2128
f 2128 2127 2274
f 1976 2127 2128
f 2128 2129 1976
f 1993 1991 2136
f 1993 1855 1991
f 2136 1996 1995
f 1996 1855 1995
f 2334 2433 2335
f 2335 2203 2334
f 2334 2203 2333
f 2325 2326 2190
f 2190 2204 2325
f 2325 2204 2326
f 2199 2200 2057
f 2199 2197 2200
f 1906 2053 2055
f 2053 2196 2055
f 2195 2197 2055
f 2055 2196 2195
f 1655 1537 1536
f 1536 1537 1421
f 1421 1537 1422
f 1422 1537 1538
f 1422 1538 1539
f 1422 1541 1423
f 1423 1313 1422
f 1542 1541 1543
f 1423 1541 1542
f 1543 1541 1666
f 1666 1545 1543
f 1666 1667 1545
f 1780 1667 1665
f 1665 1661 1780
f 1667 1666 1665
f 1665 1666 1541
f 1793 1674 1794
f 1794 1673 1793
f 1674 1673 1794
f 1551 1673 1554
f 1551 1440 1545
f 1554 1440 1551
f 1545 1667 1551
f 1667 1673 1551
f 1779 1661 1660
f 1660 1778 1779
f 1779 1778 1661
f 97 98 65
f 97 130 98
f 65 96 97
f 96 130 97
f 173 134 172
f 172 141 173
f 173 141 134
f 72 106 73
f 73 48 72
f 71 106 72
f 72 48 71
f 320 319 403
f 403 404 320
f 242 317 318
f 318 319 242
f 242 179 241
f 241 316 242
f 242 316 317
f 322 404 323
f 322 323 244
f 244 321 322
f 494 578 496
f 496 495 494
f 496 404 495
f 496 405 404
f 766 765 670
f 877 765 766
f 766 872 877
f 670 764 766
f 251 252 187
f 187 186 251
f 63 41 40
f 40 39 62
f 62 63 40
f 26 39 40
f 40 41 26
f 615 707 621
f 714 622 713
f 713 804 714
f 713 621 707
f 622 621 713
f 713 707 797
f 797 804 713
f 541 540 624
f 623 628 541
f 623 622 714
f 364 283 363
f 283 362 363
f 363 369 364
f 363 445 369
f 533 530 616
f 533 445 530
f 901 790 792
f 790 701 792
f 688 689 596
f 887 890 889
f 887 889 779
f 779 889 890
f 780 689 779
f 779 689 778
f 772 776 775
f 776 689 775
f 775 688 774
f 689 688 775
f 776 778 777
f 777 689 776
f 778 689 777
f 1330 1440 1328
f 1328 1440 1329
f 1328 1224 1330
f 1328 1329 1224
f 1553 1552 1554
f 1554 1441 1553
f 1553 1441 1552
f 1557 1441 1556
f 1556 1441 1555
f 1556 1671 1557
f 1556 1555 1671
f 1222 1327 1223
f 1222 1326 1327
f 1226 1326 1222
f 1223 1115 1222
f 1115 1226 1222
f 1560 1443 1444
f 1444 1561 1560
f 1560 1561 1443
f 1331 1235 1234
f 1331 1234 1230
f 1230 1332 1331
f 1331 1341 1240
f 1442 1341 1331
f 1331 1443 1442
f 1331 1332 1443
f 1574 1573 1688
f 1687 1686 1813
f 1687 1573 1686
f 1688 1573 1687
f 1342 1341 1449
f 2403 2444 2440
f 2440 2444 2353
f 2440 2404 2403
f 2353 2346 2440
f 2398 2404 2440
f 2440 2439 2487
f 2440 2346 2439
f 2487 2469 2440
f 2440 2469 2398
f 2215 2213 2344
f 2344 2345 2215
f 2213 2345 2344
f 1677 1795 1678
f 1795 1675 1678
f 1678 1562 1677
f 1678 1675 1562
f 1676 1675 1795
f 1558 1675 1676
f 1571 1558 1676
f 1572 1571 1676
f 1676 1686 1572
f 1923 1795 1922
f 1923 1924 1795
f 2068 1924 1923
f 1923 1922 1921
f 1923 2067 2068
f 1921 2066 1923
f 1923 2066 2067
f 1796 1812 1686
f 1686 1676 1796
f 1926 1812 1796
f 1796 1795 1925
f 1796 1676 1795
f 1796 1927 1926
f 1925 1927 1796
f 1670 1791 1792
f 1792 1680 1670
f 1791 1680 1792
f 1679 1563 1564
f 1564 1680 1679
f 1679 1680 1563
f 1223 1220 1229
f 1114 999 1004
f 1004 1112 1114
f 1004 1122 1123
f 1123 1112 1004
f 1123 1122 1223
f 1223 1229 1123
f 1123 1229 1220
f 995 894 997
f 1434 1432 1431
f 1432 1320 1431
f 1431 1320 1323
f 1786 1914 1915
f 1915 1914 1900
f 1921 1791 1920
f 1920 2065 1921
f 1790 1789 1912
f 1912 1789 1785
f 2348 2416 2415
f 2348 2347 2416
f 2219 2347 2348
f 2348 2220 2219
f 2356 2351 2443
f 2443 2351 2350
f 2357 2356 2443
f 2443 2350 2357
f 2223 2221 2352
f 2074 2221 2223
f 1814 1687 1813
f 1688 1687 1814
f 1096 1097 979
f 1098 1097 1096
f 979 981 1096
f 981 1098 1096
f 763 764 668
f 668 667 763
f 668 669 575
f 668 764 669
f 575 574 668
f 574 667 668
f 873 764 763
f 763 872 873
f 873 766 764
f 872 766 873
f 2017 2019 1882
f 2020 2019 2017
f 2165 2017 2166
f 2020 2017 2165
f 2166 2010 2165
f 2010 2164 2165
f 2303 2164 2302
f 2304 2164 2303
f 2302 2420 2303
f 2420 2304 2303
f 2312 2173 2172
f 2173 2020 2172
f 2172 2255 2312
f 2020 2165 2172
f 2172 2165 2164
f 2172 2305 2255
f 2172 2164 2305
f 1034 1146 1035
f 1034 1032 1146
f 1035 933 1034
f 1034 933 1032
f 1352 1355 1353
f 1353 1246 1352
f 1353 1250 1249
f 1249 1250 1148
f 1148 1147 1249
f 1030 927 1028
f 1138 1023 1022
f 1022 1021 1137
f 1137 1138 1022
f 1022 1023 919
f 919 918 1022
f 1022 918 1021
f 718 806 812
f 1142 1030 1028
f 639 551 552
f 551 464 552
f 463 552 464
f 463 464 381
f 381 385 463
f 879 941 880
f 880 767 879
f 833 941 879
f 879 767 833
f 674 673 642
f 674 642 733
f 733 767 674
f 641 730 731
f 731 730 831
f 732 641 731
f 731 831 732
f 228 227 300
f 300 227 225
f 225 299 300
f 304 229 300
f 300 229 228
f 374 294 373
f 375 294 374
f 374 456 375
f 455 456 374
f 221 294 222
f 221 222 165
f 165 220 221
f 373 453 454
f 454 374 373
f 455 374 454
f 543 455 454
f 632 546 545
f 629 630 543
f 631 545 544
f 544 630 631
f 631 632 545
f 724 726 725
f 723 822 724
f 725 635 724
f 724 635 723
f 930 825 823
f 823 724 822
f 928 826 930
f 928 931 826
f 1033 1032 928
f 928 1032 931
f 370 291 290
f 290 291 218
f 290 218 289
f 290 369 370
f 289 369 290
f 371 291 370
f 370 452 371
f 453 372 371
f 371 452 453
f 220 291 292
f 292 221 220
f 292 371 372
f 291 371 292
f 1263 1158 1157
f 1263 1202 1158
f 1207 1092 1159
f 1159 1202 1207
f 1207 1202 1092
f 1152 1256 1153
f 1152 1151 1254
f 1254 1255 1152
f 1255 1256 1152
f 1035 1151 1152
f 1152 1153 1035
f 1530 1412 1529
f 1529 1650 1530
f 1528 1412 1530
f 1530 1647 1528
f 1530 1650 1651
f 1651 1647 1530
f 869 762 761
f 869 761 868
f 869 974 975
f 868 973 869
f 869 973 974
f 975 871 869
f 871 762 869
f 502 499 498
f 409 499 502
f 768 865 758
f 768 767 880
f 880 865 768
f 570 571 488
f 570 663 571
f 582 663 570
f 758 759 664
f 572 571 664
f 571 663 664
f 664 663 758
f 327 326 408
f 246 326 327
f 327 247 246
f 248 247 328
f 328 329 248
f 409 329 328
f 247 327 328
f 408 409 328
f 328 327 408
f 306 384 325
f 246 306 325
f 325 326 246
f 468 467 407
f 467 500 407
f 407 501 497
f 407 500 501
f 497 498 407
f 498 499 407
f 408 326 407
f 407 409 408
f 407 499 409
f 488 571 489
f 489 571 572
f 572 490 489
f 2422 2478 2475
f 2428 2478 2422
f 2422 2316 2428
f 2422 2476 2477
f 2422 2475 2476
f 2477 2424 2422
f 1689 1684 1811
f 1684 1810 1811
f 1458 1350 1460
f 1460 1578 1458
f 1460 1350 1456
f 1456 1577 1460
f 1684 1690 1580
f 1580 1577 1684
f 1580 1460 1577
f 1690 1578 1580
f 1578 1460 1580
f 2232 2233 2083
f 2085 2233 2086
f 2085 1933 1932
f 2086 1933 2085
f 1935 2086 2087
f 2086 2233 2087
f 2087 2088 1935
f 2234 2235 2087
f 2087 2235 2096
f 2096 2088 2087
f 2087 2233 2236
f 1338 1339 1237
f 1338 1446 1339
f 1237 1337 1338
f 1137 1244 1139
f 1682 1683 1569
f 1569 1681 1682
f 1682 1681 1683
f 1803 1681 1802
f 1362 1259 1365
f 1462 1582 1583
f 1586 1581 1462
f 1462 1581 1582
f 1462 1583 1464
f 1354 1467 1462
f 1462 1464 1354
f 1579 1578 1462
f 1462 1578 1584
f 1691 1581 1586
f 1691 1821 1817
f 1817 1693 1691
f 1691 1693 1692
f 1692 1582 1691
f 1582 1581 1691
f 1956 1955 1954
f 1954 1953 1956
f 1827 1826 1954
f 1826 1953 1954
f 2104 2119 1966
f 1966 1953 2104
f 2419 2472 2473
f 2473 2474 2419
f 2418 2472 2419
f 2301 2418 2419
f 2302 2301 2419
f 2419 2420 2302
f 2419 2474 2420
f 1866 2006 1869
f 1869 1746 1866
f 1870 1746 1869
f 2007 1870 1869
f 1869 2006 2007
f 1882 2022 2023
f 2023 2022 2176
f 2314 2176 2250
f 2250 2179 2314
f 2314 2179 2176
f 2176 2179 2177
f 1757 1882 1883
f 1884 1883 2024
f 1882 2023 2024
f 2024 2023 2176
f 2176 2177 2024
f 1758 1640 1757
f 1757 1883 1758
f 1758 1883 1884
f 1886 2032 2028
f 2032 2167 2028
f 1640 1758 1759
f 2013 1886 2014
f 2013 1887 1886
f 1874 2013 2014
f 1887 2013 1874
f 1886 1887 1762
f 1887 1874 1762
f 2254 2118 2111
f 2111 2110 2254
f 2253 2118 2254
f 2254 2110 2253
f 1961 1962 1834
f 1961 1967 1962
f 1961 1834 1837
f 1837 1967 1961
f 1962 2112 1963
f 1834 1962 1963
f 1963 1964 1834
f 1965 1964 1963
f 2038 1890 2037
f 2037 2121 2038
f 1771 1770 1769
f 1769 1652 1771
f 1771 1652 1770
f 1827 1954 1828
f 1828 1954 1955
f 1699 1827 1828
f 1704 1597 1600
f 1600 1597 1477
f 1600 1477 1593
f 1593 1702 1600
f 1703 1594 1699
f 1703 1702 1594
f 1699 1828 1703
f 1703 1828 1702
f 1747 1746 1868
f 1868 1748 1747
f 1626 1746 1747
f 1747 1627 1626
f 1747 1748 1627
f 1389 1392 1390
f 1390 1392 1286
f 1390 1284 1389
f 1286 1284 1390
f 1393 1394 1286
f 1286 1392 1393
f 1075 1187 1077
f 1075 1186 1187
f 1077 966 1075
f 1075 966 965
f 1290 1287 1396
f 1396 1402 1290
f 1287 1391 1397
f 1397 1398 1287
f 1391 1398 1397
f 1287 1398 1399
f 1399 1512 1513
f 1399 1398 1512
f 1513 1628 1629
f 1629 1628 1632
f 1512 1398 1511
f 1511 1398 1510
f 1513 1512 1511
f 1511 1628 1513
f 1750 1627 1749
f 1750 1628 1627
f 1632 1628 1750
f 1749 1752 1750
f 1750 1752 1632
f 1409 1298 1296
f 1296 1408 1409
f 1410 1298 1409
f 1409 1408 1410
f 1404 1292 1402
f 1516 1518 1404
f 1404 1518 1406
f 1293 1406 1407
f 1297 1298 1194
f 1296 1298 1297
f 1515 1632 1633
f 1633 1630 1515
f 1515 1630 1631
f 1513 1629 1515
f 1515 1629 1632
f 1515 1402 1513
f 1515 1631 1516
f 1516 1402 1515
f 1521 1406 1520
f 1406 1518 1520
f 1636 1637 1519
f 238 178 239
f 239 312 238
f 748 654 747
f 747 851 748
f 850 851 747
f 747 655 751
f 751 850 747
f 747 656 655
f 747 654 656
f 746 654 748
f 735 657 752
f 752 754 735
f 557 475 474
f 475 390 474
f 474 478 557
f 391 478 474
f 309 391 474
f 474 390 309
f 392 390 388
f 310 390 392
f 388 387 392
f 392 387 310
f 971 861 860
f 860 970 971
f 958 1065 1066
f 958 1045 945
f 1064 1065 958
f 958 970 1064
f 1041 1045 958
f 958 1067 1041
f 1066 1067 958
f 945 851 958
f 864 850 751
f 864 851 850
f 863 864 751
f 851 864 863
f 843 738 842
f 842 841 843
f 738 841 842
f 1726 1609 1722
f 1726 1724 1609
f 1605 1721 1722
f 1603 1480 1481
f 1603 1601 1480
f 1481 1483 1603
f 1603 1483 1484
f 1484 1604 1603
f 1603 1605 1601
f 1990 1980 2136
f 1990 1852 1980
f 1854 1726 1722
f 1852 1990 1854
f 1855 1724 1854
f 1724 1726 1854
f 1991 1855 1854
f 1164 1166 1269
f 1164 1165 1046
f 1167 1047 1164
f 1047 1165 1164
f 1170 1051 1050
f 1170 1050 1171
f 1171 1048 1170
f 1376 1377 1272
f 1267 1164 1269
f 1489 1490 1378
f 1378 1377 1489
f 1378 1491 1379
f 1378 1490 1491
f 1379 1275 1378
f 1276 1172 1275
f 1275 1174 1276
f 1173 1172 1276
f 1276 1174 1173
f 1181 1055 1180
f 1180 1179 1181
f 1055 1179 1180
f 847 745 848
f 848 743 847
f 745 743 848
f 652 744 742
f 742 743 652
f 844 845 742
f 742 839 844
f 744 839 742
f 1046 1043 1160
f 1043 1042 1160
f 1160 1042 1161
f 1160 1166 1046
f 1161 1265 1160
f 1265 1166 1160
f 1315 1213 1316
f 1316 1212 1315
f 1213 1212 1316
f 1210 1213 1104
f 1102 1213 1210
f 1210 1103 1102
f 679 680 585
f 691 599 694
f 599 693 694
f 694 781 691
f 694 693 781
f 695 784 785
f 784 782 785
f 785 781 695
f 785 782 781
f 901 792 791
f 791 792 701
f 791 782 784
f 791 893 901
f 784 893 791
f 602 514 601
f 600 514 602
f 602 601 692
f 692 600 602
f 156 121 157
f 121 123 157
f 119 156 157
f 157 123 119
f 421 338 420
f 420 419 421
f 338 419 420
f 336 419 338
f 336 337 254
f 336 338 337
f 441 449 368
f 359 440 441
f 360 359 441
f 441 368 360
f 798 717 808
f 808 717 807
f 909 798 808
f 808 907 909
f 807 907 808
f 522 526 438
f 433 522 438
f 438 357 433
f 438 526 437
f 437 357 438
f 611 522 607
f 626 716 627
f 706 716 626
f 627 537 626
f 705 698 787
f 787 795 705
f 705 795 706
f 706 613 705
f 612 705 613
f 698 705 612
f 611 607 612
f 612 607 698
f 440 439 527
f 527 612 613
f 611 612 527
f 527 526 611
f 439 526 527
f 614 626 537
f 614 613 706
f 706 626 614
f 789 899 900
f 899 905 900
f 899 1005 998
f 998 905 899
f 998 1005 999
f 697 786 787
f 787 698 697
f 788 786 697
f 525 435 520
f 604 435 525
f 520 519 525
f 525 519 604
f 355 435 436
f 436 434 355
f 435 524 436
f 436 524 434
f 610 704 702
f 702 704 789
f 991 1106 992
f 992 892 991
f 993 892 992
f 992 1106 1006
f 1006 993 992
f 790 893 902
f 902 993 1006
f 2014 2170 2171
f 2481 2424 2431
f 2184 2185 2035
f 2319 2320 2184
f 2320 2185 2184
f 2170 2311 2182
f 2182 2171 2170
f 2321 2319 2426
f 2319 2311 2426
f 2169 2170 2014
f 2412 2445 2413
f 2413 2295 2412
f 2412 2471 2445
f 2412 2411 2471
f 2295 2411 2412
f 2322 2186 2321
f 2321 2411 2322
f 2322 2411 2295
f 2148 1999 2035
f 2035 2186 2148
f 2148 2149 1999
f 2148 2186 2149
f 1502 1501 1619
f 1619 1503 1502
f 1386 1501 1502
f 1502 1503 1386
f 1731 1730 1620
f 1620 1618 1731
f 1731 1618 1730
f 1620 1737 1738
f 1738 1734 1620
f 1737 1734 1738
f 1737 1733 1732
f 1732 1734 1737
f 1732 1733 1619
f 1619 1734 1732
f 1764 1889 1765
f 1765 1889 1766
f 1646 1764 1765
f 1765 1766 1646
f 2405 2286 2285
f 2285 2402 2405
f 2136 1995 1994
f 1994 1995 1855
f 1994 1993 2136
f 1855 1993 1994
f 2434 2470 2401
f 2434 2401 2337
f 2433 2334 2434
f 2337 2339 2434
f 2326 2433 2434
f 2434 2339 2326
f 2052 2196 2053
f 2052 1905 2054
f 2052 2053 1905
f 2052 2054 2195
f 2195 2196 2052
f 2197 2199 2198
f 2198 2055 2197
f 2199 2055 2198
f 2056 2199 2057
f 2056 2055 2199
f 2057 1906 2056
f 1906 2055 2056
f 1540 1422 1539
f 1541 1422 1540
f 1312 1313 1211
f 1312 1422 1313
f 1421 1422 1312
f 1426 1542 1543
f 1423 1542 1426
f 1543 1427 1426
f 1426 1427 1314
f 1314 1423 1426
f 1662 1665 1541
f 1662 1540 1539
f 1541 1540 1662
f 1539 1661 1662
f 1661 1665 1662
f 179 242 243
f 243 244 179
f 243 321 244
f 243 242 319
f 243 320 321
f 319 320 243
f 250 251 186
f 332 252 250
f 252 251 250
f 534 621 622
f 534 616 615
f 615 621 534
f 534 533 616
f 535 445 534
f 445 533 534
f 534 540 535
f 534 624 540
f 622 623 534
f 541 624 534
f 534 623 541
f 714 806 715
f 715 623 714
f 806 718 715
f 628 623 715
f 715 718 628
f 530 445 443
f 445 363 443
f 443 363 362
f 443 442 530
f 443 362 442
f 685 774 687
f 774 688 687
f 687 596 685
f 687 688 596
f 888 778 776
f 888 779 778
f 888 776 887
f 887 779 888
f 890 990 891
f 891 779 890
f 891 990 991
f 991 892 891
f 780 779 891
f 891 784 780
f 891 892 784
f 885 774 772
f 772 775 885
f 885 775 774
f 1240 1235 1336
f 1336 1331 1240
f 1235 1331 1336
f 1451 1574 1570
f 1573 1574 1451
f 1451 1571 1572
f 1572 1573 1451
f 1570 1449 1451
f 1559 1571 1451
f 1451 1450 1559
f 1341 1450 1451
f 1688 1800 1685
f 1685 1574 1688
f 1685 1681 1570
f 1570 1574 1685
f 1566 1570 1567
f 1566 1449 1570
f 1567 1446 1566
f 1446 1449 1566
f 1221 1218 1111
f 1111 1220 1221
f 1111 1123 1220
f 1111 1216 1108
f 1108 995 1111
f 995 997 1111
f 1219 1216 1111
f 1111 1218 1219
f 1435 1323 1434
f 1434 1431 1435
f 1435 1431 1323
f 1911 1785 1786
f 1786 1915 1911
f 1911 1912 1785
f 1915 1912 1911
f 1900 2043 2044
f 2044 1915 1900
f 1919 1790 1918
f 1791 1790 1919
f 1919 1920 1791
f 1918 2063 1919
f 2063 2064 1919
f 2064 2065 1919
f 2065 1920 1919
f 1790 1912 1916
f 2043 1917 1916
f 1916 1917 1790
f 2043 1916 2060
f 2060 1916 1912
f 2350 2220 2349
f 2220 2348 2349
f 2349 2348 2415
f 2415 2414 2349
f 2414 2350 2349
f 2355 2352 2226
f 2355 2223 2352
f 2226 2224 2355
f 2224 2223 2355
f 1813 1939 1937
f 1937 1939 2074
f 1801 1800 1688
f 1688 1814 1801
f 1801 1930 1803
f 1929 1930 1801
f 1803 1802 1801
f 1801 1681 1800
f 1801 1802 1681
f 1882 1881 2018
f 2018 2017 1882
f 2018 1881 1880
f 1880 2017 2018
f 2166 2017 2011
f 1872 2010 2011
f 2011 2010 2166
f 1457 1578 1579
f 1458 1578 1457
f 1144 1147 1033
f 1033 1030 1144
f 1030 1142 1144
f 809 812 919
f 809 718 812
f 810 718 809
f 1029 1142 1028
f 1245 1347 1246
f 1246 1142 1245
f 1245 1348 1349
f 1349 1350 1245
f 1245 1344 1348
f 1243 1344 1245
f 1245 1244 1243
f 1245 1139 1244
f 1247 1246 1353
f 1247 1142 1246
f 725 726 636
f 636 638 639
f 729 638 636
f 636 728 729
f 727 728 636
f 636 726 727
f 548 635 636
f 636 635 725
f 379 299 378
f 379 300 299
f 379 385 304
f 304 300 379
f 554 642 581
f 642 673 581
f 581 501 554
f 579 501 581
f 581 673 579
f 582 502 580
f 580 502 498
f 673 674 580
f 498 579 580
f 579 673 580
f 373 294 293
f 294 221 293
f 221 292 293
f 293 372 373
f 293 292 372
f 377 298 376
f 378 298 377
f 545 546 457
f 546 459 457
f 375 456 457
f 457 456 545
f 378 377 460
f 460 377 459
f 547 459 546
f 546 632 547
f 548 460 547
f 547 460 459
f 543 454 542
f 542 629 543
f 628 629 542
f 541 628 542
f 542 453 541
f 542 454 453
f 721 631 630
f 721 629 628
f 630 629 721
f 930 823 821
f 821 823 822
f 821 928 930
f 821 822 723
f 825 726 824
f 824 823 825
f 726 724 824
f 724 823 824
f 1033 928 1031
f 1031 928 927
f 1031 1030 1033
f 927 1030 1031
f 1262 1261 1367
f 1262 1367 1203
f 1203 1202 1262
f 1202 1263 1262
f 1157 1261 1262
f 1262 1263 1157
f 1260 1366 1367
f 1367 1261 1260
f 1157 1259 1260
f 1260 1261 1157
f 758 663 675
f 675 768 758
f 675 663 582
f 582 580 675
f 675 580 674
f 675 674 767
f 767 768 675
f 572 664 665
f 573 572 665
f 665 759 760
f 665 664 759
f 665 666 573
f 760 666 665
f 406 384 468
f 468 407 406
f 406 325 384
f 315 329 397
f 397 489 490
f 488 489 397
f 398 315 397
f 397 490 398
f 1936 1811 1810
f 2232 2083 2082
f 2082 2083 1930
f 2082 2081 2232
f 1930 2081 2082
f 2084 2083 2233
f 2233 2085 2084
f 1930 2083 2084
f 1932 1930 2084
f 2084 2085 1932
f 2237 2236 2234
f 2234 2087 2237
f 2237 2087 2236
f 1446 1338 1340
f 1342 1449 1340
f 1340 1449 1446
f 1340 1338 1337
f 1238 1342 1340
f 1340 1337 1238
f 1024 1023 1138
f 1024 1138 1137
f 1137 1139 1024
f 1025 922 1024
f 1467 1355 1463
f 1463 1462 1467
f 1355 1352 1463
f 1585 1462 1584
f 1586 1462 1585
f 1584 1696 1585
f 1585 1696 1586
f 1579 1462 1461
f 1818 1696 1815
f 1815 1819 1818
f 1819 1691 1818
f 1819 1821 1820
f 1820 1691 1819
f 1821 1691 1820
f 2119 2104 2103
f 2103 2104 1953
f 2103 2245 2244
f 2244 2119 2103
f 2103 2101 2245
f 2103 1953 2101
f 2317 2179 2316
f 2179 2180 2031
f 2031 2180 2181
f 2031 2032 1886
f 2181 2167 2031
f 2031 2167 2032
f 1886 1884 2026
f 2025 1883 1882
f 1882 2024 2025
f 2025 2024 1883
f 2029 2167 2014
f 2029 2028 2167
f 2014 1886 2029
f 1886 2028 2029
f 1885 1759 1758
f 1759 1885 1760
f 1760 1884 1886
f 1760 1758 1884
f 1760 1885 1758
f 1876 1877 1755
f 1876 1888 1764
f 1764 1877 1876
f 1521 1642 1643
f 1642 1762 1643
f 1873 1874 1755
f 1965 1963 2113
f 2113 1963 2112
f 2113 2118 1965
f 2113 2112 2118
f 1704 1828 1829
f 1829 1828 1955
f 1830 1704 1829
f 1829 1955 1830
f 1710 1828 1704
f 1702 1828 1710
f 1704 1600 1710
f 1710 1600 1702
f 1074 1075 965
f 1186 1075 1074
f 965 1073 1074
f 1073 1185 1074
f 1185 1186 1074
f 1401 1396 1287
f 1402 1396 1401
f 1513 1402 1514
f 1514 1399 1513
f 1624 1510 1623
f 1624 1511 1510
f 1623 1628 1624
f 1628 1511 1624
f 1405 1404 1406
f 1292 1404 1405
f 1406 1293 1405
f 1405 1293 1292
f 1517 1402 1516
f 1516 1404 1517
f 1517 1404 1402
f 1292 1293 1193
f 1193 1297 1194
f 1296 1297 1193
f 1194 1082 1193
f 1193 1082 1192
f 1192 1292 1193
f 1634 1630 1521
f 1521 1520 1634
f 1631 1630 1634
f 1634 1518 1631
f 1634 1520 1518
f 1635 1519 1521
f 1635 1636 1519
f 1521 1637 1635
f 1637 1636 1635
f 834 748 735
f 735 746 834
f 834 746 748
f 735 754 753
f 753 746 735
f 959 971 970
f 861 971 959
f 970 958 1063
f 1602 1605 1487
f 1601 1605 1602
f 1487 1480 1602
f 1480 1601 1602
f 1722 1607 1606
f 1606 1605 1722
f 1606 1607 1487
f 1487 1605 1606
f 1718 1840 1714
f 1842 1843 1714
f 1840 1841 1714
f 1714 1841 1842
f 1845 1846 1714
f 1844 1845 1714
f 1714 1843 1844
f 2136 1991 1992
f 1992 1990 2136
f 1991 1854 1992
f 1992 1854 1990
f 1722 1852 1853
f 1853 1854 1722
f 1852 1854 1853
f 1847 1714 1846
f 1982 1981 1847
f 1981 1851 1847
f 1847 1851 1722
f 1722 1721 1847
f 1162 1166 1163
f 1166 1164 1163
f 1163 1046 1162
f 1163 1164 1046
f 1169 1172 1051
f 1051 1170 1169
f 1169 1170 1048
f 1275 1172 1274
f 1274 1378 1275
f 1377 1378 1274
f 1271 1375 1376
f 1376 1272 1271
f 1271 1272 1172
f 847 743 846
f 743 742 846
f 846 845 847
f 846 742 845
f 505 585 586
f 586 587 505
f 588 587 586
f 586 680 588
f 586 585 680
f 783 701 691
f 783 791 701
f 691 782 783
f 782 791 783
f 521 522 433
f 433 523 521
f 528 527 613
f 613 614 528
f 440 527 528
f 528 441 440
f 449 441 528
f 539 449 528
f 528 614 539
f 539 614 538
f 538 450 539
f 538 448 450
f 537 448 538
f 538 614 537
f 905 998 897
f 703 702 788
f 610 702 703
f 788 697 703
f 703 697 610
f 789 900 793
f 793 702 789
f 793 900 905
f 793 897 788
f 905 897 793
f 994 893 993
f 993 902 994
f 994 902 893
f 904 790 903
f 790 902 903
f 903 1006 904
f 903 902 1006
f 2033 2034 1888
f 2171 2182 2033
f 2035 2034 2033
f 2033 2182 2035
f 2016 2033 1888
f 2171 2033 2016
f 2183 2311 2319
f 2319 2184 2183
f 2183 2182 2311
f 2183 2184 2035
f 2035 2182 2183
f 2425 2430 2321
f 2321 2426 2425
f 2431 2430 2425
f 2425 2481 2431
f 2424 2481 2425
f 2425 2426 2311
f 2170 2169 2307
f 2167 2306 2307
f 2181 2180 2308
f 2308 2167 2181
f 2308 2306 2167
f 2308 2317 2316
f 2179 2317 2308
f 2429 2411 2321
f 2471 2411 2429
f 2321 2432 2429
f 2431 2471 2429
f 2429 2432 2431
f 2295 2186 2323
f 2323 2322 2295
f 2186 2322 2323
f 2437 2402 2470
f 2437 2405 2402
f 2437 2436 2405
f 2470 2434 2437
f 2334 2436 2437
f 2437 2434 2334
f 2407 2390 2286
f 2333 2390 2407
f 2286 2405 2406
f 2405 2436 2406
f 2406 2407 2286
f 1452 1449 1341
f 1341 1451 1452
f 1452 1451 1449
f 1800 1681 1799
f 1799 1685 1800
f 1681 1685 1799
f 1112 1123 1113
f 1123 1111 1113
f 1113 997 1112
f 1113 1111 997
f 2043 2060 2061
f 2061 2044 2043
f 1915 2044 2061
f 2059 1912 1915
f 2059 2060 1912
f 1915 2061 2059
f 2059 2061 2060
f 1938 1814 1813
f 1813 1937 1938
f 2090 1937 2074
f 2074 2223 2090
f 2091 2223 2224
f 2091 2090 2223
f 2076 1929 1928
f 1929 1801 1928
f 1928 1801 1814
f 1872 2011 2012
f 2012 2011 2017
f 2012 1880 1872
f 2012 2017 1880
f 919 1023 921
f 921 809 919
f 1023 1024 921
f 921 1024 922
f 1347 1245 1346
f 1142 1029 1143
f 1143 1245 1142
f 1458 1457 1345
f 1345 1350 1458
f 1345 1245 1350
f 1457 1346 1345
f 1345 1346 1245
f 1142 1247 1248
f 1248 1144 1142
f 1353 1249 1248
f 1248 1247 1353
f 1248 1249 1147
f 1147 1144 1248
f 639 552 637
f 637 636 639
f 376 375 458
f 375 457 458
f 458 457 459
f 458 377 376
f 459 377 458
f 461 379 378
f 378 460 461
f 461 463 385
f 385 379 461
f 461 460 548
f 810 922 923
f 923 924 810
f 720 721 628
f 927 928 817
f 631 721 633
f 632 631 633
f 633 547 632
f 1476 1366 1363
f 1366 1260 1363
f 1475 1476 1363
f 1363 1474 1475
f 1477 1474 1363
f 1259 1362 1363
f 1363 1260 1259
f 1365 1477 1363
f 1363 1362 1365
f 488 397 410
f 410 397 329
f 410 329 409
f 410 502 488
f 409 502 410
f 1935 1936 1809
f 1809 1936 1810
f 1809 1934 1935
f 1809 1808 1934
f 1809 1810 1684
f 1684 1808 1809
f 2089 1936 1935
f 1942 1936 2089
f 1935 1941 2089
f 1941 1942 2089
f 1816 1936 1942
f 1815 1689 1816
f 1689 1811 1816
f 1811 1936 1816
f 1816 1941 1815
f 1816 1942 1941
f 1139 1245 1140
f 1140 1024 1139
f 1025 1024 1140
f 1351 1352 1246
f 1351 1463 1352
f 1246 1347 1351
f 1462 1463 1351
f 1351 1461 1462
f 1696 1818 1697
f 1697 1818 1691
f 1586 1696 1697
f 1697 1691 1586
f 2178 2177 2179
f 2179 2031 2178
f 2178 2024 2177
f 2178 2031 2024
f 1884 2024 2027
f 2027 2026 1884
f 2024 2031 2027
f 1761 1760 1886
f 1886 1762 1761
f 1761 1762 1642
f 1759 1760 1641
f 1641 1642 1521
f 1641 1761 1642
f 1760 1761 1641
f 1521 1640 1641
f 1640 1759 1641
f 1638 1637 1521
f 1521 1643 1638
f 1638 1643 1637
f 1763 1643 1762
f 1763 1762 1874
f 1874 1873 1763
f 1755 1637 1754
f 1754 1873 1755
f 1754 1763 1873
f 1637 1643 1754
f 1643 1763 1754
f 1402 1401 1400
f 1400 1514 1402
f 1400 1401 1287
f 1287 1399 1400
f 1399 1514 1400
f 1294 1193 1293
f 654 746 659
f 746 753 659
f 658 654 659
f 754 752 659
f 659 753 754
f 659 752 657
f 657 565 659
f 659 565 658
f 851 863 862
f 862 959 851
f 862 863 751
f 751 861 862
f 861 959 862
f 1068 959 970
f 970 1063 1068
f 957 958 851
f 957 1063 958
f 1062 1063 957
f 851 959 957
f 1605 1603 1715
f 1715 1714 1605
f 1603 1714 1715
f 1721 1605 1723
f 1605 1714 1723
f 1723 1847 1721
f 1714 1847 1723
f 1168 1047 1167
f 1168 1048 1047
f 1168 1169 1048
f 1172 1272 1273
f 1273 1274 1172
f 1273 1272 1377
f 1377 1274 1273
f 1268 1271 1172
f 1268 1269 1369
f 1268 1267 1269
f 1172 1169 1268
f 1167 1164 1268
f 1164 1267 1268
f 1268 1168 1167
f 1169 1168 1268
f 1375 1271 1374
f 1480 1375 1374
f 1374 1482 1480
f 606 521 523
f 523 608 606
f 606 608 610
f 788 897 896
f 896 786 788
f 896 894 786
f 896 997 894
f 896 998 999
f 896 897 998
f 788 702 794
f 794 793 788
f 702 793 794
f 1875 2016 1888
f 1888 1876 1875
f 1755 1874 1875
f 1875 1876 1755
f 2015 1874 2014
f 2014 2171 2015
f 2171 2016 2015
f 2015 1875 1874
f 2016 1875 2015
f 2167 2307 2168
f 2168 2307 2169
f 2014 2167 2168
f 2168 2169 2014
f 2310 2311 2170
f 2310 2425 2311
f 2309 2307 2306
f 2306 2308 2309
f 2170 2307 2309
f 2309 2310 2170
f 2424 2425 2309
f 2425 2310 2309
f 2318 2180 2179
f 2179 2308 2318
f 2318 2308 2180
f 2333 2407 2435
f 2407 2406 2435
f 2435 2406 2436
f 2435 2334 2333
f 2435 2436 2334
f 1814 1938 1940
f 1940 1938 1937
f 1940 1928 1814
f 1937 2090 1940
f 2090 2091 1940
f 920 921 922
f 809 921 920
f 920 922 810
f 810 809 920
f 548 636 549
f 636 637 549
f 549 461 548
f 463 461 549
f 552 463 549
f 549 637 552
f 1026 923 922
f 1026 922 1025
f 924 923 925
f 923 1026 925
f 628 718 719
f 719 720 628
f 718 720 719
f 811 718 810
f 811 720 718
f 810 924 811
f 721 817 818
f 928 821 929
f 929 817 928
f 929 818 817
f 547 633 634
f 634 633 721
f 634 721 722
f 1141 1143 1029
f 1025 1140 1141
f 1245 1143 1141
f 1141 1140 1245
f 1141 1026 1025
f 1029 1026 1141
f 1459 1351 1347
f 1461 1351 1459
f 1579 1461 1459
f 1459 1457 1579
f 1347 1346 1459
f 1459 1346 1457
f 2030 2031 1886
f 2030 2027 2031
f 1886 2026 2030
f 2026 2027 2030
f 1407 1296 1295
f 1295 1293 1407
f 1295 1294 1293
f 1296 1193 1295
f 1193 1294 1295
f 959 1068 1061
f 1061 1068 1063
f 1061 1063 1062
f 1062 957 1061
f 1061 957 959
f 1711 1712 1603
f 1711 1604 1720
f 1711 1603 1604
f 1714 1712 1711
f 1711 1720 1718
f 1718 1714 1711
f 1713 1714 1603
f 1603 1712 1713
f 1713 1712 1714
f 1370 1374 1271
f 1370 1268 1369
f 1271 1268 1370
f 1482 1374 1370
f 1369 1480 1370
f 1480 1482 1370
f 521 606 605
f 698 607 605
f 605 697 698
f 605 607 522
f 522 521 605
f 610 697 605
f 605 606 610
f 1000 896 999
f 997 896 1000
f 999 1114 1000
f 1000 1114 1112
f 1112 997 1000
f 2316 2422 2421
f 2422 2309 2421
f 2421 2308 2316
f 2421 2309 2308
f 2423 2422 2424
f 2424 2309 2423
f 2423 2309 2422
f 2076 1928 2075
f 1928 1940 2075
f 2075 1940 2091
f 2075 2224 2076
f 2075 2091 2224
f 813 811 924
f 720 811 813
f 720 813 814
f 924 925 814
f 814 813 924
f 927 817 926
f 1028 927 926
f 926 814 925
f 926 1029 1028
f 722 721 819
f 819 818 722
f 721 818 819
f 820 821 723
f 820 929 821
f 818 929 820
f 723 722 820
f 722 818 820
f 721 720 815
f 720 814 815
f 816 926 817
f 814 926 816
f 816 815 814
f 816 817 721
f 721 815 816
f 1027 925 1026
f 1027 926 925
f 1027 1026 1029
f 1029 926 1027
f 334 417 335
f 335 417 418
f 258 423 340
f 339 423 258
f 289 215 286
f 217 215 289
f 563 556 644
f 479 556 563
f 683 589 588
f 588 682 683
f 589 507 588
f 507 506 588
f 340 423 346
f 346 423 429
f 69 16 15
f 10 9 69
f 20 10 69
f 42 67 69
f 69 26 42
f 67 102 69
f 1 2 69
f 15 14 69
f 69 3 1
f 69 2 6
f 14 13 69
f 6 17 69
f 7 3 69
f 69 9 7
f 69 27 26
f 69 17 16
f 52 51 69
f 69 31 20
f 69 50 47
f 13 27 69
f 47 31 69
f 69 53 52
f 102 71 69
f 54 53 69
f 51 50 69
f 69 71 70
f 334 335 253
f 253 335 254
f 1325 1218 1221
f 1322 1218 1325
f 504 578 672
f 672 584 504
f 261 198 342
f 342 198 260
f 430 512 599
f 599 519 430
f 272 267 345
f 273 272 345
f 54 69 48
f 32 54 48
f 253 188 252
f 252 188 187
f 334 253 252
f 252 333 334
f 380 465 382
f 462 465 380
f 329 315 240
f 329 240 248
f 240 315 316
f 241 240 316
f 429 423 511
f 511 515 429
f 322 320 404
f 321 320 322
f 496 578 504
f 504 412 496
f 412 331 496
f 331 405 496
f 570 502 582
f 488 502 570
f 330 411 239
f 68 44 239
f 2495 2472 239
f 483 482 239
f 75 112 239
f 1071 964 239
f 44 43 239
f 239 32 49
f 239 49 75
f 239 45 29
f 239 2494 2495
f 2266 2269 239
f 1769 1890 239
f 1073 1072 239
f 43 46 239
f 239 1208 1310
f 239 394 313
f 30 32 239
f 239 21 30
f 29 19 239
f 46 45 239
f 239 960 852
f 239 1420 1419
f 239 855 962
f 239 19 21
f 239 112 143
f 239 1739 1621
f 239 676 678
f 979 1095 239
f 239 2417 2300
f 239 2121 2266
f 239 105 68
f 962 1070 239
f 239 249 330
f 678 769 239
f 2159 2005 239
f 2462 2461 239
f 239 2160 2159
f 239 1653 1769
f 1310 1311 239
f 1741 1740 239
f 239 1072 1071
f 239 1621 1504
f 239 484 483
f 852 757 239
f 239 769 876
f 503 583 239
f 239 874 979
f 239 2461 2493
f 2493 2494 239
f 2300 2160 239
f 239 2269 2268
f 2268 2267 239
f 1419 1535 239
f 1504 1394 239
f 239 1392 1389
f 239 964 963
f 1740 1743 239
f 568 486 239
f 963 855 239
f 313 312 239
f 239 411 503
f 143 185 239
f 1095 1208 239
f 583 676 239
f 876 875 239
f 239 1866 1745
f 239 2388 2462
f 1654 1653 239
f 239 1535 1654
f 239 1311 1420
f 1745 1744 239
f 239 1742 1741
f 1389 1284 239
f 239 1185 1073
f 485 484 239
f 239 486 485
f 239 482 394
f 138 105 239
f 239 178 138
f 239 1070 1069
f 1069 960 239
f 756 755 239
f 239 757 756
f 239 185 249
f 239 875 874
f 2418 2417 239
f 239 2472 2418
f 239 2005 1866
f 2267 2388 239
f 239 660 568
f 1744 1742 239
f 1890 2038 239
f 1284 1185 239
f 1743 1739 239
f 1394 1393 239
f 755 660 239
f 239 2038 2121
f 239 1393 1392
f 989 1103 1210
f 1104 989 1210
f 254 335 336
f 335 419 336
f 250 44 68
f 770 681 250
f 250 1772 1655
f 250 28 44
f 144 113 250
f 250 2187 2039
f 250 643 653
f 18 28 250
f 250 1857 1997
f 250 8 18
f 250 386 469
f 1181 1279 250
f 5 4 250
f 33 22 250
f 250 55 33
f 2039 1895 250
f 653 745 250
f 4 8 250
f 68 104 250
f 2393 2392 250
f 250 585 505
f 2467 2468 250
f 250 76 55
f 469 555 250
f 1494 1612 250
f 250 881 770
f 250 2392 2467
f 505 414 250
f 250 2397 2393
f 113 76 250
f 233 307 250
f 250 174 233
f 1729 1858 250
f 250 1060 1057
f 849 956 250
f 1211 1102 250
f 250 186 144
f 413 332 250
f 2324 2189 250
f 250 2396 2324
f 250 1495 1494
f 1997 2147 250
f 250 11 5
f 555 643 250
f 1858 1857 250
f 250 1055 1181
f 250 1279 1278
f 250 1102 1099
f 1057 1056 250
f 1099 983 250
f 250 414 413
f 2189 2187 250
f 250 2468 2396
f 2291 2397 250
f 250 2147 2291
f 1655 1536 250
f 22 11 250
f 136 174 250
f 250 104 136
f 307 386 250
f 250 1612 1729
f 1895 1893 250
f 250 745 849
f 1278 1382 250
f 250 983 881
f 250 1312 1211
f 681 679 250
f 250 1893 1772
f 250 956 1060
f 250 1056 1055
f 1382 1495 250
f 250 1536 1421
f 679 585 250
f 1421 1312 250
f 406 407 326
f 326 325 406
f 1847 1846 1845
f 1847 1845 1982
f 548 547 634
f 634 635 548
f 723 635 634
f 634 722 723

