# https://github.com/mikedh/trimesh
v 0.03245648 0.00931365 0.00044425
v 0.03287976 0.00926401 0.00044425
v 0.03245648 0.00931365 -0.00750522
v 0.00854119 0.00931365 0.00044425
v 0.03289221 0.00926185 0.00044425
v 0.03287976 0.00926401 -0.00582817
v 0.03287976 0.00926185 -0.00624581
v 0.03276771 0.00925322 -0.00750522
v 0.03245648 0.00928559 -0.00792546
v 0.03203735 0.00931149 -0.00834439
v 0.03161822 0.00931365 -0.00876463
v 0.00602226 0.00931365 -0.00834439
v 0.00560313 0.00929854 -0.00834439
v 0.00517985 0.00926401 -0.00834439
v 0.00476072 0.00922732 -0.00834439
v 0.00449099 0.00919711 -0.00812520
v 0.00425445 0.00917985 -0.00834439
v 0.00392246 0.00912805 -0.00834439
v 0.00822165 0.00925322 0.00044425
v 0.03309970 0.00920359 -0.00582817
v 0.03309970 0.00920359 0.00044425
v 0.03309555 0.00920143 -0.00624581
v 0.03309140 0.00919711 -0.00648965
v 0.03271376 0.00922732 -0.00792546
v 0.03245233 0.00924243 -0.00830937
v 0.03230708 0.00923164 -0.00866995
v 0.03206640 0.00926401 -0.00879187
v 0.03119909 0.00931365 -0.00918487
v 0.00602226 0.00931365 -0.01002404
v 0.00560313 0.00929854 -0.01002404
v 0.00517985 0.00926401 -0.01002404
v 0.00476072 0.00922732 -0.01002404
v 0.00425445 0.00918200 -0.00876463
v 0.00392246 0.00913237 -0.00876463
v 0.00350333 0.00903525 -0.00834439
v 0.00802246 0.00898130 0.00044425
v 0.00308420 0.00892303 -0.00834439
v 0.00276052 0.00880433 -0.00808758
v 0.00249493 0.00875901 -0.00834439
v 0.00224180 0.00867916 -0.00834439
v 0.00157368 0.00837271 -0.00810574
v 0.00072712 0.00795835 -0.00809796
v -0.00051782 0.00711669 -0.00810185
v -0.00097845 0.00673470 -0.00806813
v -0.00258857 0.00541825 -0.00813039
v -0.00302845 0.00501900 -0.00810444
v -0.00347248 0.00461759 -0.00808499
v -0.00389161 0.00420970 -0.00808110
v -0.00429414 0.00377160 -0.00809666
v -0.00469252 0.00333135 -0.00811741
v 0.03655648 0.00262780 0.00044425
v 0.03655233 0.00262780 0.00004736
v 0.03291296 0.00898130 -0.00750522
v 0.03267227 0.00919711 -0.00814595
v 0.03653988 0.00262133 -0.00037158
v 0.03652743 0.00261054 -0.00079182
v 0.03649838 0.00258248 -0.00163099
v 0.03647348 0.00253500 -0.00205123
v 0.03645273 0.00249184 -0.00228988
v 0.03607510 0.00256090 -0.00372958
v 0.03222824 0.00898130 -0.00895529
v 0.03194190 0.00923164 -0.00908889
v 0.03164727 0.00926401 -0.00921081
v 0.03122399 0.00926401 -0.00963104
v 0.03077996 0.00931149 -0.00960381
v 0.02994170 0.00931149 -0.01002404
v 0.03036083 0.00931365 -0.00960381
v 0.00602226 0.00925322 -0.01038591
v 0.00560313 0.00924459 -0.01037294
v 0.02951842 0.00931365 -0.01002404
v 0.00517985 0.00922732 -0.01033922
v 0.00476072 0.00921006 -0.01028993
v 0.00449099 0.00919711 -0.01025232
v 0.00425445 0.00918200 -0.01002404
v 0.00392246 0.00913237 -0.01002404
v 0.00350333 0.00903741 -0.00876463
v 0.00791872 0.00873312 0.00044425
v -0.00476306 0.00310690 -0.00805645
v -0.00511995 0.00251990 -0.00810444
v -0.00517804 0.00226740 -0.00804997
v 0.00270242 0.00881944 -0.00834439
v 0.00249493 0.00876117 -0.00876463
v 0.00224180 0.00868132 -0.00876463
v 0.00182267 0.00851083 -0.00834439
v 0.00098441 0.00810942 -0.00834439
v 0.00070222 0.00797130 -0.00834439
v 0.00049473 0.00785045 -0.00834439
v 0.00017520 0.00764111 -0.00834439
v -0.00053442 0.00712963 -0.00834439
v -0.00074191 0.00697641 -0.00834439
v -0.00101995 0.00676707 -0.00834439
v -0.00304505 0.00502979 -0.00834439
v -0.00349738 0.00463917 -0.00834439
v -0.00122744 0.00659226 -0.00834439
v -0.00370487 0.00444494 -0.00834439
v -0.00391651 0.00423560 -0.00834439
v -0.00451823 0.00354716 -0.00834439
v -0.00470082 0.00333782 -0.00834439
v -0.00484191 0.00310690 -0.00834439
v -0.00503280 0.00275081 -0.00834439
v 0.03666852 0.00226740 0.00044425
v 0.03666437 0.00226740 0.00004736
v 0.03235688 0.00898130 -0.00874517
v 0.03603360 0.00249832 -0.00396304
v 0.03565182 0.00255227 -0.00487226
v 0.03557298 0.00226740 -0.00513426
v 0.03541943 0.00226740 -0.00540793
v 0.03661458 0.00226740 -0.00079182
v 0.03658968 0.00226740 -0.00121076
v 0.03656063 0.00226740 -0.00163099
v 0.03650668 0.00226740 -0.00205123
v 0.03645688 0.00226740 -0.00231582
v 0.03624939 0.00226740 -0.00330934
v 0.03202075 0.00898130 -0.00916541
v 0.03524099 0.00226740 -0.00570754
v 0.03511235 0.00226740 -0.00591636
v 0.03490071 0.00226740 -0.00623673
v 0.03475962 0.00226740 -0.00644685
v 0.03224899 0.00856262 -0.00897345
v 0.03152277 0.00923164 -0.00950783
v 0.03110364 0.00923164 -0.00986580
v 0.03077996 0.00925106 -0.00994622
v 0.03027368 0.00923164 -0.01028085
v 0.02994170 0.00925106 -0.01031328
v 0.02951842 0.00925322 -0.01033533
v 0.02909929 0.00925322 -0.01036646
v 0.02868016 0.00925322 -0.01038591
v 0.00602226 0.00898130 -0.01058436
v 0.00560313 0.00898130 -0.01057139
v 0.00517985 0.00898130 -0.01053766
v 0.00350333 0.00890577 -0.01042482
v 0.00308420 0.00884749 -0.01038980
v 0.00276052 0.00880433 -0.01031717
v 0.00350333 0.00903741 -0.01002404
v 0.00786892 0.00852162 0.00044425
v -0.00552248 0.00164370 -0.00813039
v -0.00553908 0.00142789 -0.00810444
v -0.00513240 0.00254148 -0.00834439
v 0.00270242 0.00881944 -0.01002404
v 0.00249493 0.00876117 -0.01002404
v 0.00224180 0.00868132 -0.01002404
v 0.00182267 0.00851083 -0.01002404
v 0.00098441 0.00810942 -0.01002404
v 0.00070222 0.00797130 -0.01002404
v 0.00049473 0.00785045 -0.01002404
v 0.00017520 0.00764111 -0.01002404
v -0.00053442 0.00712963 -0.01002404
v -0.00074191 0.00697641 -0.01002404
v -0.00101995 0.00676707 -0.01002404
v -0.00304505 0.00502979 -0.01002404
v -0.00349738 0.00463917 -0.01002404
v -0.00122744 0.00659226 -0.01002404
v -0.00370487 0.00444494 -0.01002404
v -0.00391651 0.00423560 -0.01002404
v -0.00451823 0.00354716 -0.01002404
v -0.00470082 0.00333782 -0.01002404
v -0.00484191 0.00310690 -0.01002404
v -0.00503280 0.00275081 -0.01002404
v 0.03666437 0.00184656 0.00044425
v 0.03666022 0.00184656 0.00004736
v 0.03662288 0.00184656 -0.00079182
v 0.03522024 0.00253500 -0.00567123
v 0.03612905 0.00226740 -0.00372958
v 0.03604190 0.00226740 -0.00398380
v 0.03596306 0.00226740 -0.00419391
v 0.03582196 0.00226740 -0.00456875
v 0.03567257 0.00226740 -0.00492414
v 0.03557298 0.00184656 -0.00513296
v 0.03542358 0.00184656 -0.00540793
v 0.03524514 0.00184656 -0.00571403
v 0.03659797 0.00184656 -0.00121076
v 0.03655648 0.00184656 -0.00163099
v 0.03650253 0.00184656 -0.00205123
v 0.03645688 0.00184656 -0.00232360
v 0.03634484 0.00184656 -0.00289040
v 0.03624939 0.00184656 -0.00330934
v 0.03160162 0.00898130 -0.00958435
v 0.03511235 0.00184656 -0.00592415
v 0.03490486 0.00184656 -0.00623413
v 0.03475547 0.00184656 -0.00644296
v 0.03457287 0.00184656 -0.00666604
v 0.03437368 0.00184656 -0.00690729
v 0.03457287 0.00226740 -0.00666604
v 0.03161822 0.00856262 -0.00960251
v 0.03436953 0.00226740 -0.00690081
v 0.03397115 0.00226740 -0.00734179
v 0.03138583 0.00898130 -0.00979447
v 0.03055172 0.00911079 -0.01021730
v 0.03038988 0.00897483 -0.01030550
v 0.02994170 0.00898130 -0.01043131
v 0.02909929 0.00898130 -0.01054934
v 0.02868016 0.00898130 -0.01058436
v 0.01525556 0.00253932 -0.01277892
v 0.01483643 0.00253069 -0.01277503
v 0.01441315 0.00251990 -0.01276984
v 0.01399402 0.00250695 -0.01276466
v 0.01357489 0.00249400 -0.01275817
v 0.01329686 0.00248321 -0.01275428
v 0.00350333 0.00856262 -0.01062327
v 0.00308420 0.00856262 -0.01058825
v 0.00224180 0.00851730 -0.01042742
v 0.00182267 0.00843098 -0.01037035
v 0.00157368 0.00837271 -0.01028864
v 0.00778178 0.00814179 0.00044425
v -0.00525689 0.00226740 -0.00834439
v -0.00543533 0.00185520 -0.00834439
v -0.00552248 0.00164586 -0.00834439
v -0.00555983 0.00142789 -0.00834439
v -0.00568017 0.00058838 -0.00834439
v -0.00572582 0.00016755 -0.00834439
v -0.00560133 0.00058838 -0.00803311
v -0.00556813 0.00100706 -0.00806164
v -0.00513240 0.00254148 -0.01002404
v 0.00072712 0.00795835 -0.01030161
v -0.00051782 0.00711669 -0.01029382
v -0.00097845 0.00673470 -0.01034570
v -0.00258857 0.00541825 -0.01024324
v -0.00347248 0.00461759 -0.01032236
v -0.00302845 0.00501900 -0.01028993
v -0.00389161 0.00420970 -0.01033922
v -0.00429414 0.00377160 -0.01030939
v -0.00469252 0.00333135 -0.01026659
v -0.00511995 0.00251990 -0.01028993
v 0.03663947 0.00142789 0.00044425
v 0.03663947 0.00142789 0.00004736
v 0.03660628 0.00142789 -0.00079182
v 0.03612905 0.00184656 -0.00372958
v 0.03604605 0.00184656 -0.00399288
v 0.03596721 0.00184656 -0.00420299
v 0.03582611 0.00184656 -0.00456875
v 0.03567257 0.00184656 -0.00492284
v 0.03555638 0.00142789 -0.00509405
v 0.03539453 0.00142789 -0.00540793
v 0.03565597 0.00142789 -0.00488523
v 0.03523269 0.00142789 -0.00569068
v 0.03657308 0.00142789 -0.00121076
v 0.03652743 0.00142789 -0.00163099
v 0.03645273 0.00157248 -0.00229896
v 0.03631579 0.00142789 -0.00289040
v 0.03622034 0.00142789 -0.00330934
v 0.03603775 0.00153795 -0.00397472
v 0.03140658 0.00856262 -0.00981263
v 0.03509990 0.00142789 -0.00590080
v 0.03488826 0.00142789 -0.00621208
v 0.03473887 0.00142789 -0.00642220
v 0.03454383 0.00142789 -0.00666604
v 0.03436123 0.00142789 -0.00689173
v 0.03418279 0.00184656 -0.00711741
v 0.03397115 0.00184656 -0.00734309
v 0.03375536 0.00226740 -0.00755191
v 0.03117834 0.00898130 -0.00990731
v 0.03057662 0.00883023 -0.01023805
v 0.03036083 0.00856262 -0.01034052
v 0.02994170 0.00856262 -0.01047022
v 0.02221062 0.00249184 -0.01233793
v 0.01986599 0.00226740 -0.01261809
v 0.01944686 0.00226740 -0.01265960
v 0.01762925 0.00248537 -0.01275558
v 0.01734706 0.00250263 -0.01276206
v 0.01692793 0.00252205 -0.01277114
v 0.01650880 0.00253285 -0.01277633
v 0.01608967 0.00253716 -0.01277763
v 0.01567054 0.00253932 -0.01277892
v 0.01525556 0.00226740 -0.01280616
v 0.01483643 0.00226740 -0.01280097
v 0.01399402 0.00226740 -0.01277892
v 0.01357489 0.00226740 -0.01276725
v 0.01325536 0.00226740 -0.01275687
v 0.01304787 0.00226740 -0.01274650
v 0.01273664 0.00226740 -0.01272964
v 0.01189838 0.00226740 -0.01267905
v -0.00363017 0.00352558 -0.01162846
v -0.00279191 0.00394641 -0.01159733
v -0.00279191 0.00418812 -0.01152859
v -0.00306580 0.00417086 -0.01151043
v -0.00363017 0.00385361 -0.01156102
v 0.00182267 0.00814179 -0.01056879
v 0.00098441 0.00802094 -0.01038072
v 0.00777763 0.00811805 0.00044425
v -0.00525689 0.00226740 -0.01002404
v -0.00543533 0.00185520 -0.01002404
v -0.00552248 0.00164586 -0.01002404
v -0.00555983 0.00142789 -0.01002404
v -0.00568017 0.00058838 -0.01002404
v -0.00570922 -0.00025113 -0.00834439
v -0.00561377 -0.00025113 -0.00802273
v -0.00562207 0.00016755 -0.00801625
v -0.00572582 0.00016755 -0.01002404
v -0.00552248 0.00164370 -0.01024194
v 0.00057773 0.00773175 -0.01042871
v 0.00023744 0.00759795 -0.01035867
v -0.00391651 0.00379319 -0.01153767
v -0.00417794 0.00363996 -0.01128216
v -0.00435224 0.00343062 -0.01128216
v -0.00431489 0.00338530 -0.01153248
v 0.03658968 0.00100706 0.00044425
v 0.03658553 0.00100706 0.00004736
v 0.03656893 0.00100706 -0.00037158
v 0.03654818 0.00100706 -0.00079182
v 0.03579706 0.00142789 -0.00456875
v 0.03563107 0.00110849 -0.00482816
v 0.03529909 0.00098763 -0.00544165
v 0.03520779 0.00111496 -0.00565307
v 0.03651083 0.00100706 -0.00121076
v 0.03645688 0.00116028 -0.00191763
v 0.03647348 0.00143005 -0.00205512
v 0.03643613 0.00129193 -0.00219779
v 0.03640709 0.00143005 -0.00245201
v 0.03625354 0.00100706 -0.00289040
v 0.03615395 0.00100706 -0.00330934
v 0.03606265 0.00100706 -0.00363490
v 0.03602115 0.00125740 -0.00392284
v 0.03608755 0.00141062 -0.00376071
v 0.03596721 0.00141062 -0.00412906
v 0.03140658 0.00436509 -0.00981263
v 0.03079241 0.00856262 -0.01013299
v 0.03375536 0.00184656 -0.00755321
v 0.03485506 0.00100706 -0.00616409
v 0.03470567 0.00100706 -0.00637292
v 0.03434879 0.00121424 -0.00687616
v 0.03395870 0.00142789 -0.00732753
v 0.03058077 0.00856262 -0.01023935
v 0.03036083 0.00436509 -0.01034052
v 0.02994170 0.00436509 -0.01047022
v 0.02574210 0.00184656 -0.01159733
v 0.02532297 0.00184656 -0.01170888
v 0.02490384 0.00226740 -0.01181264
v 0.02458846 0.00226740 -0.01188916
v 0.02438097 0.00226740 -0.01193586
v 0.02406558 0.00226740 -0.01200071
v 0.02364231 0.00226740 -0.01208242
v 0.02322318 0.00226740 -0.01216284
v 0.02280405 0.00226740 -0.01224066
v 0.02243886 0.00226740 -0.01230551
v 0.02222722 0.00226740 -0.01234053
v 0.02196579 0.00226740 -0.01237944
v 0.02154666 0.00226740 -0.01243521
v 0.02112753 0.00226740 -0.01248450
v 0.02028512 0.00226740 -0.01257399
v 0.01986599 0.00184656 -0.01262328
v 0.01944686 0.00184656 -0.01266089
v 0.01902773 0.00226740 -0.01269073
v 0.01792388 0.00226740 -0.01274909
v 0.01771639 0.00226740 -0.01275947
v 0.01734706 0.00226740 -0.01277503
v 0.01692793 0.00226740 -0.01279189
v 0.01650880 0.00226740 -0.01280097
v 0.01567054 0.00226740 -0.01280486
v 0.01650880 0.00184656 -0.01280097
v 0.01525556 0.00184656 -0.01280486
v 0.01483643 0.00184656 -0.01280227
v 0.01441315 0.00184656 -0.01279319
v 0.01399402 0.00184656 -0.01278281
v 0.01357489 0.00184656 -0.01276984
v 0.01325121 0.00184656 -0.01275687
v 0.01303957 0.00184656 -0.01274650
v 0.01273664 0.00184656 -0.01273093
v 0.01189838 0.00184656 -0.01268165
v 0.01147510 0.00226740 -0.01265182
v -0.00405345 0.00310690 -0.01162457
v -0.00405345 0.00352558 -0.01157139
v 0.00098441 0.00772312 -0.01057917
v 0.00776103 0.00772312 0.00044425
v -0.00553908 0.00142789 -0.01028993
v -0.00564697 -0.00067196 -0.00834439
v -0.00553078 -0.00134745 -0.00811352
v -0.00555568 -0.00109063 -0.00808240
v -0.00558472 -0.00067196 -0.00804738
v -0.00570922 -0.00025113 -0.01002404
v 0.00890637 -0.00612552 0.00044425
v 0.00886487 -0.00572843 0.00044425
v -0.00556813 0.00100706 -0.01036257
v -0.00560133 0.00058838 -0.01040407
v -0.00562207 0.00016755 -0.01041963
v -0.00561377 -0.00025113 -0.01041445
v -0.00436883 0.00310690 -0.01155713
v 0.03652743 0.00061212 0.00044425
v 0.03651913 0.00058838 0.00004736
v 0.03646518 0.00025603 0.00004736
v 0.03644858 0.00036825 -0.00060894
v 0.03647348 0.00057112 -0.00076588
v 0.03643613 0.00041789 -0.00088780
v 0.03646103 0.00072218 -0.00121076
v 0.03589251 0.00100706 -0.00414852
v 0.03570577 0.00098332 -0.00460248
v 0.03546093 -0.00025113 -0.00456875
v 0.03523269 -0.00067196 -0.00487355
v 0.03513310 -0.00067196 -0.00508367
v 0.03519534 -0.00008063 -0.00521467
v 0.03526589 0.00058838 -0.00534697
v 0.03510820 0.00016755 -0.00547408
v 0.03517875 0.00083441 -0.00560378
v 0.03487996 0.00017402 -0.00585411
v 0.03508330 0.00098763 -0.00580741
v 0.03646933 0.00101569 -0.00159078
v 0.03620375 -0.00067196 -0.00121076
v 0.03614565 -0.00067196 -0.00163099
v 0.03601700 -0.00124818 -0.00176069
v 0.03632824 0.00058838 -0.00205123
v 0.03625769 0.00058838 -0.00247017
v 0.03633654 0.00100706 -0.00247017
v 0.03605020 -0.00058348 -0.00236900
v 0.03600041 -0.00070217 -0.00249351
v 0.03617055 0.00058838 -0.00289040
v 0.03604605 0.00028625 -0.00316926
v 0.03589666 -0.00025113 -0.00330934
v 0.03580951 -0.00067196 -0.00330934
v 0.03572237 -0.00109063 -0.00330934
v 0.03563522 -0.00109063 -0.00360247
v 0.03577217 -0.00025113 -0.00372958
v 0.03585931 0.00016755 -0.00372958
v 0.03599626 0.00100706 -0.00384372
v 0.03079241 0.00436509 -0.01013299
v 0.03354372 0.00184656 -0.00774647
v 0.03309140 0.00162428 -0.00813687
v 0.03307065 0.00134372 -0.00812001
v 0.03254777 0.00100706 -0.00846372
v 0.03233613 0.00100706 -0.00861936
v 0.03225729 0.00033804 -0.00856229
v 0.03184231 0.00116892 -0.00898253
v 0.03140658 -0.00044967 -0.00897215
v 0.03137338 -0.00067196 -0.00895400
v 0.03109949 -0.00109063 -0.00903571
v 0.03057662 0.00414712 -0.01023805
v 0.03352713 0.00142789 -0.00773220
v 0.03478036 0.00031862 -0.00605774
v 0.03431974 -0.00067196 -0.00641701
v 0.03437368 -0.00016049 -0.00648705
v 0.03446498 0.00104806 -0.00668680
v 0.03423674 0.00016755 -0.00673997
v 0.03389231 -0.00109063 -0.00683077
v 0.03394626 -0.00055758 -0.00690081
v 0.03365162 -0.00106905 -0.00711352
v 0.03351468 -0.00091367 -0.00730288
v 0.03387986 0.00058838 -0.00724581
v 0.03412885 0.00104806 -0.00707720
v 0.03393796 0.00116028 -0.00730677
v 0.03351053 0.00120129 -0.00771793
v 0.03058077 0.00436509 -0.01023935
v 0.02784190 0.00100706 -0.01087748
v 0.02726923 0.00109554 -0.01109020
v 0.02731073 0.00142789 -0.01110836
v 0.02700364 0.00142789 -0.01120952
v 0.02658036 0.00142789 -0.01134182
v 0.02622763 0.00142789 -0.01144947
v 0.02625253 0.00184656 -0.01145855
v 0.02604089 0.00184656 -0.01151692
v 0.02574210 0.00142789 -0.01158436
v 0.02532297 0.00142789 -0.01169331
v 0.02490384 0.00184656 -0.01181523
v 0.02458846 0.00184656 -0.01188916
v 0.02438097 0.00184656 -0.01193586
v 0.02406558 0.00184656 -0.01200330
v 0.02364231 0.00184656 -0.01208761
v 0.02322318 0.00184656 -0.01216932
v 0.02280405 0.00184656 -0.01224455
v 0.02221892 0.00184656 -0.01233923
v 0.02196579 0.00184656 -0.01237814
v 0.02243056 0.00184656 -0.01230551
v 0.02154666 0.00184656 -0.01243391
v 0.02028512 0.00184656 -0.01257659
v 0.01986599 0.00142789 -0.01261550
v 0.02028512 0.00142789 -0.01257140
v 0.01944686 0.00142789 -0.01265052
v 0.01902773 0.00184656 -0.01269073
v 0.01860860 0.00184656 -0.01271667
v 0.01799443 0.00176024 -0.01275298
v 0.01797368 0.00203864 -0.01275169
v 0.01734706 0.00184656 -0.01277763
v 0.01692793 0.00184656 -0.01279189
v 0.01650880 0.00142789 -0.01279319
v 0.01525556 0.00142789 -0.01280097
v 0.01483643 0.00142789 -0.01279968
v 0.01441315 0.00142789 -0.01279319
v 0.01399402 0.00142789 -0.01278152
v 0.01357489 0.00142789 -0.01276725
v 0.01329271 0.00142789 -0.01275558
v 0.01308107 0.00142789 -0.01274390
v 0.01273664 0.00142789 -0.01272445
v 0.01189838 0.00142789 -0.01267646
v -0.00363017 -0.00318617 -0.01162846
v 0.01147510 0.00184656 -0.01265441
v -0.00405345 0.00100706 -0.01162976
v -0.00443938 0.00226740 -0.01156102
v -0.00441863 0.00268607 -0.01156102
v -0.00558472 -0.00109063 -0.00834439
v -0.00564697 -0.00067196 -0.01002404
v -0.00553908 -0.00136903 -0.00834439
v -0.00548098 -0.00158053 -0.00834439
v -0.00534404 -0.00192798 -0.00834439
v -0.00514900 -0.00224523 -0.00807202
v -0.00521954 -0.00192798 -0.00802143
v 0.00937945 -0.00822321 0.00044425
v 0.00925495 -0.00780454 0.00044425
v 0.00918026 -0.00752182 0.00044425
v 0.00913046 -0.00732328 0.00044425
v 0.00905576 -0.00696503 0.00044425
v 0.00898107 -0.00656793 0.00044425
v 0.00897692 -0.00654420 0.00044425
v -0.00558472 -0.00067196 -0.01038462
v -0.00555568 -0.00109063 -0.01032884
v -0.00553078 -0.00134745 -0.01027307
v -0.00433149 -0.00025113 -0.01155583
v -0.00431489 -0.00067196 -0.01154545
v -0.00429829 -0.00109063 -0.01152989
v -0.00427754 -0.00150931 -0.01151043
v -0.00426509 -0.00176181 -0.01149746
v 0.03643198 0.00004454 0.00044425
v 0.03637804 -0.00025113 0.00004736
v 0.03632409 -0.00025113 -0.00079182
v 0.03569747 0.00013302 -0.00418743
v 0.03558128 -0.00025113 -0.00428730
v 0.03560202 -0.00003100 -0.00435345
v 0.03566842 0.00058838 -0.00449871
v 0.03527004 -0.00109063 -0.00459080
v 0.03517045 -0.00122875 -0.00474515
v 0.03509575 -0.00109063 -0.00496564
v 0.03482601 -0.00150931 -0.00530546
v 0.03485921 -0.00107984 -0.00542998
v 0.03496296 -0.00067196 -0.00540793
v 0.03474717 -0.00121149 -0.00558432
v 0.03477621 -0.00093093 -0.00563621
v 0.03480526 -0.00067196 -0.00568030
v 0.03464342 -0.00107984 -0.00579704
v 0.03467247 -0.00067196 -0.00589042
v 0.03624524 -0.00067196 -0.00079182
v 0.03616640 -0.00109063 -0.00079182
v 0.03612075 -0.00109063 -0.00121076
v 0.03602115 -0.00086187 -0.00223800
v 0.03604190 -0.00096978 -0.00195784
v 0.03603360 -0.00133234 -0.00148054
v 0.03600041 -0.00161506 -0.00121076
v 0.03597551 -0.00148773 -0.00162451
v 0.03586346 -0.00192798 -0.00163099
v 0.03590496 -0.00150931 -0.00205123
v 0.03599626 -0.00110142 -0.00207847
v 0.03592156 -0.00109063 -0.00247017
v 0.03591741 -0.00067196 -0.00289040
v 0.03601700 0.00000785 -0.00305642
v 0.03563937 -0.00147478 -0.00328210
v 0.03561032 -0.00131076 -0.00352854
v 0.03582611 -0.00109063 -0.00289040
v 0.03556468 -0.00109063 -0.00381259
v 0.03559373 -0.00082087 -0.00390079
v 0.03325739 0.00146026 -0.00797215
v 0.03303745 0.00100706 -0.00809407
v 0.03332379 0.00103943 -0.00785282
v 0.03278016 0.00058838 -0.00821729
v 0.03263492 -0.00067196 -0.00810963
v 0.03242328 -0.00067196 -0.00826138
v 0.03236933 -0.00109063 -0.00822377
v 0.03217844 -0.00025113 -0.00850912
v 0.03197095 -0.00025113 -0.00864660
v 0.03191285 -0.00067196 -0.00860899
v 0.03161822 -0.00067196 -0.00879835
v 0.03130698 -0.00109063 -0.00891638
v 0.03165972 -0.00112301 -0.00869070
v 0.03104140 -0.00142946 -0.00900328
v 0.03051022 -0.00109063 -0.00936126
v 0.03029858 -0.00109063 -0.00947410
v 0.02994170 -0.00109063 -0.00965309
v 0.02945617 -0.00109063 -0.00988267
v 0.02909929 -0.00109063 -0.01004479
v 0.02906194 -0.00063527 -0.01013559
v 0.02893745 -0.00025113 -0.01025362
v 0.02912419 0.00059917 -0.01030809
v 0.02909929 0.00100706 -0.01038332
v 0.02864696 0.00103080 -0.01057139
v 0.02848512 0.00118402 -0.01065829
v 0.03441518 -0.00109063 -0.00614334
v 0.03427409 -0.00109063 -0.00635216
v 0.03406245 -0.00109063 -0.00662065
v 0.03401265 -0.00150931 -0.00655839
v 0.03383836 -0.00150931 -0.00676851
v 0.03363087 -0.00150931 -0.00701754
v 0.03348148 -0.00119422 -0.00727046
v 0.03353957 -0.00067196 -0.00732753
v 0.03328644 -0.00103884 -0.00749225
v 0.03308725 -0.00088345 -0.00771534
v 0.03311215 -0.00067196 -0.00773479
v 0.03362672 0.00016755 -0.00741183
v 0.03344828 0.00058838 -0.00766216
v 0.03348148 0.00092073 -0.00769329
v 0.03324079 0.00058838 -0.00784763
v 0.02815729 0.00058838 -0.01069331
v 0.02777965 -0.00025113 -0.01070887
v 0.02764271 -0.00091151 -0.01065829
v 0.02741447 0.00097684 -0.01102535
v 0.02715304 0.00058838 -0.01105388
v 0.02704099 0.00097684 -0.01114597
v 0.02658036 0.00100706 -0.01129383
v 0.02597864 0.00116244 -0.01150006
v 0.02601599 0.00142789 -0.01151043
v 0.02490384 0.00142789 -0.01179967
v 0.02455941 0.00142789 -0.01188138
v 0.02434777 0.00142789 -0.01192808
v 0.02406558 0.00142789 -0.01198904
v 0.02364231 0.00142789 -0.01207464
v 0.02322318 0.00142789 -0.01215765
v 0.02280405 0.00142789 -0.01223288
v 0.02219818 0.00156817 -0.01233534
v 0.02154666 0.00142789 -0.01242484
v 0.02112753 0.00142789 -0.01247672
v 0.01986599 0.00100706 -0.01258567
v 0.01944686 0.00100706 -0.01262198
v 0.02070840 0.00100706 -0.01249487
v 0.02028512 0.00100706 -0.01254157
v 0.02112753 0.00100706 -0.01244818
v 0.01902773 0.00100706 -0.01265182
v 0.01860860 0.00142789 -0.01270759
v 0.01799443 0.00161565 -0.01275298
v 0.01692793 0.00142789 -0.01278281
v 0.01692793 0.00108691 -0.01276336
v 0.01650880 0.00097900 -0.01276595
v 0.01608967 0.00100706 -0.01277503
v 0.01525556 0.00100706 -0.01278281
v 0.01483643 0.00100706 -0.01278152
v 0.01441315 0.00100706 -0.01277633
v 0.01399402 0.00098979 -0.01276466
v 0.01357489 0.00112575 -0.01275817
v 0.01334251 0.00119697 -0.01275298
v -0.00279191 -0.00402567 -0.01162976
v -0.00363017 -0.00360700 -0.01159863
v -0.00394140 -0.00318617 -0.01155972
v -0.00405345 -0.00067196 -0.01161419
v -0.00405345 -0.00025113 -0.01162457
v -0.00405345 0.00016755 -0.01162976
v 0.00937945 -0.00150931 -0.01241316
v 0.00937945 -0.00192798 -0.01239371
v -0.00434393 0.00016755 -0.01156102
v -0.00558472 -0.00109063 -0.01002404
v -0.00553908 -0.00136903 -0.01002404
v -0.00548098 -0.00158053 -0.01002404
v -0.00534404 -0.00192798 -0.01002404
v -0.00507845 -0.00251067 -0.00834439
v -0.00495396 -0.00276749 -0.00834439
v -0.00474232 -0.00305668 -0.00806553
v 0.01008076 -0.00994107 0.00044425
v 0.00985667 -0.00948355 0.00044425
v 0.00968238 -0.00908646 0.00044425
v 0.00959524 -0.00885986 0.00044425
v 0.00951639 -0.00863757 0.00044425
v -0.00388331 -0.00360700 -0.01152989
v -0.00514900 -0.00224523 -0.01034181
v -0.00384596 -0.00382497 -0.01149876
v 0.03638219 -0.00023386 0.00044425
v 0.03630334 -0.00067196 0.00044425
v 0.03629919 -0.00067196 0.00004736
v 0.03627429 -0.00067196 -0.00037158
v 0.03554393 -0.00067628 -0.00413684
v 0.03544848 -0.00109063 -0.00414852
v 0.03522854 -0.00150931 -0.00445721
v 0.03513310 -0.00150931 -0.00466603
v 0.03498371 -0.00150931 -0.00498899
v 0.03478866 -0.00179418 -0.00523672
v 0.03470982 -0.00150931 -0.00551558
v 0.03448573 -0.00153952 -0.00586448
v 0.03437783 -0.00141651 -0.00608627
v 0.03619545 -0.00109063 -0.00037158
v 0.03606680 -0.00153305 -0.00077496
v 0.03605020 -0.00140572 -0.00121076
v 0.03601700 -0.00168843 -0.00090336
v 0.03592156 -0.00192798 -0.00121076
v 0.03579706 -0.00192798 -0.00205123
v 0.03575142 -0.00234666 -0.00163099
v 0.03582196 -0.00150931 -0.00247017
v 0.03561447 -0.00174454 -0.00312387
v 0.03557298 -0.00159132 -0.00340403
v 0.03537793 -0.00192798 -0.00372958
v 0.03524099 -0.00191072 -0.00414463
v 0.03534474 -0.00150931 -0.00414852
v 0.03572652 -0.00150931 -0.00289040
v 0.03294200 0.00016755 -0.00802014
v 0.03287976 -0.00067196 -0.00791897
v 0.03258097 -0.00109063 -0.00806942
v 0.03231123 -0.00150931 -0.00817967
v 0.03201660 -0.00112301 -0.00845594
v 0.03212034 -0.00067196 -0.00847150
v 0.03186721 -0.00100647 -0.00857786
v 0.03157672 -0.00150931 -0.00866346
v 0.03118664 -0.00154600 -0.00889174
v 0.03182571 -0.00128486 -0.00855192
v 0.03119909 -0.00192798 -0.00879965
v 0.03086295 -0.00234666 -0.00890082
v 0.03065131 -0.00234666 -0.00902144
v 0.03036083 -0.00234666 -0.00918227
v 0.03043553 -0.00150931 -0.00932105
v 0.03022389 -0.00150931 -0.00943390
v 0.02994170 -0.00150931 -0.00957397
v 0.02937318 -0.00150931 -0.00984376
v 0.02909929 -0.00150931 -0.00996827
v 0.02877146 -0.00109063 -0.01018617
v 0.02889595 -0.00047341 -0.01023546
v 0.02868016 0.00016755 -0.01042353
v 0.02868016 0.00058838 -0.01048967
v 0.02836478 0.00058838 -0.01061289
v 0.03424089 -0.00153952 -0.00623284
v 0.03392551 -0.00212653 -0.00645203
v 0.03353542 -0.00222796 -0.00690729
v 0.03343998 -0.00150931 -0.00722766
v 0.03323249 -0.00150931 -0.00742999
v 0.03304990 -0.00116401 -0.00768291
v 0.03279261 -0.00150931 -0.00781391
v 0.03289636 -0.00104963 -0.00783077
v 0.03340678 0.00016755 -0.00762065
v 0.02790415 -0.00067196 -0.01059603
v 0.02780870 -0.00106689 -0.01057139
v 0.02758046 -0.00119207 -0.01063624
v 0.02742277 -0.00067196 -0.01077113
v 0.02742277 0.00016755 -0.01089953
v 0.02700364 -0.00067196 -0.01091121
v 0.02672976 -0.00032882 -0.01105388
v 0.02679615 -0.00004826 -0.01107463
v 0.02658866 -0.00021444 -0.01111614
v 0.02613633 0.00101569 -0.01143261
v 0.02590810 0.00088189 -0.01148060
v 0.02575870 0.00101569 -0.01153897
v 0.02532297 0.00100706 -0.01164921
v 0.02490384 0.00100706 -0.01175557
v 0.02430627 0.00116460 -0.01191900
v 0.02322318 0.00100706 -0.01211874
v 0.02280405 0.00100706 -0.01219656
v 0.02215253 0.00128977 -0.01232886
v 0.02199484 0.00142789 -0.01235998
v 0.02154666 0.00100706 -0.01239241
v 0.01986599 0.00016755 -0.01249877
v 0.01944686 -0.00025113 -0.01249487
v 0.01944686 0.00016755 -0.01253768
v 0.01944686 0.00058838 -0.01258048
v 0.01860860 -0.00067196 -0.01252082
v 0.01818947 -0.00067196 -0.01255324
v 0.02070840 0.00058838 -0.01245078
v 0.02028512 0.00016755 -0.01245337
v 0.02138067 0.00032078 -0.01233923
v 0.02112753 0.00058838 -0.01240149
v 0.02070840 0.00016755 -0.01240538
v 0.01860860 0.00100706 -0.01268035
v 0.01818947 0.00100706 -0.01270759
v 0.01815627 0.00145594 -0.01273742
v 0.01777034 0.00130703 -0.01274780
v 0.01777034 0.00151637 -0.01275687
v 0.01739271 0.00138473 -0.01276466
v 0.01755870 0.00121855 -0.01275169
v 0.01608967 -0.00109063 -0.01261290
v 0.01664575 0.00081930 -0.01275039
v 0.01608967 -0.00067196 -0.01264663
v 0.01608967 0.00016755 -0.01271148
v 0.01608967 0.00054090 -0.01274001
v 0.01567054 0.00016755 -0.01271667
v 0.01525556 0.00016755 -0.01272056
v 0.01483643 -0.00067196 -0.01266219
v 0.01483643 -0.00025113 -0.01269332
v 0.01483643 0.00047616 -0.01274520
v 0.01441315 -0.00025113 -0.01269332
v 0.01441315 0.00016755 -0.01272185
v 0.01441315 0.00050422 -0.01274390
v 0.01413512 0.00075887 -0.01275428
v 0.01231751 -0.00150931 -0.01256102
v 0.01189838 -0.00150931 -0.01254416
v 0.01105597 -0.00150931 -0.01250136
v -0.00279191 -0.00434076 -0.01156102
v -0.00313219 -0.00429760 -0.01153897
v -0.00324839 -0.00406236 -0.01157528
v 0.00937945 -0.00234666 -0.01237036
v 0.00940435 -0.00277612 -0.01234442
v 0.00927985 -0.00292288 -0.01232756
v 0.00979858 -0.00360700 -0.01228735
v 0.00979858 -0.00402567 -0.01224195
v 0.00979858 -0.00444651 -0.01218229
v 0.00979858 -0.00486518 -0.01211874
v 0.00979858 -0.00528601 -0.01204351
v 0.00967408 -0.00590755 -0.01191121
v -0.00363017 -0.00391993 -0.01153248
v -0.00507845 -0.00251067 -0.01002404
v -0.00495810 -0.00276749 -0.00876463
v -0.00477136 -0.00309768 -0.00834439
v -0.00460122 -0.00330702 -0.00834439
v -0.00421114 -0.00375807 -0.00834439
v -0.00381276 -0.00420911 -0.00834439
v -0.00434808 -0.00349693 -0.00805645
v 0.01159544 -0.01231932 0.00044425
v 0.01138380 -0.01204955 0.00044425
v 0.01106012 -0.01159635 0.00044425
v 0.01088583 -0.01134601 0.00044425
v 0.01073228 -0.01112156 0.00044425
v 0.01051234 -0.01077842 0.00044425
v 0.01040030 -0.01057987 0.00044425
v -0.00474232 -0.00305668 -0.01034830
v -0.00495810 -0.00276749 -0.01002404
v -0.00341438 -0.00422638 -0.01142223
v -0.00375466 -0.00416379 -0.01044298
v -0.00381276 -0.00420911 -0.01002404
v -0.00396215 -0.00395230 -0.01044298
v -0.00460122 -0.00330702 -0.01002404
v 0.03622034 -0.00109063 0.00044425
v 0.03622034 -0.00109063 0.00004736
v 0.03519534 -0.00175749 -0.00438328
v 0.03508330 -0.00191072 -0.00454152
v 0.03485921 -0.00193014 -0.00500845
v 0.03474717 -0.00207258 -0.00516149
v 0.03453138 -0.00234666 -0.00540793
v 0.03466417 -0.00193014 -0.00538847
v 0.03444008 -0.00192798 -0.00576721
v 0.03431144 -0.00192798 -0.00597732
v 0.03434879 -0.00256031 -0.00562064
v 0.03434049 -0.00169706 -0.00602791
v 0.03404170 -0.00234666 -0.00619911
v 0.03408735 -0.00196251 -0.00628602
v 0.03612905 -0.00150931 0.00004736
v 0.03602945 -0.00173159 -0.00062450
v 0.03597551 -0.00189345 -0.00077496
v 0.03585516 -0.00234666 -0.00079182
v 0.03580951 -0.00234666 -0.00121076
v 0.03567257 -0.00237687 -0.00207198
v 0.03571407 -0.00192798 -0.00247017
v 0.03564767 -0.00268548 -0.00163099
v 0.03562277 -0.00261426 -0.00194487
v 0.03563522 -0.00190209 -0.00285409
v 0.03557713 -0.00202510 -0.00296952
v 0.03539453 -0.00234666 -0.00330934
v 0.03525759 -0.00235097 -0.00373736
v 0.03520779 -0.00221285 -0.00400195
v 0.03515800 -0.00203805 -0.00428211
v 0.03251872 -0.00150931 -0.00802403
v 0.03226974 -0.00177907 -0.00814854
v 0.03144808 -0.00224523 -0.00858045
v 0.03171366 -0.00192798 -0.00847928
v 0.03139828 -0.00252578 -0.00854673
v 0.03059737 -0.00261211 -0.00899031
v 0.03037743 -0.00275886 -0.00907203
v 0.03004959 -0.00234666 -0.00934570
v 0.03017409 -0.00177476 -0.00940666
v 0.02951842 -0.00234666 -0.00960121
v 0.02919059 -0.00234666 -0.00975815
v 0.02897895 -0.00234666 -0.00985413
v 0.02892085 -0.00260995 -0.00982689
v 0.02865941 -0.00150715 -0.01015634
v 0.02850172 -0.00136471 -0.01024583
v 0.02826103 -0.00109063 -0.01038980
v 0.02826103 -0.00067196 -0.01045595
v 0.03389231 -0.00234666 -0.00640794
v 0.03349393 -0.00250852 -0.00685800
v 0.03338188 -0.00192798 -0.00716410
v 0.03308310 -0.00253873 -0.00728991
v 0.03312460 -0.00225817 -0.00733142
v 0.03317024 -0.00192798 -0.00737681
v 0.03300425 -0.00150931 -0.00764011
v 0.03273036 -0.00192798 -0.00776592
v 0.02784190 -0.00150931 -0.01048189
v 0.02743522 -0.00106689 -0.01070498
v 0.02750162 -0.00150931 -0.01060900
v 0.02700364 -0.00150931 -0.01077632
v 0.02700364 -0.00109063 -0.01084636
v 0.02654716 -0.00106905 -0.01100070
v 0.02644342 -0.00067196 -0.01109538
v 0.02617368 -0.00106905 -0.01111873
v 0.02574210 -0.00109063 -0.01123806
v 0.02574210 -0.00025113 -0.01136127
v 0.02532297 -0.00109063 -0.01135479
v 0.02555536 0.00033804 -0.01149876
v 0.02470050 -0.00131076 -0.01149357
v 0.02490799 -0.00064390 -0.01153119
v 0.02490384 0.00016755 -0.01164273
v 0.02490384 0.00058838 -0.01169980
v 0.02448471 0.00058838 -0.01180226
v 0.02445982 0.00101785 -0.01186452
v 0.02406558 0.00016755 -0.01183988
v 0.02407388 0.00054522 -0.01188787
v 0.02340162 -0.00040651 -0.01190603
v 0.02364231 0.00100706 -0.01203443
v 0.02324807 -0.00025976 -0.01195531
v 0.02310698 -0.00067196 -0.01193197
v 0.02303229 -0.00091151 -0.01191640
v 0.02280405 0.00016755 -0.01209280
v 0.02238492 0.00016755 -0.01216413
v 0.02238492 0.00058838 -0.01221472
v 0.02238492 0.00100706 -0.01226400
v 0.02206123 0.00100706 -0.01231459
v 0.02184959 0.00100706 -0.01234701
v 0.01986599 -0.00025113 -0.01245467
v 0.01944686 -0.00109063 -0.01240797
v 0.01902773 -0.00025113 -0.01252989
v 0.01860860 -0.00109063 -0.01247801
v 0.01818947 -0.00109063 -0.01251174
v 0.01818947 0.00016755 -0.01263106
v 0.01777034 -0.00150931 -0.01249877
v 0.01777034 -0.00109063 -0.01253897
v 0.01777034 -0.00067196 -0.01257789
v 0.01988259 -0.00110358 -0.01236128
v 0.02154666 -0.00025113 -0.01224714
v 0.02154666 -0.00067196 -0.01219786
v 0.02154666 -0.00109063 -0.01214857
v 0.02112753 -0.00109063 -0.01220823
v 0.02112753 -0.00067196 -0.01225752
v 0.02126032 0.00004022 -0.01232237
v 0.02176660 0.00078477 -0.01233404
v 0.02097813 -0.00011085 -0.01234053
v 0.02057145 -0.00054031 -0.01234183
v 0.02016062 -0.00097194 -0.01234312
v 0.01777034 0.00016755 -0.01265311
v 0.01777034 0.00100706 -0.01272575
v 0.01608967 -0.00150931 -0.01257789
v 0.01567054 -0.00150931 -0.01258826
v 0.01567054 -0.00109063 -0.01262198
v 0.01525556 -0.00109063 -0.01262587
v 0.01483643 -0.00150931 -0.01259734
v 0.01441315 -0.00109063 -0.01263366
v 0.01441315 -0.00067196 -0.01266349
v 0.01399402 -0.00109063 -0.01262847
v 0.01273664 -0.00150931 -0.01257140
v 0.01231751 -0.00192798 -0.01253119
v 0.01189838 -0.00192798 -0.01251563
v 0.00979858 -0.00654420 -0.01173222
v 0.00979858 -0.00696503 -0.01159474
v 0.00957864 -0.00719163 -0.01150006
v 0.00993552 -0.00806351 -0.01110057
v 0.01021771 -0.00830090 -0.01099811
v 0.01021771 -0.00862894 -0.01078929
v 0.01021771 -0.00884043 -0.01063883
v 0.00182267 -0.00689165 -0.01042353
v 0.00140354 -0.00680749 -0.01033273
v 0.00118775 -0.00675785 -0.01024454
v 0.01025506 -0.00319264 -0.01234442
v 0.00979858 -0.00325738 -0.01231978
v 0.01042105 -0.00339982 -0.01233275
v 0.01105597 -0.00349909 -0.01234572
v 0.01147510 -0.00354873 -0.01235220
v 0.01147510 -0.00376022 -0.01232496
v 0.01192327 -0.00398683 -0.01230681
v 0.01063684 -0.00444651 -0.01220694
v 0.01147510 -0.00444651 -0.01223028
v 0.01021771 -0.00486518 -0.01212911
v 0.01105597 -0.00486518 -0.01214857
v 0.01147510 -0.00486518 -0.01215765
v 0.01189838 -0.00486518 -0.01216673
v 0.01021771 -0.00528601 -0.01205129
v 0.00980688 -0.00574353 -0.01194883
v 0.00995212 -0.00591834 -0.01191381
v 0.00980688 -0.00608452 -0.01186452
v -0.00477136 -0.00309768 -0.01002404
v -0.00421114 -0.00375807 -0.01002404
v -0.00360112 -0.00436234 -0.00834439
v -0.00305335 -0.00469037 -0.00809018
v -0.00354302 -0.00432134 -0.00805386
v -0.00394555 -0.00393719 -0.00804997
v 0.01184028 -0.01251787 0.00044425
v -0.00354717 -0.00432349 -0.01044298
v 0.00031629 -0.00635212 -0.01028345
v -0.00055102 -0.00594640 -0.01031328
v -0.00142248 -0.00553851 -0.01033403
v -0.00227319 -0.00513279 -0.01034830
v -0.00305335 -0.00469037 -0.01032106
v -0.00360112 -0.00436234 -0.01002404
v 0.03612905 -0.00150931 0.00044425
v 0.03494636 -0.00234666 -0.00456875
v 0.03480941 -0.00234666 -0.00486707
v 0.03470982 -0.00234666 -0.00507719
v 0.03441518 -0.00272649 -0.00540015
v 0.03424919 -0.00234666 -0.00588134
v 0.03429899 -0.00284087 -0.00553504
v 0.03393381 -0.00299193 -0.00604607
v 0.03397115 -0.00276749 -0.00610443
v 0.03437783 -0.00306747 -0.00525618
v 0.03605020 -0.00183303 0.00044425
v 0.03600041 -0.00203157 0.00044425
v 0.03605020 -0.00181792 0.00004736
v 0.03603775 -0.00176612 -0.00037158
v 0.03588836 -0.00234666 -0.00037158
v 0.03572652 -0.00276749 -0.00079182
v 0.03561862 -0.00300920 -0.00108105
v 0.03566842 -0.00279339 -0.00121724
v 0.03563107 -0.00223228 -0.00247017
v 0.03559788 -0.00253441 -0.00222503
v 0.03560617 -0.00214595 -0.00268936
v 0.03559788 -0.00295309 -0.00135991
v 0.03548168 -0.00318617 -0.00163099
v 0.03555223 -0.00275886 -0.00207198
v 0.03541113 -0.00318617 -0.00205123
v 0.03557298 -0.00244161 -0.00247017
v 0.03552318 -0.00230997 -0.00285409
v 0.03537379 -0.00276749 -0.00289040
v 0.03525759 -0.00277181 -0.00331064
v 0.03521194 -0.00263585 -0.00360377
v 0.03516630 -0.00249341 -0.00388263
v 0.03511650 -0.00235097 -0.00414463
v 0.03242743 -0.00192151 -0.00799679
v 0.03248553 -0.00234450 -0.00784893
v 0.03221994 -0.00205747 -0.00811612
v 0.03195850 -0.00234666 -0.00821988
v 0.03188795 -0.00268117 -0.00817448
v 0.03134018 -0.00276749 -0.00851171
v 0.03112854 -0.00276749 -0.00863752
v 0.03075506 -0.00275886 -0.00885672
v 0.03045212 -0.00318617 -0.00890601
v 0.03017409 -0.00344730 -0.00898902
v 0.02992510 -0.00277181 -0.00930419
v 0.02977156 -0.00263585 -0.00941444
v 0.02868016 -0.00234666 -0.00997994
v 0.02954332 -0.00277181 -0.00949096
v 0.02907439 -0.00275670 -0.00971794
v 0.02883785 -0.00289050 -0.00979187
v 0.02766346 -0.00302862 -0.01024713
v 0.02794980 -0.00276749 -0.01019136
v 0.02802034 -0.00249557 -0.01022119
v 0.02786680 -0.00235313 -0.01031068
v 0.03382176 -0.00276749 -0.00631325
v 0.03361427 -0.00276749 -0.00659082
v 0.03344828 -0.00276749 -0.00680093
v 0.03311215 -0.00345593 -0.00690470
v 0.03316194 -0.00318617 -0.00695787
v 0.03323664 -0.00276749 -0.00703699
v 0.03304160 -0.00276749 -0.00724711
v 0.03275526 -0.00318617 -0.00737422
v 0.03282996 -0.00276749 -0.00744166
v 0.03288806 -0.00237040 -0.00751300
v 0.03294200 -0.00192798 -0.00758693
v 0.03268887 -0.00220206 -0.00773220
v 0.02742277 -0.00234666 -0.01047670
v 0.02679200 -0.00256031 -0.01065440
v 0.02658036 -0.00234666 -0.01076594
v 0.02658036 -0.00150931 -0.01091769
v 0.02631893 -0.00119207 -0.01105647
v 0.02602014 -0.00150931 -0.01109279
v 0.02574210 -0.00150931 -0.01117191
v 0.02486650 -0.00147478 -0.01142223
v 0.02448471 0.00016755 -0.01174519
v 0.02460506 -0.00158916 -0.01147282
v 0.02447227 -0.00147478 -0.01152081
v 0.02364231 -0.00109063 -0.01176206
v 0.02406558 -0.00109063 -0.01166737
v 0.02406558 -0.00067196 -0.01172574
v 0.02319413 -0.00106689 -0.01186322
v 0.02293684 -0.00119207 -0.01189824
v 0.02238492 -0.00025113 -0.01211225
v 0.02196579 -0.00067196 -0.01213041
v 0.02196579 0.00016755 -0.01223158
v 0.01902773 -0.00150931 -0.01239760
v 0.01974979 -0.00139493 -0.01234312
v 0.01945516 -0.00152442 -0.01235869
v 0.01818947 -0.00150931 -0.01246764
v 0.01777034 -0.00192798 -0.01245078
v 0.01734706 -0.00192798 -0.01247542
v 0.01734706 -0.00150931 -0.01252211
v 0.01734706 -0.00109063 -0.01255973
v 0.02003198 -0.00125249 -0.01232626
v 0.02154666 -0.00150931 -0.01209409
v 0.02112753 -0.00150931 -0.01215765
v 0.02196579 -0.00109063 -0.01207853
v 0.02070840 -0.00109063 -0.01226141
v 0.01608967 -0.00192798 -0.01253508
v 0.01567054 -0.00192798 -0.01254805
v 0.01525556 -0.00150931 -0.01259345
v 0.01441315 -0.00192798 -0.01256232
v 0.01441315 -0.00150931 -0.01260123
v 0.01399402 -0.00150931 -0.01259864
v 0.01273664 -0.00192798 -0.01254027
v 0.01231751 -0.00234666 -0.01249617
v 0.01189838 -0.00276749 -0.01244559
v 0.01105597 -0.00594856 -0.01192289
v 0.01189838 -0.00596798 -0.01192937
v 0.01189838 -0.00617947 -0.01186322
v 0.01189838 -0.00654420 -0.01174909
v 0.01063684 -0.00696503 -0.01160382
v 0.01021771 -0.00696503 -0.01159993
v 0.00979858 -0.00720890 -0.01150784
v 0.01021771 -0.00721969 -0.01151173
v 0.01021771 -0.00780454 -0.01125492
v 0.01021771 -0.00809157 -0.01111484
v 0.01147510 -0.00830738 -0.01100200
v 0.01189838 -0.00864404 -0.01080226
v 0.01147510 -0.00864404 -0.01079837
v 0.01105597 -0.00864404 -0.01079447
v 0.01064514 -0.00868289 -0.01076335
v 0.01051234 -0.00885122 -0.01065180
v 0.01063684 -0.00932601 -0.01028085
v 0.01035465 -0.00930659 -0.01026399
v 0.01037125 -0.00973389 -0.00985673
v 0.01047500 -0.01009861 -0.00937034
v 0.01062439 -0.01024968 -0.00921210
v 0.01072813 -0.01061009 -0.00869329
v 0.01086508 -0.01094460 -0.00811871
v 0.01102692 -0.01107193 -0.00795788
v 0.01121781 -0.01139996 -0.00737163
v -0.00195365 -0.00534212 -0.01002404
v 0.01156639 -0.01184669 -0.00624581
v 0.01144190 -0.01189417 -0.00585021
v 0.01170334 -0.01220494 -0.00474126
v 0.01166599 -0.01222436 -0.00446110
v 0.01105597 -0.00318617 -0.01237685
v 0.01147510 -0.00318617 -0.01239241
v 0.01189838 -0.00318617 -0.01240668
v 0.01192327 -0.00363505 -0.01235350
v 0.01208097 -0.00382281 -0.01233275
v 0.01231751 -0.00404294 -0.01230681
v 0.01189838 -0.00444651 -0.01224066
v 0.01231751 -0.00444651 -0.01224844
v 0.01231751 -0.00486518 -0.01217192
v 0.01189838 -0.00528601 -0.01207983
v 0.01105597 -0.00528601 -0.01206556
v 0.01105597 -0.00570469 -0.01197736
v 0.01147510 -0.00570469 -0.01198385
v 0.01189838 -0.00570469 -0.01199033
v -0.00328989 -0.00457168 -0.00834439
v -0.00308240 -0.00470548 -0.00834439
v -0.00279191 -0.00488892 -0.00834439
v -0.00253877 -0.00504862 -0.00834439
v 0.01186518 -0.01253513 0.00044425
v -0.00232713 -0.00516084 -0.01002404
v -0.00253877 -0.00504862 -0.01002404
v -0.00279191 -0.00488892 -0.01002404
v -0.00308240 -0.00470548 -0.01002404
v -0.00328989 -0.00457168 -0.01002404
v 0.03482601 -0.00273728 -0.00455449
v 0.03477207 -0.00257758 -0.00479444
v 0.03464342 -0.00273728 -0.00495527
v 0.03424504 -0.00319911 -0.00540015
v 0.03400850 -0.00315379 -0.00582557
v 0.03387986 -0.00327249 -0.00596306
v 0.03371802 -0.00318401 -0.00624581
v 0.03432804 -0.00334802 -0.00516020
v 0.03591741 -0.00234666 0.00044425
v 0.03591326 -0.00234666 0.00004736
v 0.03599626 -0.00202726 0.00004736
v 0.03578877 -0.00276749 0.00004736
v 0.03575972 -0.00276749 -0.00037158
v 0.03563107 -0.00305452 -0.00079182
v 0.03556053 -0.00326386 -0.00079182
v 0.03554808 -0.00316458 -0.00121724
v 0.03546923 -0.00276749 -0.00247017
v 0.03532399 -0.00360700 -0.00163099
v 0.03525344 -0.00361995 -0.00203048
v 0.03522024 -0.00347751 -0.00247017
v 0.03532399 -0.00318617 -0.00247017
v 0.03523684 -0.00318401 -0.00286446
v 0.03520779 -0.00304157 -0.00317186
v 0.03516630 -0.00291640 -0.00345202
v 0.03512065 -0.00277181 -0.00373736
v 0.03497955 -0.00276749 -0.00414852
v 0.03263907 -0.00248262 -0.00769458
v 0.03237348 -0.00276749 -0.00780872
v 0.03216599 -0.00234666 -0.00807980
v 0.03177176 -0.00318617 -0.00809537
v 0.03156012 -0.00318617 -0.00823674
v 0.03203320 -0.00279986 -0.00803830
v 0.03119079 -0.00321422 -0.00846372
v 0.03097500 -0.00337176 -0.00854673
v 0.03081316 -0.00321422 -0.00868811
v 0.03009939 -0.00372785 -0.00894751
v 0.02994170 -0.00318617 -0.00918098
v 0.02933998 -0.00345161 -0.00940925
v 0.02911589 -0.00359621 -0.00947799
v 0.02868016 -0.00360700 -0.00966995
v 0.02819878 -0.00360700 -0.00987618
v 0.02784190 -0.00360700 -0.01002534
v 0.02756801 -0.00330918 -0.01021081
v 0.02742692 -0.00363074 -0.01018098
v 0.02742692 -0.00317537 -0.01029512
v 0.02658036 -0.00360700 -0.01048967
v 0.02657621 -0.00319696 -0.01059084
v 0.02643097 -0.00306531 -0.01067385
v 0.02742277 -0.00276749 -0.01039240
v 0.02773816 -0.00276749 -0.01027566
v 0.03355202 -0.00309768 -0.00651429
v 0.03349808 -0.00337608 -0.00644555
v 0.03322419 -0.00360052 -0.00667901
v 0.03304990 -0.00373433 -0.00682817
v 0.03287561 -0.00359837 -0.00708109
v 0.03270132 -0.00346240 -0.00732493
v 0.03296275 -0.00318617 -0.00716799
v 0.03244818 -0.00322070 -0.00760639
v 0.03258097 -0.00276749 -0.00765178
v 0.02657621 -0.00272649 -0.01069590
v 0.02616123 -0.00234666 -0.01090083
v 0.02623178 -0.00150931 -0.01103053
v 0.02595789 -0.00172728 -0.01107463
v 0.02490384 -0.00192798 -0.01133533
v 0.02490384 -0.00234666 -0.01126400
v 0.02490384 -0.00276749 -0.01119136
v 0.02448471 -0.00276749 -0.01130032
v 0.02406558 -0.00276749 -0.01140019
v 0.02346801 -0.00301136 -0.01150006
v 0.02355516 -0.00276749 -0.01152081
v 0.02322318 -0.00276749 -0.01159733
v 0.02322318 -0.00192798 -0.01172963
v 0.02406558 -0.00150931 -0.01160641
v 0.02364231 -0.00150931 -0.01170110
v 0.02322318 -0.00150931 -0.01179448
v 0.02279990 -0.00151362 -0.01187879
v 0.02265465 -0.00137551 -0.01192289
v 0.01932237 -0.00178123 -0.01234053
v 0.01960040 -0.00167548 -0.01232626
v 0.01988259 -0.00152442 -0.01231199
v 0.01818947 -0.00192798 -0.01241705
v 0.01777034 -0.00234666 -0.01240019
v 0.01774544 -0.00276965 -0.01235091
v 0.01758775 -0.00299193 -0.01233404
v 0.01734706 -0.00276749 -0.01237555
v 0.01608967 -0.00276749 -0.01244299
v 0.02070840 -0.00150931 -0.01221083
v 0.02154666 -0.00192798 -0.01203443
v 0.02135162 -0.00299193 -0.01191510
v 0.02112753 -0.00192798 -0.01209928
v 0.02196579 -0.00150931 -0.01202276
v 0.01986599 -0.00276749 -0.01214727
v 0.01567054 -0.00276749 -0.01245726
v 0.01441315 -0.00276749 -0.01247931
v 0.01399402 -0.00276749 -0.01248191
v 0.01399402 -0.00234666 -0.01252341
v 0.01399402 -0.00192798 -0.01256362
v 0.01357489 -0.00192798 -0.01255713
v 0.01231751 -0.00276749 -0.01245986
v 0.01231751 -0.00570469 -0.01199422
v 0.01231751 -0.00597229 -0.01192937
v 0.01231751 -0.00618163 -0.01186452
v 0.01231751 -0.00654420 -0.01175038
v 0.01189838 -0.00696503 -0.01161290
v 0.01147510 -0.00696503 -0.01161030
v 0.01021771 -0.00742902 -0.01142353
v 0.01063684 -0.00722400 -0.01151303
v 0.01063684 -0.00780454 -0.01125751
v 0.01105597 -0.00809588 -0.01111743
v 0.01189838 -0.00830738 -0.01100330
v 0.01231751 -0.00864404 -0.01080096
v 0.01231751 -0.00886633 -0.01066218
v 0.01189838 -0.00886417 -0.01066218
v 0.01147510 -0.00886201 -0.01065958
v 0.01105597 -0.00885770 -0.01065699
v 0.01079453 -0.00885554 -0.01065440
v 0.01064514 -0.00902171 -0.01052210
v 0.01105597 -0.00906703 -0.01049486
v 0.01105597 -0.00933032 -0.01028474
v 0.01063684 -0.00953535 -0.01008889
v 0.01063684 -0.00975332 -0.00987878
v 0.01075303 -0.01013962 -0.00942352
v 0.01105597 -0.01052592 -0.00896567
v 0.01105597 -0.01065973 -0.00875555
v 0.01102692 -0.01088201 -0.00834050
v 0.01114726 -0.01098992 -0.00819653
v 0.01147510 -0.01132658 -0.00761676
v 0.01147510 -0.01141938 -0.00740664
v 0.01164939 -0.01180353 -0.00648835
v 0.01189838 -0.01240564 -0.00372958
v 0.01189838 -0.01244665 -0.00330934
v 0.01189838 -0.01247686 -0.00289040
v 0.01189838 -0.01201718 -0.00582817
v 0.01189838 -0.01211861 -0.00540793
v 0.01186518 -0.01218983 -0.00502012
v 0.01186518 -0.01227184 -0.00458821
v 0.01189838 -0.01235169 -0.00414852
v 0.01231751 -0.00318617 -0.01241705
v 0.01231751 -0.00360700 -0.01236517
v 0.01357489 -0.00318617 -0.01243262
v 0.01357489 -0.00360700 -0.01237555
v 0.01273664 -0.00405373 -0.01230810
v 0.01315576 -0.00444651 -0.01225103
v 0.01357489 -0.00486518 -0.01217192
v 0.01231751 -0.00528601 -0.01208372
v -0.00232713 -0.00516084 -0.00834439
v 0.01206437 -0.01264951 0.00044425
v 0.01210587 -0.01263224 -0.00186705
v 0.01208512 -0.01264088 -0.00121076
v 0.01207267 -0.01264519 -0.00079182
v 0.01206437 -0.01264951 0.00004736
v 0.03478866 -0.00303510 -0.00440403
v 0.03445253 -0.00319911 -0.00500715
v 0.03466832 -0.00317969 -0.00455449
v 0.03396700 -0.00348614 -0.00568290
v 0.03382176 -0.00361779 -0.00582557
v 0.03353957 -0.00388324 -0.00608368
v 0.03360182 -0.00360700 -0.00616928
v 0.03428239 -0.00363074 -0.00500715
v 0.03398775 -0.00393503 -0.00530028
v 0.03405830 -0.00361779 -0.00542738
v 0.03439443 -0.00350772 -0.00488004
v 0.03579706 -0.00274375 0.00044425
v 0.03567257 -0.00312790 0.00044425
v 0.03566427 -0.00314732 0.00004736
v 0.03564767 -0.00310416 -0.00037158
v 0.03557713 -0.00331349 -0.00037158
v 0.03543188 -0.00360700 -0.00079182
v 0.03538209 -0.00360700 -0.00121076
v 0.03521194 -0.00387029 -0.00163099
v 0.03519119 -0.00383144 -0.00187743
v 0.03516630 -0.00376886 -0.00215758
v 0.03513310 -0.00368685 -0.00247017
v 0.03508745 -0.00357463 -0.00286446
v 0.03519119 -0.00341277 -0.00270623
v 0.03515800 -0.00332213 -0.00298638
v 0.03511650 -0.00318401 -0.00331064
v 0.03497955 -0.00318617 -0.00372958
v 0.03478866 -0.00345377 -0.00400066
v 0.03483431 -0.00317969 -0.00414463
v 0.03230294 -0.00310200 -0.00775425
v 0.03147712 -0.00352499 -0.00818097
v 0.03224069 -0.00338040 -0.00771015
v 0.03091275 -0.00360700 -0.00850912
v 0.03070111 -0.00360700 -0.00863363
v 0.03015334 -0.00466232 -0.00855840
v 0.02995000 -0.00405589 -0.00890341
v 0.02982136 -0.00393503 -0.00902014
v 0.02926113 -0.00373001 -0.00937034
v 0.03062227 -0.00388971 -0.00858564
v 0.02898310 -0.00394366 -0.00943779
v 0.02810749 -0.00389187 -0.00983727
v 0.02785435 -0.00402999 -0.00990212
v 0.02742277 -0.00402567 -0.01007333
v 0.02719038 -0.00378612 -0.01022638
v 0.02658036 -0.00402567 -0.01038202
v 0.02616123 -0.00402567 -0.01052599
v 0.02618198 -0.00364153 -0.01061678
v 0.02633138 -0.00334371 -0.01064013
v 0.02671316 -0.00284087 -0.01062456
v 0.02618198 -0.00319696 -0.01072314
v 0.02616123 -0.00276749 -0.01082171
v 0.03344828 -0.00360700 -0.00637810
v 0.03299595 -0.00406668 -0.00667901
v 0.03269302 -0.00428033 -0.00690340
v 0.03276356 -0.00402567 -0.00697344
v 0.03315779 -0.00395230 -0.00654931
v 0.03262662 -0.00374296 -0.00725749
v 0.03247308 -0.00360484 -0.00743907
v 0.03217844 -0.00360700 -0.00766346
v 0.02574210 -0.00276749 -0.01094752
v 0.02612389 -0.00189130 -0.01099551
v 0.02542257 -0.00276749 -0.01104091
v 0.02513623 -0.00300488 -0.01107982
v 0.02489139 -0.00316243 -0.01111484
v 0.02448471 -0.00318617 -0.01121731
v 0.02322318 -0.00402567 -0.01134052
v 0.02321073 -0.00316458 -0.01152729
v 0.02406558 -0.00318617 -0.01131847
v 0.02280405 -0.00318617 -0.01160641
v 0.02280405 -0.00276749 -0.01168294
v 0.02280405 -0.00192798 -0.01181523
v 0.02254261 -0.00165390 -0.01190343
v 0.01944686 -0.00276749 -0.01219656
v 0.01820192 -0.00276965 -0.01231199
v 0.01786994 -0.00290993 -0.01232367
v 0.01945516 -0.00192367 -0.01230810
v 0.01986599 -0.00192798 -0.01226011
v 0.01734706 -0.00324875 -0.01230940
v 0.01734706 -0.00303726 -0.01234183
v 0.01774544 -0.00315379 -0.01229643
v 0.01777034 -0.00360700 -0.01222120
v 0.01608967 -0.00318617 -0.01238852
v 0.01567054 -0.00318617 -0.01240538
v 0.02144291 -0.00276749 -0.01193197
v 0.02154666 -0.00402567 -0.01167386
v 0.02112753 -0.00402567 -0.01174390
v 0.02112753 -0.00360700 -0.01182691
v 0.01995313 -0.00413574 -0.01189435
v 0.01967095 -0.00424580 -0.01191381
v 0.02112753 -0.00307394 -0.01193067
v 0.01986599 -0.00318617 -0.01208112
v 0.02112753 -0.00276749 -0.01197866
v 0.01944686 -0.00318617 -0.01213300
v 0.01441315 -0.00318617 -0.01243132
v 0.01399402 -0.00318617 -0.01243521
v 0.01357489 -0.00276749 -0.01247801
v 0.01273664 -0.00276749 -0.01246764
v 0.01357489 -0.00528601 -0.01207983
v 0.01357489 -0.00570469 -0.01198644
v 0.01315576 -0.00596366 -0.01192808
v 0.01273664 -0.00596798 -0.01192937
v 0.01273664 -0.00654420 -0.01174649
v 0.01231751 -0.00696503 -0.01161290
v 0.01189838 -0.00723048 -0.01151692
v 0.01147510 -0.00722832 -0.01151692
v 0.01063684 -0.00743334 -0.01142353
v 0.01147510 -0.00743766 -0.01142353
v 0.01147510 -0.00780454 -0.01125751
v 0.01147510 -0.00809804 -0.01111743
v 0.01189838 -0.00809804 -0.01111743
v 0.01231751 -0.00830522 -0.01100200
v 0.01273664 -0.00829874 -0.01099811
v 0.01273664 -0.00864404 -0.01079318
v 0.01273664 -0.00886201 -0.01065958
v 0.01231751 -0.00907567 -0.01049616
v 0.01189838 -0.00907567 -0.01049746
v 0.01147510 -0.00907135 -0.01049746
v 0.01147510 -0.00933032 -0.01028734
v 0.01105597 -0.00953966 -0.01008630
v 0.01189838 -0.00933032 -0.01028734
v 0.01105597 -0.00975116 -0.00987748
v 0.01105597 -0.00996050 -0.00964401
v 0.01105597 -0.01014825 -0.00943390
v 0.01105597 -0.01035111 -0.00918487
v 0.01147510 -0.01051729 -0.00895270
v 0.01147510 -0.01066188 -0.00874258
v 0.01147510 -0.01087122 -0.00842740
v 0.01315576 -0.01010725 -0.00938850
v 0.01357489 -0.01009861 -0.00937683
v 0.01147510 -0.01100287 -0.00821729
v 0.01147510 -0.01116688 -0.00792546
v 0.01189838 -0.01130932 -0.00759731
v 0.01189838 -0.01141722 -0.00738719
v 0.01189838 -0.01155534 -0.00708628
v 0.01181538 -0.01180353 -0.00648835
v 0.01231751 -0.01247470 -0.00372958
v 0.01231751 -0.01252650 -0.00330934
v 0.01231751 -0.01257397 -0.00289040
v 0.01220961 -0.01262577 -0.00214721
v 0.01193157 -0.01186611 -0.00628731
v 0.01231751 -0.01199344 -0.00582817
v 0.01231751 -0.01211430 -0.00540793
v 0.01231751 -0.01219199 -0.00511869
v 0.01231751 -0.01224163 -0.00490987
v 0.01198552 -0.01223947 -0.00490079
v 0.01231751 -0.01240780 -0.00414852
v 0.01273664 -0.00318617 -0.01242354
v 0.01399402 -0.00360700 -0.01237685
v 0.01399402 -0.00386597 -0.01233923
v 0.01357489 -0.00407099 -0.01230810
v 0.01399402 -0.00407531 -0.01230810
v 0.01399402 -0.00444651 -0.01225103
v 0.01399402 -0.00486518 -0.01216932
v 0.01231751 -0.01270562 0.00004736
v 0.01230091 -0.01270130 0.00044425
v 0.01231751 -0.01266246 -0.00163099
v 0.01231751 -0.01267756 -0.00121076
v 0.01231751 -0.01268836 -0.00079182
v 0.01231751 -0.01269915 -0.00037158
v 0.03473472 -0.00331349 -0.00428081
v 0.03390476 -0.00376670 -0.00558043
v 0.03362672 -0.00402351 -0.00583465
v 0.03346903 -0.00416163 -0.00597862
v 0.03308725 -0.00423285 -0.00645333
v 0.03433219 -0.00378828 -0.00475034
v 0.03407490 -0.00405589 -0.00501882
v 0.03391721 -0.00421559 -0.00517836
v 0.03355617 -0.00432997 -0.00569846
v 0.03446913 -0.00363074 -0.00459340
v 0.03559373 -0.00335881 0.00044425
v 0.03559373 -0.00335666 0.00004736
v 0.03546508 -0.00360700 -0.00037158
v 0.03526589 -0.00399114 -0.00079182
v 0.03524099 -0.00393503 -0.00121076
v 0.03511650 -0.00408178 -0.00163099
v 0.03494636 -0.00444651 -0.00163099
v 0.03478451 -0.00468390 -0.00192542
v 0.03485921 -0.00447456 -0.00205901
v 0.03508745 -0.00399330 -0.00203048
v 0.03482601 -0.00436234 -0.00247017
v 0.03497955 -0.00402567 -0.00247017
v 0.03486751 -0.00405589 -0.00290726
v 0.03495466 -0.00360700 -0.00330934
v 0.03481771 -0.00392424 -0.00330934
v 0.03483016 -0.00359837 -0.00370753
v 0.03473057 -0.00373433 -0.00383334
v 0.03467247 -0.00359837 -0.00414463
v 0.03161822 -0.00364153 -0.00804219
v 0.03140243 -0.00380339 -0.00813039
v 0.03123644 -0.00364153 -0.00829381
v 0.03196680 -0.00360700 -0.00781261
v 0.03003714 -0.00494287 -0.00848966
v 0.02975496 -0.00510473 -0.00857008
v 0.02894575 -0.00513710 -0.00900328
v 0.02922378 -0.00496661 -0.00892806
v 0.02933168 -0.00468606 -0.00898642
v 0.02994170 -0.00444651 -0.00875685
v 0.03103310 -0.00430191 -0.00816281
v 0.03094180 -0.00458247 -0.00810315
v 0.03065961 -0.00476375 -0.00819135
v 0.02941882 -0.00444651 -0.00903311
v 0.02909929 -0.00444651 -0.00919654
v 0.02911589 -0.00406020 -0.00933273
v 0.03112024 -0.00402567 -0.00821988
v 0.02887935 -0.00422422 -0.00938980
v 0.02871751 -0.00406020 -0.00951690
v 0.02800374 -0.00417242 -0.00979317
v 0.02772571 -0.00435155 -0.00985413
v 0.02745182 -0.00447456 -0.00992028
v 0.02680445 -0.00425012 -0.01023805
v 0.02689160 -0.00402567 -0.01026918
v 0.02616123 -0.00444651 -0.01040407
v 0.02555121 -0.00425443 -0.01065958
v 0.02585415 -0.00402567 -0.01062327
v 0.02594544 -0.00380554 -0.01065051
v 0.02490384 -0.00402567 -0.01091380
v 0.02574210 -0.00318617 -0.01085803
v 0.03280506 -0.00443140 -0.00666993
v 0.03261002 -0.00456089 -0.00681131
v 0.03232783 -0.00477454 -0.00694880
v 0.03243573 -0.00440766 -0.00706682
v 0.03254362 -0.00402567 -0.00718356
v 0.03226144 -0.00425659 -0.00730548
v 0.03233198 -0.00402567 -0.00735995
v 0.03202905 -0.00403431 -0.00758434
v 0.03187966 -0.00390050 -0.00775295
v 0.02474615 -0.00346672 -0.01108890
v 0.02462581 -0.00374728 -0.01105647
v 0.02422328 -0.00417890 -0.01106036
v 0.02394524 -0.00431270 -0.01109538
v 0.02322318 -0.00444651 -0.01123676
v 0.02280405 -0.00444651 -0.01133015
v 0.02278330 -0.00400409 -0.01143910
v 0.02291194 -0.00372569 -0.01147282
v 0.02305718 -0.00344730 -0.01150265
v 0.02220648 -0.00425875 -0.01149876
v 0.01902773 -0.00318617 -0.01217451
v 0.01818947 -0.00318617 -0.01225363
v 0.01734706 -0.00360700 -0.01224974
v 0.01608967 -0.00402567 -0.01225752
v 0.01608967 -0.00368901 -0.01231199
v 0.01665404 -0.00337392 -0.01232886
v 0.01608967 -0.00347751 -0.01234442
v 0.01692793 -0.00311279 -0.01235350
v 0.01777034 -0.00402567 -0.01214857
v 0.01734706 -0.00402567 -0.01217840
v 0.01818947 -0.00360700 -0.01218229
v 0.01567054 -0.00353362 -0.01235350
v 0.01441315 -0.00405373 -0.01230551
v 0.01441315 -0.00360700 -0.01237036
v 0.02157986 -0.00448104 -0.01156361
v 0.02112753 -0.00444651 -0.01165311
v 0.01986599 -0.00360700 -0.01200460
v 0.02070840 -0.00444651 -0.01171536
v 0.01983279 -0.00440982 -0.01185285
v 0.01944686 -0.00451557 -0.01188138
v 0.01944686 -0.00430407 -0.01192678
v 0.01944686 -0.00402567 -0.01197996
v 0.01944686 -0.00360700 -0.01205778
v 0.01818947 -0.00402567 -0.01210966
v 0.01399402 -0.00528601 -0.01207723
v 0.01399402 -0.00570469 -0.01198255
v 0.01357489 -0.00595719 -0.01192548
v 0.01357489 -0.00616868 -0.01185804
v 0.01357489 -0.00654420 -0.01173741
v 0.01357489 -0.00696503 -0.01159733
v 0.01315576 -0.00721537 -0.01151173
v 0.01231751 -0.00722832 -0.01151692
v 0.01189838 -0.00743981 -0.01142223
v 0.01189838 -0.00780454 -0.01125622
v 0.01231751 -0.00780454 -0.01125362
v 0.01231751 -0.00809588 -0.01111484
v 0.01273664 -0.00808941 -0.01111225
v 0.01357489 -0.00807430 -0.01110576
v 0.01357489 -0.00828580 -0.01098903
v 0.01357489 -0.00863541 -0.01077891
v 0.01316821 -0.00868289 -0.01075946
v 0.01303542 -0.00885770 -0.01065569
v 0.01316821 -0.00902387 -0.01052340
v 0.01273664 -0.00907135 -0.01049356
v 0.01315576 -0.00932385 -0.01028215
v 0.01273664 -0.00932601 -0.01028474
v 0.01147510 -0.00974684 -0.00987359
v 0.01315576 -0.00953319 -0.01006425
v 0.01315576 -0.00972958 -0.00985543
v 0.01315576 -0.00993460 -0.00960381
v 0.01231751 -0.01049787 -0.00892416
v 0.01231751 -0.01063814 -0.00871405
v 0.01273664 -0.01062520 -0.00869719
v 0.01315576 -0.01061225 -0.00867903
v 0.01189838 -0.01086043 -0.00840535
v 0.01357489 -0.00991733 -0.00960381
v 0.01399402 -0.00989144 -0.00960381
v 0.01399402 -0.01008567 -0.00935737
v 0.01357489 -0.01024968 -0.00916801
v 0.01273664 -0.01048708 -0.00890730
v 0.01189838 -0.01098776 -0.00819524
v 0.01189838 -0.01113667 -0.00792546
v 0.01231751 -0.01110214 -0.00792546
v 0.01357489 -0.01103092 -0.00786320
v 0.01273664 -0.01127479 -0.00752986
v 0.01297732 -0.01137406 -0.00730029
v 0.01193157 -0.01173231 -0.00664399
v 0.01483643 -0.01130284 -0.00705515
v 0.01469534 -0.01137838 -0.00689432
v 0.01209757 -0.01179058 -0.00645333
v 0.01231751 -0.01185964 -0.00621598
v 0.01630961 -0.01221141 -0.00310441
v 0.01681589 -0.01222004 -0.00274125
v 0.01273664 -0.01255024 -0.00289040
v 0.01254574 -0.01263224 -0.00228080
v 0.01248765 -0.01263224 -0.00228080
v 0.01233410 -0.01261282 -0.00244034
v 0.01233410 -0.01264088 -0.00202399
v 0.01348775 -0.01180353 -0.00606811
v 0.01376579 -0.01178842 -0.00603180
v 0.01399402 -0.01177763 -0.00599159
v 0.01501072 -0.01178842 -0.00560508
v 0.01650880 -0.01169131 -0.00540793
v 0.01622662 -0.01178410 -0.00517187
v 0.01692793 -0.01180569 -0.00483075
v 0.01692793 -0.01187259 -0.00456875
v 0.01608967 -0.01195460 -0.00456875
v 0.01231751 -0.01232148 -0.00456875
v 0.01692793 -0.01196539 -0.00414852
v 0.01650880 -0.01208192 -0.00372958
v 0.01692793 -0.01211645 -0.00330934
v 0.01441315 -0.00444651 -0.01224325
v 0.01441315 -0.00486518 -0.01216024
v 0.01273664 -0.01273368 0.00004736
v 0.01231751 -0.01270346 0.00044425
v 0.01273664 -0.01269051 -0.00121076
v 0.01273664 -0.01270562 -0.00079182
v 0.01273664 -0.01272073 -0.00037158
v 0.03339848 -0.00445945 -0.00583465
v 0.03311215 -0.00469037 -0.00607071
v 0.03318269 -0.00444651 -0.00616539
v 0.03302915 -0.00444651 -0.00637421
v 0.03398775 -0.00435586 -0.00489820
v 0.03439858 -0.00391993 -0.00447018
v 0.03391721 -0.00463426 -0.00475423
v 0.03386326 -0.00447456 -0.00501882
v 0.03356447 -0.00474001 -0.00529509
v 0.03364747 -0.00445945 -0.00542349
v 0.03348148 -0.00460836 -0.00557525
v 0.03549413 -0.00360700 0.00044425
v 0.03549413 -0.00360700 0.00004736
v 0.03526589 -0.00406452 -0.00038455
v 0.03518289 -0.00422854 -0.00053371
v 0.03517045 -0.00420048 -0.00079182
v 0.03514555 -0.00414437 -0.00121076
v 0.03505425 -0.00444651 -0.00079182
v 0.03480526 -0.00472274 -0.00163099
v 0.03443178 -0.00521911 -0.00205123
v 0.03466002 -0.00484144 -0.00205901
v 0.03475547 -0.00463210 -0.00220428
v 0.03468077 -0.00493208 -0.00163099
v 0.03433634 -0.00547593 -0.00175551
v 0.03478866 -0.00428681 -0.00278016
v 0.03472642 -0.00457168 -0.00247017
v 0.03468907 -0.00443356 -0.00290726
v 0.03475547 -0.00421559 -0.00305902
v 0.03477621 -0.00384007 -0.00355318
v 0.03471812 -0.00413358 -0.00330934
v 0.03443178 -0.00445298 -0.00371791
v 0.03465172 -0.00399762 -0.00370753
v 0.03438613 -0.00431702 -0.00403568
v 0.03446498 -0.00404510 -0.00416538
v 0.03133188 -0.00402567 -0.00808240
v 0.03163897 -0.00403431 -0.00786320
v 0.03023634 -0.00528601 -0.00819135
v 0.03014919 -0.00549535 -0.00813557
v 0.02963046 -0.00538313 -0.00849744
v 0.02934828 -0.00554067 -0.00857786
v 0.02909099 -0.00568958 -0.00864790
v 0.02950182 -0.00526012 -0.00863363
v 0.02909099 -0.00527954 -0.00885283
v 0.02909099 -0.00484144 -0.00904998
v 0.02894575 -0.00596798 -0.00858564
v 0.02880880 -0.00541550 -0.00893584
v 0.02839382 -0.00583418 -0.00893584
v 0.02867601 -0.00527954 -0.00906554
v 0.02809504 -0.00511984 -0.00941444
v 0.02837723 -0.00495366 -0.00934959
v 0.02864696 -0.00483497 -0.00926788
v 0.03149787 -0.00444651 -0.00777889
v 0.03142318 -0.00467311 -0.00772571
v 0.03118249 -0.00483497 -0.00780483
v 0.03079241 -0.00488892 -0.00803959
v 0.02784190 -0.00486518 -0.00962196
v 0.02785435 -0.00447456 -0.00975426
v 0.02760951 -0.00463210 -0.00980484
v 0.02745182 -0.00490187 -0.00977242
v 0.02720283 -0.00506589 -0.00981133
v 0.02704099 -0.00490187 -0.00992936
v 0.02640192 -0.00468821 -0.01024454
v 0.02655546 -0.00441198 -0.01027696
v 0.02614048 -0.00484360 -0.01028085
v 0.02598694 -0.00510689 -0.01024454
v 0.02487480 -0.00525580 -0.01055453
v 0.02471295 -0.00509394 -0.01065958
v 0.02571305 -0.00441629 -0.01055712
v 0.02490384 -0.00444651 -0.01079966
v 0.02448471 -0.00444651 -0.01091769
v 0.02448471 -0.00403431 -0.01102664
v 0.03273036 -0.00474864 -0.00653245
v 0.03223239 -0.00505509 -0.00686189
v 0.03216599 -0.00453715 -0.00722895
v 0.03203320 -0.00441629 -0.00739886
v 0.03170951 -0.00444651 -0.00762584
v 0.03179251 -0.00418106 -0.00769069
v 0.02306133 -0.00511768 -0.01108501
v 0.02321073 -0.00485871 -0.01112262
v 0.02236002 -0.00441845 -0.01142613
v 0.02280405 -0.00486518 -0.01121212
v 0.02154666 -0.00528601 -0.01135349
v 0.02157986 -0.00488029 -0.01145855
v 0.02145951 -0.00475080 -0.01151821
v 0.02248451 -0.00412926 -0.01147152
v 0.01608967 -0.00444651 -0.01218618
v 0.01567054 -0.00444651 -0.01220564
v 0.01567054 -0.00402567 -0.01227568
v 0.01567054 -0.00374296 -0.01232107
v 0.01777034 -0.00444651 -0.01207075
v 0.01734706 -0.00444651 -0.01210317
v 0.02125202 -0.00503136 -0.01148060
v 0.02111923 -0.00488029 -0.01154156
v 0.01986599 -0.00486518 -0.01173741
v 0.02028512 -0.00444651 -0.01177762
v 0.01944686 -0.00486518 -0.01179578
v 0.01911903 -0.00459757 -0.01189954
v 0.01902773 -0.00402567 -0.01202406
v 0.01899868 -0.00445298 -0.01194364
v 0.01818947 -0.00444651 -0.01203054
v 0.01441315 -0.00528601 -0.01206686
v 0.01441315 -0.00570469 -0.01197088
v 0.01441315 -0.00592913 -0.01191640
v 0.01399402 -0.00594856 -0.01192289
v 0.01399402 -0.00616005 -0.01185544
v 0.01399402 -0.00654420 -0.01173093
v 0.01399402 -0.00696503 -0.01158955
v 0.01357489 -0.00720890 -0.01150784
v 0.01357489 -0.00741823 -0.01141186
v 0.01273664 -0.00780454 -0.01124843
v 0.01357489 -0.00780454 -0.01123417
v 0.01399402 -0.00780454 -0.01122509
v 0.01399402 -0.00806567 -0.01110057
v 0.01399402 -0.00827501 -0.01098254
v 0.01399402 -0.00862462 -0.01077242
v 0.01357489 -0.00884475 -0.01064921
v 0.01357489 -0.00906272 -0.01048189
v 0.01357489 -0.00931738 -0.01027696
v 0.01357489 -0.00952671 -0.01005647
v 0.01357489 -0.00972094 -0.00984635
v 0.01315576 -0.01047413 -0.00888914
v 0.01357489 -0.01046118 -0.00886710
v 0.01357489 -0.01059714 -0.00865698
v 0.01399402 -0.00970800 -0.00983208
v 0.01456255 -0.00968857 -0.00980874
v 0.01441315 -0.01006624 -0.00933013
v 0.01441315 -0.01021515 -0.00912131
v 0.01399402 -0.01023242 -0.00914725
v 0.01483643 -0.00967778 -0.00979577
v 0.01525556 -0.00966052 -0.00977372
v 0.01525556 -0.00981590 -0.00956360
v 0.01231751 -0.01097049 -0.00816930
v 0.01483643 -0.01054535 -0.00857526
v 0.01506882 -0.01053455 -0.00855840
v 0.01483643 -0.01086475 -0.00796826
v 0.01483643 -0.01097481 -0.00775814
v 0.01357489 -0.01121652 -0.00750522
v 0.01313087 -0.01127479 -0.00746631
v 0.01441315 -0.01114099 -0.00750522
v 0.01483643 -0.01110214 -0.00750522
v 0.01325536 -0.01136111 -0.00727175
v 0.01399402 -0.01132874 -0.00718485
v 0.01441315 -0.01130932 -0.00713686
v 0.01525556 -0.01124889 -0.00708628
v 0.01525556 -0.01135032 -0.00681909
v 0.01525556 -0.01142801 -0.00660897
v 0.01658765 -0.01219846 -0.00302011
v 0.01608967 -0.01231500 -0.00247017
v 0.01694453 -0.01218551 -0.00288392
v 0.01709807 -0.01220710 -0.00264656
v 0.01525556 -0.01238622 -0.00247017
v 0.01608967 -0.01236464 -0.00205123
v 0.01270759 -0.01260203 -0.00244034
v 0.01608967 -0.01240996 -0.00163099
v 0.01650880 -0.01241428 -0.00121076
v 0.01270759 -0.01264088 -0.00202140
v 0.01273664 -0.01266893 -0.00163099
v 0.01483643 -0.01160282 -0.00624581
v 0.01608967 -0.01147549 -0.00624581
v 0.01650880 -0.01157261 -0.00582817
v 0.01692793 -0.01164814 -0.00540793
v 0.01715202 -0.01179274 -0.00478536
v 0.01731386 -0.01182727 -0.00457265
v 0.01734706 -0.01191791 -0.00414852
v 0.01734706 -0.01207113 -0.00330934
v 0.01692793 -0.01204092 -0.00372958
v 0.01567054 -0.00486518 -0.01212004
v 0.01315576 -0.01271425 0.00004736
v 0.01355000 -0.01269699 0.00044425
v 0.01313087 -0.01271425 0.00044425
v 0.01273664 -0.01272936 0.00044425
v 0.01271174 -0.01272936 0.00044425
v 0.01470779 -0.01263656 0.00017706
v 0.01399402 -0.01267325 0.00004736
v 0.03318684 -0.00484576 -0.00580741
v 0.03301670 -0.00497093 -0.00593452
v 0.03273866 -0.00517163 -0.00613556
v 0.03263492 -0.00502920 -0.00641312
v 0.03432804 -0.00419832 -0.00431583
v 0.03426579 -0.00445298 -0.00416538
v 0.03397945 -0.00473569 -0.00447407
v 0.03383836 -0.00487165 -0.00459599
v 0.03354787 -0.00513710 -0.00485280
v 0.03364332 -0.00487381 -0.00499158
v 0.03347318 -0.00502057 -0.00513296
v 0.03340263 -0.00487381 -0.00542349
v 0.03311215 -0.00511121 -0.00565436
v 0.03531569 -0.00402567 0.00044425
v 0.03531154 -0.00402567 0.00004736
v 0.03520364 -0.00427170 0.00004736
v 0.03510405 -0.00441198 -0.00038455
v 0.03487581 -0.00484360 -0.00037158
v 0.03485921 -0.00481123 -0.00079182
v 0.03483431 -0.00477022 -0.00121076
v 0.03455628 -0.00486518 -0.00247017
v 0.03430314 -0.00542845 -0.00205123
v 0.03444838 -0.00488460 -0.00287484
v 0.03470982 -0.00497956 -0.00121076
v 0.03397530 -0.00597661 -0.00163099
v 0.03395041 -0.00594424 -0.00193968
v 0.03407490 -0.00573922 -0.00206809
v 0.03404585 -0.00565721 -0.00247017
v 0.03437368 -0.00553204 -0.00121076
v 0.03440273 -0.00475080 -0.00330934
v 0.03456458 -0.00444651 -0.00330934
v 0.03436123 -0.00468390 -0.00357004
v 0.03431559 -0.00459757 -0.00385020
v 0.03001640 -0.00577591 -0.00804738
v 0.02973421 -0.00592050 -0.00813817
v 0.03077996 -0.00527738 -0.00783596
v 0.03063887 -0.00556657 -0.00776203
v 0.02867601 -0.00569821 -0.00886191
v 0.02912834 -0.00615142 -0.00836126
v 0.02888350 -0.00674706 -0.00813039
v 0.02878806 -0.00624853 -0.00850004
v 0.02851002 -0.00636723 -0.00857397
v 0.02767591 -0.00637586 -0.00899809
v 0.02811164 -0.00597014 -0.00900458
v 0.02782530 -0.00569174 -0.00927566
v 0.02768006 -0.00554283 -0.00941574
v 0.02782530 -0.00527091 -0.00946892
v 0.02742277 -0.00528601 -0.00963364
v 0.03188795 -0.00473138 -0.00734179
v 0.03160162 -0.00484360 -0.00749225
v 0.03103310 -0.00513063 -0.00774647
v 0.02704099 -0.00531839 -0.00977112
v 0.02661356 -0.00531839 -0.00993714
v 0.02626498 -0.00496877 -0.01019784
v 0.02655546 -0.00484360 -0.01013299
v 0.02614048 -0.00526227 -0.01013429
v 0.02583340 -0.00538744 -0.01019395
v 0.02571305 -0.00526227 -0.01027826
v 0.02493704 -0.00573922 -0.01035089
v 0.02448471 -0.00540255 -0.01062197
v 0.02555121 -0.00551046 -0.01024064
v 0.02426892 -0.00549103 -0.01065180
v 0.02448471 -0.00519106 -0.01068942
v 0.02321073 -0.00526875 -0.01100070
v 0.03233198 -0.00528601 -0.00655320
v 0.03225314 -0.00549967 -0.00646111
v 0.03183401 -0.00549967 -0.00687876
v 0.03192530 -0.00528601 -0.00695398
v 0.03138168 -0.00546298 -0.00727435
v 0.03177591 -0.00501193 -0.00725619
v 0.02287874 -0.00539608 -0.01104350
v 0.02276670 -0.00526875 -0.01110446
v 0.02154666 -0.00570469 -0.01122249
v 0.02112753 -0.00570469 -0.01130161
v 0.02111923 -0.00526227 -0.01143650
v 0.02259656 -0.00549751 -0.01107334
v 0.01608967 -0.00486518 -0.01209799
v 0.01818947 -0.00480475 -0.01195012
v 0.01779524 -0.00490187 -0.01196569
v 0.01734706 -0.00486518 -0.01201108
v 0.02045526 -0.00546945 -0.01148579
v 0.01986599 -0.00528601 -0.01162717
v 0.01884099 -0.00466448 -0.01191510
v 0.01944686 -0.00528601 -0.01168553
v 0.01902773 -0.00528601 -0.01173482
v 0.01818947 -0.00528601 -0.01182950
v 0.01567054 -0.00528601 -0.01202276
v 0.01463309 -0.00591618 -0.01191251
v 0.01441315 -0.00613847 -0.01184896
v 0.01441315 -0.00654420 -0.01171666
v 0.01443805 -0.00700387 -0.01155842
v 0.01431356 -0.00718516 -0.01149876
v 0.01399402 -0.00719811 -0.01150395
v 0.01441315 -0.00780454 -0.01120823
v 0.01441315 -0.00804840 -0.01109149
v 0.01441315 -0.00825990 -0.01097217
v 0.01441315 -0.00860736 -0.01076205
v 0.01399402 -0.00883396 -0.01064143
v 0.01399402 -0.00906272 -0.01046503
v 0.01399402 -0.00930659 -0.01026659
v 0.01399402 -0.00951592 -0.01004220
v 0.01399402 -0.01044391 -0.00884115
v 0.01399402 -0.01057987 -0.00863104
v 0.01505222 -0.00927421 -0.01023416
v 0.01483643 -0.01004682 -0.00930160
v 0.01525556 -0.01017415 -0.00906165
v 0.01483643 -0.01040507 -0.00878538
v 0.01533026 -0.00926126 -0.01022119
v 0.01567054 -0.00942960 -0.00999162
v 0.01608967 -0.00940586 -0.00996697
v 0.01567054 -0.00963894 -0.00974518
v 0.01567054 -0.00979216 -0.00953506
v 0.01525556 -0.01002524 -0.00927177
v 0.01441315 -0.01056261 -0.00860380
v 0.01522651 -0.01061656 -0.00837423
v 0.01567054 -0.01032953 -0.00876463
v 0.01535101 -0.01051945 -0.00853376
v 0.01541740 -0.01094675 -0.00770626
v 0.01526801 -0.01104387 -0.00754154
v 0.01567054 -0.01103740 -0.00746761
v 0.01567054 -0.01120573 -0.00708628
v 0.01567054 -0.01132874 -0.00676073
v 0.01608967 -0.01138485 -0.00649224
v 0.01734706 -0.01214019 -0.00289040
v 0.01777034 -0.01208840 -0.00289040
v 0.01860860 -0.01198481 -0.00289040
v 0.01860860 -0.01204524 -0.00247017
v 0.01777034 -0.01214883 -0.00247017
v 0.01737196 -0.01219415 -0.00249222
v 0.01779109 -0.01224378 -0.00165564
v 0.01734706 -0.01229558 -0.00163099
v 0.01692793 -0.01233874 -0.00163099
v 0.01692793 -0.01229126 -0.00205123
v 0.01650880 -0.01237543 -0.00163099
v 0.01692793 -0.01237975 -0.00121076
v 0.01650880 -0.01244449 -0.00079182
v 0.01650880 -0.01250491 0.00004736
v 0.01608967 -0.01253513 0.00004736
v 0.01647560 -0.01142801 -0.00626656
v 0.01692793 -0.01141722 -0.00616020
v 0.01692793 -0.01152729 -0.00582817
v 0.01734706 -0.01159851 -0.00540793
v 0.01777034 -0.01154240 -0.00540793
v 0.01777034 -0.01175173 -0.00463101
v 0.01777034 -0.01180784 -0.00442089
v 0.01799028 -0.01179274 -0.00436512
v 0.01847166 -0.01180137 -0.00399028
v 0.01818947 -0.01188769 -0.00372958
v 0.01777034 -0.01194165 -0.00372958
v 0.01818947 -0.01196539 -0.00330934
v 0.01397328 -0.01267541 0.00044425
v 0.01606477 -0.01253944 0.00044425
v 0.01470779 -0.01263656 0.00035735
v 0.03287561 -0.00528170 -0.00582298
v 0.03263492 -0.00545219 -0.00599159
v 0.03403755 -0.00487165 -0.00413944
v 0.03395041 -0.00511336 -0.00399417
v 0.03359767 -0.00528170 -0.00454281
v 0.03345243 -0.00541766 -0.00466473
v 0.03337358 -0.00528170 -0.00499158
v 0.03317024 -0.00526443 -0.00537421
v 0.03301255 -0.00539176 -0.00549224
v 0.03273451 -0.00557520 -0.00571143
v 0.03519949 -0.00428681 0.00044425
v 0.03509575 -0.00448104 0.00004736
v 0.03477207 -0.00508315 0.00018095
v 0.03476376 -0.00506804 -0.00009791
v 0.03475132 -0.00505294 -0.00037158
v 0.03473472 -0.00502057 -0.00079182
v 0.03435708 -0.00509394 -0.00272438
v 0.03425749 -0.00535076 -0.00247017
v 0.03399605 -0.00559031 -0.00289040
v 0.03432389 -0.00503567 -0.00300454
v 0.03400435 -0.00601330 -0.00121076
v 0.03380931 -0.00618595 -0.00163099
v 0.03388816 -0.00586655 -0.00247017
v 0.03356032 -0.00639529 -0.00205123
v 0.03352713 -0.00635860 -0.00234954
v 0.03349393 -0.00631975 -0.00262840
v 0.03365577 -0.00615789 -0.00248184
v 0.03457287 -0.00528601 -0.00079182
v 0.03439858 -0.00556657 -0.00079182
v 0.03427409 -0.00496014 -0.00330934
v 0.03405415 -0.00530975 -0.00331842
v 0.03390891 -0.00546730 -0.00346369
v 0.03399605 -0.00518674 -0.00372958
v 0.03421599 -0.00483928 -0.00371791
v 0.03022389 -0.00599172 -0.00776722
v 0.02991265 -0.00609531 -0.00790730
v 0.02980891 -0.00640823 -0.00776722
v 0.02902874 -0.00646866 -0.00821988
v 0.03091690 -0.00541118 -0.00766346
v 0.03110364 -0.00562052 -0.00738460
v 0.03080486 -0.00573274 -0.00752597
v 0.02869676 -0.00655714 -0.00835477
v 0.02937733 -0.00681828 -0.00776073
v 0.02908684 -0.00696071 -0.00784245
v 0.02871751 -0.00698661 -0.00805256
v 0.02843117 -0.00714199 -0.00811093
v 0.02860131 -0.00686144 -0.00820821
v 0.02824858 -0.00695424 -0.00833921
v 0.02806599 -0.00676864 -0.00856359
v 0.02834818 -0.00664563 -0.00848836
v 0.02784190 -0.00685928 -0.00862196
v 0.02750162 -0.00665426 -0.00891638
v 0.02738542 -0.00652693 -0.00904090
v 0.02680445 -0.00634349 -0.00939888
v 0.02740202 -0.00610178 -0.00926528
v 0.02782530 -0.00611689 -0.00906424
v 0.02752652 -0.00582338 -0.00935089
v 0.02740202 -0.00569174 -0.00946243
v 0.02634382 -0.00589029 -0.00980355
v 0.02649737 -0.00560973 -0.00986321
v 0.03149787 -0.00518458 -0.00736255
v 0.02618613 -0.00573274 -0.00992676
v 0.02571305 -0.00567232 -0.01011743
v 0.02464241 -0.00629817 -0.01021860
v 0.02448471 -0.00570469 -0.01050524
v 0.02493704 -0.00614494 -0.01018358
v 0.02302814 -0.00634349 -0.01065699
v 0.02322318 -0.00570469 -0.01084895
v 0.03233198 -0.00559462 -0.00624581
v 0.03223654 -0.00590324 -0.00602272
v 0.03214939 -0.00580396 -0.00624581
v 0.03184646 -0.00593561 -0.00647668
v 0.03170121 -0.00578022 -0.00675554
v 0.03142318 -0.00592913 -0.00688654
v 0.03097500 -0.00589892 -0.00728343
v 0.02276670 -0.00566368 -0.01097476
v 0.02154666 -0.00601762 -0.01111095
v 0.02126862 -0.00630464 -0.01106166
v 0.02112753 -0.00614926 -0.01114337
v 0.02070840 -0.00612552 -0.01122379
v 0.01961700 -0.00589892 -0.01148709
v 0.02070840 -0.00570469 -0.01137035
v 0.01608967 -0.00528601 -0.01200071
v 0.01795293 -0.00506589 -0.01190992
v 0.01779524 -0.00527091 -0.01187490
v 0.01767490 -0.00512200 -0.01192289
v 0.01734706 -0.00538313 -0.01188527
v 0.01608967 -0.00557304 -0.01193197
v 0.02030172 -0.00569390 -0.01144039
v 0.02017307 -0.00554499 -0.01150784
v 0.01986599 -0.00562484 -0.01153248
v 0.01902773 -0.00570469 -0.01161938
v 0.01946761 -0.00573706 -0.01155583
v 0.01818947 -0.00570469 -0.01171796
v 0.01777034 -0.00570469 -0.01176465
v 0.01567054 -0.00583202 -0.01189176
v 0.01491113 -0.00589244 -0.01190732
v 0.01567054 -0.00612552 -0.01180097
v 0.01567054 -0.00654420 -0.01166089
v 0.01525556 -0.00691539 -0.01155194
v 0.01459574 -0.00717005 -0.01149098
v 0.01525556 -0.00738370 -0.01135868
v 0.01443805 -0.00734917 -0.01141705
v 0.01483643 -0.00780454 -0.01118618
v 0.01483643 -0.00802898 -0.01108112
v 0.01483643 -0.00823832 -0.01096049
v 0.01567054 -0.00854909 -0.01072573
v 0.01483643 -0.00858793 -0.01075038
v 0.01441315 -0.00881669 -0.01063105
v 0.01483643 -0.00906272 -0.01041574
v 0.01521406 -0.00909725 -0.01036386
v 0.01567054 -0.00903251 -0.01038332
v 0.01608967 -0.00900877 -0.01036775
v 0.01650880 -0.00974684 -0.00947151
v 0.01692793 -0.00972310 -0.00943649
v 0.01692793 -0.00989575 -0.00918487
v 0.01650880 -0.00898503 -0.01034570
v 0.01608967 -0.00922026 -0.01017579
v 0.01650880 -0.00938212 -0.00993974
v 0.01692793 -0.00935622 -0.00991120
v 0.01650880 -0.00959146 -0.00968033
v 0.01650880 -0.01010077 -0.00895659
v 0.01692793 -0.01007488 -0.00892027
v 0.01692793 -0.01021515 -0.00871016
v 0.01567054 -0.01050218 -0.00849874
v 0.01567054 -0.01061225 -0.00828992
v 0.01608967 -0.01058851 -0.00824323
v 0.01682834 -0.01054535 -0.00816022
v 0.01567054 -0.01093165 -0.00767772
v 0.01692793 -0.01096618 -0.00732364
v 0.01714372 -0.01095323 -0.00729769
v 0.01650880 -0.01111077 -0.00708628
v 0.01647560 -0.01129205 -0.00662713
v 0.01860860 -0.01191143 -0.00330934
v 0.01902773 -0.01192654 -0.00289040
v 0.01902773 -0.01198913 -0.00247017
v 0.01860860 -0.01209919 -0.00205123
v 0.01860860 -0.01215098 -0.00163099
v 0.01808988 -0.01222436 -0.00153242
v 0.01734706 -0.01233658 -0.00121076
v 0.01692793 -0.01240996 -0.00079182
v 0.01692793 -0.01246823 0.00004736
v 0.01650880 -0.01250707 0.00044425
v 0.01659595 -0.01135680 -0.00641961
v 0.01692793 -0.01133737 -0.00636902
v 0.01734706 -0.01139133 -0.00608757
v 0.01734706 -0.01147549 -0.00582817
v 0.01818947 -0.01159851 -0.00498899
v 0.01845921 -0.01138054 -0.00564528
v 0.01874139 -0.01136111 -0.00557914
v 0.01860860 -0.01165462 -0.00456875
v 0.01902773 -0.01169131 -0.00414852
v 0.01860860 -0.01175389 -0.00413814
v 0.01874969 -0.01178195 -0.00389300
v 0.01860860 -0.01182942 -0.00374385
v 0.01452520 -0.01264303 0.00044425
v 0.01479908 -0.01262577 0.00044425
v 0.03386326 -0.00539608 -0.00372958
v 0.03351883 -0.00551046 -0.00438458
v 0.03329059 -0.00569606 -0.00455189
v 0.03315779 -0.00558168 -0.00498899
v 0.03309555 -0.00550398 -0.00521208
v 0.03261417 -0.00585360 -0.00553244
v 0.03233613 -0.00600898 -0.00574256
v 0.03509575 -0.00448319 0.00044425
v 0.03477207 -0.00508315 0.00035216
v 0.03442348 -0.00560541 0.00004736
v 0.03466002 -0.00524717 0.00004347
v 0.03461022 -0.00528601 -0.00037158
v 0.03422014 -0.00525364 -0.00287484
v 0.03383421 -0.00579965 -0.00289040
v 0.03395455 -0.00553204 -0.00318353
v 0.03402925 -0.00604567 -0.00079182
v 0.03383836 -0.00622264 -0.00121076
v 0.03360182 -0.00643845 -0.00163099
v 0.03336113 -0.00660462 -0.00205123
v 0.03330719 -0.00655283 -0.00250000
v 0.03307895 -0.00674706 -0.00265045
v 0.03324494 -0.00650103 -0.00289040
v 0.03345658 -0.00627443 -0.00289040
v 0.03362672 -0.00606294 -0.00289040
v 0.03441518 -0.00558815 -0.00037158
v 0.03425749 -0.00579749 -0.00037158
v 0.03405000 -0.00606941 -0.00037158
v 0.03363087 -0.00571764 -0.00370753
v 0.03008694 -0.00627227 -0.00767124
v 0.02997490 -0.00657873 -0.00752986
v 0.02965951 -0.00668879 -0.00766735
v 0.02894160 -0.00720242 -0.00774647
v 0.03014504 -0.00674706 -0.00728991
v 0.02714888 -0.00754772 -0.00851560
v 0.02761366 -0.00716142 -0.00854543
v 0.02784190 -0.00706862 -0.00848447
v 0.02733563 -0.00726716 -0.00861418
v 0.02700779 -0.00739881 -0.00868551
v 0.02700364 -0.00705351 -0.00890082
v 0.02675465 -0.00714631 -0.00895789
v 0.02700364 -0.00684417 -0.00902663
v 0.02658036 -0.00612552 -0.00959602
v 0.02724848 -0.00594424 -0.00940795
v 0.02633967 -0.00672979 -0.00938072
v 0.02618613 -0.00657225 -0.00952988
v 0.02589565 -0.00628738 -0.00979317
v 0.02618613 -0.00613847 -0.00974907
v 0.02561346 -0.00638881 -0.00984246
v 0.02490384 -0.00654420 -0.01000848
v 0.02449301 -0.00653340 -0.01014856
v 0.02406558 -0.00668879 -0.01020173
v 0.02385395 -0.00675353 -0.01023286
v 0.02406558 -0.00647945 -0.01030031
v 0.02318998 -0.00650751 -0.01053766
v 0.02280405 -0.00612552 -0.01079058
v 0.02280405 -0.00661326 -0.01059344
v 0.02249696 -0.00669958 -0.01062975
v 0.02154666 -0.00654420 -0.01090991
v 0.02154666 -0.00622695 -0.01103183
v 0.03207885 -0.00616653 -0.00588264
v 0.03181741 -0.00632407 -0.00602272
v 0.03172611 -0.00623774 -0.00624581
v 0.03142318 -0.00634997 -0.00647279
v 0.03100405 -0.00634997 -0.00688913
v 0.03027783 -0.00646866 -0.00739108
v 0.02112753 -0.00652261 -0.01100330
v 0.02070840 -0.00664563 -0.01103183
v 0.02041376 -0.00671469 -0.01105777
v 0.02028097 -0.00656362 -0.01113689
v 0.01986599 -0.00654420 -0.01121471
v 0.01986599 -0.00612552 -0.01136517
v 0.01944686 -0.00654420 -0.01127956
v 0.01946761 -0.00610610 -0.01143391
v 0.01933896 -0.00595287 -0.01150654
v 0.01734706 -0.00570469 -0.01180097
v 0.01608967 -0.00578454 -0.01187879
v 0.01777034 -0.00612552 -0.01163495
v 0.01902773 -0.00600682 -0.01152600
v 0.01734706 -0.00612552 -0.01167386
v 0.01608967 -0.00612552 -0.01177503
v 0.01608967 -0.00654420 -0.01163495
v 0.01567054 -0.00688949 -0.01154156
v 0.01525556 -0.00712689 -0.01147412
v 0.01567054 -0.00738370 -0.01133663
v 0.01567054 -0.00777216 -0.01115634
v 0.01535516 -0.00800093 -0.01106685
v 0.01567054 -0.00822321 -0.01092029
v 0.01608967 -0.00852319 -0.01070887
v 0.01608967 -0.00873468 -0.01057787
v 0.01567054 -0.00875842 -0.01059344
v 0.01692793 -0.00956556 -0.00964661
v 0.01721012 -0.00970368 -0.00941055
v 0.01734706 -0.01004682 -0.00887747
v 0.01692793 -0.00895697 -0.01032236
v 0.01650880 -0.00919436 -0.01014985
v 0.01692793 -0.00916847 -0.01012132
v 0.01734706 -0.00932601 -0.00987748
v 0.01608967 -0.01047629 -0.00845334
v 0.01734706 -0.01018710 -0.00866735
v 0.01650880 -0.01045039 -0.00840665
v 0.01695283 -0.01044391 -0.00831845
v 0.01710637 -0.01052808 -0.00812779
v 0.01734706 -0.01051082 -0.00809277
v 0.01818947 -0.01044823 -0.00797085
v 0.01858785 -0.01043096 -0.00788914
v 0.01871235 -0.01051729 -0.00768421
v 0.01858785 -0.01061440 -0.00752857
v 0.01902773 -0.01059714 -0.00742091
v 0.01860860 -0.01081943 -0.00708628
v 0.01860860 -0.01092949 -0.00681780
v 0.01777034 -0.01098992 -0.00697344
v 0.01730971 -0.01100718 -0.00709795
v 0.01734706 -0.01116904 -0.00666604
v 0.01692793 -0.01122299 -0.00666604
v 0.01692793 -0.01106113 -0.00708628
v 0.01905263 -0.01184237 -0.00333917
v 0.01966265 -0.01179274 -0.00310441
v 0.02009838 -0.01179490 -0.00270104
v 0.01944686 -0.01192654 -0.00247017
v 0.01944686 -0.01198049 -0.00205123
v 0.01902773 -0.01209487 -0.00163099
v 0.01861275 -0.01219415 -0.00123021
v 0.01837206 -0.01220710 -0.00138326
v 0.01875799 -0.01220494 -0.00092022
v 0.01860860 -0.01229558 0.00004736
v 0.01734706 -0.01236679 -0.00079182
v 0.01777034 -0.01238190 0.00004736
v 0.01690718 -0.01247038 0.00044425
v 0.01816457 -0.01234522 0.00044425
v 0.01732631 -0.01242938 0.00044425
v 0.01777034 -0.01110861 -0.00666604
v 0.01757945 -0.01137406 -0.00604477
v 0.01860860 -0.01154024 -0.00498899
v 0.01860445 -0.01130716 -0.00580222
v 0.01785749 -0.01135464 -0.00598511
v 0.01818947 -0.01133090 -0.00591377
v 0.01902773 -0.01123378 -0.00582817
v 0.02028512 -0.01114962 -0.00540793
v 0.01902773 -0.01133737 -0.00549613
v 0.01902773 -0.01139564 -0.00528601
v 0.01902773 -0.01147765 -0.00498899
v 0.01902773 -0.01159203 -0.00456875
v 0.01986599 -0.01155534 -0.00414852
v 0.01986599 -0.01163951 -0.00372958
v 0.01944686 -0.01170641 -0.00372958
v 0.03356862 -0.00557520 -0.00414852
v 0.03340263 -0.00578670 -0.00414852
v 0.03312460 -0.00596150 -0.00444035
v 0.03305820 -0.00588165 -0.00472051
v 0.03298350 -0.00579317 -0.00498899
v 0.03269717 -0.00595071 -0.00525229
v 0.03245233 -0.00611905 -0.00539885
v 0.03219919 -0.00628738 -0.00554541
v 0.03483846 -0.00495798 0.00044425
v 0.03469322 -0.00519969 0.00044425
v 0.03442348 -0.00560541 0.00044425
v 0.03427409 -0.00581475 0.00044425
v 0.03426994 -0.00581475 0.00004736
v 0.03356032 -0.00598093 -0.00330934
v 0.03351883 -0.00592913 -0.00355318
v 0.03386326 -0.00625501 -0.00079182
v 0.03362672 -0.00647082 -0.00121076
v 0.03343583 -0.00668016 -0.00121076
v 0.03340263 -0.00664779 -0.00163099
v 0.03315364 -0.00681828 -0.00205123
v 0.03311629 -0.00678375 -0.00237030
v 0.03264737 -0.00715926 -0.00260246
v 0.03283411 -0.00690892 -0.00289040
v 0.03304160 -0.00671037 -0.00289040
v 0.03317854 -0.00643197 -0.00330934
v 0.03338603 -0.00619026 -0.00330934
v 0.03312460 -0.00637370 -0.00361674
v 0.03406245 -0.00608452 0.00004736
v 0.03387986 -0.00627875 -0.00037158
v 0.03346903 -0.00586655 -0.00383334
v 0.02938148 -0.00721969 -0.00735865
v 0.02908684 -0.00729306 -0.00750133
v 0.02841457 -0.00756283 -0.00766735
v 0.02813239 -0.00763620 -0.00777500
v 0.02792905 -0.00751966 -0.00805386
v 0.03056417 -0.00675137 -0.00687227
v 0.03028613 -0.00685281 -0.00700976
v 0.02997490 -0.00699093 -0.00711871
v 0.02965951 -0.00712905 -0.00722766
v 0.02764686 -0.00760167 -0.00814595
v 0.02742277 -0.00765994 -0.00821858
v 0.02687085 -0.00763189 -0.00858953
v 0.02626913 -0.00752614 -0.00892935
v 0.02660111 -0.00738586 -0.00887488
v 0.02647662 -0.00724558 -0.00902014
v 0.02660111 -0.00698877 -0.00911742
v 0.02618613 -0.00696934 -0.00930808
v 0.02606164 -0.00683123 -0.00943649
v 0.02575040 -0.00653556 -0.00971405
v 0.02490384 -0.00704704 -0.00974648
v 0.02490384 -0.00683770 -0.00985802
v 0.02462996 -0.00713768 -0.00979447
v 0.02448886 -0.00698445 -0.00991898
v 0.02406558 -0.00696503 -0.01005906
v 0.02320658 -0.00696934 -0.01031457
v 0.02305303 -0.00719595 -0.01024454
v 0.02280405 -0.00696503 -0.01042482
v 0.02236832 -0.00693481 -0.01054545
v 0.02221477 -0.00677296 -0.01066218
v 0.02152176 -0.00697366 -0.01072703
v 0.02112753 -0.00696503 -0.01081393
v 0.02196579 -0.00683338 -0.01069201
v 0.03192115 -0.00641687 -0.00574256
v 0.03148128 -0.00681180 -0.00571014
v 0.03136923 -0.00672332 -0.00599029
v 0.03151862 -0.00642766 -0.00624581
v 0.03121984 -0.00665426 -0.00627953
v 0.03097500 -0.00674490 -0.00644166
v 0.02013573 -0.00677727 -0.01108241
v 0.01986599 -0.00682907 -0.01110576
v 0.01944686 -0.00690460 -0.01113819
v 0.01860860 -0.00696503 -0.01122379
v 0.01902773 -0.00654420 -0.01133404
v 0.01860860 -0.00654420 -0.01138722
v 0.01821852 -0.00652909 -0.01144169
v 0.01809817 -0.00638018 -0.01150784
v 0.01777034 -0.00664563 -0.01145466
v 0.01734706 -0.00670390 -0.01147541
v 0.01679099 -0.00677080 -0.01149876
v 0.01608967 -0.00685065 -0.01152859
v 0.01567054 -0.00709883 -0.01146374
v 0.01608967 -0.00738370 -0.01130680
v 0.01608967 -0.00773979 -0.01114078
v 0.01567054 -0.00798150 -0.01105777
v 0.01608967 -0.00822321 -0.01088786
v 0.01650880 -0.00849082 -0.01068812
v 0.01692793 -0.00845629 -0.01066737
v 0.01650880 -0.00870015 -0.01055582
v 0.01777034 -0.00889870 -0.01027307
v 0.01734706 -0.00892892 -0.01029771
v 0.01777034 -0.00929364 -0.00983986
v 0.01735121 -0.00956124 -0.00957138
v 0.01860860 -0.00938859 -0.00954933
v 0.01860860 -0.00960009 -0.00925491
v 0.01777034 -0.01015473 -0.00861936
v 0.01809402 -0.00887280 -0.01025102
v 0.01734706 -0.00913825 -0.01008760
v 0.01777034 -0.00910804 -0.01004869
v 0.01734706 -0.01037485 -0.00834439
v 0.01777034 -0.01031227 -0.00834439
v 0.01860860 -0.01020652 -0.00830678
v 0.01902773 -0.01017199 -0.00824452
v 0.01902773 -0.01033817 -0.00792546
v 0.01902773 -0.01075037 -0.00708628
v 0.01966265 -0.01011372 -0.00813687
v 0.01982864 -0.01018494 -0.00793843
v 0.02028512 -0.01016336 -0.00781521
v 0.01983694 -0.01042233 -0.00746761
v 0.01967510 -0.01053455 -0.00730288
v 0.01902773 -0.01089496 -0.00672960
v 0.01902773 -0.01097697 -0.00652078
v 0.01860860 -0.01114746 -0.00624581
v 0.01982864 -0.01173447 -0.00327043
v 0.02026022 -0.01174094 -0.00286057
v 0.02070840 -0.01166109 -0.00289040
v 0.02038056 -0.01177331 -0.00254539
v 0.01986599 -0.01191791 -0.00205123
v 0.01986599 -0.01197186 -0.00163099
v 0.01902773 -0.01214019 -0.00121076
v 0.01986599 -0.01201934 -0.00121076
v 0.01884929 -0.01221573 -0.00064136
v 0.02028512 -0.01199560 -0.00079182
v 0.01891983 -0.01222652 -0.00037158
v 0.01904848 -0.01223947 0.00004087
v 0.01928502 -0.01221789 0.00017706
v 0.01860860 -0.01229774 0.00044425
v 0.01902773 -0.01108056 -0.00624581
v 0.01986599 -0.01098344 -0.00611870
v 0.02040131 -0.01093596 -0.00599289
v 0.02027267 -0.01101150 -0.00584373
v 0.02070840 -0.01098344 -0.00570495
v 0.02095324 -0.01095970 -0.00563750
v 0.02070840 -0.01107193 -0.00540793
v 0.02070840 -0.01119062 -0.00498899
v 0.02055486 -0.01138269 -0.00440014
v 0.02028512 -0.01134816 -0.00469586
v 0.01989504 -0.01133306 -0.00498899
v 0.01942196 -0.01130500 -0.00537680
v 0.01986599 -0.01122084 -0.00540793
v 0.01926427 -0.01137622 -0.00521467
v 0.01954645 -0.01135248 -0.00513037
v 0.02005688 -0.01136759 -0.00476590
v 0.02028512 -0.01140643 -0.00448574
v 0.01944686 -0.01152297 -0.00456875
v 0.02028512 -0.01148628 -0.00414852
v 0.02028512 -0.01157045 -0.00372958
v 0.02028512 -0.01165246 -0.00330934
v 0.03307065 -0.00631544 -0.00389560
v 0.03319099 -0.00603920 -0.00414852
v 0.03301255 -0.00624853 -0.00414852
v 0.03289221 -0.00614063 -0.00459469
v 0.03265152 -0.00631975 -0.00474904
v 0.03277601 -0.00603488 -0.00498899
v 0.03258512 -0.00624422 -0.00498899
v 0.03229049 -0.00637586 -0.00526655
v 0.03405415 -0.00609531 0.00044425
v 0.03329474 -0.00612336 -0.00372439
v 0.03365577 -0.00649672 -0.00079182
v 0.03346073 -0.00670605 -0.00079182
v 0.03322419 -0.00689165 -0.00121076
v 0.03319099 -0.00685712 -0.00163099
v 0.03297105 -0.00706862 -0.00163099
v 0.03292540 -0.00702977 -0.00205123
v 0.03268472 -0.00718731 -0.00232231
v 0.03226144 -0.00760383 -0.00188521
v 0.03248968 -0.00730817 -0.00246628
v 0.03217844 -0.00754125 -0.00247017
v 0.03211204 -0.00749161 -0.00289040
v 0.03239008 -0.00728227 -0.00289040
v 0.03259757 -0.00711825 -0.00289040
v 0.03276356 -0.00684202 -0.00330934
v 0.03297520 -0.00664131 -0.00330934
v 0.03270962 -0.00679238 -0.00361285
v 0.03389231 -0.00629385 0.00004736
v 0.03367237 -0.00651398 -0.00037158
v 0.02930263 -0.00758872 -0.00686838
v 0.02913664 -0.00752398 -0.00711222
v 0.03008694 -0.00713336 -0.00681261
v 0.02980476 -0.00722184 -0.00694880
v 0.02885860 -0.00757793 -0.00726916
v 0.02858057 -0.00765131 -0.00738719
v 0.02867186 -0.00779806 -0.00707720
v 0.02826933 -0.00773332 -0.00751819
v 0.02803279 -0.00800524 -0.00728083
v 0.02787095 -0.00793187 -0.00751689
v 0.02680860 -0.00802035 -0.00814465
v 0.03039403 -0.00698877 -0.00670236
v 0.03069696 -0.00684633 -0.00659211
v 0.02697874 -0.00779159 -0.00833013
v 0.02658036 -0.00790813 -0.00841832
v 0.02545992 -0.00797503 -0.00893713
v 0.02598694 -0.00761678 -0.00899031
v 0.02614048 -0.00738586 -0.00907332
v 0.02585830 -0.00711178 -0.00935867
v 0.02572965 -0.00696934 -0.00948578
v 0.02558026 -0.00720242 -0.00941185
v 0.02492044 -0.00741176 -0.00953117
v 0.02448886 -0.00736860 -0.00970757
v 0.02406558 -0.00750672 -0.00976464
v 0.02382075 -0.00757578 -0.00980355
v 0.02435192 -0.00721753 -0.00983727
v 0.02320658 -0.00735565 -0.01011354
v 0.02280405 -0.00746787 -0.01016671
v 0.02280405 -0.00725853 -0.01027566
v 0.02236417 -0.00739665 -0.01031328
v 0.02152176 -0.00734917 -0.01054026
v 0.02136407 -0.00718731 -0.01065958
v 0.02112753 -0.00723479 -0.01068293
v 0.02070840 -0.00731464 -0.01072184
v 0.01986599 -0.00738370 -0.01084376
v 0.02070840 -0.00696503 -0.01089045
v 0.03175931 -0.00669526 -0.00551429
v 0.03161822 -0.00687870 -0.00538847
v 0.03139828 -0.00716573 -0.00518354
v 0.03131528 -0.00710531 -0.00540793
v 0.03090445 -0.00711394 -0.00592933
v 0.03109119 -0.00683338 -0.00616280
v 0.03080071 -0.00698014 -0.00627045
v 0.02028097 -0.00693481 -0.01098254
v 0.01986599 -0.00703840 -0.01100848
v 0.01944686 -0.00711394 -0.01104480
v 0.01917712 -0.00715710 -0.01106426
v 0.01903188 -0.00699524 -0.01115505
v 0.01889909 -0.00719595 -0.01108371
v 0.01818947 -0.00729738 -0.01113170
v 0.01818947 -0.00696503 -0.01127827
v 0.01777034 -0.00696503 -0.01133144
v 0.01734706 -0.00696503 -0.01137295
v 0.01692793 -0.00693266 -0.01142353
v 0.01608967 -0.00706214 -0.01144818
v 0.01692793 -0.00738370 -0.01122898
v 0.01738856 -0.00742471 -0.01116672
v 0.01755455 -0.00759304 -0.01107204
v 0.01608967 -0.00794913 -0.01104221
v 0.01650880 -0.00822321 -0.01084765
v 0.01731801 -0.00825342 -0.01074778
v 0.01743421 -0.00841097 -0.01064013
v 0.01731801 -0.00860304 -0.01052858
v 0.01777034 -0.00864404 -0.01045076
v 0.01800273 -0.00927637 -0.00981781
v 0.01828077 -0.00925479 -0.00979058
v 0.01860860 -0.00922674 -0.00975815
v 0.01902773 -0.00935406 -0.00950134
v 0.01904848 -0.00958498 -0.00916152
v 0.01892398 -0.00971231 -0.00900588
v 0.01860860 -0.00974037 -0.00904479
v 0.01809402 -0.01012883 -0.00858175
v 0.01821437 -0.01000582 -0.00873869
v 0.01818947 -0.00906272 -0.01002404
v 0.01821437 -0.00868289 -0.01036386
v 0.01837621 -0.00884691 -0.01022897
v 0.01837206 -0.01010725 -0.00854803
v 0.01860860 -0.01008998 -0.00851690
v 0.01821437 -0.01022379 -0.00838330
v 0.01902773 -0.01005329 -0.00845334
v 0.01944686 -0.01067483 -0.00708628
v 0.02057560 -0.01054750 -0.00691118
v 0.02028512 -0.00987417 -0.00834439
v 0.01994483 -0.01008782 -0.00808629
v 0.02028512 -0.01005545 -0.00802403
v 0.02059220 -0.01013314 -0.00775684
v 0.02028512 -0.01031874 -0.00750522
v 0.01995728 -0.01050866 -0.00724711
v 0.01986599 -0.01077195 -0.00666604
v 0.01941781 -0.01100934 -0.00625618
v 0.01954230 -0.01093165 -0.00640275
v 0.02070840 -0.01158124 -0.00330934
v 0.02154666 -0.01150139 -0.00289040
v 0.02225212 -0.01138917 -0.00276719
v 0.02112753 -0.01165030 -0.00247017
v 0.02066690 -0.01173878 -0.00243126
v 0.02079139 -0.01176900 -0.00205123
v 0.02050091 -0.01179058 -0.00226524
v 0.02028512 -0.01190927 -0.00163099
v 0.02028512 -0.01195675 -0.00121076
v 0.02028512 -0.01206466 0.00004736
v 0.01986599 -0.01212509 0.00004736
v 0.02070840 -0.01193086 -0.00079182
v 0.02070840 -0.01196754 -0.00037158
v 0.02070840 -0.01200207 0.00004736
v 0.01928502 -0.01221789 0.00034178
v 0.02028512 -0.01206682 0.00044425
v 0.01910658 -0.01223299 0.00044425
v 0.02070840 -0.01090575 -0.00591507
v 0.02028512 -0.01069641 -0.00666604
v 0.02071255 -0.01060793 -0.00668809
v 0.02123127 -0.01092949 -0.00554282
v 0.02142216 -0.01097049 -0.00526266
v 0.02112753 -0.01110646 -0.00498899
v 0.02110678 -0.01086690 -0.00579833
v 0.02196579 -0.01067267 -0.00582817
v 0.02196579 -0.01081511 -0.00540793
v 0.02070010 -0.01131363 -0.00455189
v 0.02083704 -0.01135680 -0.00429119
v 0.02070010 -0.01141291 -0.00414981
v 0.02070840 -0.01149923 -0.00372958
v 0.03264737 -0.00673411 -0.00389300
v 0.03280091 -0.00646650 -0.00414852
v 0.03272206 -0.00639097 -0.00447018
v 0.03247723 -0.00656146 -0.00460248
v 0.03222409 -0.00673195 -0.00473477
v 0.03237348 -0.00645355 -0.00498899
v 0.03214109 -0.00666289 -0.00498899
v 0.03389231 -0.00629385 0.00044425
v 0.03347733 -0.00672332 -0.00037158
v 0.03324909 -0.00691755 -0.00079182
v 0.03300840 -0.00710315 -0.00121076
v 0.03275941 -0.00725206 -0.00163099
v 0.03271376 -0.00721321 -0.00205123
v 0.03196680 -0.00769663 -0.00247017
v 0.03249383 -0.00746140 -0.00163099
v 0.03228634 -0.00762110 -0.00163099
v 0.03203735 -0.00780238 -0.00163099
v 0.03178421 -0.00798582 -0.00163099
v 0.03173026 -0.00795129 -0.00205123
v 0.03190040 -0.00764699 -0.00289040
v 0.03185476 -0.00761246 -0.00316018
v 0.03230708 -0.00722184 -0.00330934
v 0.03251872 -0.00705351 -0.00330934
v 0.03226144 -0.00718516 -0.00355059
v 0.03219919 -0.00713552 -0.00383075
v 0.03237348 -0.00686360 -0.00414852
v 0.03367237 -0.00653988 0.00044425
v 0.03368067 -0.00652693 0.00004736
v 0.03348978 -0.00673627 0.00004736
v 0.02994585 -0.00731249 -0.00666993
v 0.02972176 -0.00758872 -0.00644685
v 0.02944372 -0.00767289 -0.00658822
v 0.02891255 -0.00802466 -0.00647538
v 0.02848097 -0.00801819 -0.00688394
v 0.03021974 -0.00722184 -0.00653245
v 0.02826103 -0.00807430 -0.00697603
v 0.02787095 -0.00817357 -0.00711871
v 0.02746012 -0.00836780 -0.00710574
v 0.02716548 -0.00841097 -0.00725878
v 0.02701609 -0.00832896 -0.00750392
v 0.02742277 -0.00813689 -0.00751689
v 0.02697044 -0.00809372 -0.00791248
v 0.02688330 -0.00847355 -0.00736255
v 0.02667581 -0.00838723 -0.00764141
v 0.02655546 -0.00827932 -0.00789173
v 0.02589565 -0.00841097 -0.00809796
v 0.02561346 -0.00846492 -0.00818486
v 0.02532297 -0.00838291 -0.00847928
v 0.02574210 -0.00808725 -0.00865179
v 0.02599939 -0.00803330 -0.00858045
v 0.03049777 -0.00712473 -0.00637940
v 0.03062642 -0.00721321 -0.00610184
v 0.02531882 -0.00815631 -0.00878409
v 0.02517773 -0.00803761 -0.00900069
v 0.02426478 -0.00800956 -0.00939109
v 0.02574210 -0.00768584 -0.00903830
v 0.02479180 -0.00765347 -0.00943260
v 0.02507399 -0.00756930 -0.00937812
v 0.02572965 -0.00735996 -0.00925620
v 0.02448471 -0.00773979 -0.00948578
v 0.02410293 -0.00784338 -0.00954933
v 0.02354271 -0.00764915 -0.00984765
v 0.02322318 -0.00773116 -0.00989693
v 0.02282895 -0.00783691 -0.00994622
v 0.02248866 -0.00754340 -0.01020692
v 0.02221062 -0.00760815 -0.01024194
v 0.02154666 -0.00775058 -0.01032365
v 0.02112753 -0.00744413 -0.01057917
v 0.02196579 -0.00766210 -0.01027177
v 0.02016477 -0.00762541 -0.01066996
v 0.01986599 -0.00767937 -0.01069720
v 0.01944686 -0.00775058 -0.01073351
v 0.01944686 -0.00738370 -0.01091510
v 0.03185061 -0.00677296 -0.00523413
v 0.03193360 -0.00683770 -0.00498899
v 0.03162652 -0.00706862 -0.00502142
v 0.03120324 -0.00738802 -0.00499288
v 0.03091275 -0.00754340 -0.00508238
v 0.03063472 -0.00763620 -0.00528471
v 0.03110364 -0.00725422 -0.00540793
v 0.03101235 -0.00719163 -0.00564918
v 0.03148957 -0.00723264 -0.00490339
v 0.03077166 -0.00727580 -0.00580482
v 0.01903188 -0.00735565 -0.01098903
v 0.01818947 -0.00750672 -0.01103183
v 0.01777034 -0.00735565 -0.01115894
v 0.01777034 -0.00756499 -0.01105907
v 0.01777034 -0.00780454 -0.01094363
v 0.01738856 -0.00777864 -0.01099811
v 0.01692793 -0.00786496 -0.01100070
v 0.01692793 -0.00822321 -0.01080485
v 0.01777034 -0.00816926 -0.01074649
v 0.01777034 -0.00838075 -0.01062067
v 0.01818947 -0.00833327 -0.01059344
v 0.01860860 -0.00901740 -0.00999680
v 0.01902773 -0.00898071 -0.00995400
v 0.01902773 -0.00919005 -0.00971146
v 0.01973320 -0.00928716 -0.00941314
v 0.02028512 -0.00923321 -0.00933662
v 0.01904848 -0.00982453 -0.00880095
v 0.01860860 -0.00992597 -0.00876463
v 0.01860860 -0.00861167 -0.01035219
v 0.01902773 -0.00856204 -0.01032106
v 0.01944686 -0.00851240 -0.01028864
v 0.01860860 -0.00882101 -0.01020692
v 0.02051751 -0.00969720 -0.00856229
v 0.02028512 -0.01047844 -0.00718096
v 0.02071255 -0.01044823 -0.00706553
v 0.02085364 -0.01051945 -0.00684244
v 0.02067520 -0.00978569 -0.00836126
v 0.02112753 -0.00975763 -0.00824193
v 0.02072085 -0.01002740 -0.00790730
v 0.02157986 -0.00980943 -0.00796307
v 0.02087024 -0.01010293 -0.00769588
v 0.02112753 -0.01018062 -0.00742869
v 0.02072085 -0.01021515 -0.00753505
v 0.02112753 -0.01150139 -0.00330934
v 0.02212348 -0.01136111 -0.00304734
v 0.02238492 -0.01116688 -0.00372958
v 0.02238492 -0.01125105 -0.00330934
v 0.02280405 -0.01123810 -0.00289040
v 0.02322318 -0.01114099 -0.00289040
v 0.02253431 -0.01135680 -0.00258431
v 0.02238907 -0.01140643 -0.00245460
v 0.02196579 -0.01149060 -0.00247017
v 0.02154666 -0.01162872 -0.00205123
v 0.02088269 -0.01178626 -0.00179701
v 0.02072915 -0.01183374 -0.00164656
v 0.02057975 -0.01180569 -0.00205123
v 0.02070840 -0.01188985 -0.00121076
v 0.02135162 -0.01179274 -0.00102528
v 0.02112753 -0.01185532 -0.00079182
v 0.02112753 -0.01189417 -0.00037158
v 0.02112753 -0.01193086 0.00004736
v 0.02068350 -0.01200639 0.00044425
v 0.01939706 -0.01219415 0.00044425
v 0.02196579 -0.01091438 -0.00506551
v 0.02196579 -0.01105466 -0.00456875
v 0.02112753 -0.01057124 -0.00655709
v 0.02196579 -0.01056261 -0.00611610
v 0.02219403 -0.01053671 -0.00605125
v 0.02235587 -0.01058419 -0.00582427
v 0.02269200 -0.01055614 -0.00568290
v 0.02238492 -0.01072015 -0.00540793
v 0.02234342 -0.01086475 -0.00494619
v 0.02217743 -0.01095107 -0.00477887
v 0.02154666 -0.01124673 -0.00414852
v 0.02099888 -0.01138701 -0.00401103
v 0.02196579 -0.01116257 -0.00414852
v 0.02113168 -0.01141722 -0.00373606
v 0.03258512 -0.00667584 -0.00414852
v 0.03229878 -0.00679885 -0.00445462
v 0.03176761 -0.00712689 -0.00466733
v 0.03326569 -0.00693050 -0.00037158
v 0.03303330 -0.00712689 -0.00079182
v 0.03282581 -0.00730601 -0.00079182
v 0.03279676 -0.00728227 -0.00121076
v 0.03166387 -0.00790597 -0.00247017
v 0.03253117 -0.00749161 -0.00121076
v 0.03232368 -0.00764915 -0.00121076
v 0.03200415 -0.00788439 -0.00120816
v 0.03183816 -0.00802251 -0.00106679
v 0.03165142 -0.00812178 -0.00120816
v 0.03157672 -0.00811530 -0.00163099
v 0.03152277 -0.00808293 -0.00205123
v 0.03145223 -0.00804193 -0.00247017
v 0.03158087 -0.00787144 -0.00285798
v 0.03136508 -0.00798582 -0.00297730
v 0.03163897 -0.00771390 -0.00330415
v 0.03152277 -0.00766857 -0.00372958
v 0.03173026 -0.00752398 -0.00372958
v 0.03211619 -0.00707293 -0.00414852
v 0.03190870 -0.00723695 -0.00414852
v 0.03348978 -0.00673843 0.00044425
v 0.03329474 -0.00692834 0.00044425
v 0.03305820 -0.00715063 0.00004736
v 0.03304990 -0.00713984 -0.00037158
v 0.02997075 -0.00752830 -0.00628212
v 0.03012844 -0.00758225 -0.00601364
v 0.02985040 -0.00766426 -0.00616799
v 0.02952257 -0.00780885 -0.00625100
v 0.02919059 -0.00795129 -0.00633401
v 0.02932753 -0.00802251 -0.00605644
v 0.02865111 -0.00828364 -0.00621598
v 0.02834403 -0.00837428 -0.00633530
v 0.02822783 -0.00827716 -0.00663102
v 0.03036083 -0.00730169 -0.00624192
v 0.02784190 -0.00838291 -0.00677629
v 0.02762611 -0.00843039 -0.00686968
v 0.02701609 -0.00855988 -0.00710574
v 0.02734393 -0.00849082 -0.00697863
v 0.02658451 -0.00875195 -0.00707590
v 0.02625668 -0.00880806 -0.00720820
v 0.02597449 -0.00886201 -0.00731067
v 0.02655546 -0.00852103 -0.00750392
v 0.02639777 -0.00844334 -0.00772960
v 0.02547652 -0.00883180 -0.00768161
v 0.02532297 -0.00851887 -0.00827046
v 0.02509473 -0.00842607 -0.00854414
v 0.03052682 -0.00756714 -0.00556487
v 0.03037743 -0.00750887 -0.00585540
v 0.02493289 -0.00832033 -0.00875685
v 0.02448471 -0.00837428 -0.00889822
v 0.02423573 -0.00841960 -0.00895659
v 0.02395354 -0.00846924 -0.00902014
v 0.02364231 -0.00834622 -0.00929511
v 0.02398674 -0.00806998 -0.00943908
v 0.02298664 -0.00800093 -0.00980614
v 0.02366720 -0.00779375 -0.00971924
v 0.02196579 -0.00787144 -0.01014856
v 0.02132257 -0.00800740 -0.01023027
v 0.02116073 -0.00784338 -0.01035738
v 0.02070840 -0.00780454 -0.01046892
v 0.01986599 -0.00789086 -0.01058695
v 0.01944686 -0.00795992 -0.01062456
v 0.01918957 -0.00800093 -0.01064661
v 0.03100405 -0.00760383 -0.00480352
v 0.03077581 -0.00768584 -0.00496175
v 0.03077581 -0.00747219 -0.00541831
v 0.03036083 -0.00792107 -0.00500715
v 0.03012014 -0.00799877 -0.00515890
v 0.03037743 -0.00772900 -0.00541831
v 0.03136923 -0.00756930 -0.00429508
v 0.03128623 -0.00751319 -0.00456875
v 0.03162652 -0.00728443 -0.00454411
v 0.01860860 -0.00780454 -0.01082690
v 0.01818947 -0.00780454 -0.01088656
v 0.01818947 -0.00812394 -0.01071795
v 0.01904018 -0.00819516 -0.01055063
v 0.01860860 -0.00828148 -0.01056231
v 0.01944686 -0.00893755 -0.00990990
v 0.01986599 -0.00889654 -0.00986321
v 0.02015233 -0.00886849 -0.00983079
v 0.01944686 -0.00914904 -0.00965958
v 0.02028927 -0.00899798 -0.00963623
v 0.02070840 -0.00897424 -0.00954674
v 0.02070840 -0.00918573 -0.00926788
v 0.02070840 -0.00932817 -0.00905776
v 0.02028512 -0.00958282 -0.00880614
v 0.01944686 -0.00822321 -0.01047022
v 0.01978299 -0.00846924 -0.01025880
v 0.01902773 -0.00877137 -0.01016412
v 0.02079554 -0.00966483 -0.00851171
v 0.02145951 -0.00972094 -0.00817967
v 0.02196579 -0.00918141 -0.00883078
v 0.02196579 -0.01018926 -0.00703180
v 0.02238492 -0.01013962 -0.00693193
v 0.02196579 -0.01034680 -0.00666604
v 0.02153421 -0.01045039 -0.00664140
v 0.02173755 -0.00968857 -0.00812779
v 0.02196579 -0.00977058 -0.00786839
v 0.02196579 -0.00995402 -0.00750522
v 0.02196579 -0.01008567 -0.00724192
v 0.02196579 -0.01125537 -0.00372958
v 0.02170020 -0.01136111 -0.00346369
v 0.02238492 -0.01107408 -0.00414852
v 0.02305303 -0.01095970 -0.00397472
v 0.02280405 -0.01106977 -0.00372958
v 0.02322318 -0.01105682 -0.00330934
v 0.02385395 -0.01095107 -0.00309793
v 0.02368380 -0.01102445 -0.00293061
v 0.02364231 -0.01111725 -0.00247017
v 0.02277915 -0.01132011 -0.00245460
v 0.02262145 -0.01137838 -0.00230415
v 0.02238492 -0.01146470 -0.00205123
v 0.02196579 -0.01154887 -0.00205123
v 0.02196579 -0.01160714 -0.00163099
v 0.02098643 -0.01180353 -0.00151815
v 0.02151346 -0.01174742 -0.00118352
v 0.02161720 -0.01176684 -0.00079182
v 0.02155496 -0.01181863 -0.00034175
v 0.02154666 -0.01185316 0.00004736
v 0.02112753 -0.01192870 0.00044425
v 0.02070840 -0.01200207 0.00044425
v 0.02234342 -0.01097913 -0.00454281
v 0.02262560 -0.01095970 -0.00438458
v 0.02238492 -0.01024968 -0.00666604
v 0.02235587 -0.01043528 -0.00621208
v 0.02247621 -0.01050218 -0.00596306
v 0.02282065 -0.01046981 -0.00582427
v 0.02297004 -0.01052161 -0.00558432
v 0.02280405 -0.01074389 -0.00498899
v 0.02282065 -0.01060793 -0.00542998
v 0.02343482 -0.01053240 -0.00519781
v 0.03184231 -0.00718731 -0.00438847
v 0.03283826 -0.00731896 -0.00037158
v 0.03258512 -0.00752830 -0.00037158
v 0.03256437 -0.00751535 -0.00079182
v 0.03141488 -0.00801819 -0.00269715
v 0.03185891 -0.00803330 -0.00079182
v 0.03161822 -0.00818652 -0.00079182
v 0.03131528 -0.00837644 -0.00079182
v 0.03127793 -0.00835270 -0.00121076
v 0.03123229 -0.00832680 -0.00163099
v 0.03099575 -0.00843686 -0.00186446
v 0.03095425 -0.00841313 -0.00214461
v 0.03119909 -0.00819731 -0.00247017
v 0.03121569 -0.00810667 -0.00285798
v 0.03057247 -0.00843471 -0.00310571
v 0.03108289 -0.00807214 -0.00330934
v 0.03129038 -0.00794050 -0.00330934
v 0.03102065 -0.00803114 -0.00358302
v 0.03095425 -0.00799013 -0.00386188
v 0.03145223 -0.00762325 -0.00401622
v 0.03160162 -0.00746140 -0.00415371
v 0.03326984 -0.00695208 0.00044425
v 0.03305820 -0.00714847 0.00044425
v 0.03286316 -0.00731680 0.00044425
v 0.03285071 -0.00732543 0.00004736
v 0.03024463 -0.00765131 -0.00573478
v 0.02992925 -0.00779806 -0.00581649
v 0.02960557 -0.00794481 -0.00589820
v 0.02948937 -0.00806567 -0.00578666
v 0.02906609 -0.00828148 -0.00579574
v 0.02848927 -0.00844334 -0.00605644
v 0.02806599 -0.00843902 -0.00646760
v 0.02733978 -0.00890733 -0.00614853
v 0.02717793 -0.00883827 -0.00642739
v 0.02702439 -0.00878000 -0.00667642
v 0.02672146 -0.00882748 -0.00682428
v 0.02613633 -0.00892028 -0.00707590
v 0.02613633 -0.00870231 -0.00747279
v 0.02574210 -0.00905840 -0.00708628
v 0.02574210 -0.00890518 -0.00738589
v 0.02533127 -0.00896992 -0.00752727
v 0.02422328 -0.00925695 -0.00768421
v 0.02519433 -0.00888144 -0.00776073
v 0.02533127 -0.00874116 -0.00791119
v 0.02481670 -0.00847355 -0.00861158
v 0.02493289 -0.00858362 -0.00838071
v 0.02406558 -0.00894186 -0.00827435
v 0.02406558 -0.00880806 -0.00848447
v 0.02383320 -0.00884691 -0.00854543
v 0.02367550 -0.00875195 -0.00875425
v 0.02364231 -0.00852103 -0.00908500
v 0.02333522 -0.00840018 -0.00935607
v 0.02408218 -0.00858793 -0.00879576
v 0.02209443 -0.00840018 -0.00978669
v 0.02181639 -0.00844981 -0.00982949
v 0.02196164 -0.00824479 -0.00992287
v 0.02154666 -0.00822321 -0.01003961
v 0.02116073 -0.00820810 -0.01013948
v 0.02104038 -0.00805704 -0.01026010
v 0.02070840 -0.00811315 -0.01029382
v 0.01990334 -0.00826206 -0.01036257
v 0.03107874 -0.00765131 -0.00456875
v 0.03059322 -0.00802898 -0.00439884
v 0.03049777 -0.00797287 -0.00467900
v 0.03036083 -0.00810236 -0.00455060
v 0.02996660 -0.00814552 -0.00500715
v 0.02981306 -0.00806135 -0.00540793
v 0.02973006 -0.00801387 -0.00561805
v 0.03002470 -0.00794050 -0.00540793
v 0.03121984 -0.00772253 -0.00415371
v 0.01944686 -0.00872174 -0.01012002
v 0.02043036 -0.00883827 -0.00979706
v 0.02070840 -0.00880374 -0.00975556
v 0.02112753 -0.00892244 -0.00947929
v 0.02144706 -0.00888144 -0.00942871
v 0.02196579 -0.00881453 -0.00934570
v 0.02196579 -0.00896992 -0.00913558
v 0.02006518 -0.00843039 -0.01023157
v 0.02157986 -0.00959577 -0.00833013
v 0.02238492 -0.00891812 -0.00906165
v 0.02236832 -0.00914041 -0.00873480
v 0.02221892 -0.00928500 -0.00857397
v 0.02196579 -0.00949434 -0.00834439
v 0.02231437 -0.00972958 -0.00778667
v 0.02259241 -0.00969289 -0.00771534
v 0.02259656 -0.01011156 -0.00687746
v 0.02236832 -0.00937996 -0.00836126
v 0.02196579 -0.00966052 -0.00807721
v 0.02364231 -0.01077411 -0.00414852
v 0.02333107 -0.01092733 -0.00382037
v 0.02320658 -0.01098128 -0.00369975
v 0.02395769 -0.01097913 -0.00281777
v 0.02376265 -0.01092949 -0.00330934
v 0.02406558 -0.01076547 -0.00372958
v 0.02406558 -0.01085180 -0.00330934
v 0.02408633 -0.01092302 -0.00293061
v 0.02423988 -0.01094244 -0.00261933
v 0.02408633 -0.01100502 -0.00247536
v 0.02406558 -0.01107408 -0.00205123
v 0.02364231 -0.01117767 -0.00205123
v 0.02364231 -0.01123810 -0.00163099
v 0.02290779 -0.01134816 -0.00205123
v 0.02270030 -0.01139564 -0.00205123
v 0.02238492 -0.01152297 -0.00163099
v 0.02196579 -0.01166109 -0.00121076
v 0.02196579 -0.01170210 -0.00079182
v 0.02176660 -0.01179274 -0.00018092
v 0.02238492 -0.01169562 0.00004736
v 0.02202388 -0.01176252 0.00044425
v 0.02154666 -0.01185101 0.00044425
v 0.02322318 -0.01076116 -0.00456875
v 0.02276255 -0.01015904 -0.00665567
v 0.02309868 -0.01013314 -0.00650781
v 0.02280405 -0.01031011 -0.00624581
v 0.02337672 -0.01009861 -0.00641831
v 0.02386639 -0.01011588 -0.00604736
v 0.02364231 -0.01025616 -0.00582817
v 0.02364231 -0.01040938 -0.00540793
v 0.02406558 -0.01029716 -0.00540793
v 0.02364231 -0.01050650 -0.00510572
v 0.02387469 -0.01053671 -0.00479703
v 0.03259757 -0.00753693 0.00004736
v 0.03238593 -0.00770095 0.00004736
v 0.03237348 -0.00768584 -0.00037158
v 0.03187551 -0.00804625 -0.00037158
v 0.03161822 -0.00824263 0.00004736
v 0.03136923 -0.00840881 0.00004736
v 0.03209959 -0.00791028 0.00004736
v 0.03113269 -0.00851887 -0.00037158
v 0.03110364 -0.00850377 -0.00079182
v 0.03106629 -0.00848003 -0.00121076
v 0.03102065 -0.00845413 -0.00163099
v 0.03077996 -0.00859225 -0.00163099
v 0.03080071 -0.00852103 -0.00202269
v 0.03068866 -0.00849945 -0.00247017
v 0.03089615 -0.00838075 -0.00247017
v 0.03082146 -0.00833543 -0.00289040
v 0.03036083 -0.00867642 -0.00247017
v 0.03036083 -0.00859009 -0.00289040
v 0.02979231 -0.00888575 -0.00289040
v 0.02974251 -0.00885986 -0.00312906
v 0.02967196 -0.00882533 -0.00340921
v 0.03036083 -0.00850161 -0.00327173
v 0.03049777 -0.00839586 -0.00338587
v 0.03080071 -0.00812178 -0.00372569
v 0.03073846 -0.00829011 -0.00327173
v 0.03061397 -0.00845629 -0.00289040
v 0.03066376 -0.00807214 -0.00414852
v 0.03087540 -0.00794050 -0.00414852
v 0.03259757 -0.00753477 0.00044425
v 0.02920719 -0.00838291 -0.00540793
v 0.02890425 -0.00844118 -0.00563361
v 0.02865111 -0.00848866 -0.00579574
v 0.02826103 -0.00865268 -0.00582817
v 0.02822783 -0.00848650 -0.00621598
v 0.02761781 -0.00884691 -0.00602402
v 0.02745597 -0.00898071 -0.00586189
v 0.02699534 -0.00918357 -0.00582038
v 0.02670486 -0.00924184 -0.00595657
v 0.02702439 -0.00897639 -0.00627045
v 0.02689575 -0.00889654 -0.00654412
v 0.02658451 -0.00895050 -0.00667642
v 0.02574210 -0.00932169 -0.00655450
v 0.02574210 -0.00921810 -0.00676462
v 0.02550142 -0.00926126 -0.00685411
v 0.02534372 -0.00919652 -0.00708498
v 0.02500344 -0.00923753 -0.00722506
v 0.02472540 -0.00928285 -0.00731456
v 0.02407803 -0.00937996 -0.00752857
v 0.02394524 -0.00930011 -0.00776333
v 0.02407803 -0.00916631 -0.00791119
v 0.02490384 -0.00893107 -0.00783985
v 0.02364231 -0.00921594 -0.00804478
v 0.02367550 -0.00899582 -0.00838071
v 0.02309453 -0.00929579 -0.00817059
v 0.02250111 -0.00924616 -0.00851301
v 0.02281235 -0.00897855 -0.00879187
v 0.02295759 -0.00883612 -0.00894881
v 0.02322318 -0.00879511 -0.00889044
v 0.02267955 -0.00887712 -0.00900588
v 0.02320658 -0.00856204 -0.00920302
v 0.02305303 -0.00844550 -0.00940795
v 0.02154666 -0.00848650 -0.00986062
v 0.02070840 -0.00832248 -0.01016412
v 0.02238492 -0.00854477 -0.00952598
v 0.02196164 -0.00858146 -0.00962975
v 0.03036083 -0.00824479 -0.00414852
v 0.02978816 -0.00846492 -0.00444035
v 0.02968441 -0.00841097 -0.00472051
v 0.02953502 -0.00836996 -0.00502271
v 0.02951842 -0.00821889 -0.00540793
v 0.02070840 -0.00859441 -0.00995400
v 0.02157156 -0.00872174 -0.00958305
v 0.02238492 -0.00875411 -0.00927177
v 0.02242641 -0.00962383 -0.00792546
v 0.02280405 -0.00966483 -0.00765827
v 0.02325637 -0.00962167 -0.00750262
v 0.02364231 -0.00976195 -0.00701365
v 0.02394109 -0.00971879 -0.00693064
v 0.02364231 -0.00992165 -0.00666604
v 0.02287874 -0.01007488 -0.00678796
v 0.02364231 -0.01065757 -0.00456875
v 0.02406558 -0.01066620 -0.00414852
v 0.02361326 -0.01088417 -0.00369975
v 0.02471295 -0.01053671 -0.00395786
v 0.02448471 -0.01065109 -0.00372958
v 0.02448471 -0.01082158 -0.00289040
v 0.02532297 -0.01066404 -0.00247017
v 0.02446812 -0.01090143 -0.00247536
v 0.02431872 -0.01096402 -0.00233917
v 0.02557196 -0.01054535 -0.00274254
v 0.02406558 -0.01113235 -0.00163099
v 0.02439757 -0.01098560 -0.00205123
v 0.02406558 -0.01118846 -0.00121076
v 0.02364231 -0.01129205 -0.00121076
v 0.02336842 -0.01135680 -0.00121076
v 0.02307378 -0.01138485 -0.00151556
v 0.02280405 -0.01148413 -0.00121076
v 0.02238492 -0.01157692 -0.00121076
v 0.02238492 -0.01162009 -0.00079182
v 0.02238492 -0.01165893 -0.00037158
v 0.02280405 -0.01160714 0.00004736
v 0.02238492 -0.01169346 0.00044425
v 0.02236417 -0.01169778 0.00044425
v 0.02364231 -0.01006408 -0.00633011
v 0.02402824 -0.01000582 -0.00620949
v 0.02447641 -0.01002740 -0.00581130
v 0.02402824 -0.01015904 -0.00581130
v 0.02403239 -0.01044607 -0.00495786
v 0.02432702 -0.01012883 -0.00566085
v 0.02447641 -0.01017847 -0.00540923
v 0.02478350 -0.01013746 -0.00526915
v 0.02506569 -0.01009646 -0.00514723
v 0.02448471 -0.01031011 -0.00498899
v 0.02429382 -0.01053887 -0.00438069
v 0.03237348 -0.00771390 0.00044425
v 0.03210374 -0.00791244 0.00044425
v 0.03189210 -0.00805704 0.00004736
v 0.03160577 -0.00825558 0.00044425
v 0.03074261 -0.00874979 -0.00036250
v 0.03136923 -0.00841097 0.00044425
v 0.03059322 -0.00886633 0.00004736
v 0.03077996 -0.00869368 -0.00079182
v 0.03077996 -0.00864620 -0.00121076
v 0.03048532 -0.00881022 -0.00121076
v 0.03043138 -0.00878216 -0.00163099
v 0.03033593 -0.00876490 -0.00206160
v 0.03013259 -0.00884475 -0.00220947
v 0.02987530 -0.00892892 -0.00247017
v 0.02951842 -0.00909941 -0.00247017
v 0.02951842 -0.00901308 -0.00289040
v 0.02908684 -0.00920515 -0.00291375
v 0.02909929 -0.00911236 -0.00330934
v 0.02952672 -0.00892244 -0.00328470
v 0.02951842 -0.00868721 -0.00414852
v 0.02987115 -0.00851024 -0.00414852
v 0.02997905 -0.00856419 -0.00376460
v 0.02939393 -0.00889223 -0.00365435
v 0.03014504 -0.00843039 -0.00392673
v 0.03036083 -0.00836133 -0.00376460
v 0.02929848 -0.00842823 -0.00518484
v 0.02899970 -0.00848434 -0.00540793
v 0.02869261 -0.00878432 -0.00501234
v 0.02868016 -0.00863541 -0.00540793
v 0.02828593 -0.00880374 -0.00544165
v 0.02803694 -0.00884691 -0.00560378
v 0.02787510 -0.00880590 -0.00586189
v 0.02775891 -0.00890518 -0.00574386
v 0.02713229 -0.00924184 -0.00553634
v 0.02685010 -0.00929579 -0.00567641
v 0.02642267 -0.00929148 -0.00607849
v 0.02657206 -0.00916847 -0.00622895
v 0.02604919 -0.00972742 -0.00528731
v 0.02561761 -0.00972094 -0.00569457
v 0.02545577 -0.00966915 -0.00597473
v 0.02597034 -0.00927853 -0.00646890
v 0.02574210 -0.00945765 -0.00624581
v 0.02531882 -0.00960656 -0.00623284
v 0.02499514 -0.00965620 -0.00636384
v 0.02534372 -0.00939075 -0.00669458
v 0.02613218 -0.00932817 -0.00622895
v 0.02448471 -0.00963462 -0.00675684
v 0.02364231 -0.00951592 -0.00750522
v 0.02364231 -0.00934327 -0.00783466
v 0.03008279 -0.00839586 -0.00414852
v 0.02924038 -0.00882101 -0.00414852
v 0.02894160 -0.00887496 -0.00442608
v 0.02908684 -0.00875842 -0.00456746
v 0.02953502 -0.00854045 -0.00457524
v 0.02940637 -0.00848219 -0.00490468
v 0.02471710 -0.00969936 -0.00647149
v 0.02407388 -0.00979216 -0.00668809
v 0.02457601 -0.01049787 -0.00423801
v 0.02487065 -0.01044607 -0.00411869
v 0.02532297 -0.01030579 -0.00414852
v 0.02532297 -0.01041154 -0.00372958
v 0.02500759 -0.01050218 -0.00372958
v 0.02519848 -0.01055614 -0.00321466
v 0.02532297 -0.01072879 -0.00205123
v 0.02564666 -0.01056908 -0.00247017
v 0.02490384 -0.01084532 -0.00205123
v 0.02547652 -0.01051513 -0.00302270
v 0.02574210 -0.01037270 -0.00330934
v 0.02616123 -0.01023673 -0.00330934
v 0.02660111 -0.01017847 -0.00289300
v 0.02691650 -0.01015473 -0.00247017
v 0.02658036 -0.01026479 -0.00247017
v 0.02451376 -0.01100934 -0.00164656
v 0.02448471 -0.01107624 -0.00121076
v 0.02532297 -0.01078921 -0.00163099
v 0.02489139 -0.01090575 -0.00164656
v 0.02448471 -0.01112372 -0.00079182
v 0.02406558 -0.01123378 -0.00079182
v 0.02363401 -0.01133737 -0.00082295
v 0.02342652 -0.01136975 -0.00098507
v 0.02280405 -0.01152945 -0.00079182
v 0.02280405 -0.01157045 -0.00037158
v 0.02386225 -0.01137406 0.00027693
v 0.02280405 -0.01160498 0.00044425
v 0.02322318 -0.01151002 0.00004736
v 0.02386225 -0.01137406 0.00023413
v 0.02448471 -0.00985691 -0.00624581
v 0.02487480 -0.00974468 -0.00623284
v 0.02491629 -0.01004682 -0.00540923
v 0.02532297 -0.00992381 -0.00540793
v 0.02533542 -0.01005977 -0.00500066
v 0.02520263 -0.01013746 -0.00486837
v 0.02491629 -0.01018278 -0.00500066
v 0.03187966 -0.00806998 0.00044425
v 0.03057662 -0.00885770 -0.00021723
v 0.03117419 -0.00852535 0.00044425
v 0.03114099 -0.00854477 0.00044425
v 0.03080071 -0.00874332 0.00044425
v 0.03057662 -0.00887280 0.00044425
v 0.03036083 -0.00898718 0.00044425
v 0.03036083 -0.00898718 0.00004736
v 0.03055587 -0.00884691 -0.00049739
v 0.03053097 -0.00883396 -0.00079182
v 0.02994170 -0.00908862 -0.00121076
v 0.02994170 -0.00903251 -0.00163099
v 0.03017824 -0.00886849 -0.00192931
v 0.02997075 -0.00895265 -0.00206160
v 0.02949352 -0.00918789 -0.00204863
v 0.02928603 -0.00926126 -0.00218742
v 0.02922378 -0.00923537 -0.00247017
v 0.02894160 -0.00929579 -0.00279053
v 0.02860961 -0.00933464 -0.00330934
v 0.02852662 -0.00929795 -0.00361155
v 0.02868016 -0.00907567 -0.00414852
v 0.02913664 -0.00856851 -0.00502271
v 0.02855982 -0.00889439 -0.00488782
v 0.02844362 -0.00884043 -0.00516668
v 0.02816559 -0.00890086 -0.00532492
v 0.02787510 -0.00897639 -0.00544165
v 0.02699534 -0.00934543 -0.00540144
v 0.02726508 -0.00929579 -0.00525618
v 0.02658036 -0.00949218 -0.00540793
v 0.02574210 -0.00993244 -0.00498899
v 0.02575040 -0.00977921 -0.00541960
v 0.02632722 -0.00967778 -0.00515242
v 0.02869261 -0.00894402 -0.00456746
v 0.02883785 -0.00882748 -0.00470624
v 0.02533542 -0.01018062 -0.00457913
v 0.02548067 -0.01009646 -0.00472569
v 0.02560516 -0.01013746 -0.00444554
v 0.02574625 -0.01017631 -0.00414333
v 0.02574210 -0.01028205 -0.00372958
v 0.02577115 -0.01059498 -0.00205642
v 0.02592469 -0.01052376 -0.00220039
v 0.02638532 -0.01011588 -0.00353632
v 0.02666751 -0.01007056 -0.00330934
v 0.02683765 -0.01012667 -0.00275551
v 0.02712399 -0.01008135 -0.00247017
v 0.02719038 -0.01010509 -0.00220687
v 0.02658036 -0.01033385 -0.00205123
v 0.02481670 -0.01098560 -0.00121076
v 0.02509058 -0.01094460 -0.00093579
v 0.02574210 -0.01066188 -0.00163099
v 0.02532297 -0.01084532 -0.00121076
v 0.02502834 -0.01092733 -0.00121076
v 0.02493289 -0.01100287 -0.00079441
v 0.02448471 -0.01116472 -0.00037158
v 0.02448471 -0.01120357 0.00004736
v 0.02406558 -0.01127263 -0.00037158
v 0.02354686 -0.01139780 -0.00037158
v 0.02322318 -0.01147334 -0.00037158
v 0.02348461 -0.01138269 -0.00070492
v 0.02375435 -0.01134816 -0.00037158
v 0.02448471 -0.01120357 0.00044425
v 0.02412783 -0.01129421 0.00044425
v 0.02402824 -0.01131795 0.00044425
v 0.02365475 -0.01140643 0.00044425
v 0.02320243 -0.01151218 0.00044425
v 0.02366305 -0.01140859 0.00007589
v 0.02402824 -0.01132011 0.00007589
v 0.02997075 -0.00918357 0.00044425
v 0.02997075 -0.00918357 0.00004736
v 0.02972176 -0.00926774 -0.00050388
v 0.02994170 -0.00913394 -0.00079182
v 0.02969686 -0.00925695 -0.00079182
v 0.02964706 -0.00923537 -0.00121076
v 0.02958482 -0.00920731 -0.00163099
v 0.02933168 -0.00928285 -0.00190726
v 0.02912834 -0.00935191 -0.00204863
v 0.02868016 -0.00954829 -0.00205123
v 0.02868016 -0.00947492 -0.00247017
v 0.02826103 -0.00964325 -0.00251037
v 0.02826103 -0.00956556 -0.00289040
v 0.02826103 -0.00947924 -0.00330934
v 0.02762196 -0.00968857 -0.00349871
v 0.02828178 -0.00936270 -0.00374255
v 0.02843532 -0.00925911 -0.00389041
v 0.02834818 -0.00922242 -0.00414852
v 0.02828593 -0.00896776 -0.00501234
v 0.02822368 -0.00915768 -0.00453373
v 0.02795810 -0.00923321 -0.00464917
v 0.02767591 -0.00929148 -0.00482686
v 0.02754727 -0.00923753 -0.00510702
v 0.02700364 -0.00949218 -0.00498899
v 0.02659696 -0.00963462 -0.00500326
v 0.02741032 -0.00934112 -0.00497602
v 0.02574625 -0.01005329 -0.00457913
v 0.02646417 -0.00972310 -0.00487355
v 0.02674220 -0.00967562 -0.00472051
v 0.02588735 -0.01008998 -0.00428081
v 0.02685840 -0.00971663 -0.00444165
v 0.02600354 -0.01012883 -0.00400066
v 0.02615293 -0.01015473 -0.00369715
v 0.02626083 -0.01049571 -0.00163099
v 0.02605334 -0.01056261 -0.00163099
v 0.02654716 -0.01002308 -0.00369715
v 0.02700364 -0.00985906 -0.00372958
v 0.02700364 -0.00995618 -0.00330934
v 0.02698704 -0.01004682 -0.00289300
v 0.02742277 -0.00988712 -0.00289040
v 0.02742277 -0.00997129 -0.00247017
v 0.02724433 -0.01012451 -0.00192801
v 0.02700364 -0.01025184 -0.00163099
v 0.02703269 -0.01018062 -0.00206031
v 0.02812409 -0.00972094 -0.00239753
v 0.02784190 -0.00988280 -0.00205123
v 0.02658036 -0.01039212 -0.00163099
v 0.02513623 -0.01095970 -0.00065563
v 0.02574210 -0.01071799 -0.00121076
v 0.02638532 -0.01053671 -0.00103436
v 0.02490384 -0.01108487 0.00004736
v 0.02490384 -0.01108703 0.00044425
v 0.02949352 -0.00941881 0.00044425
v 0.02951842 -0.00940586 0.00004736
v 0.02955577 -0.00935622 -0.00036639
v 0.02948522 -0.00935406 -0.00079182
v 0.02943957 -0.00933032 -0.00121076
v 0.02937733 -0.00930227 -0.00163099
v 0.02865526 -0.00961735 -0.00164007
v 0.02840627 -0.00966699 -0.00205123
v 0.02745597 -0.00978353 -0.00333917
v 0.02733148 -0.00973821 -0.00372958
v 0.02724433 -0.00970584 -0.00398250
v 0.02754312 -0.00965836 -0.00372958
v 0.02784190 -0.00954182 -0.00372958
v 0.02805769 -0.00927637 -0.00437031
v 0.02742277 -0.00946844 -0.00456875
v 0.02699949 -0.00962599 -0.00457654
v 0.02659696 -0.00976626 -0.00457654
v 0.02699949 -0.00975116 -0.00413295
v 0.02658036 -0.00989144 -0.00414852
v 0.02628573 -0.01008135 -0.00381648
v 0.02654716 -0.01046334 -0.00118871
v 0.02750992 -0.01006624 -0.00163099
v 0.02737712 -0.01017415 -0.00121076
v 0.02700364 -0.01030795 -0.00121076
v 0.02819463 -0.00974900 -0.00205123
v 0.02784190 -0.00999934 -0.00121076
v 0.02616123 -0.01070936 0.00004736
v 0.02523168 -0.01098776 0.00004736
v 0.02663016 -0.01048060 -0.00079182
v 0.02642267 -0.01054750 -0.00079182
v 0.02572550 -0.01084532 0.00044425
v 0.02544747 -0.01092733 0.00044425
v 0.02904534 -0.00962599 0.00044425
v 0.02890010 -0.00969720 0.00031844
v 0.02890010 -0.00969720 0.00020430
v 0.02906609 -0.00961520 0.00005773
v 0.02909929 -0.00952671 -0.00079182
v 0.02909929 -0.00948139 -0.00121076
v 0.02875486 -0.00963246 -0.00121076
v 0.02849757 -0.00970368 -0.00150648
v 0.02829008 -0.00976842 -0.00164007
v 0.02762611 -0.01010941 -0.00097729
v 0.02700364 -0.01035327 -0.00079182
v 0.02826103 -0.00983748 -0.00121076
v 0.02614048 -0.01072015 0.00044425
v 0.02653471 -0.01058851 0.00004736
v 0.02873826 -0.00975547 0.00044425
v 0.02826103 -0.00995402 0.00044425
v 0.02795810 -0.01007703 0.00044425
v 0.02859302 -0.00974684 -0.00079182
v 0.02795810 -0.01007703 0.00004736
v 0.02826103 -0.00995402 0.00004736
v 0.02854322 -0.00972310 -0.00121076
v 0.02826103 -0.00988496 -0.00079182
v 0.02781285 -0.01005329 -0.00081905
v 0.02790415 -0.01005977 -0.00037158
v 0.02774646 -0.01015473 0.00004736
v 0.02742277 -0.01027342 0.00004736
v 0.02700364 -0.01042233 0.00004736
v 0.02674220 -0.01051513 0.00004736
v 0.02651397 -0.01059714 0.00044425
v 0.02698704 -0.01043096 0.00044425
v 0.02776306 -0.01015257 0.00044425
v 0.02742277 -0.01027558 0.00044425
f 210 286 287
f 363 287 286
f 371 363 286
f 1593 1597 1765
f 1765 1766 1593
f 121 122 64
f 1593 1768 1769
f 1769 1594 1593
f 1767 1768 1593
f 1593 1766 1767
f 370 371 286
f 1259 1106 1258
f 944 943 946
f 946 781 944
f 123 122 121
f 19 48 49
f 49 50 19
f 19 50 36
f 80 77 36
f 287 363 279
f 1593 1594 1417
f 1420 1597 1593
f 1593 1421 1420
f 1420 1421 1260
f 1260 1419 1420
f 1263 1417 1259
f 1262 1417 1263
f 1088 922 1087
f 1244 1243 1260
f 1402 1419 1260
f 1402 1577 1419
f 1107 1106 1259
f 1107 943 1106
f 1107 946 943
f 944 781 945
f 498 499 368
f 368 499 370
f 368 370 286
f 273 198 272
f 624 481 623
f 777 637 776
f 777 778 637
f 791 645 790
f 1108 1244 1260
f 1260 1261 1108
f 1108 1261 1262
f 1262 1263 1108
f 943 942 1103
f 779 943 944
f 779 942 943
f 944 945 779
f 637 778 779
f 21 51 20
f 5 21 20
f 121 64 120
f 8 7 23
f 5 20 6
f 6 20 7
f 19 4 18
f 43 88 89
f 47 48 19
f 19 43 44
f 44 45 19
f 43 91 44
f 91 45 44
f 92 45 94
f 94 45 91
f 218 292 293
f 78 36 50
f 136 77 80
f 136 137 77
f 136 206 207
f 210 137 136
f 287 279 211
f 210 287 211
f 211 137 210
f 279 204 211
f 2114 2257 2113
f 1969 1968 2113
f 922 921 1083
f 1771 1597 1596
f 1771 1765 1597
f 1766 1765 1771
f 1771 1922 1766
f 1771 1770 1922
f 2080 1922 1924
f 1922 1770 1924
f 1596 1419 1595
f 1595 1771 1596
f 1595 1754 1770
f 1770 1771 1595
f 1574 1400 1573
f 1747 1897 1898
f 1259 1417 1418
f 1418 1417 1594
f 1422 1417 1262
f 1262 1261 1422
f 1422 1261 1260
f 1260 1421 1422
f 1422 1421 1593
f 1593 1417 1422
f 781 637 780
f 780 945 781
f 637 779 780
f 780 779 945
f 787 637 786
f 782 637 781
f 492 491 639
f 776 637 636
f 637 491 636
f 285 286 210
f 285 368 286
f 367 368 285
f 367 495 496
f 492 642 493
f 622 772 761
f 623 481 622
f 481 629 622
f 915 761 914
f 916 761 915
f 274 273 276
f 272 292 276
f 276 273 272
f 480 481 358
f 621 481 480
f 627 481 626
f 788 940 789
f 788 794 940
f 645 794 788
f 773 645 623
f 643 624 623
f 623 645 643
f 941 794 793
f 793 794 645
f 790 951 952
f 1242 1088 1087
f 1087 1249 1242
f 1260 1243 1242
f 1242 1402 1260
f 943 1103 1104
f 23 7 22
f 7 20 22
f 53 54 23
f 54 53 60
f 23 59 60
f 60 53 23
f 23 54 24
f 24 8 23
f 5 6 2
f 65 64 122
f 1252 1094 1251
f 255 191 190
f 190 254 255
f 190 191 123
f 2552 2557 2553
f 2557 2552 2404
f 277 276 292
f 90 91 43
f 43 89 90
f 48 47 95
f 19 45 46
f 46 47 19
f 45 47 46
f 222 155 154
f 217 150 152
f 151 150 217
f 152 149 217
f 79 78 50
f 79 136 80
f 80 36 79
f 36 78 79
f 210 136 209
f 77 137 135
f 137 204 135
f 212 204 137
f 137 211 212
f 212 211 204
f 98 99 50
f 2412 2562 2565
f 1811 1968 1969
f 2259 2113 2258
f 2258 2113 2257
f 1409 1249 1408
f 1087 922 1086
f 1907 1908 1754
f 1770 1754 1909
f 1909 1908 1770
f 1754 1908 1909
f 1409 1408 1587
f 1573 1400 1399
f 1399 1249 1409
f 1399 1242 1249
f 1400 1242 1399
f 1752 1907 1754
f 1419 1577 1575
f 1575 1574 1754
f 1575 1595 1419
f 1754 1595 1575
f 1575 1402 1576
f 1577 1402 1575
f 1902 1747 1901
f 1899 1747 1898
f 637 784 785
f 785 786 637
f 783 784 637
f 637 782 783
f 638 637 787
f 638 491 637
f 638 639 491
f 492 639 640
f 776 636 775
f 367 285 366
f 366 490 491
f 366 491 492
f 492 493 366
f 498 368 497
f 497 368 367
f 367 496 497
f 635 636 491
f 491 490 635
f 635 775 636
f 759 758 912
f 621 758 759
f 628 481 621
f 621 629 628
f 628 629 481
f 917 761 916
f 772 622 771
f 622 770 771
f 198 270 271
f 272 198 271
f 271 270 358
f 271 360 272
f 359 360 271
f 482 360 359
f 482 271 358
f 359 271 482
f 482 483 360
f 627 483 482
f 358 481 482
f 482 481 627
f 194 193 264
f 264 193 263
f 192 191 257
f 293 292 295
f 213 289 280
f 623 622 763
f 763 773 623
f 790 952 947
f 1109 951 1108
f 1109 952 951
f 1402 1242 1401
f 1401 1242 1400
f 1576 1402 1401
f 1401 1575 1576
f 1400 1574 1401
f 1574 1575 1401
f 1106 943 1105
f 943 1104 1105
f 8 24 9
f 3 10 11
f 3 9 10
f 3 6 7
f 7 8 3
f 8 9 3
f 26 24 54
f 54 61 26
f 63 120 64
f 64 65 28
f 28 63 64
f 1089 1090 925
f 1093 1251 1094
f 254 324 325
f 441 443 442
f 424 315 423
f 424 423 559
f 188 123 121
f 315 242 317
f 1009 1168 1169
f 2442 2605 2574
f 2557 2573 2574
f 2265 2257 2114
f 2265 2404 2257
f 2257 2404 2405
f 2603 2605 2442
f 2722 2574 2605
f 1998 2145 2114
f 2242 2255 2384
f 66 70 67
f 67 28 66
f 66 28 65
f 122 123 66
f 66 65 122
f 12 13 4
f 193 194 128
f 128 194 195
f 195 196 128
f 70 66 127
f 362 277 292
f 274 276 275
f 215 147 146
f 148 147 215
f 215 149 148
f 93 45 92
f 93 47 45
f 93 95 47
f 97 98 50
f 151 218 153
f 220 218 293
f 220 153 218
f 154 153 220
f 219 218 151
f 151 217 219
f 292 218 219
f 219 217 292
f 216 149 215
f 216 217 149
f 215 292 216
f 292 217 216
f 136 79 138
f 208 136 207
f 208 209 136
f 222 157 156
f 156 155 222
f 2560 2410 2559
f 2411 2412 2260
f 2259 2409 2260
f 2260 2410 2411
f 2260 2409 2410
f 2260 2113 2259
f 2261 2113 2260
f 2411 2410 2563
f 2410 2562 2563
f 2704 2705 2555
f 2555 2554 2704
f 2257 2405 2402
f 2402 2554 2555
f 2402 2552 2553
f 2553 2554 2402
f 2402 2404 2552
f 2402 2405 2404
f 3041 3009 2927
f 3161 3162 3225
f 3075 3162 3161
f 3223 3162 3224
f 1248 1249 1087
f 1248 1408 1249
f 1403 1404 1245
f 1245 1404 1405
f 922 1083 1085
f 1085 1086 922
f 1087 1086 1085
f 1908 1907 2065
f 1896 1747 1895
f 1897 1747 1896
f 1406 1245 1405
f 1409 1587 1588
f 1571 1399 1409
f 1409 1590 1571
f 1573 1399 1572
f 1399 1571 1572
f 1754 1574 1753
f 1753 1752 1754
f 1574 1752 1753
f 1750 1574 1573
f 1749 1750 1573
f 1905 1750 1749
f 1906 1752 1751
f 1751 1905 1906
f 1751 1752 1574
f 1574 1750 1751
f 1751 1750 1905
f 1747 1902 1903
f 1905 1749 1903
f 1906 1905 1903
f 1901 1747 1900
f 1747 1899 1900
f 641 642 492
f 492 640 641
f 488 366 486
f 494 366 493
f 494 495 367
f 367 366 494
f 489 366 488
f 490 366 489
f 502 643 645
f 758 757 910
f 629 759 764
f 764 622 629
f 760 629 621
f 621 759 760
f 760 759 629
f 761 917 762
f 762 917 918
f 762 918 919
f 762 921 922
f 922 790 762
f 773 763 762
f 762 622 761
f 762 763 622
f 790 645 762
f 645 773 762
f 769 622 768
f 769 770 622
f 1257 1098 1097
f 1212 1060 1102
f 772 771 937
f 1212 1524 1362
f 1256 1257 1097
f 1212 1257 1256
f 1848 1683 1688
f 1253 1094 1252
f 1512 1411 1513
f 1513 1411 1357
f 269 268 356
f 269 270 198
f 198 268 269
f 256 191 255
f 256 257 191
f 342 257 341
f 621 480 479
f 479 478 621
f 481 624 625
f 625 626 481
f 621 476 475
f 621 478 477
f 477 476 621
f 294 222 293
f 293 295 294
f 294 295 222
f 222 295 223
f 223 295 289
f 223 289 213
f 361 295 292
f 361 292 272
f 272 360 361
f 484 483 627
f 360 483 484
f 281 280 289
f 487 502 631
f 950 951 790
f 790 949 950
f 948 790 922
f 948 949 790
f 792 791 790
f 790 947 792
f 941 793 792
f 645 791 792
f 792 793 645
f 952 1109 1110
f 52 20 51
f 52 22 20
f 23 22 52
f 52 55 23
f 56 57 23
f 23 55 56
f 58 110 59
f 57 110 58
f 58 59 23
f 23 57 58
f 104 60 59
f 59 113 104
f 166 105 104
f 54 60 104
f 104 105 54
f 394 426 318
f 54 107 103
f 103 61 54
f 114 61 119
f 119 177 114
f 413 315 424
f 121 120 187
f 120 177 187
f 187 177 242
f 187 188 121
f 25 9 24
f 24 26 25
f 25 26 9
f 120 63 27
f 10 9 27
f 9 26 27
f 11 10 27
f 27 28 11
f 63 28 27
f 768 622 767
f 767 622 766
f 1089 925 923
f 923 766 912
f 926 925 1090
f 926 1090 1091
f 768 767 926
f 926 767 925
f 929 1093 1094
f 768 928 929
f 1251 1093 1092
f 1092 929 928
f 1093 929 1092
f 1058 1090 1089
f 1058 923 912
f 1089 923 1058
f 912 758 911
f 911 1058 912
f 1057 1058 911
f 758 910 911
f 1359 1360 1209
f 1252 1251 1410
f 1410 1359 1252
f 1360 1359 1410
f 1211 1058 1057
f 1091 1090 1211
f 1090 1058 1211
f 1354 1516 1352
f 1698 1524 1592
f 2157 2011 2156
f 2012 2011 2157
f 591 592 441
f 447 324 446
f 447 325 324
f 446 593 447
f 1205 1357 1206
f 592 593 445
f 446 324 445
f 445 593 446
f 422 423 315
f 852 1020 1021
f 561 562 424
f 189 190 123
f 123 188 189
f 254 190 189
f 189 253 254
f 189 188 252
f 252 253 189
f 441 442 323
f 323 442 443
f 319 318 427
f 427 426 571
f 427 318 426
f 844 1011 1010
f 1009 1169 1010
f 1139 1013 1171
f 1171 1013 1170
f 1170 1013 1168
f 1012 1169 1168
f 1012 1013 844
f 1168 1013 1012
f 844 1010 1012
f 1012 1010 1169
f 1482 1317 1481
f 3047 2933 3045
f 3051 3050 3144
f 3051 3144 3145
f 2557 2574 2709
f 2264 2265 2114
f 2404 2265 2264
f 2744 2722 2601
f 2703 2702 2705
f 2705 2704 2703
f 2703 2704 2554
f 2703 2554 2553
f 2553 2702 2703
f 2605 2603 2602
f 2602 2722 2605
f 2574 2722 2723
f 1999 1998 2114
f 1838 1999 1964
f 1998 1999 1838
f 1931 1782 1780
f 1926 1925 1934
f 1994 1926 1934
f 2086 1934 1933
f 2442 2574 2443
f 2263 2264 2114
f 2404 2264 2263
f 1789 1940 1790
f 2384 2255 2401
f 1787 1788 1612
f 1791 1940 1795
f 1791 1790 1940
f 38 39 19
f 40 41 19
f 19 39 40
f 19 41 42
f 86 87 42
f 41 85 42
f 42 85 86
f 42 43 19
f 42 87 88
f 42 88 43
f 4 13 14
f 69 30 29
f 29 68 69
f 197 196 198
f 198 128 197
f 197 128 196
f 124 66 123
f 124 191 192
f 123 191 124
f 277 362 278
f 278 362 292
f 274 275 200
f 276 277 200
f 200 275 276
f 50 49 96
f 96 97 50
f 96 49 48
f 48 95 96
f 222 154 221
f 154 220 221
f 293 222 221
f 221 220 293
f 206 136 205
f 136 138 205
f 100 138 79
f 50 99 100
f 100 79 50
f 2522 2371 2521
f 2494 2341 2493
f 2341 2373 2493
f 2493 2373 2522
f 2712 2714 2565
f 2562 2412 2564
f 2564 2563 2562
f 2564 2412 2411
f 2411 2563 2564
f 2259 2258 2406
f 2267 2260 2412
f 2115 2268 2119
f 2115 2113 2261
f 2115 2267 2268
f 1968 1811 1967
f 1967 2112 2114
f 2114 2113 1967
f 1967 2113 1968
f 3172 3173 3101
f 2644 2780 2781
f 2781 2782 2644
f 3040 3041 2927
f 2670 2521 2520
f 2672 2522 2670
f 2522 2521 2670
f 2660 2671 2520
f 2778 2671 2660
f 2515 2514 2660
f 2660 2798 2778
f 2797 2798 2660
f 2764 2755 2627
f 2764 2877 2755
f 2468 2618 2619
f 3154 3153 3215
f 3101 3173 3102
f 3263 3238 3264
f 3266 3265 3264
f 3264 3267 3266
f 3268 3267 3264
f 3080 3081 2965
f 3080 3165 3131
f 3131 3081 3080
f 3226 3225 3230
f 3226 3161 3225
f 3166 3161 3226
f 3131 3165 3079
f 3079 3080 2965
f 3165 3080 3079
f 3223 3225 3227
f 3227 3162 3223
f 3225 3162 3227
f 3075 3161 3076
f 2965 2964 3076
f 3076 2964 3075
f 3076 3079 2965
f 1570 1404 1403
f 1742 1568 1741
f 1741 1892 1742
f 1580 1404 1579
f 1579 1757 1580
f 1873 1874 1720
f 1733 1731 1886
f 1241 1085 1083
f 1245 1085 1241
f 1247 1248 1087
f 1408 1248 1247
f 1080 1081 921
f 1237 1081 1080
f 1234 1233 1386
f 1077 1233 1234
f 2062 1900 1899
f 1923 1924 1770
f 1770 1908 1923
f 1908 2067 1923
f 2206 2064 2205
f 2519 2660 2520
f 2515 2660 2519
f 2223 2369 2224
f 2223 2074 2222
f 1589 1590 1409
f 1763 1590 1589
f 1409 1588 1589
f 1589 1588 1763
f 1761 1917 1918
f 1584 1406 1405
f 1245 1406 1246
f 1408 1247 1246
f 1246 1085 1245
f 1087 1085 1246
f 1246 1247 1087
f 1747 1572 1746
f 1895 1747 1746
f 1748 1749 1573
f 1904 1749 1747
f 1747 1903 1904
f 1904 1903 1749
f 365 366 285
f 365 486 366
f 645 788 644
f 644 502 645
f 789 774 644
f 644 788 789
f 624 643 501
f 643 502 501
f 619 757 758
f 619 475 474
f 766 622 765
f 622 764 765
f 765 764 759
f 912 766 765
f 765 759 912
f 930 931 770
f 770 769 930
f 930 769 768
f 768 929 930
f 930 929 931
f 1512 1591 1415
f 770 931 932
f 932 771 770
f 932 933 771
f 771 933 934
f 1059 1102 1060
f 936 937 771
f 1100 937 1098
f 1525 1362 1524
f 1524 1698 1525
f 1525 1698 1699
f 1592 1524 1416
f 1256 1415 1416
f 1416 1591 1592
f 1416 1415 1591
f 1361 1524 1212
f 1212 1256 1361
f 772 939 913
f 913 1059 1060
f 939 1059 913
f 914 761 913
f 761 772 913
f 1213 1060 1212
f 1212 1364 1213
f 1362 1525 1363
f 1212 1362 1363
f 1363 1364 1212
f 1851 2011 2012
f 1851 1848 1688
f 1346 1357 1205
f 1346 1513 1357
f 1346 1511 1512
f 1512 1513 1346
f 1592 1591 1684
f 1358 1253 1252
f 1411 1253 1358
f 1357 1411 1358
f 1358 1206 1357
f 1254 1253 1411
f 1254 1096 1094
f 1094 1253 1254
f 1366 1365 1528
f 1528 1529 1366
f 1703 1529 1528
f 2023 1862 1861
f 1861 2022 2023
f 1703 1860 1861
f 1704 1529 1703
f 1703 1861 1704
f 1704 1861 1862
f 916 915 1068
f 915 1067 1068
f 1068 917 916
f 265 266 198
f 198 196 265
f 265 196 195
f 265 194 264
f 195 194 265
f 267 268 198
f 198 266 267
f 342 341 465
f 465 341 464
f 257 256 340
f 340 341 257
f 478 479 357
f 356 477 357
f 357 477 478
f 358 270 357
f 357 480 358
f 357 479 480
f 357 269 356
f 270 269 357
f 474 475 353
f 353 267 266
f 266 265 353
f 356 268 355
f 355 477 356
f 476 477 355
f 289 295 376
f 376 361 360
f 295 361 376
f 374 288 373
f 288 372 373
f 372 376 373
f 503 625 624
f 626 625 503
f 282 281 289
f 289 284 283
f 283 282 289
f 1084 950 949
f 949 948 1084
f 1108 951 1084
f 951 950 1084
f 1088 1242 1084
f 922 1088 1084
f 1084 948 922
f 1084 1242 1243
f 1243 1244 1084
f 1244 1108 1084
f 953 947 952
f 953 792 947
f 55 52 102
f 102 56 55
f 57 56 102
f 106 107 54
f 54 105 106
f 401 400 309
f 402 400 529
f 402 309 400
f 529 400 399
f 59 110 111
f 300 314 384
f 384 314 312
f 241 176 240
f 227 176 241
f 312 314 241
f 241 314 300
f 394 318 303
f 245 318 319
f 319 427 428
f 428 427 431
f 430 428 431
f 437 435 434
f 162 103 107
f 181 247 182
f 180 247 181
f 185 183 182
f 185 119 183
f 322 253 252
f 251 242 252
f 251 187 242
f 252 188 251
f 188 187 251
f 120 27 62
f 62 27 26
f 62 26 61
f 62 61 114
f 924 767 766
f 925 767 924
f 766 923 924
f 924 923 925
f 931 929 1095
f 1094 1096 1095
f 1095 929 1094
f 1095 934 933
f 1095 932 931
f 933 932 1095
f 927 926 1091
f 1091 1092 927
f 927 1092 928
f 927 928 768
f 768 926 927
f 1057 911 1056
f 1250 1410 1251
f 1250 1092 1091
f 1251 1092 1250
f 1091 1211 1250
f 1360 1410 1250
f 1250 1211 1360
f 1688 1683 1509
f 1509 1508 1688
f 1509 1344 1508
f 1688 1508 1687
f 1687 1849 1850
f 1687 1851 1688
f 1850 1851 1687
f 2151 2153 2005
f 1354 1352 1522
f 1702 1860 1703
f 1703 1528 1702
f 2304 2162 2160
f 2160 2157 2156
f 590 591 441
f 714 591 590
f 590 713 714
f 592 591 715
f 715 591 714
f 715 716 592
f 856 716 715
f 1325 1175 1323
f 1027 1028 861
f 861 1025 1027
f 1183 1028 1027
f 1833 1991 1992
f 1191 1336 1339
f 1717 1716 1872
f 1871 1875 1872
f 1872 1716 1871
f 2042 1880 1879
f 1875 2037 1879
f 1727 1875 1879
f 1879 1880 1727
f 2042 1879 2041
f 2041 1879 2037
f 2037 2170 2041
f 2036 2037 1875
f 1206 1358 1207
f 1252 1359 1207
f 1207 1358 1252
f 1053 1209 1054
f 1206 1207 1053
f 610 465 464
f 611 465 610
f 473 472 616
f 473 350 472
f 472 350 349
f 349 350 264
f 192 260 261
f 192 257 258
f 258 257 342
f 467 468 342
f 444 445 324
f 324 323 444
f 444 323 443
f 592 445 444
f 441 592 444
f 444 443 441
f 421 315 420
f 420 422 421
f 421 422 315
f 711 854 712
f 714 713 855
f 1022 856 855
f 713 712 855
f 855 715 714
f 856 715 855
f 855 854 1022
f 855 712 854
f 566 567 424
f 424 569 440
f 440 323 424
f 441 323 440
f 424 562 563
f 998 837 836
f 836 1002 1003
f 572 427 571
f 431 427 572
f 843 699 844
f 843 700 699
f 571 698 573
f 573 572 571
f 573 699 574
f 573 698 699
f 574 431 573
f 431 572 573
f 315 415 416
f 584 580 546
f 434 580 577
f 577 580 581
f 577 437 434
f 581 437 577
f 582 437 581
f 1932 2086 1933
f 1782 1931 1932
f 1931 2086 1932
f 1295 1170 1168
f 687 559 558
f 558 559 423
f 1167 1168 1009
f 1775 1836 1670
f 1806 1642 1635
f 1635 1642 1636
f 3280 3249 3251
f 3141 3142 3048
f 2933 3047 3048
f 3048 3142 3136
f 2948 2821 2947
f 3051 3145 3052
f 3136 3142 3143
f 3206 3145 3205
f 3205 3145 3144
f 3144 3143 3205
f 3067 3156 3068
f 3068 2958 3067
f 2949 2821 2948
f 2949 2950 2821
f 2695 2826 2827
f 2822 2821 2952
f 2826 2695 2693
f 2835 2836 2705
f 2835 2958 2836
f 2705 2702 2834
f 2834 2835 2705
f 2874 2835 2834
f 2701 2723 2722
f 2701 2834 2702
f 2701 2702 2553
f 2574 2723 2701
f 2744 2601 2743
f 2873 2874 2743
f 2741 2601 2722
f 2722 2602 2741
f 2741 2602 2601
f 1926 1994 1993
f 2087 2086 2232
f 1934 2086 2087
f 2444 2443 2574
f 2294 2443 2444
f 2262 2144 2294
f 2262 2263 2114
f 2114 2145 2262
f 2145 2144 2262
f 2404 2263 2262
f 2294 2144 2293
f 2145 1998 1996
f 1996 2144 2145
f 2143 2144 1996
f 2928 2830 2956
f 2956 3042 2928
f 2810 2679 2678
f 2385 2244 2384
f 2831 2830 2928
f 2831 2698 2830
f 2698 2831 2808
f 2808 2831 2928
f 2549 2550 2400
f 2254 2382 2400
f 2255 2254 2400
f 2400 2401 2255
f 2550 2401 2400
f 2108 2254 2255
f 2255 2242 2108
f 2242 2097 2108
f 2108 2097 1953
f 2108 2239 2254
f 1610 1609 1785
f 1785 1786 1610
f 1935 1787 1785
f 1787 1786 1785
f 1433 1609 1610
f 1481 1317 1316
f 1669 1599 1775
f 1669 1482 1481
f 1775 1670 1669
f 1669 1670 1482
f 1781 1604 1780
f 1606 1604 1781
f 1780 1782 1781
f 1781 1782 1606
f 1605 1604 1606
f 1790 1791 1615
f 1612 1788 1615
f 1615 1788 1789
f 1789 1790 1615
f 19 18 35
f 41 40 84
f 84 85 41
f 15 16 4
f 4 14 15
f 34 35 18
f 76 35 34
f 17 18 4
f 4 16 17
f 17 34 18
f 33 34 17
f 16 15 17
f 17 15 33
f 72 73 30
f 68 128 129
f 129 69 68
f 129 128 198
f 126 127 66
f 192 127 126
f 126 124 192
f 214 146 145
f 215 146 214
f 199 273 274
f 274 200 199
f 198 273 199
f 199 129 198
f 158 223 213
f 158 157 222
f 222 223 158
f 2522 2373 2372
f 2372 2371 2522
f 2639 2640 2494
f 2494 2493 2639
f 2672 2640 2639
f 2639 2522 2672
f 2639 2493 2522
f 2498 2342 2497
f 2648 2788 2789
f 2494 2640 2495
f 2495 2341 2494
f 2644 2782 2783
f 2783 2784 2644
f 2787 2646 2786
f 2787 2786 2910
f 3025 3122 3026
f 2561 2712 2565
f 2410 2560 2561
f 2565 2562 2561
f 2561 2562 2410
f 2408 2409 2259
f 2410 2409 2408
f 2408 2406 2402
f 2403 2258 2257
f 2403 2406 2258
f 2257 2402 2403
f 2402 2406 2403
f 1989 1991 1833
f 1989 1988 1991
f 2130 2278 2131
f 2131 1988 2130
f 2998 2877 2884
f 2884 2989 2998
f 2732 2730 2862
f 2277 2278 2130
f 2119 2268 2269
f 2268 2418 2269
f 2579 2578 2577
f 2418 2578 2579
f 2415 2267 2412
f 2268 2267 2415
f 2412 2416 2415
f 2415 2416 2268
f 2118 2115 2119
f 2116 2115 2118
f 1969 2113 1970
f 2113 2115 1970
f 1970 2115 2116
f 1970 1811 1969
f 1970 1971 1811
f 2266 2115 2261
f 2267 2115 2266
f 2261 2260 2266
f 2260 2267 2266
f 3171 3172 3101
f 3228 3172 3171
f 3231 3172 3228
f 2643 2780 2644
f 2644 2495 2643
f 2643 2495 2642
f 2779 2896 2780
f 2778 2798 2779
f 2897 2781 2780
f 2780 2896 2897
f 2782 2781 2897
f 2897 2896 2782
f 3100 3169 3101
f 3100 3133 3169
f 3099 3133 3100
f 3039 3040 2925
f 2520 2671 2669
f 2669 2670 2520
f 2672 2670 2776
f 2776 2669 2671
f 2670 2669 2776
f 2927 3008 2917
f 2665 2666 2517
f 2517 2666 2518
f 2667 2518 2666
f 2329 2189 2187
f 2055 2189 2190
f 2884 2877 2763
f 2877 2764 2763
f 2627 2626 2763
f 2763 2764 2627
f 2755 2619 2754
f 2627 2755 2754
f 2465 2476 2322
f 2177 2322 2323
f 2891 2890 2976
f 2771 2631 2770
f 2483 2631 2512
f 3222 3268 3223
f 3222 3267 3268
f 3219 3167 3155
f 3092 3064 3155
f 3064 3154 3155
f 3266 3267 3217
f 3217 3267 3219
f 3011 2900 3009
f 3099 3100 3011
f 3011 3102 3103
f 3009 3041 3011
f 3041 3099 3011
f 3101 3102 3011
f 3011 3100 3101
f 2896 2900 3010
f 3268 3264 3269
f 3223 3268 3269
f 3269 3225 3223
f 3230 3225 3269
f 3097 3088 3086
f 3005 3088 3097
f 2965 3081 3077
f 3083 3081 3084
f 3083 3077 3081
f 3087 3077 3083
f 3229 3226 3230
f 3166 3226 3229
f 3166 3079 3163
f 3079 3076 3163
f 3163 3161 3166
f 3163 3076 3161
f 3069 2958 3068
f 3068 3156 3069
f 3069 3156 3157
f 3158 3069 3157
f 3075 2964 2963
f 2707 2708 2555
f 2707 2838 2708
f 1579 1404 1578
f 1404 1570 1578
f 1578 1570 1568
f 1891 1892 1741
f 2056 1892 2055
f 1893 1742 1892
f 1726 1875 1727
f 1726 1722 1875
f 1727 1557 1726
f 1557 1722 1726
f 1391 1549 1555
f 1555 1392 1391
f 1555 1549 1717
f 1728 1557 1727
f 1877 1731 1878
f 1724 1878 1873
f 1724 1876 1877
f 1877 1878 1724
f 1874 1873 1885
f 1719 1873 1720
f 1720 1553 1719
f 1719 1553 1718
f 1889 1733 1886
f 1890 1733 1889
f 1889 1891 1890
f 1889 2050 2051
f 1563 1731 1732
f 1732 1733 1563
f 1731 1733 1732
f 1563 1733 1734
f 1568 1570 1569
f 1741 1568 1567
f 1398 1241 1397
f 1403 1245 1398
f 1245 1241 1398
f 1398 1570 1403
f 1398 1569 1570
f 1568 1569 1398
f 1398 1567 1568
f 1082 1083 921
f 921 1081 1082
f 920 1080 921
f 921 762 920
f 920 762 919
f 1391 1392 1235
f 1384 1547 1546
f 1544 1547 1384
f 1382 1383 1233
f 1383 1382 1381
f 2063 2064 1902
f 2063 1902 1901
f 1901 1900 2063
f 1900 2062 2063
f 2061 1899 1898
f 2061 2062 1899
f 2651 2498 2650
f 2080 1924 2081
f 1924 1923 2081
f 2658 2507 2508
f 1908 2065 2066
f 2211 2209 2066
f 2066 2209 2067
f 2066 2067 1908
f 2207 2206 2065
f 2064 2206 2207
f 2347 2206 2205
f 2213 2071 2070
f 2073 2074 1914
f 1914 2071 2073
f 2071 2213 2073
f 2361 2519 2520
f 2520 2521 2361
f 2361 2521 2371
f 2224 2369 2361
f 2361 2371 2224
f 2515 2519 2360
f 2360 2219 2359
f 2519 2361 2360
f 2360 2361 2219
f 1916 1761 1760
f 1917 1761 1916
f 2222 2369 2370
f 2370 2223 2222
f 2369 2223 2370
f 2076 2223 2224
f 2074 2223 2075
f 2075 2076 1917
f 2223 2076 2075
f 1917 1916 2075
f 2075 1916 1915
f 1919 1921 1920
f 1919 1761 1918
f 1920 1761 1919
f 1762 1761 1920
f 1762 1590 1763
f 1895 1746 1762
f 1762 1746 1590
f 1920 1921 1762
f 1763 1588 1762
f 1588 1761 1762
f 1762 1896 1895
f 1897 1896 1762
f 1762 1921 1897
f 1760 1761 1585
f 1585 1761 1588
f 1406 1584 1585
f 1744 1572 1571
f 1744 1746 1572
f 1744 1571 1590
f 1590 1746 1744
f 1749 1748 1745
f 1745 1572 1747
f 1747 1749 1745
f 1573 1572 1745
f 1745 1748 1573
f 502 644 634
f 634 633 502
f 634 644 774
f 502 633 632
f 631 502 632
f 624 501 500
f 502 487 369
f 369 501 502
f 369 500 501
f 621 475 620
f 475 619 620
f 620 758 621
f 620 619 758
f 617 473 616
f 1864 1704 1863
f 1863 1704 1862
f 918 917 1073
f 917 1072 1073
f 935 1096 1097
f 1097 1098 935
f 935 1095 1096
f 934 1095 935
f 771 934 935
f 935 936 771
f 1098 937 1099
f 937 936 1099
f 1099 935 1098
f 936 935 1099
f 1098 1102 1101
f 1101 1100 1098
f 1216 1217 1062
f 1368 1217 1216
f 1061 913 1060
f 1062 913 1061
f 914 913 1064
f 1064 1066 914
f 1364 1363 1215
f 1215 1363 1365
f 1215 1365 1366
f 1366 1216 1215
f 1215 1216 1062
f 1526 1525 1701
f 1526 1363 1525
f 2007 1851 2012
f 1848 1851 2007
f 2012 1858 2007
f 2010 1851 1850
f 2011 1851 2010
f 1850 2009 2010
f 2010 2009 2011
f 2012 2157 2020
f 2020 1858 2012
f 1699 1698 1764
f 1764 1858 1699
f 1764 1698 1592
f 1592 1684 1764
f 1683 1848 1764
f 1764 1684 1683
f 1685 1684 1591
f 1503 1504 1341
f 1503 1685 1504
f 1683 1684 1503
f 1684 1685 1503
f 1096 1254 1255
f 1097 1096 1255
f 1365 1363 1527
f 1527 1528 1365
f 1363 1526 1527
f 1527 1702 1528
f 1065 915 914
f 914 1066 1065
f 1066 1218 1065
f 1065 1067 915
f 1065 1218 1067
f 255 337 338
f 474 353 352
f 352 353 265
f 354 355 268
f 268 267 354
f 267 353 354
f 476 355 354
f 354 475 476
f 354 353 475
f 289 376 364
f 364 376 372
f 364 284 289
f 288 284 364
f 364 372 288
f 360 484 485
f 485 376 360
f 485 373 376
f 485 484 374
f 374 373 485
f 624 506 505
f 626 503 630
f 630 503 484
f 627 626 630
f 630 484 627
f 1112 953 952
f 236 305 237
f 110 171 172
f 172 237 238
f 172 171 236
f 236 237 172
f 161 171 109
f 109 171 110
f 109 110 57
f 965 1121 1122
f 1122 1123 965
f 1124 1276 1277
f 1122 1121 1124
f 167 105 166
f 167 106 105
f 166 229 230
f 231 167 230
f 230 167 166
f 300 231 230
f 230 241 300
f 229 241 230
f 240 309 310
f 399 305 398
f 112 113 59
f 59 111 112
f 166 104 165
f 104 164 165
f 165 229 166
f 163 104 113
f 163 164 104
f 240 312 313
f 313 241 240
f 312 241 313
f 228 241 229
f 227 241 228
f 228 163 227
f 164 163 228
f 229 165 228
f 228 165 164
f 392 303 302
f 320 245 319
f 428 430 320
f 434 435 320
f 320 433 434
f 320 430 431
f 246 247 180
f 180 245 246
f 246 320 247
f 245 320 246
f 235 303 243
f 243 303 318
f 243 170 235
f 178 170 243
f 234 231 300
f 168 231 234
f 234 232 168
f 168 232 233
f 233 303 235
f 302 303 233
f 233 232 302
f 182 247 248
f 250 317 242
f 242 177 184
f 177 119 184
f 317 249 321
f 321 425 317
f 321 437 438
f 438 425 321
f 321 248 247
f 249 248 321
f 247 320 321
f 321 320 437
f 180 181 118
f 118 119 61
f 183 119 118
f 182 183 118
f 118 181 182
f 424 323 439
f 439 413 424
f 252 242 316
f 316 322 252
f 1055 911 910
f 1055 1056 911
f 1054 1209 1055
f 1055 907 1054
f 1857 1856 2018
f 2008 1849 1857
f 1857 2009 2008
f 1850 1849 2008
f 2008 2009 1850
f 1857 1849 1854
f 1520 1352 1519
f 1523 1687 1508
f 1523 1522 1695
f 1508 1344 1523
f 1353 1352 1516
f 1353 1201 1352
f 1353 1516 1354
f 1354 1201 1353
f 1202 1201 1355
f 1695 1522 1521
f 1521 1522 1352
f 1521 1520 1695
f 1352 1520 1521
f 2304 2160 2158
f 2157 2160 2161
f 2161 2160 2162
f 2022 2020 2161
f 2161 2020 2157
f 859 716 858
f 859 1025 861
f 592 716 717
f 1323 1175 1324
f 1324 1173 1323
f 589 590 441
f 713 590 589
f 589 710 711
f 711 712 589
f 589 712 713
f 1834 1664 1833
f 1175 1177 1176
f 1177 1027 1176
f 1176 1027 1025
f 1175 1176 1024
f 1024 1176 1025
f 1326 1325 1323
f 1183 1027 1182
f 1693 1856 1857
f 1857 1854 1693
f 1046 1201 1202
f 1202 1047 1046
f 1204 1047 1202
f 1202 1355 1204
f 1204 1336 1191
f 1191 1340 1204
f 1204 1201 1354
f 1204 1355 1201
f 1186 1028 1185
f 1032 1187 1033
f 254 330 331
f 448 593 592
f 325 447 448
f 448 447 593
f 1337 1336 1338
f 919 1075 1076
f 1076 920 919
f 1077 920 1076
f 1546 1547 1548
f 1548 1716 1717
f 1548 1547 1716
f 1717 1549 1548
f 1549 1386 1548
f 2042 2041 2175
f 2175 2170 2316
f 2175 2041 2170
f 1875 2034 2035
f 2035 2036 1875
f 2034 2036 2035
f 906 1053 1054
f 1054 907 906
f 906 907 751
f 1206 1053 1051
f 1205 1206 1051
f 1051 1050 1205
f 903 902 1051
f 902 1050 1051
f 1209 1053 1208
f 1208 1053 1207
f 1208 1359 1209
f 1208 1207 1359
f 738 610 737
f 887 886 1043
f 1043 1050 902
f 1043 886 1042
f 464 605 609
f 609 610 464
f 737 610 609
f 1511 1346 1345
f 1041 886 1040
f 1042 886 1041
f 351 473 474
f 474 352 351
f 351 352 265
f 351 265 264
f 264 350 351
f 350 473 351
f 347 261 260
f 471 613 614
f 472 349 471
f 349 470 471
f 616 472 471
f 262 263 192
f 192 261 262
f 259 260 192
f 192 258 259
f 344 468 345
f 345 258 344
f 466 465 611
f 342 465 466
f 611 467 466
f 466 467 342
f 420 315 419
f 315 418 419
f 565 695 567
f 567 566 565
f 565 563 693
f 565 566 424
f 567 695 568
f 568 569 424
f 424 567 568
f 585 440 569
f 586 440 585
f 585 706 586
f 441 440 588
f 588 589 441
f 710 589 588
f 853 854 711
f 1022 854 853
f 853 1021 1022
f 852 1021 853
f 853 708 852
f 852 708 851
f 1018 1019 851
f 1005 1018 851
f 851 1020 852
f 851 1019 1020
f 711 710 709
f 709 853 711
f 710 588 587
f 587 709 710
f 708 709 587
f 587 440 586
f 587 588 440
f 693 563 692
f 692 839 693
f 691 563 562
f 836 837 691
f 837 692 691
f 691 692 563
f 560 688 561
f 424 559 560
f 560 561 424
f 833 834 689
f 561 688 689
f 1161 1019 1018
f 1162 1003 1002
f 1002 1161 1162
f 1162 1018 1005
f 1162 1161 1018
f 1004 998 836
f 836 1003 1004
f 1005 837 1004
f 837 998 1004
f 1004 1162 1005
f 1003 1162 1004
f 1001 1002 836
f 1001 1154 1002
f 836 1000 1001
f 845 846 700
f 845 843 844
f 700 843 845
f 844 1015 845
f 434 433 576
f 575 433 431
f 699 700 575
f 700 576 575
f 575 576 433
f 575 431 574
f 574 699 575
f 417 416 546
f 417 419 418
f 549 419 417
f 417 418 315
f 315 416 417
f 675 549 674
f 317 425 414
f 414 425 415
f 315 317 414
f 414 415 315
f 545 416 415
f 415 425 545
f 438 416 545
f 545 425 438
f 704 703 675
f 848 703 847
f 438 584 547
f 547 584 546
f 547 416 438
f 546 416 547
f 581 580 705
f 705 582 581
f 580 582 705
f 438 437 583
f 437 582 583
f 583 582 580
f 583 584 438
f 580 584 583
f 1017 1015 1139
f 848 847 1017
f 1013 1139 1014
f 1139 1015 1014
f 844 1013 1014
f 1014 1015 844
f 1294 1295 1451
f 1171 1170 1140
f 1140 1139 1171
f 1649 1632 1674
f 555 422 420
f 420 554 555
f 675 703 824
f 824 703 848
f 551 549 675
f 552 419 551
f 1166 1167 1009
f 1318 1167 1166
f 1319 1316 1166
f 1317 1318 1166
f 1166 1316 1317
f 1322 1454 1295
f 1322 1295 1168
f 1486 1487 1320
f 1320 1485 1486
f 1168 1167 1320
f 1320 1167 1318
f 1320 1318 1317
f 1317 1485 1320
f 1317 1482 1483
f 1482 1670 1483
f 1840 1838 1964
f 1964 1963 1840
f 1642 1457 1638
f 1460 1298 1459
f 1468 1466 1465
f 1807 1822 1963
f 1650 1822 1651
f 1964 1999 1965
f 1999 2110 1965
f 2146 1999 2114
f 2114 2110 2146
f 2146 2110 1999
f 1811 1806 1961
f 1961 1967 1811
f 2112 1967 1961
f 1635 1807 1808
f 1808 1807 1963
f 1808 1963 1964
f 1964 1965 1808
f 1811 1642 1810
f 1642 1806 1810
f 1812 1642 1811
f 1811 1971 1972
f 1972 1973 1811
f 1971 1970 1972
f 1975 1973 2116
f 1635 1636 1455
f 1646 1653 1647
f 1647 1653 1468
f 1647 1468 1648
f 1648 1457 1647
f 1647 1457 1646
f 1655 1653 1656
f 3301 3287 3300
f 3300 3287 3286
f 3288 3304 3305
f 3283 3280 3251
f 2903 3017 3014
f 3014 3017 3106
f 3013 3017 2903
f 3109 3102 3173
f 3141 3048 3140
f 3255 3203 3254
f 3286 3287 3254
f 3254 3287 3288
f 3288 3255 3254
f 3059 3064 2948
f 3059 3154 3064
f 3153 3154 3059
f 3153 3059 3058
f 3058 3059 2947
f 3259 3211 3209
f 3150 3212 3151
f 3211 3212 3150
f 3149 3209 3150
f 2940 3052 3053
f 3054 2944 3053
f 2939 3050 3051
f 3051 3052 2939
f 2939 3052 2940
f 3146 3052 3145
f 2940 3053 2941
f 2941 3053 2944
f 2821 2944 2945
f 3055 2944 3054
f 3055 2945 2944
f 3290 3258 3257
f 3206 3256 3257
f 3260 3211 3259
f 3046 3048 3136
f 2933 3048 3046
f 2957 3067 2958
f 2957 2835 2874
f 2958 2835 2957
f 2546 2693 2547
f 2547 2693 2695
f 2824 2822 2952
f 2811 2689 2680
f 2680 2688 2811
f 2821 2820 2943
f 2943 2820 2942
f 2546 2547 2399
f 2399 2547 2548
f 2874 2834 2833
f 2834 2701 2833
f 2744 2874 2833
f 2832 2722 2744
f 2832 2701 2722
f 2744 2833 2832
f 2832 2833 2701
f 2700 2701 2553
f 2553 2557 2700
f 2557 2709 2700
f 2700 2709 2574
f 2574 2701 2700
f 2875 2874 2744
f 2744 2743 2875
f 2875 2743 2874
f 2873 2743 2872
f 2601 2600 2740
f 2601 2602 2440
f 2440 2602 2603
f 2599 2600 2440
f 2440 2600 2601
f 2085 2230 2231
f 2232 2086 2231
f 2231 2086 2085
f 1775 1599 1774
f 1599 1773 1774
f 1925 1926 1774
f 2414 2262 2294
f 2294 2444 2414
f 2414 2574 2573
f 2414 2444 2574
f 1998 1838 1997
f 1997 1996 1998
f 1838 1996 1997
f 1837 1996 1838
f 1837 1670 1836
f 1838 1670 1837
f 1837 1836 1775
f 1837 1993 1994
f 1775 1774 1837
f 1926 1993 1837
f 1837 1774 1926
f 3045 2933 2932
f 2931 3044 2932
f 2809 2810 2678
f 2809 2808 2928
f 2678 2808 2809
f 2684 2810 2812
f 2812 2813 2684
f 2933 2813 2812
f 2812 2932 2933
f 2931 2932 2812
f 2682 2810 2684
f 2531 2532 2385
f 2384 2244 2243
f 2244 2099 2243
f 2243 2242 2384
f 2243 2099 2242
f 2098 2097 2242
f 2242 2099 2098
f 2699 2678 2677
f 2699 2808 2678
f 2698 2808 2699
f 2830 2698 2829
f 2551 2550 2549
f 2551 2531 2401
f 2551 2401 2550
f 2551 2697 2698
f 2698 2699 2551
f 2089 2235 2090
f 2237 2090 2236
f 2090 2235 2236
f 1953 1952 2093
f 2093 1952 1940
f 1935 2089 1936
f 1936 1787 1935
f 1789 1788 1936
f 1788 1787 1936
f 2549 2400 2530
f 2530 2400 2382
f 2238 2382 2254
f 2254 2239 2238
f 2237 2238 2091
f 2091 2238 2239
f 2107 2108 1953
f 2239 2108 2107
f 1269 1270 1118
f 699 698 842
f 842 1010 1011
f 1009 1010 842
f 842 1011 844
f 844 699 842
f 1163 1164 1009
f 1009 1007 1163
f 1007 1006 1163
f 1427 1319 1269
f 1481 1316 1427
f 1427 1316 1319
f 1599 1600 1426
f 1269 1425 1426
f 1426 1425 1431
f 1426 1427 1269
f 1600 1427 1426
f 1782 1932 1784
f 1784 1932 1933
f 1933 1934 1784
f 1934 1925 1784
f 1925 1774 1784
f 1784 1774 1773
f 1612 1436 1611
f 1610 1786 1611
f 1611 1787 1612
f 1611 1786 1787
f 1610 1611 1435
f 1435 1611 1436
f 1434 1433 1610
f 1610 1435 1434
f 1434 1435 1279
f 1276 1433 1434
f 1277 1276 1434
f 1430 1605 1606
f 1429 1602 1430
f 1604 1605 1430
f 1430 1602 1604
f 1604 1776 1777
f 1804 1778 1777
f 1777 1778 1604
f 1613 1436 1612
f 1612 1615 1613
f 1438 1439 1283
f 1800 1952 1953
f 1800 1621 1795
f 1795 1940 1800
f 1940 1952 1800
f 1621 1800 1796
f 1620 1791 1795
f 1795 1621 1620
f 801 655 800
f 805 960 961
f 1450 1423 1291
f 1428 1602 1429
f 39 38 81
f 83 84 40
f 30 69 71
f 71 72 30
f 66 124 125
f 125 126 66
f 124 126 125
f 143 214 144
f 144 214 145
f 278 214 202
f 277 278 202
f 291 292 215
f 215 214 291
f 290 278 292
f 290 214 278
f 292 291 290
f 290 291 214
f 2340 2373 2341
f 2496 2498 2497
f 2341 2495 2496
f 2496 2788 2648
f 2496 2342 2341
f 2497 2342 2496
f 2342 2498 2499
f 2499 2498 2651
f 2647 2495 2646
f 2787 2788 2647
f 2647 2646 2787
f 2788 2496 2647
f 2647 2496 2495
f 2904 2784 2903
f 2904 2905 2784
f 2898 2783 2782
f 2903 2784 2898
f 2784 2783 2898
f 2907 2786 2906
f 2906 2905 2907
f 2784 2905 2906
f 2907 3023 2908
f 2908 2786 2907
f 2644 2784 2645
f 2645 2495 2644
f 2646 2495 2645
f 2645 2786 2646
f 3023 2910 2909
f 2909 2910 2786
f 2909 2908 3023
f 2786 2908 2909
f 3022 3023 2907
f 2914 3030 2915
f 3122 3121 3123
f 3123 3026 3122
f 2711 2561 2560
f 2711 2560 2559
f 2711 2410 2558
f 2559 2410 2711
f 2965 2966 2839
f 2839 2964 2965
f 2839 2838 2962
f 2839 2711 2838
f 2962 2963 2839
f 2839 2963 2964
f 2259 2406 2407
f 2407 2408 2259
f 2406 2408 2407
f 2558 2410 2556
f 2410 2408 2556
f 2556 2408 2402
f 2556 2402 2555
f 2556 2708 2558
f 2555 2708 2556
f 2281 2133 2282
f 1991 1988 2135
f 2133 2281 2135
f 2279 2131 2278
f 2132 2133 1988
f 1988 2131 2132
f 2131 2279 2132
f 2593 2436 2592
f 2884 2867 2866
f 2139 2287 2147
f 1833 1992 1842
f 2577 2730 2583
f 2278 2426 2427
f 2878 2998 2989
f 2755 2877 2878
f 2877 2998 2878
f 2878 2757 2755
f 2729 2730 2577
f 2433 2432 2590
f 2730 2732 2586
f 2586 2732 2588
f 2588 2587 2586
f 2586 2587 2429
f 2586 2585 2730
f 2429 2585 2586
f 2733 2732 2862
f 1809 1642 1644
f 1642 1815 1644
f 2425 2426 2278
f 2425 2583 2426
f 3134 3040 3039
f 3039 3133 3134
f 3041 3040 3134
f 3134 3099 3041
f 3134 3133 3099
f 3271 3264 3238
f 3270 3228 3230
f 3173 3172 3233
f 3238 3273 3233
f 3233 3272 3238
f 2780 2643 2641
f 2641 2643 2642
f 2640 2776 2641
f 2778 2779 2641
f 2641 2779 2780
f 2641 2495 2640
f 2642 2495 2641
f 2896 2779 2895
f 3009 2900 2895
f 2895 2900 2896
f 2895 2779 2798
f 2927 3009 2895
f 2895 3008 2927
f 2798 2917 2895
f 2895 2917 3008
f 3035 2925 3040
f 2926 2925 3035
f 3035 3040 2927
f 2927 2926 3035
f 2777 2640 2672
f 2672 2776 2777
f 2777 2776 2640
f 2923 2925 2924
f 2664 2665 2517
f 2514 2513 2659
f 2513 2518 2659
f 2659 2660 2514
f 2668 2798 2797
f 2668 2667 2798
f 2797 2660 2668
f 2660 2659 2668
f 2518 2667 2668
f 2668 2659 2518
f 2666 2805 2806
f 2806 2917 2798
f 2924 2925 2806
f 2806 2925 2926
f 2806 2926 2927
f 2927 2917 2806
f 3006 2892 3005
f 2770 2631 2769
f 2769 2631 2768
f 2891 2892 2769
f 2769 2890 2891
f 3005 2892 3004
f 2635 2636 2487
f 2772 2893 2894
f 2483 2629 2630
f 2630 2629 2487
f 2630 2631 2483
f 2768 2631 2630
f 2188 2189 2055
f 2055 2187 2188
f 2188 2187 2189
f 2331 2189 2329
f 2488 2333 2487
f 2487 2629 2488
f 2070 2055 2194
f 2353 2338 2337
f 2070 2194 2212
f 2337 2338 2191
f 2338 2213 2191
f 2055 2190 2191
f 2191 2213 2070
f 2070 2212 2191
f 2051 2050 2049
f 2051 2049 2052
f 2052 1889 2051
f 2053 1889 2052
f 2052 2183 2055
f 2052 2182 2183
f 2183 2182 2325
f 2325 2182 2180
f 2180 2321 2325
f 2753 2619 2618
f 2753 2754 2619
f 2753 2618 2627
f 2627 2754 2753
f 2617 2618 2468
f 2042 2175 2176
f 2176 2175 2316
f 2322 2177 2315
f 2465 2322 2315
f 2315 2176 2316
f 2177 2176 2315
f 2315 2314 2465
f 2316 2170 2315
f 2170 2314 2315
f 3001 2890 2894
f 3001 2976 2890
f 2510 2512 2631
f 2320 2471 2472
f 2472 2321 2320
f 2474 2321 2472
f 2479 2471 2622
f 2471 2621 2622
f 2566 2412 2565
f 2567 2568 2412
f 2567 2718 2568
f 2412 2566 2567
f 3221 3167 3219
f 3219 3267 3221
f 3267 3222 3221
f 3157 3167 3221
f 3221 3222 3157
f 3092 3155 3093
f 3093 3155 3167
f 3167 3094 3093
f 3168 3167 3157
f 3168 3094 3167
f 3157 3156 3168
f 3218 3217 3219
f 3154 3217 3218
f 3219 3155 3218
f 3218 3155 3154
f 3012 3011 3103
f 2900 3011 3012
f 2782 2896 2899
f 2896 3010 2899
f 2899 2900 2782
f 2899 3010 2900
f 3084 3081 3085
f 3081 3097 3085
f 3085 3097 3086
f 3081 3033 3129
f 3129 3097 3081
f 2714 2712 2842
f 2712 2841 2842
f 3078 2966 2965
f 2965 3077 3078
f 3164 3079 3166
f 3166 3229 3164
f 3131 3079 3164
f 3230 3228 3164
f 3164 3229 3230
f 3073 3072 2962
f 2962 2960 3073
f 3073 2960 3072
f 3072 2960 3071
f 2959 2958 3071
f 3071 2960 2959
f 3159 3071 3158
f 3072 3071 3159
f 2962 3072 3074
f 3074 2963 2962
f 3074 3072 3075
f 3075 2963 3074
f 2706 2707 2555
f 2555 2705 2706
f 2838 2707 2837
f 2959 2960 2837
f 2707 2706 2837
f 2836 2958 2837
f 2837 2958 2959
f 2705 2836 2837
f 2837 2706 2705
f 1568 1742 1743
f 1743 1578 1568
f 2055 1892 2054
f 1892 1891 2054
f 1891 1889 2054
f 2054 1889 2053
f 2054 2052 2055
f 2053 2052 2054
f 2196 2056 2055
f 1892 2056 2057
f 2056 2196 2057
f 2047 2048 1887
f 1887 1731 1877
f 1877 2040 1887
f 2047 2040 2174
f 2180 2048 2174
f 2174 2048 2047
f 2320 2321 2174
f 2174 2321 2180
f 1392 1555 1556
f 1556 1722 1557
f 1557 1392 1556
f 1557 1728 1723
f 1723 1728 1876
f 1723 1724 1557
f 1876 1724 1723
f 1877 1876 1884
f 1876 1728 1884
f 1884 1728 1883
f 1730 1878 1731
f 1873 1878 1730
f 1730 1885 1873
f 1730 1731 1563
f 1557 1719 1558
f 1558 1719 1718
f 1558 1392 1557
f 1557 1724 1725
f 1725 1719 1557
f 1725 1724 1873
f 1873 1719 1725
f 1736 1734 1733
f 1397 1396 1565
f 1734 1736 1565
f 1563 1734 1565
f 1080 920 1079
f 1234 1235 1079
f 1079 1235 1080
f 1079 1077 1234
f 1237 1080 1236
f 1080 1235 1236
f 1234 1386 1387
f 1387 1235 1234
f 1387 1386 1549
f 1387 1549 1391
f 1391 1235 1387
f 1389 1550 1551
f 1388 1235 1392
f 1392 1550 1388
f 1389 1235 1388
f 1388 1550 1389
f 1385 1386 1233
f 1233 1384 1385
f 1385 1384 1546
f 1546 1548 1385
f 1385 1548 1386
f 1233 1383 1545
f 1545 1384 1233
f 1544 1384 1545
f 1232 1382 1233
f 1232 1075 1231
f 1231 1381 1232
f 1232 1381 1382
f 1232 1076 1075
f 1233 1077 1232
f 1077 1076 1232
f 2205 2064 2203
f 2062 2061 2202
f 2202 2203 2062
f 2790 2650 2649
f 2649 2650 2498
f 2649 2789 2790
f 2648 2789 2649
f 2649 2496 2648
f 2498 2496 2649
f 2352 2507 2509
f 2507 2658 2509
f 2065 2206 2208
f 2208 2066 2065
f 2348 2347 2205
f 2348 2502 2347
f 2074 2073 2215
f 2362 2361 2369
f 2219 2361 2362
f 2074 2219 2220
f 1918 1917 2077
f 1917 2076 2077
f 2198 2076 2226
f 2197 2198 2059
f 2197 2076 2198
f 1914 2074 2072
f 2072 1915 1914
f 2072 2075 1915
f 1912 1758 1757
f 1757 1911 1912
f 1912 1911 2070
f 2070 2071 1912
f 1757 1758 1582
f 1582 1758 1584
f 1913 2071 1914
f 1913 1912 2071
f 1758 1912 1913
f 1586 1588 1587
f 1586 1585 1588
f 1406 1585 1586
f 507 506 624
f 624 500 507
f 753 617 616
f 754 617 753
f 616 751 752
f 751 907 752
f 752 753 616
f 907 753 752
f 2023 2162 2163
f 2171 2036 2034
f 2171 2170 2037
f 2037 2036 2171
f 1530 1531 1366
f 1366 1529 1530
f 1227 1073 1072
f 1710 1538 1537
f 938 1101 1102
f 1102 1059 938
f 1100 1101 938
f 938 939 772
f 938 1059 939
f 772 937 938
f 937 1100 938
f 1366 1531 1367
f 1368 1216 1367
f 1367 1216 1366
f 1367 1370 1368
f 1063 1064 913
f 1062 1217 1063
f 1063 913 1062
f 1217 1066 1063
f 1066 1064 1063
f 1214 1213 1364
f 1364 1215 1214
f 1214 1215 1062
f 1062 1061 1214
f 1060 1213 1214
f 1214 1061 1060
f 1699 1858 1859
f 2022 1861 1859
f 1859 1861 1860
f 1511 1504 1686
f 1504 1685 1686
f 1512 1511 1686
f 1686 1591 1512
f 1686 1685 1591
f 1502 1503 1341
f 1341 1344 1502
f 1344 1509 1502
f 1502 1509 1683
f 1683 1503 1502
f 1415 1255 1414
f 1512 1415 1414
f 1368 1218 1219
f 1219 1218 1066
f 1219 1217 1368
f 1219 1066 1217
f 339 340 256
f 339 338 340
f 339 256 255
f 255 338 339
f 340 463 462
f 464 341 462
f 341 340 462
f 462 605 464
f 340 338 461
f 461 463 340
f 504 503 624
f 624 505 504
f 375 505 506
f 506 507 375
f 375 507 500
f 500 369 375
f 375 504 505
f 375 369 288
f 375 288 374
f 503 504 375
f 374 484 375
f 484 503 375
f 952 1110 1111
f 1111 1112 952
f 296 225 224
f 161 102 160
f 297 225 296
f 297 378 298
f 236 171 226
f 226 171 161
f 161 160 226
f 226 160 225
f 226 297 298
f 225 297 226
f 238 237 306
f 306 237 305
f 173 172 238
f 57 102 108
f 108 109 57
f 108 102 161
f 161 109 108
f 659 796 809
f 509 647 648
f 647 796 648
f 648 649 509
f 795 796 647
f 964 809 954
f 964 965 809
f 1276 1124 1275
f 1275 1124 1121
f 1125 1124 1277
f 646 647 509
f 509 508 646
f 298 378 379
f 379 508 509
f 401 309 307
f 309 308 307
f 307 305 399
f 307 306 305
f 307 400 401
f 307 399 400
f 307 308 238
f 238 306 307
f 238 308 239
f 240 176 239
f 239 309 240
f 239 308 309
f 405 309 404
f 405 310 309
f 311 312 240
f 240 310 311
f 310 405 311
f 528 396 527
f 528 398 396
f 529 399 530
f 530 398 529
f 399 398 530
f 397 305 396
f 396 398 397
f 397 398 305
f 238 239 175
f 175 239 176
f 175 176 113
f 113 112 175
f 319 428 429
f 429 320 319
f 428 320 429
f 435 437 436
f 436 320 435
f 437 320 436
f 431 433 432
f 432 320 431
f 433 320 432
f 318 245 244
f 244 243 318
f 168 233 169
f 169 170 107
f 235 170 169
f 169 233 235
f 169 106 168
f 107 106 169
f 119 185 186
f 186 248 249
f 186 185 182
f 182 248 186
f 186 184 119
f 242 184 186
f 186 250 242
f 116 170 178
f 1210 1055 1209
f 1056 1055 1210
f 1209 1360 1210
f 1360 1211 1210
f 1210 1211 1057
f 1057 1056 1210
f 909 1055 910
f 2019 2009 1857
f 1857 2018 2019
f 2156 2011 2019
f 2011 2009 2019
f 2018 2158 2019
f 2019 2160 2156
f 2019 2158 2160
f 1694 1854 1696
f 1694 1520 1519
f 1696 1520 1694
f 1519 1693 1694
f 1694 1693 1854
f 1696 1854 1697
f 1849 1687 1697
f 1697 1854 1849
f 1695 1520 1697
f 1697 1520 1696
f 1697 1523 1695
f 1687 1523 1697
f 2005 2153 2154
f 2154 2155 2005
f 2153 2155 2154
f 2299 2155 2153
f 2016 2155 2018
f 2159 2155 2301
f 2018 2155 2159
f 2159 2158 2018
f 861 863 862
f 862 717 861
f 863 717 862
f 861 717 860
f 860 717 716
f 860 859 861
f 716 859 860
f 719 594 592
f 1020 1173 1174
f 1173 1324 1174
f 1174 1021 1020
f 1022 1021 1174
f 1174 1324 1175
f 1664 1476 1665
f 1479 1476 1666
f 1666 1476 1664
f 1175 1024 1023
f 1023 1024 856
f 1023 1174 1175
f 1023 856 1022
f 1022 1174 1023
f 856 1024 857
f 857 859 858
f 1025 859 857
f 857 1024 1025
f 858 716 857
f 857 716 856
f 1178 1027 1177
f 1178 1179 1027
f 1325 1326 1178
f 1328 1179 1178
f 1178 1177 1175
f 1175 1325 1178
f 1181 1179 1328
f 1181 1182 1027
f 1183 1182 1181
f 1856 1693 1855
f 1855 1693 1853
f 1855 2018 1856
f 1855 2016 2018
f 1183 1334 1184
f 1184 1334 1187
f 1187 1186 1184
f 1184 1186 1185
f 1185 1028 1184
f 1184 1028 1183
f 1029 1186 1187
f 1187 1032 1029
f 861 1028 1029
f 1028 1186 1029
f 455 600 456
f 455 331 330
f 600 455 599
f 336 337 255
f 336 458 337
f 601 600 723
f 601 602 458
f 255 254 332
f 254 331 332
f 331 455 332
f 329 330 254
f 254 328 329
f 453 330 329
f 592 594 449
f 449 448 592
f 877 876 1036
f 1871 1716 1715
f 1715 1547 1544
f 1716 1547 1715
f 1870 1714 1869
f 1871 1715 1870
f 1870 1715 1714
f 1870 1875 1871
f 1870 2034 1875
f 2465 2314 2464
f 751 904 905
f 903 1051 1052
f 1052 1051 1053
f 1053 906 1052
f 1052 904 903
f 1052 905 904
f 1052 906 751
f 751 905 1052
f 743 738 901
f 901 738 900
f 901 902 743
f 901 900 902
f 885 738 737
f 737 609 885
f 900 738 888
f 887 1043 888
f 738 885 888
f 740 738 743
f 611 610 739
f 610 738 739
f 739 740 611
f 738 740 739
f 902 900 1044
f 1044 1043 902
f 900 888 1044
f 1044 888 1043
f 1040 886 884
f 1506 1504 1511
f 1511 1345 1506
f 1198 1346 1205
f 1198 1345 1346
f 1205 1050 1198
f 1342 1345 1198
f 1198 1043 1042
f 1050 1043 1198
f 1195 1193 1338
f 614 613 745
f 745 746 614
f 744 902 903
f 743 902 744
f 744 613 743
f 744 745 613
f 746 745 744
f 750 751 616
f 749 904 751
f 749 748 904
f 614 746 747
f 747 748 614
f 747 746 904
f 904 748 747
f 469 467 611
f 611 470 469
f 348 349 264
f 348 347 349
f 261 347 348
f 348 262 261
f 264 263 348
f 263 262 348
f 346 258 345
f 346 259 258
f 346 469 470
f 346 347 260
f 260 259 346
f 467 469 346
f 345 468 346
f 468 467 346
f 616 471 615
f 615 471 614
f 614 748 615
f 748 749 615
f 615 750 616
f 751 750 615
f 615 749 751
f 743 613 612
f 613 471 612
f 612 470 611
f 612 471 470
f 342 468 343
f 468 344 343
f 343 258 342
f 343 344 258
f 553 419 552
f 553 554 420
f 420 419 553
f 424 563 564
f 564 565 424
f 563 565 564
f 693 839 694
f 694 565 693
f 695 565 694
f 694 706 695
f 695 706 696
f 569 568 696
f 696 568 695
f 696 585 569
f 706 585 696
f 1005 851 849
f 849 837 1005
f 849 851 708
f 708 853 850
f 850 709 708
f 853 709 850
f 835 834 836
f 836 691 835
f 835 691 834
f 690 691 562
f 562 561 690
f 561 689 690
f 834 691 690
f 690 689 834
f 1301 1466 1303
f 1303 1466 1468
f 1154 1306 1156
f 546 549 548
f 548 417 546
f 549 417 548
f 673 549 546
f 673 674 549
f 546 580 673
f 580 674 673
f 434 576 578
f 700 846 701
f 701 576 700
f 701 578 576
f 579 674 580
f 703 704 579
f 675 674 579
f 579 704 675
f 579 580 434
f 434 578 579
f 578 701 579
f 1015 1017 1016
f 1016 1017 847
f 1016 845 1015
f 846 845 1016
f 1016 701 846
f 847 701 1016
f 1452 1294 1451
f 1452 1632 1461
f 1451 1295 1452
f 1295 1454 1452
f 1452 1322 1489
f 1454 1322 1452
f 1139 1140 987
f 987 1017 1139
f 1673 1674 1486
f 1650 1649 1673
f 1649 1674 1673
f 1488 1674 1489
f 1489 1322 1488
f 1488 1322 1487
f 1488 1487 1486
f 1486 1674 1488
f 1489 1674 1633
f 1633 1674 1632
f 1633 1452 1489
f 1632 1452 1633
f 836 834 997
f 997 834 833
f 683 826 828
f 687 558 686
f 558 685 686
f 685 829 686
f 1149 1148 1301
f 422 555 557
f 557 555 554
f 675 824 676
f 676 824 825
f 676 551 675
f 986 824 848
f 825 824 986
f 848 1017 986
f 986 987 825
f 1017 987 986
f 552 551 678
f 550 419 549
f 549 551 550
f 550 551 419
f 1164 1270 1315
f 1315 1270 1269
f 1269 1319 1315
f 1319 1166 1315
f 1321 1322 1168
f 1487 1322 1321
f 1168 1320 1321
f 1321 1320 1487
f 1317 1483 1484
f 1484 1485 1317
f 1486 1485 1484
f 1672 1820 1650
f 1650 1673 1672
f 1672 1673 1486
f 1821 1822 1650
f 1650 1820 1821
f 1963 1822 1821
f 1486 1484 1671
f 1671 1484 1483
f 1671 1672 1486
f 1820 1672 1671
f 1671 1483 1670
f 1670 1820 1671
f 1839 1670 1838
f 1838 1840 1839
f 1839 1840 1670
f 1639 1638 1640
f 1640 1638 1457
f 1637 1636 1642
f 1642 1638 1637
f 1298 1457 1458
f 1458 1459 1298
f 1459 1465 1464
f 1462 1298 1461
f 1650 1651 1462
f 1462 1649 1650
f 1461 1632 1462
f 1462 1632 1649
f 2111 2110 2114
f 2111 1961 2110
f 2114 2112 2111
f 2112 1961 2111
f 1805 1806 1635
f 1635 1808 1805
f 1959 1965 2110
f 1959 1808 1965
f 1959 1805 1808
f 1962 1806 1811
f 1811 1810 1962
f 1962 1810 1806
f 1811 1973 1966
f 1966 1812 1811
f 1642 1812 1813
f 1813 1812 1973
f 2116 1973 2117
f 1973 1972 2117
f 2117 1970 2116
f 2117 1972 1970
f 1973 1975 1814
f 1814 1813 1973
f 1814 1815 1642
f 1642 1813 1814
f 1456 1455 1636
f 1636 1637 1456
f 1456 1638 1639
f 1456 1637 1638
f 1639 1640 1456
f 1456 1640 1457
f 1456 1457 1298
f 1298 1455 1456
f 1655 1656 1472
f 1472 1656 1657
f 1832 1663 1828
f 3302 3316 3304
f 3302 3287 3301
f 3315 3314 3299
f 3304 3316 3310
f 3278 3279 3247
f 3298 3284 3280
f 3299 3314 3298
f 3298 3280 3299
f 3280 3284 3281
f 3281 3284 3252
f 3249 3280 3281
f 3281 3252 3249
f 3016 2904 2903
f 2905 2904 3016
f 2905 3016 3019
f 3019 3016 3107
f 2902 3013 2903
f 2903 2898 2902
f 2902 2898 2782
f 3106 3017 3113
f 3237 3273 3238
f 3216 3238 3263
f 3216 3239 3238
f 3263 3264 3216
f 3216 3264 3265
f 3216 3265 3266
f 3216 3154 3215
f 3266 3217 3216
f 3216 3217 3154
f 3139 3140 3048
f 3204 3203 3255
f 3204 3256 3206
f 3255 3256 3204
f 3206 3205 3204
f 3142 3203 3204
f 3204 3143 3142
f 3204 3205 3143
f 3202 3254 3203
f 2948 2947 3060
f 3060 3059 2948
f 2947 3059 3060
f 3151 3058 3057
f 3057 3058 2947
f 3152 3212 3153
f 3153 3058 3152
f 3151 3212 3152
f 3152 3058 3151
f 3210 3209 3211
f 3211 3150 3210
f 3210 3150 3209
f 3050 2939 2938
f 3148 3055 3054
f 3149 3055 3148
f 3207 3146 3145
f 3207 3145 3206
f 3207 3258 3259
f 3206 3257 3207
f 3207 3257 3258
f 2953 2944 2821
f 2953 2941 2944
f 2942 2941 2953
f 2821 2943 2953
f 2953 2943 2942
f 2945 3055 2946
f 2946 2947 2821
f 2821 2945 2946
f 2946 3057 2947
f 3149 3150 3056
f 3056 3055 3149
f 3056 3150 3151
f 3056 2946 3055
f 3151 3057 3056
f 3057 2946 3056
f 3289 3257 3256
f 3289 3255 3288
f 3289 3256 3255
f 3290 3257 3289
f 3211 3260 3261
f 3261 3212 3211
f 2997 2874 2873
f 2997 2957 2874
f 3067 2957 2997
f 2548 2547 2694
f 2694 2547 2695
f 2942 2820 2819
f 2820 2811 2819
f 2819 2811 2688
f 2689 2811 2690
f 2690 2811 2820
f 2821 2822 2690
f 2690 2820 2821
f 2826 2693 2692
f 2689 2690 2543
f 2543 2690 2691
f 2543 2693 2546
f 2543 2692 2693
f 2691 2692 2543
f 2248 2392 2393
f 2680 2536 2541
f 2541 2688 2680
f 2253 2399 2374
f 2252 2240 2104
f 2104 2253 2252
f 2251 2253 2104
f 2103 2104 1950
f 2251 2104 2103
f 3067 2997 2996
f 2873 2872 2996
f 2996 2997 2873
f 3094 3168 3095
f 2827 2826 2745
f 2742 2743 2601
f 2601 2740 2742
f 2442 2443 2290
f 2523 2399 2548
f 2374 2399 2523
f 1780 1929 1930
f 1930 1931 1780
f 2085 2086 1930
f 1930 2086 1931
f 1804 1928 1927
f 1927 1778 1804
f 1928 1778 1927
f 1928 1929 1779
f 1779 1778 1928
f 1604 1778 1779
f 1780 1604 1779
f 1779 1929 1780
f 2241 2256 2109
f 2241 2240 2252
f 2252 2253 2241
f 2228 2256 2374
f 2230 2378 2379
f 2232 2231 2379
f 2379 2231 2230
f 2377 2378 2230
f 2233 2087 2232
f 2413 2573 2557
f 2413 2414 2573
f 2557 2404 2413
f 2404 2262 2413
f 2262 2414 2413
f 1994 1996 1995
f 1995 1837 1994
f 1996 1837 1995
f 3044 3043 3135
f 2245 2099 2244
f 2929 2809 2928
f 2928 3042 2929
f 3042 3043 2929
f 2684 2540 2683
f 2683 2682 2684
f 2679 2810 2681
f 2810 2682 2681
f 2698 2697 2828
f 2828 2829 2698
f 2696 2551 2549
f 2697 2551 2696
f 2531 2551 2676
f 2676 2551 2699
f 2532 2531 2676
f 2677 2532 2676
f 2676 2699 2677
f 1939 1940 1789
f 1939 2093 1940
f 1789 1938 1939
f 1938 2093 1939
f 1937 2089 2090
f 1937 1936 2089
f 1937 1938 1789
f 1789 1936 1937
f 1937 2093 1938
f 1269 1118 1268
f 1268 1118 1267
f 1008 1007 1009
f 1009 842 1008
f 1008 842 1007
f 1119 1006 961
f 1119 1163 1006
f 1164 1163 1119
f 1119 1270 1164
f 961 1118 1119
f 1119 1118 1270
f 1601 1669 1481
f 1481 1427 1601
f 1601 1427 1600
f 1599 1669 1601
f 1601 1600 1599
f 1599 1426 1598
f 1598 1426 1431
f 1606 1782 1783
f 1782 1784 1783
f 978 1129 973
f 1133 1129 978
f 978 976 1131
f 1131 1132 978
f 978 1132 1133
f 1280 1436 1437
f 1280 1435 1436
f 1279 1435 1280
f 968 1123 1122
f 1122 1124 968
f 1124 1125 968
f 665 664 534
f 1608 1598 1431
f 1599 1598 1608
f 1606 1783 1608
f 1608 1783 1784
f 1424 1268 1267
f 1431 1425 1424
f 1424 1425 1269
f 1269 1268 1424
f 1285 1445 1286
f 1286 1132 1285
f 1624 1802 1625
f 1625 1445 1624
f 1437 1438 1282
f 1282 1438 1283
f 1614 1438 1437
f 1439 1438 1614
f 1615 1439 1614
f 1614 1613 1615
f 1946 2098 2099
f 1946 1796 2098
f 2099 1948 1946
f 2097 2098 1945
f 2098 1796 1945
f 1945 1796 1800
f 1953 2097 1945
f 1945 1800 1953
f 1791 1620 1616
f 1616 1615 1791
f 1616 1439 1615
f 697 698 571
f 571 658 697
f 697 658 698
f 571 426 570
f 570 658 571
f 570 524 658
f 799 800 655
f 658 524 521
f 804 656 803
f 803 805 804
f 656 805 803
f 802 656 655
f 802 805 656
f 802 655 801
f 801 805 802
f 960 1116 1117
f 961 960 1117
f 1117 1118 961
f 1267 1118 1117
f 1117 1116 1267
f 1292 1291 1423
f 1432 1423 1450
f 37 35 76
f 76 81 37
f 37 81 38
f 37 38 19
f 19 35 37
f 39 81 82
f 82 40 39
f 82 83 40
f 30 73 31
f 73 32 31
f 74 32 73
f 74 73 75
f 72 71 131
f 132 73 131
f 73 72 131
f 131 200 132
f 131 71 69
f 132 202 133
f 141 140 133
f 133 134 75
f 75 73 133
f 133 73 132
f 203 142 141
f 141 133 203
f 203 133 202
f 203 202 214
f 143 142 203
f 203 214 143
f 201 200 277
f 277 202 201
f 132 200 201
f 201 202 132
f 2341 2342 2199
f 2199 2340 2341
f 2199 2342 2200
f 2059 2198 2199
f 2198 2340 2199
f 2504 2656 2505
f 2505 2348 2504
f 2348 2501 2504
f 2785 2645 2784
f 2786 2645 2785
f 2784 2906 2785
f 2785 2906 2786
f 2907 3020 3021
f 3021 3022 2907
f 3121 3022 3021
f 3024 3022 3121
f 3024 3122 3025
f 3024 3121 3122
f 3023 3022 3024
f 3025 2910 3024
f 3024 2910 3023
f 2914 2912 3027
f 3027 2912 3026
f 3026 3123 3027
f 3027 3028 2914
f 3027 3123 3028
f 2792 2791 2911
f 2911 2912 2792
f 3025 3026 2911
f 3026 2912 2911
f 2790 2789 2911
f 2911 2791 2790
f 2792 2912 2793
f 2713 2841 2712
f 2713 2711 2841
f 2712 2561 2713
f 2561 2711 2713
f 2708 2838 2710
f 2838 2711 2710
f 2558 2708 2710
f 2710 2711 2558
f 2841 2711 2840
f 2711 2839 2840
f 1831 1989 1833
f 1833 1664 1831
f 1664 1663 1831
f 1828 1663 1829
f 1988 2133 2134
f 2134 2135 1988
f 2133 2135 2134
f 2436 2287 2435
f 2435 2592 2436
f 2477 2322 2476
f 2476 2624 2477
f 2624 2625 2477
f 2627 2618 2477
f 2618 2617 2477
f 2477 2626 2627
f 2477 2625 2626
f 2313 2314 2170
f 2313 2464 2314
f 2460 2461 2311
f 2169 2168 2311
f 2736 2866 2867
f 2867 2737 2736
f 2736 2592 2590
f 2593 2592 2736
f 2736 2737 2593
f 2594 2436 2593
f 2593 2737 2594
f 2437 2287 2436
f 2436 2445 2437
f 2295 2287 2437
f 2437 2445 2295
f 2139 2285 2288
f 2283 2281 2282
f 2015 1855 1853
f 1845 1679 1844
f 2152 2151 2005
f 2295 2151 2150
f 2148 2147 2287
f 2139 2147 2002
f 2147 2148 2002
f 2002 1845 1844
f 2003 1845 2002
f 2002 2150 2003
f 2000 1992 1991
f 2000 1842 1992
f 2731 2583 2730
f 2280 2279 2278
f 2278 2427 2280
f 2282 2133 2280
f 2133 2132 2280
f 2280 2132 2279
f 2428 2427 2426
f 2428 2429 2282
f 2428 2585 2429
f 2282 2280 2428
f 2428 2280 2427
f 2863 2733 2862
f 2864 2733 2863
f 2588 2732 2591
f 2732 2733 2591
f 2591 2432 2588
f 2864 2990 2865
f 2865 2733 2864
f 2865 2990 2884
f 2884 2866 2865
f 2866 2736 2865
f 1809 1644 1643
f 1643 1644 1457
f 1643 1642 1809
f 1643 1457 1642
f 1978 1814 1977
f 2583 2425 2582
f 2582 2579 2577
f 2577 2583 2582
f 3230 3269 3232
f 3232 3270 3230
f 3232 3269 3264
f 3264 3271 3232
f 3238 3272 3232
f 3232 3271 3238
f 3272 3233 3232
f 3232 3231 3228
f 3228 3270 3232
f 3172 3231 3232
f 3232 3233 3172
f 2803 2923 2924
f 2924 2806 2803
f 2803 2806 2805
f 2666 2665 2803
f 2803 2805 2666
f 3034 3036 2925
f 3033 3036 3034
f 2923 2803 2922
f 3032 3033 2922
f 3033 3034 2922
f 2925 2923 2922
f 2922 3034 2925
f 2662 2771 2770
f 2661 2631 2662
f 2631 2771 2662
f 2770 2769 2799
f 2799 2769 2892
f 2804 2667 2666
f 2666 2806 2804
f 2798 2667 2804
f 2804 2806 2798
f 3098 3097 3032
f 3005 3097 3098
f 3098 3006 3005
f 3005 3004 3089
f 2925 3036 3037
f 2889 2772 2767
f 2893 2772 2889
f 2767 2772 2885
f 2765 2885 2772
f 2628 2767 2765
f 2767 2885 2765
f 2635 2772 2773
f 2890 2774 2773
f 2773 2774 2635
f 2894 2890 2773
f 2773 2772 2894
f 2487 2636 2637
f 2768 2630 2637
f 2636 2635 2637
f 2635 2774 2637
f 2186 2187 2055
f 2332 2333 2189
f 2189 2331 2332
f 2489 2629 2483
f 2489 2488 2629
f 2335 2488 2489
f 2330 2190 2189
f 2189 2335 2330
f 2330 2191 2190
f 2189 2333 2334
f 2333 2488 2334
f 2334 2335 2189
f 2334 2488 2335
f 2511 2490 2483
f 2492 2354 2337
f 2337 2490 2492
f 2492 2490 2354
f 2337 2354 2491
f 2491 2353 2337
f 2354 2353 2491
f 2193 2194 2055
f 1886 1731 1888
f 1888 2049 2050
f 1731 1887 1888
f 1888 1889 1886
f 2050 1889 1888
f 2048 2049 1888
f 1888 1887 2048
f 2179 2052 2049
f 2179 2048 2180
f 2179 2049 2048
f 2183 2325 2326
f 2479 2326 2478
f 2478 2326 2325
f 2474 2472 2478
f 2757 2621 2620
f 2760 2767 2628
f 2628 2621 2760
f 2757 2878 2758
f 2758 2621 2757
f 2043 2176 2177
f 2042 2176 2043
f 2976 2848 2975
f 3005 3089 2975
f 2975 3089 2976
f 2975 3088 3005
f 3086 3088 2974
f 3088 2975 2974
f 2974 2975 2848
f 2977 2848 2976
f 2517 2518 2358
f 2358 2518 2513
f 2359 2219 2358
f 2358 2360 2359
f 2358 2513 2514
f 2358 2514 2515
f 2515 2360 2358
f 2354 2490 2355
f 2490 2511 2355
f 2512 2510 2355
f 2483 2512 2355
f 2355 2511 2483
f 2623 2471 2479
f 2623 2472 2471
f 2479 2478 2623
f 2623 2478 2472
f 2481 2622 2628
f 2479 2622 2481
f 2628 2484 2481
f 2481 2484 2331
f 2761 2621 2628
f 2628 2622 2761
f 2761 2622 2621
f 2861 2878 2989
f 2862 2730 2861
f 2861 2863 2862
f 2864 2863 2861
f 2861 2990 2864
f 2861 2989 2884
f 2884 2990 2861
f 2879 2758 2878
f 2878 2861 2879
f 2879 2861 2992
f 2767 2886 2887
f 2984 2983 2887
f 2883 2886 2767
f 2894 2893 2981
f 2981 3001 2894
f 2577 2578 2417
f 2417 2576 2577
f 2417 2578 2418
f 2417 2418 2268
f 2268 2416 2417
f 3104 3012 3103
f 3103 3102 3104
f 3017 3013 3104
f 3013 3012 3104
f 3128 3129 3033
f 3097 3129 3128
f 3128 3033 3032
f 3032 3097 3128
f 2968 2842 2967
f 2966 3078 2967
f 2967 3078 2968
f 2967 2842 2841
f 2841 2840 2967
f 2967 2839 2966
f 2967 2840 2839
f 3132 3039 3131
f 3131 3164 3132
f 3132 3133 3039
f 3070 3071 2958
f 3158 3071 3070
f 2958 3069 3070
f 3069 3158 3070
f 3223 3159 3220
f 3220 3222 3223
f 3157 3222 3220
f 3220 3158 3157
f 3220 3159 3158
f 3223 3224 3160
f 3160 3159 3223
f 3072 3159 3160
f 3160 3224 3162
f 3160 3162 3075
f 3075 3072 3160
f 2838 2837 2961
f 2961 2837 2960
f 2962 2838 2961
f 2961 2960 2962
f 1910 1911 1756
f 1756 1757 1579
f 1756 1911 1757
f 1894 1893 1892
f 1892 2057 1894
f 1894 2057 1910
f 1742 1893 1894
f 1894 1743 1742
f 1910 1756 1894
f 1894 1756 1743
f 2068 1911 1910
f 1910 2057 2068
f 2068 2057 1911
f 1911 2057 2069
f 2069 2055 2070
f 2070 1911 2069
f 2046 2040 2047
f 2047 1887 2046
f 2046 1887 2040
f 1722 1556 1721
f 1875 1722 1721
f 1721 1555 1717
f 1721 1556 1555
f 1717 1872 1721
f 1721 1872 1875
f 1559 1558 1718
f 1559 1551 1550
f 1559 1550 1392
f 1392 1558 1559
f 1552 1551 1559
f 1559 1553 1552
f 1718 1553 1559
f 1083 1082 1238
f 1237 1236 1238
f 1238 1081 1237
f 1238 1082 1081
f 1240 1241 1083
f 1397 1241 1240
f 1874 1885 1729
f 1885 1730 1729
f 1735 1564 1563
f 1563 1565 1735
f 1735 1565 1564
f 1737 1565 1736
f 1737 1733 1890
f 1737 1736 1733
f 1890 1738 1737
f 1737 1738 1565
f 1078 920 1077
f 1077 1079 1078
f 1078 1079 920
f 1394 1238 1393
f 1393 1238 1236
f 1378 1545 1383
f 1544 1545 1378
f 2064 2063 2204
f 2204 2203 2064
f 2204 2063 2062
f 2062 2203 2204
f 2060 2061 1898
f 2060 2202 2061
f 1898 1897 2060
f 1897 2059 2060
f 2060 2199 2200
f 2059 2199 2060
f 2205 2203 2345
f 2203 2202 2345
f 2211 2066 2210
f 2066 2208 2210
f 2210 2206 2352
f 2210 2208 2206
f 2350 2206 2349
f 2206 2347 2349
f 2505 2656 2506
f 2506 2348 2505
f 2502 2348 2506
f 2656 2657 2506
f 2506 2657 2508
f 2351 2206 2350
f 2350 2349 2351
f 2502 2506 2351
f 2351 2507 2352
f 2352 2206 2351
f 2351 2349 2347
f 2508 2507 2351
f 2351 2506 2508
f 2217 2215 2073
f 2338 2353 2218
f 2218 2217 2338
f 2215 2217 2218
f 2218 2353 2354
f 2074 2215 2218
f 2218 2355 2356
f 2354 2355 2218
f 2218 2219 2074
f 2222 2074 2221
f 2074 2220 2221
f 2219 2364 2365
f 2365 2220 2219
f 2364 2220 2365
f 2368 2362 2369
f 2368 2369 2222
f 2222 2367 2368
f 2225 2372 2373
f 2225 2076 2224
f 2225 2226 2076
f 2058 2059 1897
f 2058 2197 2059
f 1897 1921 2058
f 2058 1919 1918
f 1921 1919 2058
f 2074 2075 2214
f 2214 2072 2074
f 2075 2072 2214
f 1581 1582 1405
f 1757 1582 1581
f 1405 1404 1581
f 1404 1580 1581
f 1581 1580 1757
f 1583 1584 1405
f 1405 1582 1583
f 1583 1582 1584
f 1584 1758 1759
f 1758 1913 1759
f 1760 1585 1759
f 1759 1585 1584
f 1759 1916 1760
f 1915 1916 1759
f 1914 1915 1759
f 1759 1913 1914
f 1407 1586 1587
f 1406 1586 1407
f 1407 1587 1408
f 1408 1246 1407
f 1407 1246 1406
f 754 753 908
f 908 753 907
f 908 909 754
f 618 756 757
f 617 756 618
f 757 619 618
f 618 619 474
f 474 473 618
f 473 617 618
f 755 617 754
f 755 756 617
f 754 909 755
f 755 909 910
f 755 910 757
f 757 756 755
f 2168 2167 2310
f 2460 2311 2310
f 2310 2311 2168
f 2027 1865 1863
f 1710 1865 1866
f 2028 2167 2029
f 2029 1865 2028
f 2029 1866 1865
f 1867 1866 2029
f 2029 2167 2168
f 1709 1865 1710
f 1864 1863 1709
f 1863 1865 1709
f 1710 1537 1709
f 1709 1537 1708
f 2024 1862 2023
f 2023 2163 2024
f 2306 2163 2162
f 2033 2171 2034
f 2034 1870 2033
f 2033 1870 1869
f 2031 2168 2169
f 2171 2033 2031
f 2169 2170 2031
f 2170 2171 2031
f 1864 1709 1706
f 1706 1709 1708
f 1705 1530 1529
f 1705 1704 1864
f 1529 1704 1705
f 1864 1706 1705
f 1705 1706 1530
f 1369 1218 1368
f 1368 1370 1369
f 1074 1075 919
f 1229 1075 1074
f 919 918 1074
f 918 1073 1074
f 917 1068 1069
f 1711 1538 1710
f 1710 1866 1711
f 1711 1866 1867
f 1858 2020 2021
f 2021 1859 1858
f 2021 2020 2022
f 2022 1859 2021
f 1699 1859 1700
f 1701 1525 1700
f 1700 1525 1699
f 1700 1859 1860
f 1700 1702 1701
f 1860 1702 1700
f 1412 1411 1512
f 1512 1414 1412
f 1412 1254 1411
f 463 461 603
f 608 603 602
f 463 603 608
f 159 224 225
f 225 160 159
f 527 396 526
f 509 649 510
f 649 526 510
f 510 382 381
f 510 526 396
f 298 379 299
f 299 226 298
f 236 226 299
f 381 382 299
f 508 379 377
f 377 379 378
f 377 297 296
f 378 297 377
f 383 305 395
f 396 305 383
f 383 299 382
f 383 510 396
f 382 510 383
f 539 405 404
f 312 311 412
f 410 511 412
f 412 384 312
f 412 511 384
f 535 398 534
f 534 664 535
f 664 665 814
f 174 173 238
f 238 175 174
f 111 173 174
f 174 112 111
f 174 175 112
f 544 511 410
f 650 511 544
f 650 544 651
f 405 539 408
f 393 426 394
f 394 303 393
f 303 392 393
f 178 243 179
f 243 244 179
f 180 118 179
f 179 245 180
f 179 244 245
f 117 116 178
f 178 179 117
f 117 179 118
f 117 118 61
f 61 116 117
f 107 170 115
f 170 116 115
f 115 162 107
f 103 162 115
f 61 103 115
f 115 116 61
f 1344 1343 1501
f 1501 1343 1338
f 1338 1336 1501
f 1336 1500 1501
f 1356 1500 1336
f 1356 1204 1354
f 1336 1204 1356
f 1354 1522 1356
f 1522 1523 1356
f 1523 1500 1356
f 1510 1523 1344
f 1510 1500 1523
f 1344 1501 1510
f 1510 1501 1500
f 2301 2155 2300
f 2155 2299 2300
f 2005 2155 2017
f 2155 2016 2017
f 2016 1855 2017
f 2017 2015 2005
f 1855 2015 2017
f 1183 1332 1333
f 1333 1332 1201
f 1333 1334 1183
f 1201 1334 1333
f 1201 1332 1348
f 1348 1332 1499
f 1352 1515 1517
f 1689 1852 1853
f 1843 1679 1678
f 1678 1675 1843
f 1843 1675 1842
f 1844 1679 1847
f 1842 2000 1847
f 1847 1843 1842
f 1679 1843 1847
f 2302 2159 2301
f 2158 2159 2302
f 864 717 863
f 864 863 861
f 1667 1666 1664
f 1667 1675 1493
f 1479 1666 1667
f 1490 1326 1479
f 1495 1675 1678
f 1678 1679 1495
f 1495 1677 1499
f 1027 1179 1180
f 1180 1181 1027
f 1179 1181 1180
f 1331 1181 1328
f 607 733 726
f 1192 1340 1191
f 734 893 894
f 735 608 734
f 892 1048 1046
f 892 1046 1047
f 1047 893 892
f 891 1036 892
f 892 734 891
f 893 734 892
f 1036 876 892
f 876 875 892
f 1189 1048 1033
f 1347 1335 1201
f 1033 1187 1188
f 1187 1334 1188
f 1188 1189 1033
f 1188 1334 1201
f 1201 1335 1188
f 861 1029 1030
f 594 719 720
f 454 330 453
f 454 455 330
f 454 599 455
f 458 336 335
f 335 336 255
f 723 602 724
f 724 601 723
f 602 601 724
f 327 328 254
f 327 450 328
f 453 329 452
f 254 325 326
f 325 448 326
f 448 449 326
f 594 450 326
f 326 449 594
f 326 327 254
f 450 327 326
f 600 599 722
f 723 600 722
f 722 877 723
f 876 877 722
f 874 875 722
f 722 875 876
f 878 879 723
f 723 877 878
f 878 877 1036
f 1034 875 874
f 1034 874 1033
f 1033 1048 1034
f 1190 1193 1040
f 1040 1037 1190
f 1338 1193 1190
f 1190 1337 1338
f 1191 1339 1190
f 1190 1339 1336
f 1336 1337 1190
f 605 729 730
f 887 888 731
f 731 888 885
f 731 886 887
f 731 884 886
f 731 885 609
f 731 609 605
f 605 730 731
f 731 730 884
f 1504 1506 1505
f 1505 1506 1342
f 1341 1504 1505
f 1505 1342 1341
f 1507 1345 1342
f 1342 1506 1507
f 1507 1506 1345
f 1193 1195 1194
f 1194 1195 1041
f 1196 1195 1338
f 1338 1343 1196
f 1341 1342 1196
f 1041 1195 1196
f 1196 1344 1341
f 1196 1343 1344
f 741 612 611
f 741 740 743
f 611 740 741
f 840 694 839
f 837 849 838
f 838 849 839
f 838 692 837
f 839 692 838
f 707 849 708
f 839 849 707
f 708 587 707
f 707 840 839
f 586 706 707
f 707 587 586
f 706 694 707
f 694 840 707
f 1019 1161 1172
f 1161 1312 1172
f 1020 1019 1172
f 1172 1173 1020
f 1301 1303 1151
f 1151 1001 1000
f 1468 1653 1654
f 1304 1303 1469
f 1469 1470 1304
f 1469 1303 1468
f 1468 1470 1469
f 1002 1154 1155
f 1155 1156 1002
f 1154 1156 1155
f 1002 1156 1157
f 702 847 703
f 703 579 702
f 702 701 847
f 702 579 701
f 1141 987 1140
f 1144 1141 1140
f 1467 1452 1461
f 825 826 827
f 827 826 680
f 680 826 681
f 826 683 681
f 681 683 558
f 828 829 684
f 684 829 685
f 684 683 828
f 684 685 558
f 558 683 684
f 994 829 993
f 830 686 829
f 832 688 687
f 687 686 832
f 832 689 688
f 833 689 832
f 992 829 828
f 993 829 992
f 992 994 993
f 1145 1143 1294
f 1296 1145 1294
f 1146 1145 1296
f 422 557 556
f 423 422 556
f 556 558 423
f 556 557 680
f 556 681 558
f 680 681 556
f 677 678 551
f 551 676 677
f 1164 1315 1165
f 1165 1315 1166
f 1009 1164 1165
f 1165 1166 1009
f 1985 1840 1963
f 1963 1821 1985
f 1641 1458 1457
f 1459 1458 1641
f 1641 1465 1459
f 1641 1457 1648
f 1648 1468 1641
f 1468 1465 1641
f 1300 1466 1301
f 1301 1148 1300
f 1300 1465 1466
f 1300 1464 1465
f 1300 1298 1460
f 1460 1459 1300
f 1459 1464 1300
f 1635 1455 1634
f 2110 1961 1960
f 1960 1959 2110
f 1805 1959 1960
f 1960 1961 1806
f 1806 1805 1960
f 1973 1812 1974
f 1974 1966 1973
f 1812 1966 1974
f 1980 1981 1815
f 1815 1814 1980
f 1657 1826 1658
f 1658 1472 1657
f 1826 1659 1658
f 1658 1659 1472
f 1655 1472 1471
f 1471 1472 1306
f 1471 1653 1655
f 1471 1654 1653
f 1471 1470 1468
f 1468 1654 1471
f 1825 1659 1826
f 1661 1659 1825
f 1825 1826 1657
f 1657 1824 1825
f 1988 1989 1830
f 1830 1832 1988
f 1663 1832 1830
f 1989 1831 1830
f 1830 1831 1663
f 2119 2269 2270
f 2119 2121 2120
f 2419 2269 2418
f 2581 2419 2418
f 2420 2419 2581
f 2274 2420 2421
f 3311 3310 3316
f 3212 3261 3213
f 3153 3212 3213
f 3276 3296 3277
f 3274 3277 3251
f 3244 3181 3245
f 3244 3276 3277
f 3277 3274 3244
f 3252 3284 3285
f 3285 3253 3252
f 2903 3014 3015
f 3015 3016 2903
f 3182 3183 3115
f 2905 3019 3018
f 2907 2905 3018
f 3018 3020 2907
f 3018 3115 3020
f 3182 3115 3114
f 3114 3018 3019
f 3115 3018 3114
f 3251 3249 3250
f 3249 3183 3250
f 3250 3183 3185
f 3175 3174 3106
f 3181 3174 3175
f 3106 3113 3175
f 3175 3113 3181
f 3105 3014 3106
f 3106 3174 3105
f 3105 3015 3014
f 3107 3016 3105
f 3016 3015 3105
f 2782 2900 2901
f 2901 2902 2782
f 2900 3012 2901
f 2901 3012 3013
f 3013 2902 2901
f 3176 3109 3173
f 3238 3239 3176
f 3176 3237 3238
f 2685 2540 2684
f 2684 2815 2685
f 2686 2815 2816
f 2540 2685 2686
f 2686 2685 2815
f 3138 3139 3048
f 3050 2938 2937
f 3052 3146 3147
f 3146 3148 3147
f 3147 3053 3052
f 3054 3053 3147
f 3147 3148 3054
f 3208 3207 3259
f 3259 3209 3208
f 3208 3209 3149
f 3146 3207 3208
f 3149 3148 3208
f 3208 3148 3146
f 3307 3305 3304
f 3292 3260 3259
f 3294 3279 3278
f 3278 3261 3294
f 2933 3046 2935
f 3046 2936 2935
f 2684 2813 2814
f 2814 2815 2684
f 2814 2813 2933
f 2933 2935 2814
f 2814 2935 2936
f 3049 3143 3144
f 3049 3144 3050
f 3049 2936 3046
f 3049 2937 2936
f 3050 2937 3049
f 3136 3143 3049
f 3049 3046 3136
f 2691 2690 2823
f 2823 2692 2691
f 2823 2690 2822
f 2822 2824 2823
f 2824 2692 2823
f 2546 2399 2545
f 2545 2396 2546
f 2399 2396 2545
f 2248 2396 2249
f 2546 2396 2544
f 2544 2543 2546
f 2395 2396 2248
f 2395 2544 2396
f 2543 2544 2395
f 2542 2393 2536
f 2542 2536 2680
f 2680 2689 2542
f 2689 2543 2542
f 2818 2819 2688
f 2942 2819 2818
f 2940 2941 2818
f 2818 2941 2942
f 2374 2256 2383
f 2383 2253 2374
f 2256 2241 2383
f 2383 2241 2253
f 2398 2253 2251
f 2399 2253 2398
f 2250 2249 2398
f 3063 2949 2948
f 3061 3064 3092
f 2948 3064 3061
f 3096 3168 3156
f 3096 3095 3168
f 3156 3067 3096
f 3067 2996 3096
f 2739 2740 2600
f 2739 2600 2599
f 2527 2675 2598
f 2807 2675 2674
f 2695 2807 2674
f 2674 2694 2695
f 2674 2675 2527
f 2548 2694 2674
f 2674 2523 2548
f 2673 2523 2674
f 2747 2675 2807
f 2747 2695 2827
f 2747 2807 2695
f 2827 2745 2747
f 2441 2440 2603
f 2441 2290 2440
f 2441 2603 2442
f 2442 2290 2441
f 2292 2293 2144
f 1957 1803 1956
f 1801 1802 1624
f 1801 1803 1802
f 1949 1950 1797
f 1797 1948 1949
f 1621 1796 1797
f 1797 1798 1621
f 1796 1946 1797
f 1797 1946 1948
f 2229 2377 2230
f 2083 1929 1928
f 2083 1930 1929
f 2087 2233 2088
f 2088 1994 1934
f 1934 2087 2088
f 2528 2378 2527
f 2380 2379 2378
f 2232 2379 2380
f 2380 2233 2232
f 2374 2523 2524
f 2524 2525 2374
f 2524 2523 2673
f 2673 2525 2524
f 2527 2378 2526
f 2378 2525 2526
f 2526 2674 2527
f 2526 2525 2673
f 2673 2674 2526
f 2246 2245 2387
f 2101 1950 1949
f 2246 2247 2100
f 2100 2245 2246
f 1949 1948 2100
f 2099 2245 2100
f 2100 1948 2099
f 2100 2101 1949
f 2247 2101 2100
f 2934 3044 2931
f 2931 2812 2934
f 2934 3043 3044
f 2934 2929 3043
f 2540 2541 2391
f 2391 2393 2392
f 2536 2393 2391
f 2391 2541 2536
f 2391 2534 2537
f 2391 2392 2248
f 2248 2390 2391
f 1953 2093 2106
f 2106 2107 1953
f 2106 2091 2239
f 2239 2107 2106
f 698 807 841
f 841 1006 1007
f 841 842 698
f 1007 842 841
f 698 658 808
f 808 807 698
f 658 807 808
f 806 658 804
f 804 807 806
f 806 807 658
f 961 1006 962
f 962 805 961
f 977 978 973
f 820 981 982
f 982 981 1135
f 972 814 973
f 980 981 820
f 1288 1135 1134
f 1135 981 1134
f 1134 1129 1133
f 1134 981 1129
f 1431 1430 1607
f 1607 1608 1431
f 1607 1430 1606
f 1606 1608 1607
f 1599 1608 1772
f 1772 1608 1784
f 1772 1773 1599
f 1772 1784 1773
f 1273 1424 1267
f 1287 1286 1288
f 1132 1286 1287
f 1288 1134 1287
f 1133 1132 1287
f 1287 1134 1133
f 1619 1441 1440
f 1439 1616 1440
f 1283 1439 1440
f 1440 1441 1283
f 1440 1618 1619
f 1440 1620 1621
f 1440 1616 1620
f 1283 1441 1442
f 1624 1445 1622
f 1443 1622 1445
f 1619 1623 1443
f 1443 1623 1624
f 1624 1622 1443
f 1443 1441 1619
f 1281 1280 1437
f 1437 1282 1281
f 525 570 426
f 524 570 525
f 426 393 525
f 525 393 524
f 822 821 984
f 657 656 804
f 657 521 656
f 804 658 657
f 658 521 657
f 800 799 956
f 799 798 956
f 958 805 801
f 1450 1631 1603
f 1603 1432 1450
f 1428 1432 1603
f 1603 1631 1776
f 1603 1776 1604
f 1604 1602 1603
f 1602 1428 1603
f 1267 1116 1120
f 1120 1273 1267
f 139 133 140
f 134 133 139
f 200 131 130
f 130 199 200
f 129 199 130
f 69 129 130
f 130 131 69
f 2500 2499 2651
f 2651 2650 2500
f 2342 2499 2500
f 2653 2791 2792
f 2656 2504 2655
f 2792 2793 2655
f 2655 2793 2656
f 2790 2791 2652
f 2652 2650 2790
f 2791 2653 2652
f 2652 2653 2504
f 2652 2504 2501
f 2652 2500 2650
f 2501 2500 2652
f 3249 3252 3189
f 3189 3253 3195
f 3252 3253 3189
f 3187 3183 3249
f 3249 3189 3187
f 3187 3189 3188
f 3190 3189 3201
f 3192 3123 3193
f 3028 3123 3192
f 3192 3126 3028
f 3127 3190 3201
f 3201 3189 3127
f 3127 3126 3200
f 3028 3126 3127
f 3127 3124 3028
f 2796 2656 2795
f 2796 2657 2656
f 2915 2916 2794
f 2914 2915 2794
f 2656 2793 2794
f 2434 2435 2287
f 2434 2433 2590
f 2287 2433 2434
f 2590 2592 2434
f 2592 2435 2434
f 2304 2158 2303
f 2301 2300 2303
f 2303 2302 2301
f 2158 2302 2303
f 2303 2300 2299
f 2312 2170 2169
f 2312 2313 2170
f 2461 2313 2312
f 2169 2311 2312
f 2312 2311 2461
f 2752 2751 2626
f 2762 2763 2626
f 2626 2751 2762
f 2762 2737 2867
f 2762 2867 2884
f 2884 2763 2762
f 2286 2433 2287
f 2286 2288 2433
f 2286 2287 2139
f 2139 2288 2286
f 2430 2283 2282
f 2282 2429 2430
f 2429 2587 2430
f 1991 2135 2137
f 2137 2135 2281
f 2281 2283 2137
f 2284 2288 2285
f 2433 2288 2284
f 2432 2433 2284
f 1853 1852 2014
f 2014 2015 1853
f 2005 2015 2014
f 2005 2014 2013
f 2013 2014 1852
f 2004 1845 2003
f 2151 2152 2004
f 2005 1845 2004
f 2004 2152 2005
f 2004 2150 2151
f 2003 2150 2004
f 2149 2287 2295
f 2149 2148 2287
f 2149 2002 2148
f 2295 2150 2149
f 2150 2002 2149
f 1664 1834 1835
f 1835 1667 1664
f 1675 1667 1835
f 1835 1834 1833
f 1833 1842 1835
f 1842 1675 1835
f 2136 2000 1991
f 2584 2428 2426
f 2585 2428 2584
f 2426 2583 2584
f 2583 2731 2584
f 2730 2585 2584
f 2584 2731 2730
f 2589 2591 2733
f 2590 2432 2589
f 2432 2591 2589
f 2735 2736 2590
f 1979 1978 1981
f 1814 1978 1979
f 1981 1980 1979
f 1979 1980 1814
f 1657 1656 1819
f 1817 1983 1819
f 1819 1653 1646
f 1819 1656 1653
f 1646 1457 1645
f 1645 1817 1646
f 1457 1644 1645
f 2579 2582 2424
f 2278 2423 2424
f 2424 2423 2579
f 2424 2425 2278
f 2424 2582 2425
f 2661 2662 2516
f 2516 2631 2661
f 2516 2510 2631
f 2516 2662 2517
f 2517 2358 2516
f 2516 2358 2510
f 2891 2976 3002
f 2976 3089 3002
f 3002 2892 2891
f 3131 3039 3130
f 3130 3081 3131
f 3130 3033 3081
f 3130 3036 3033
f 3130 3037 3036
f 2775 2769 2768
f 2768 2637 2775
f 2775 2637 2774
f 2890 2769 2775
f 2775 2774 2890
f 2766 2633 2628
f 2628 2765 2766
f 2766 2765 2772
f 2638 2630 2487
f 2487 2637 2638
f 2638 2637 2630
f 2183 2326 2184
f 2184 2326 2327
f 2055 2183 2184
f 2328 2186 2327
f 2328 2331 2329
f 2329 2187 2328
f 2187 2186 2328
f 2328 2481 2331
f 2328 2327 2479
f 2479 2481 2328
f 2628 2633 2632
f 2632 2484 2628
f 2633 2766 2634
f 2634 2766 2772
f 2634 2635 2487
f 2634 2772 2635
f 2482 2489 2483
f 2483 2330 2482
f 2335 2489 2482
f 2482 2330 2335
f 2337 2191 2336
f 2191 2330 2336
f 2336 2490 2337
f 2483 2490 2336
f 2336 2330 2483
f 2192 2191 2212
f 2192 2212 2194
f 2194 2193 2192
f 2055 2191 2192
f 2192 2193 2055
f 2180 2182 2181
f 2181 2179 2180
f 2182 2052 2181
f 2052 2179 2181
f 2479 2327 2480
f 2480 2326 2479
f 2327 2326 2480
f 2473 2325 2321
f 2473 2478 2325
f 2473 2321 2474
f 2474 2478 2473
f 2756 2620 2619
f 2757 2620 2756
f 2756 2619 2755
f 2755 2757 2756
f 2619 2620 2469
f 2468 2619 2469
f 2469 2319 2468
f 2320 2319 2469
f 2470 2621 2471
f 2470 2620 2621
f 2470 2471 2320
f 2320 2469 2470
f 2470 2469 2620
f 2880 2879 2881
f 2758 2879 2880
f 2044 2043 2177
f 1881 1880 2042
f 2042 2043 1881
f 1727 1880 1881
f 2467 2617 2468
f 2468 2319 2467
f 2319 2466 2467
f 2322 2477 2475
f 2475 2477 2617
f 2617 2467 2475
f 2475 2467 2466
f 2412 2568 2569
f 2569 2570 2412
f 2855 2977 2976
f 2855 2983 2984
f 2980 2981 2855
f 2721 2850 2852
f 2848 2977 2978
f 2978 2852 2850
f 2977 2852 2978
f 2510 2358 2357
f 2357 2355 2510
f 2356 2355 2357
f 2357 2218 2356
f 2357 2358 2219
f 2219 2218 2357
f 2857 2987 2858
f 2858 2727 2857
f 2857 2985 2984
f 2728 2727 2858
f 2576 2727 2728
f 2858 2729 2728
f 2728 2729 2577
f 2577 2576 2728
f 2726 2727 2576
f 2858 2987 2988
f 2860 2729 2858
f 2858 2988 2860
f 2860 2988 2861
f 2730 2729 2860
f 2860 2861 2730
f 2881 2879 2999
f 2999 2879 2992
f 2888 2889 2767
f 2767 2887 2888
f 2893 2889 2888
f 2982 2887 2983
f 2983 2855 2982
f 2893 2888 2982
f 2982 2888 2887
f 2982 2981 2893
f 2982 2855 2981
f 2984 2887 2986
f 2986 2887 2886
f 2886 3000 2986
f 2986 2857 2984
f 2987 2857 2986
f 2986 2988 2987
f 3000 2988 2986
f 2767 2760 2759
f 2759 2883 2767
f 2759 2760 2621
f 2621 2758 2759
f 2758 2880 2759
f 2759 2880 2881
f 2881 2999 2882
f 2882 2999 2992
f 2882 3000 2886
f 2886 2883 2882
f 2882 2759 2881
f 2883 2759 2882
f 2979 2981 2980
f 2979 2855 2976
f 2980 2855 2979
f 2976 3001 3090
f 3001 2981 3090
f 3090 2979 2976
f 2981 2979 3090
f 2412 2570 2571
f 2571 2570 2721
f 3108 3104 3102
f 3017 3104 3108
f 3102 3109 3108
f 3108 3109 3017
f 2969 2842 2968
f 3087 3083 2969
f 2969 3083 3084
f 3084 3085 2969
f 2969 3085 3086
f 3169 3133 3170
f 3133 3132 3170
f 3101 3169 3170
f 3170 3171 3101
f 3228 3171 3170
f 3170 3164 3228
f 3170 3132 3164
f 1578 1743 1755
f 1743 1756 1755
f 1579 1578 1755
f 1755 1756 1579
f 2195 2057 2196
f 2195 2069 2057
f 2195 2196 2055
f 2055 2069 2195
f 1239 1238 1394
f 1083 1238 1239
f 1239 1240 1083
f 1239 1396 1397
f 1397 1240 1239
f 1562 1730 1563
f 1567 1398 1566
f 1566 1398 1397
f 1397 1565 1566
f 1565 1738 1566
f 1390 1235 1389
f 1389 1551 1390
f 1390 1236 1235
f 1390 1393 1236
f 1390 1551 1552
f 1552 1553 1390
f 1394 1393 1560
f 1560 1553 1720
f 1560 1393 1553
f 1542 1715 1544
f 1714 1715 1542
f 1383 1381 1379
f 1379 1378 1383
f 1379 1381 1231
f 1379 1224 1378
f 2346 2345 2202
f 2346 2501 2348
f 2346 2348 2205
f 2205 2345 2346
f 2347 2502 2503
f 2503 2351 2347
f 2502 2351 2503
f 2216 2073 2213
f 2216 2217 2073
f 2216 2213 2338
f 2338 2217 2216
f 2364 2367 2366
f 2366 2220 2364
f 2366 2221 2220
f 2366 2367 2222
f 2222 2221 2366
f 2363 2367 2364
f 2363 2368 2367
f 2363 2364 2219
f 2219 2362 2363
f 2362 2368 2363
f 2339 2225 2373
f 2373 2340 2339
f 2339 2340 2198
f 2198 2226 2339
f 2226 2225 2339
f 2197 2058 2078
f 2078 2077 2076
f 2076 2197 2078
f 1918 2077 2078
f 2163 2306 2307
f 2030 2029 2168
f 1867 2029 2030
f 2168 2031 2030
f 2030 2031 1867
f 1712 1711 1867
f 1067 1218 1220
f 1218 1369 1220
f 1220 1369 1370
f 1370 1371 1220
f 1220 1068 1067
f 1531 1530 1707
f 1708 1537 1707
f 1707 1706 1708
f 1530 1706 1707
f 1532 1367 1531
f 1370 1367 1532
f 1532 1371 1370
f 1374 1222 1373
f 1229 1074 1228
f 1073 1227 1228
f 1228 1074 1073
f 1374 1537 1375
f 1375 1537 1538
f 1226 1227 1072
f 1413 1255 1254
f 1254 1412 1413
f 1413 1414 1255
f 1413 1412 1414
f 458 602 460
f 602 603 460
f 337 458 460
f 460 338 337
f 460 461 338
f 460 603 461
f 606 733 607
f 607 463 606
f 463 608 606
f 736 608 735
f 735 897 736
f 1278 1126 1125
f 1278 1125 1277
f 1277 1434 1278
f 1278 1434 1279
f 1125 1126 969
f 1279 1280 1127
f 381 299 380
f 509 510 380
f 380 510 381
f 380 379 509
f 380 299 379
f 236 299 304
f 299 383 304
f 304 383 395
f 304 305 236
f 395 305 304
f 403 402 529
f 403 539 404
f 404 309 403
f 309 402 403
f 411 311 410
f 410 412 411
f 411 412 311
f 534 398 533
f 398 532 533
f 661 528 527
f 812 969 813
f 529 398 536
f 398 535 536
f 529 536 537
f 537 536 535
f 537 403 529
f 409 544 410
f 409 408 541
f 410 311 409
f 311 408 409
f 668 667 820
f 671 651 541
f 541 670 671
f 797 651 671
f 671 670 797
f 406 311 405
f 541 408 540
f 540 668 541
f 667 668 540
f 523 393 392
f 524 393 523
f 301 234 300
f 232 234 301
f 302 232 301
f 518 521 519
f 655 656 518
f 656 521 518
f 1352 1201 1351
f 1201 1350 1351
f 1349 1348 1515
f 1349 1351 1350
f 1201 1348 1349
f 1349 1350 1201
f 1349 1515 1352
f 1352 1351 1349
f 1691 1693 1519
f 1853 1693 1691
f 1691 1517 1515
f 1690 1689 1853
f 1515 1689 1690
f 1853 1691 1690
f 1690 1691 1515
f 1679 1845 1846
f 1846 1689 1679
f 1846 1845 1852
f 1852 1689 1846
f 1681 1689 1515
f 1499 1677 1681
f 1679 1689 1681
f 1677 1495 1681
f 2001 1847 2000
f 2001 2002 1844
f 1844 1847 2001
f 717 864 718
f 718 864 719
f 592 717 718
f 718 719 592
f 1492 1667 1493
f 1492 1668 1479
f 1479 1667 1492
f 1479 1668 1491
f 1491 1490 1479
f 1668 1492 1491
f 1328 1490 1491
f 1491 1492 1328
f 1327 1490 1328
f 1326 1490 1327
f 1328 1178 1327
f 1327 1178 1326
f 1675 1495 1494
f 1329 1494 1495
f 1181 1331 1329
f 1329 1492 1493
f 1493 1494 1329
f 1329 1331 1328
f 1328 1492 1329
f 607 726 604
f 605 462 604
f 604 729 605
f 881 1037 1040
f 894 893 1049
f 890 1036 891
f 891 734 890
f 879 734 725
f 725 734 608
f 723 879 725
f 725 602 723
f 725 608 602
f 898 897 894
f 898 1049 899
f 894 1049 898
f 899 736 898
f 898 736 897
f 895 734 894
f 894 897 895
f 735 734 895
f 895 897 735
f 1048 892 1035
f 1035 892 875
f 1035 1034 1048
f 875 1034 1035
f 1335 1347 1203
f 1046 1048 1203
f 1048 1189 1203
f 1203 1188 1335
f 1189 1188 1203
f 867 1029 1032
f 598 720 599
f 598 454 453
f 599 454 598
f 719 864 865
f 865 864 861
f 865 867 720
f 459 335 456
f 456 600 459
f 600 601 459
f 334 335 255
f 456 335 334
f 328 450 451
f 594 720 595
f 452 451 595
f 595 450 594
f 595 451 450
f 874 722 721
f 599 720 721
f 721 722 599
f 896 878 1036
f 1036 890 896
f 896 890 734
f 896 734 879
f 879 878 896
f 1197 1196 1342
f 1197 1198 1042
f 1342 1198 1197
f 1042 1041 1197
f 1041 1196 1197
f 743 612 742
f 742 741 743
f 612 741 742
f 1001 1151 1152
f 1152 1303 1304
f 1152 1151 1303
f 999 997 996
f 999 1151 1000
f 999 1000 836
f 836 997 999
f 1160 1172 1312
f 1160 1161 1002
f 1160 1312 1161
f 1478 1476 1479
f 1310 1309 1478
f 828 826 989
f 825 987 988
f 987 1141 988
f 1141 989 988
f 988 826 825
f 988 989 826
f 1295 1144 1293
f 1293 1144 1140
f 1170 1295 1293
f 1293 1140 1170
f 1142 1144 1295
f 1295 1294 1142
f 1294 1143 1142
f 1147 992 1146
f 994 992 1147
f 1148 1149 995
f 995 1149 996
f 996 830 995
f 994 1147 995
f 829 994 995
f 995 830 829
f 995 1146 1148
f 995 1147 1146
f 831 832 686
f 996 997 831
f 831 997 833
f 833 832 831
f 831 830 996
f 686 830 831
f 1143 1145 991
f 991 992 828
f 1146 992 991
f 991 1145 1146
f 1294 1452 1453
f 1453 1296 1294
f 1452 1296 1453
f 1148 1146 1297
f 1297 1296 1148
f 1146 1296 1297
f 1452 1467 1302
f 1302 1296 1452
f 1461 1298 1302
f 1302 1467 1461
f 1298 1148 1302
f 1148 1296 1302
f 554 678 679
f 678 677 679
f 679 557 554
f 1841 1821 1820
f 1841 1985 1821
f 1841 1820 1670
f 1670 1840 1841
f 1840 1985 1841
f 1299 1148 1298
f 1298 1300 1299
f 1299 1300 1148
f 1822 1807 1652
f 1652 1807 1635
f 1635 1634 1652
f 1652 1651 1822
f 1652 1462 1651
f 1463 1455 1298
f 1463 1634 1455
f 1298 1462 1463
f 1462 1652 1463
f 1463 1652 1634
f 1305 1471 1306
f 1154 1304 1305
f 1305 1306 1154
f 1304 1470 1305
f 1470 1471 1305
f 1827 1825 1824
f 1828 1829 1662
f 1662 1827 1828
f 1825 1827 1662
f 1662 1829 1663
f 1661 1825 1662
f 1987 1832 1828
f 2130 1988 2129
f 2129 2277 2130
f 1982 1817 1981
f 1981 1983 1982
f 1982 1983 1817
f 1976 1814 1975
f 1976 2118 2119
f 2119 2120 1976
f 1977 1814 1976
f 2116 2118 1976
f 1976 1975 2116
f 1976 2120 2121
f 2271 2419 2420
f 2271 2121 2119
f 2119 2270 2271
f 2271 2270 2269
f 2269 2419 2271
f 2420 2581 2422
f 2422 2423 2278
f 2579 2423 2422
f 2422 2421 2420
f 2278 2277 2276
f 2276 2422 2278
f 2421 2422 2276
f 2277 2129 2276
f 3317 3311 3316
f 3315 3311 3317
f 3313 3315 3299
f 3299 3296 3313
f 3215 3153 3214
f 3153 3213 3214
f 3282 3296 3299
f 3299 3280 3282
f 3280 3283 3282
f 3282 3283 3251
f 3251 3277 3282
f 3277 3296 3282
f 3275 3247 3279
f 3279 3276 3275
f 3295 3276 3279
f 3295 3307 3308
f 3296 3276 3295
f 3304 3310 3295
f 3310 3311 3295
f 3311 3296 3295
f 3235 3174 3181
f 3235 3274 3251
f 3181 3244 3248
f 3248 3244 3274
f 3248 3235 3181
f 3274 3235 3248
f 3117 3114 3019
f 3182 3114 3117
f 3236 3235 3251
f 3174 3235 3236
f 3174 3236 3184
f 3251 3250 3184
f 3184 3236 3251
f 3116 3105 3174
f 3174 3184 3116
f 3182 3117 3116
f 3107 3105 3116
f 3116 3019 3107
f 3116 3117 3019
f 3109 3176 3110
f 3017 3109 3110
f 3110 3111 3017
f 3177 3176 3239
f 3239 3178 3177
f 3177 3178 3111
f 3111 3110 3177
f 3177 3110 3176
f 3273 3237 3234
f 3237 3176 3234
f 3234 3176 3173
f 3173 3233 3234
f 3234 3233 3273
f 3245 3181 3180
f 3180 3244 3245
f 2687 2541 2540
f 2540 2686 2687
f 2688 2541 2687
f 2687 2818 2688
f 3137 3048 3047
f 3137 3138 3048
f 3306 3307 3297
f 3279 3294 3297
f 3297 3295 3279
f 3307 3295 3297
f 3309 3307 3304
f 3308 3307 3309
f 3304 3295 3309
f 3309 3295 3308
f 3303 3307 3306
f 3303 3292 3290
f 3306 3292 3303
f 3290 3289 3303
f 3305 3307 3303
f 3288 3305 3303
f 3303 3289 3288
f 3259 3258 3291
f 3291 3292 3259
f 3291 3258 3290
f 3290 3292 3291
f 2397 2396 2399
f 2397 2249 2396
f 2399 2398 2397
f 2397 2398 2249
f 2102 2249 2250
f 2102 2101 2247
f 2102 2247 2248
f 2248 2249 2102
f 2250 2103 2102
f 2102 2103 1950
f 1950 2101 2102
f 2389 2247 2246
f 2389 2390 2248
f 2248 2247 2389
f 2543 2395 2394
f 2394 2542 2543
f 2393 2542 2394
f 2248 2393 2394
f 2394 2395 2248
f 2816 2938 2817
f 2818 2687 2817
f 2940 2818 2817
f 2817 2686 2816
f 2817 2687 2686
f 2817 2939 2940
f 2817 2938 2939
f 2105 2104 2240
f 1950 2104 2105
f 2105 2095 1950
f 3095 3096 2994
f 2994 3093 3094
f 3094 3095 2994
f 3092 3093 2994
f 2994 3061 3092
f 2870 2742 2740
f 2740 2869 2870
f 2826 2692 2825
f 2825 2692 2824
f 2876 2745 2826
f 2826 2825 2876
f 2440 2598 2604
f 2604 2598 2675
f 2675 2747 2604
f 2599 2440 2604
f 2604 2739 2599
f 2746 2739 2604
f 2604 2745 2746
f 2604 2747 2745
f 2440 2290 2439
f 2439 2598 2440
f 2293 2292 2291
f 2291 2290 2443
f 2291 2443 2294
f 2294 2293 2291
f 1958 1957 1928
f 1803 1957 1958
f 1958 1928 1804
f 1804 1803 1958
f 1624 1623 1794
f 1794 1801 1624
f 1794 1623 1619
f 1803 1801 1954
f 1951 1797 1950
f 1797 1951 1947
f 1950 2095 1947
f 1947 1951 1950
f 2375 2228 2374
f 2374 2229 2375
f 2375 2229 2228
f 2376 2229 2374
f 2377 2229 2376
f 2374 2525 2376
f 2378 2377 2376
f 2376 2525 2378
f 1930 2083 2084
f 2084 2230 2085
f 2085 1930 2084
f 2084 2229 2230
f 2228 2229 2084
f 2084 2083 2228
f 2082 1956 2109
f 2082 2083 1928
f 1928 1957 2082
f 2082 1957 1956
f 2256 2228 2227
f 2228 2083 2227
f 2109 2256 2227
f 2227 2082 2109
f 2083 2082 2227
f 2234 2088 2233
f 2386 2245 2244
f 2386 2387 2245
f 2930 2934 2812
f 2929 2934 2930
f 2809 2929 2930
f 2810 2809 2930
f 2930 2812 2810
f 2539 2683 2540
f 2540 2391 2539
f 2682 2683 2538
f 2538 2681 2682
f 2683 2539 2538
f 2538 2539 2391
f 2537 2681 2538
f 2538 2391 2537
f 2092 1937 2091
f 2091 2106 2092
f 2093 1937 2092
f 2092 2106 2093
f 959 962 807
f 805 962 959
f 804 805 959
f 959 807 804
f 817 814 665
f 973 814 817
f 817 977 973
f 976 978 817
f 978 977 817
f 1136 982 1135
f 815 535 664
f 664 814 815
f 814 972 815
f 820 667 819
f 819 980 820
f 819 667 818
f 818 815 819
f 981 980 979
f 973 1129 979
f 1129 981 979
f 979 972 973
f 980 819 979
f 1123 968 966
f 968 967 966
f 966 967 809
f 809 965 966
f 966 965 1123
f 532 661 662
f 1449 1631 1450
f 1450 1291 1449
f 1627 1625 1802
f 1284 1445 1285
f 1283 1442 1284
f 1284 1442 1441
f 1441 1443 1284
f 1131 1283 1284
f 1284 1132 1131
f 1285 1132 1284
f 1131 976 1130
f 1130 1283 1131
f 1130 1282 1283
f 1130 1281 1282
f 821 822 669
f 541 668 669
f 669 670 541
f 669 822 670
f 820 821 669
f 669 668 820
f 800 956 957
f 801 800 957
f 957 958 801
f 955 956 798
f 955 798 797
f 1274 1432 1428
f 1423 1432 1274
f 1423 1274 1266
f 1266 1274 1120
f 1115 1120 963
f 963 957 1115
f 958 957 963
f 960 805 963
f 805 958 963
f 963 1116 960
f 963 1120 1116
f 1429 1430 1272
f 1273 1120 1272
f 1424 1273 1272
f 1272 1430 1431
f 1431 1424 1272
f 2200 2342 2343
f 2342 2500 2343
f 2654 2653 2792
f 2504 2653 2654
f 2792 2655 2654
f 2654 2655 2504
f 3118 3187 3188
f 3020 3115 3118
f 3118 3115 3183
f 3183 3187 3118
f 3194 3127 3200
f 3190 3127 3194
f 3193 3123 3120
f 3120 3123 3121
f 3190 3194 3120
f 3121 3021 3120
f 3120 3021 3020
f 3120 3192 3193
f 3196 3124 3195
f 3124 3199 3125
f 3028 3124 3125
f 2914 2794 2913
f 2913 2794 2793
f 2913 2912 2914
f 2913 2793 2912
f 2295 2445 2446
f 2446 2445 2436
f 2452 2303 2299
f 2452 2299 2153
f 2460 2459 2611
f 2611 2459 2610
f 2462 2313 2461
f 2462 2614 2615
f 2750 2614 2610
f 2738 2594 2737
f 2737 2762 2738
f 2738 2762 2751
f 2431 2587 2588
f 2431 2430 2587
f 2283 2430 2431
f 2588 2432 2431
f 2432 2284 2431
f 2431 2284 2283
f 2138 2137 2283
f 2138 2284 2285
f 2283 2284 2138
f 1991 2137 2138
f 2138 2139 1991
f 2138 2285 2139
f 1852 1845 2006
f 2006 2013 1852
f 2006 1845 2005
f 2005 2013 2006
f 2590 2589 2734
f 2734 2589 2733
f 2734 2735 2590
f 2733 2865 2734
f 2734 2865 2736
f 2736 2735 2734
f 2273 2420 2274
f 2274 2125 2273
f 2273 2271 2420
f 1646 1817 1818
f 1818 1819 1646
f 1817 1819 1818
f 1823 1824 1657
f 1657 1819 1823
f 1816 1645 1644
f 1817 1645 1816
f 1816 1644 1815
f 1815 1981 1816
f 1981 1817 1816
f 2892 3006 3007
f 3007 2921 2892
f 3006 2921 3007
f 2918 2799 2892
f 2892 2921 2918
f 3031 2921 3006
f 3031 3098 3032
f 3006 3098 3031
f 3032 2922 3031
f 2922 2921 3031
f 2665 2664 2801
f 2892 3002 3003
f 3003 3002 3089
f 3003 3004 2892
f 3003 3089 3004
f 3038 3130 3039
f 3037 3130 3038
f 3039 2925 3038
f 2925 3037 3038
f 2327 2186 2185
f 2185 2184 2327
f 2185 2186 2055
f 2055 2184 2185
f 2484 2632 2486
f 2486 2632 2633
f 2633 2634 2486
f 2487 2333 2486
f 2486 2634 2487
f 2039 2040 1877
f 2466 2317 2324
f 2324 2475 2466
f 2324 2178 2323
f 2324 2317 2178
f 2323 2322 2324
f 2322 2475 2324
f 2973 2974 2848
f 2971 2969 3086
f 2970 2969 2971
f 3086 2974 2971
f 2974 2973 2971
f 2721 2570 2720
f 2570 2569 2720
f 2720 2850 2721
f 2721 2855 2851
f 2851 2726 2721
f 2727 2726 2851
f 2985 2857 2856
f 2856 2857 2727
f 2984 2985 2856
f 2856 2855 2984
f 2977 2855 2853
f 2853 2852 2977
f 2721 2852 2853
f 2719 2569 2568
f 2719 2716 2846
f 2850 2720 2719
f 2719 2720 2569
f 2568 2718 2719
f 2991 2988 3000
f 2991 2882 2992
f 3000 2882 2991
f 2992 2861 2991
f 2861 2988 2991
f 2572 2417 2416
f 2572 2571 2417
f 2572 2416 2412
f 2412 2571 2572
f 2575 2571 2721
f 2721 2724 2575
f 2575 2724 2576
f 2576 2417 2575
f 2417 2571 2575
f 2968 3078 3082
f 3082 2969 2968
f 3082 3078 3077
f 3082 3077 3087
f 3087 2969 3082
f 1561 1729 1730
f 1730 1562 1561
f 1561 1560 1729
f 1394 1560 1561
f 1739 1566 1738
f 1739 1738 1890
f 1553 1393 1554
f 1554 1390 1553
f 1393 1390 1554
f 1544 1378 1543
f 1543 1542 1544
f 1231 1075 1230
f 1230 1075 1229
f 1229 1228 1230
f 1230 1228 1227
f 2344 2346 2202
f 2344 2343 2500
f 2079 2058 1918
f 1918 2078 2079
f 2079 2078 2058
f 2460 2310 2166
f 2166 2310 2167
f 2166 2167 2028
f 2456 2307 2306
f 2308 2307 2456
f 2456 2457 2308
f 1868 2033 1869
f 1869 1712 1868
f 1868 1712 1867
f 1376 1375 1538
f 1531 1707 1534
f 1536 1537 1374
f 1536 1707 1537
f 1372 1373 1222
f 917 1069 1070
f 1070 1069 1222
f 1224 1379 1225
f 1225 1070 1224
f 1225 1226 1072
f 733 606 732
f 732 606 608
f 732 736 733
f 608 736 732
f 534 533 663
f 663 533 532
f 663 665 534
f 663 813 665
f 532 662 663
f 812 813 663
f 663 662 812
f 531 532 398
f 531 661 532
f 398 528 531
f 528 661 531
f 667 540 542
f 542 540 408
f 543 651 544
f 544 409 543
f 541 651 543
f 543 409 541
f 407 408 311
f 311 406 407
f 405 408 407
f 407 406 405
f 392 521 522
f 522 523 392
f 522 521 524
f 524 523 522
f 391 392 302
f 391 521 392
f 652 651 797
f 652 515 651
f 797 798 652
f 650 651 512
f 651 515 512
f 512 511 650
f 384 511 512
f 387 301 386
f 386 515 387
f 387 515 516
f 515 652 516
f 388 301 387
f 388 389 301
f 387 516 388
f 388 518 519
f 1519 1352 1518
f 1518 1691 1519
f 1352 1517 1518
f 1499 1681 1514
f 1514 1681 1515
f 1514 1348 1499
f 1515 1348 1514
f 1680 1495 1679
f 1679 1681 1680
f 1680 1681 1495
f 2139 2002 2140
f 2002 2001 2140
f 1991 2139 2140
f 2140 2136 1991
f 2000 2136 2140
f 2140 2001 2000
f 1493 1675 1676
f 1676 1494 1493
f 1675 1494 1676
f 1191 1190 1039
f 1039 1190 1037
f 1037 881 1039
f 733 736 889
f 889 736 899
f 882 730 729
f 884 730 883
f 1040 884 883
f 883 881 1040
f 730 882 883
f 899 1049 1045
f 1045 889 899
f 1340 1192 1199
f 1199 893 1047
f 1199 1049 893
f 1192 1045 1199
f 1199 1045 1049
f 1047 1204 1199
f 1199 1204 1340
f 1046 1203 1200
f 1200 1203 1347
f 1201 1046 1200
f 1200 1347 1201
f 720 867 868
f 1031 1030 1029
f 1029 867 1031
f 861 1030 1031
f 866 720 719
f 719 865 866
f 866 865 720
f 458 335 457
f 335 459 457
f 457 601 458
f 457 459 601
f 333 455 456
f 456 334 333
f 333 332 455
f 255 332 333
f 333 334 255
f 720 598 597
f 597 598 453
f 453 452 597
f 720 868 869
f 869 867 1032
f 869 868 867
f 1154 1001 1153
f 1001 1152 1153
f 1153 1304 1154
f 1153 1152 1304
f 1150 999 996
f 1151 999 1150
f 1301 1151 1150
f 1150 1149 1301
f 996 1149 1150
f 1159 1160 1002
f 1323 1173 1314
f 1314 1326 1323
f 1173 1172 1314
f 1172 1160 1314
f 1475 1665 1476
f 1476 1309 1475
f 1475 1659 1661
f 1475 1660 1659
f 1664 1665 1475
f 1661 1662 1475
f 1475 1663 1664
f 1475 1662 1663
f 1158 1309 1310
f 1158 1157 1156
f 1160 1159 1158
f 1002 1157 1158
f 1158 1159 1002
f 1306 1472 1473
f 1660 1475 1473
f 1472 1659 1473
f 1659 1660 1473
f 1477 1309 1476
f 1476 1478 1477
f 1477 1478 1309
f 1144 1142 990
f 1141 1144 990
f 990 991 828
f 828 989 990
f 990 989 1141
f 990 1142 1143
f 1143 991 990
f 557 679 682
f 682 679 677
f 680 557 682
f 682 677 676
f 682 676 825
f 825 827 682
f 682 827 680
f 1984 1827 1824
f 1824 1823 1984
f 1984 1819 1983
f 1984 1823 1819
f 2127 2129 1988
f 2124 1983 1981
f 2124 2123 1983
f 1981 1978 2124
f 1978 2123 2124
f 2122 1976 2121
f 1977 1976 2122
f 2122 1978 1977
f 2122 2125 1978
f 2579 2422 2580
f 2580 2422 2581
f 2418 2579 2580
f 2580 2581 2418
f 2421 2276 2275
f 2275 2276 2129
f 2129 2127 2275
f 2274 2421 2275
f 3312 3311 3315
f 3315 3313 3312
f 3312 3296 3311
f 3312 3313 3296
f 3186 3116 3185
f 3182 3116 3186
f 3186 3183 3182
f 3185 3183 3186
f 3243 3275 3276
f 3276 3244 3243
f 3244 3180 3243
f 3247 3275 3243
f 3243 3180 3247
f 3293 3294 3261
f 3293 3297 3294
f 3306 3297 3293
f 3293 3261 3260
f 3260 3292 3293
f 3293 3292 3306
f 2390 2389 2535
f 2535 2391 2390
f 2534 2391 2535
f 2246 2387 2388
f 2388 2389 2246
f 2094 1942 1943
f 1943 1947 2095
f 1617 1440 1621
f 1618 1440 1617
f 2871 2994 2872
f 2869 2994 2871
f 2871 2872 2743
f 2871 2870 2869
f 2743 2742 2871
f 2742 2870 2871
f 2995 2996 2872
f 2872 2994 2995
f 2995 3096 2996
f 2995 2994 3096
f 2949 3063 3065
f 2869 2876 2955
f 2955 2876 2825
f 2745 2876 2868
f 2746 2745 2868
f 2868 2739 2746
f 2868 2876 2869
f 2740 2739 2868
f 2868 2869 2740
f 2438 2439 2290
f 2527 2598 2597
f 2598 2439 2597
f 2597 2529 2527
f 1792 1794 1619
f 1619 1618 1792
f 1618 1617 1792
f 1941 1942 2094
f 1941 1792 1942
f 1794 1792 1941
f 1956 1803 1955
f 1803 1954 1955
f 1944 1941 2094
f 1794 1941 1944
f 1944 1955 1954
f 1801 1794 1944
f 1944 1954 1801
f 2233 2380 2381
f 2381 2234 2233
f 2378 2528 2381
f 2381 2380 2378
f 2381 2528 2527
f 2527 2529 2381
f 2529 2438 2381
f 2289 2438 2290
f 2234 2381 2289
f 2289 2381 2438
f 976 817 816
f 665 813 816
f 816 817 665
f 1289 1136 1135
f 1290 1136 1289
f 1289 1135 1288
f 982 1136 983
f 820 982 983
f 983 821 820
f 984 821 983
f 666 537 535
f 535 815 666
f 818 667 666
f 666 815 818
f 972 979 974
f 974 979 819
f 974 815 972
f 974 819 815
f 810 967 968
f 809 967 810
f 1629 1449 1626
f 1625 1627 1447
f 1447 1629 1626
f 1447 1286 1445
f 1445 1625 1447
f 1444 1443 1445
f 1445 1284 1444
f 1444 1284 1443
f 985 822 984
f 1271 1274 1428
f 1120 1274 1271
f 1271 1428 1429
f 1429 1272 1271
f 1271 1272 1120
f 1265 1120 1115
f 1115 1266 1265
f 1265 1266 1120
f 956 955 1114
f 1115 957 1114
f 1114 957 956
f 3190 3120 3119
f 3119 3118 3188
f 3020 3118 3119
f 3119 3120 3020
f 3188 3189 3119
f 3189 3190 3119
f 3126 3192 3191
f 3192 3120 3191
f 3191 3120 3194
f 3200 3126 3191
f 3191 3194 3200
f 3198 3199 3124
f 3029 3030 2914
f 2914 3028 3029
f 3028 3125 3029
f 2295 2446 2296
f 2296 2297 2153
f 2296 2151 2295
f 2153 2151 2296
f 2436 2594 2595
f 2297 2296 2447
f 2447 2296 2446
f 2447 2446 2436
f 2436 2595 2447
f 2298 2297 2449
f 2449 2450 2298
f 2153 2297 2298
f 2298 2452 2153
f 2304 2303 2453
f 2303 2452 2453
f 2460 2611 2612
f 2612 2462 2460
f 2614 2462 2612
f 2610 2614 2612
f 2612 2611 2610
f 2613 2461 2460
f 2460 2462 2613
f 2613 2462 2461
f 2463 2462 2615
f 2313 2462 2463
f 2464 2313 2463
f 2463 2615 2465
f 2465 2464 2463
f 2749 2750 2610
f 2749 2738 2750
f 2748 2738 2749
f 2610 2607 2749
f 2750 2738 2616
f 2751 2752 2616
f 2616 2738 2751
f 2615 2614 2616
f 2614 2750 2616
f 2616 2624 2476
f 2616 2625 2624
f 2616 2476 2465
f 2465 2615 2616
f 2626 2625 2616
f 2616 2752 2626
f 2121 2271 2272
f 2271 2273 2272
f 2272 2122 2121
f 2272 2273 2125
f 2125 2122 2272
f 2799 2918 2919
f 2919 2918 2921
f 2663 2801 2664
f 2800 2801 2663
f 2663 2664 2517
f 2517 2662 2663
f 2663 2662 2770
f 2770 2799 2663
f 2799 2800 2663
f 2665 2801 2802
f 2802 2921 2922
f 2802 2803 2665
f 2802 2922 2803
f 2920 2801 2800
f 2920 2919 2921
f 2921 2802 2920
f 2920 2802 2801
f 2920 2800 2799
f 2799 2919 2920
f 2331 2484 2485
f 2484 2486 2485
f 2485 2486 2333
f 2333 2332 2485
f 2485 2332 2331
f 1882 1728 1727
f 1883 1728 1882
f 2043 2044 1882
f 1727 1881 1882
f 1882 1881 2043
f 2318 2317 2466
f 2318 2466 2319
f 2714 2842 2843
f 2842 2969 2843
f 2843 2969 2970
f 2970 2971 2843
f 2717 2566 2565
f 2565 2716 2717
f 2718 2567 2717
f 2717 2567 2566
f 2717 2719 2718
f 2846 2971 2972
f 2972 2971 2973
f 2846 2716 2845
f 2845 2971 2846
f 2716 2843 2845
f 2845 2843 2971
f 2859 2851 2855
f 2855 2856 2859
f 2727 2851 2859
f 2859 2856 2727
f 2854 2855 2721
f 2721 2853 2854
f 2854 2853 2855
f 2849 2978 2850
f 2850 2719 2849
f 2848 2978 2849
f 2849 2719 2848
f 2848 2719 2847
f 2847 2719 2846
f 2847 2973 2848
f 2846 2972 2847
f 2847 2972 2973
f 2725 2726 2576
f 2576 2724 2725
f 2721 2726 2725
f 2725 2724 2721
f 1394 1561 1395
f 1396 1239 1395
f 1395 1239 1394
f 1564 1565 1395
f 1395 1565 1396
f 1395 1561 1562
f 1563 1564 1395
f 1395 1562 1563
f 1741 1567 1740
f 1740 1739 1890
f 1567 1566 1740
f 1566 1739 1740
f 1740 1891 1741
f 1890 1891 1740
f 1380 1379 1231
f 1231 1230 1380
f 1380 1225 1379
f 1226 1225 1380
f 2202 2060 2201
f 2201 2344 2202
f 2343 2344 2201
f 2460 2166 2309
f 2309 2166 2308
f 2308 2457 2309
f 2309 2459 2460
f 2165 2166 2028
f 2165 2307 2308
f 2308 2166 2165
f 2608 2459 2458
f 2458 2453 2608
f 2459 2309 2458
f 2458 2309 2457
f 2304 2456 2305
f 2305 2456 2306
f 2305 2162 2304
f 2305 2306 2162
f 2032 2031 2033
f 2033 1868 2032
f 1867 2031 2032
f 2032 1868 1867
f 1539 1376 1538
f 1538 1711 1539
f 1711 1712 1539
f 1533 1532 1531
f 1531 1534 1533
f 1371 1532 1533
f 1533 1373 1371
f 1533 1534 1373
f 1374 1373 1535
f 1535 1536 1374
f 1373 1534 1535
f 1535 1534 1707
f 1707 1536 1535
f 1221 1069 1068
f 1220 1372 1221
f 1068 1220 1221
f 1222 1069 1221
f 1221 1372 1222
f 1071 1072 917
f 917 1070 1071
f 1071 1225 1072
f 1070 1225 1071
f 1224 1070 1223
f 1374 1375 1223
f 1375 1376 1223
f 1223 1222 1374
f 1223 1070 1222
f 403 537 538
f 537 542 538
f 539 403 538
f 538 408 539
f 538 542 408
f 390 391 302
f 389 391 390
f 302 301 390
f 301 389 390
f 521 391 520
f 520 391 389
f 519 521 520
f 520 388 519
f 389 388 520
f 385 386 301
f 300 384 385
f 385 301 300
f 655 518 654
f 654 799 655
f 654 798 799
f 653 652 798
f 653 516 652
f 798 654 653
f 653 654 516
f 1517 1691 1692
f 1692 1518 1517
f 1691 1518 1692
f 1181 1329 1330
f 1329 1498 1330
f 1330 1498 1332
f 1330 1332 1183
f 1183 1181 1330
f 1499 1332 1497
f 1332 1498 1497
f 1497 1498 1329
f 1038 1192 1191
f 1191 1039 1038
f 1038 1045 1192
f 889 1045 1038
f 1038 1039 881
f 881 889 1038
f 880 726 733
f 733 889 880
f 880 881 726
f 880 889 881
f 727 604 726
f 726 881 727
f 867 865 1026
f 1026 1031 867
f 1026 865 861
f 861 1031 1026
f 596 595 720
f 720 597 596
f 452 595 596
f 596 597 452
f 870 721 720
f 720 869 870
f 873 1032 1033
f 873 869 1032
f 1033 874 873
f 874 721 873
f 1326 1314 1313
f 1313 1314 1160
f 1310 1478 1313
f 1313 1478 1479
f 1311 1158 1310
f 1160 1158 1311
f 1310 1313 1311
f 1311 1313 1160
f 1309 1158 1308
f 1308 1475 1309
f 1308 1473 1475
f 1986 1984 1983
f 1986 1987 1828
f 1828 1827 1986
f 1827 1984 1986
f 1983 2127 1986
f 1986 2127 1987
f 1990 2127 1988
f 1987 2127 1990
f 1988 1832 1990
f 1832 1987 1990
f 1983 2123 2128
f 2128 2127 1983
f 2128 2123 1978
f 1978 2127 2128
f 1978 2125 2126
f 2126 2127 1978
f 2126 2125 2274
f 2274 2275 2126
f 2126 2275 2127
f 3178 3179 3112
f 3112 3113 3017
f 3112 3179 3180
f 3017 3111 3112
f 3111 3178 3112
f 3181 3113 3112
f 3112 3180 3181
f 3240 3178 3239
f 3240 3179 3178
f 3246 3261 3278
f 3246 3213 3261
f 3278 3247 3246
f 3247 3180 3246
f 3246 3214 3213
f 3246 3216 3215
f 3215 3214 3246
f 2387 2386 2533
f 2533 2388 2387
f 2533 2386 2532
f 2533 2532 2677
f 2677 2678 2533
f 2678 2679 2533
f 2679 2534 2533
f 2534 2388 2533
f 2096 1943 2095
f 1956 1955 2096
f 2240 2241 2096
f 2096 2105 2240
f 2095 2105 2096
f 2094 1943 2096
f 2109 1956 2096
f 2096 2241 2109
f 2096 1944 2094
f 1955 1944 2096
f 1947 1943 1799
f 1798 1797 1799
f 1797 1947 1799
f 1621 1798 1799
f 1793 1617 1621
f 1793 1943 1942
f 1942 1792 1793
f 1793 1792 1617
f 1621 1799 1793
f 1793 1799 1943
f 3062 3065 3063
f 3062 3063 2948
f 2948 3061 3062
f 3061 2994 3062
f 2950 2949 3066
f 2949 3065 3066
f 2993 2994 2869
f 2993 3066 3065
f 2596 2438 2529
f 2529 2597 2596
f 2439 2438 2596
f 2596 2597 2439
f 2290 2291 2142
f 2142 2289 2290
f 2142 2291 2292
f 2142 2144 2143
f 2142 2292 2144
f 2143 1996 2142
f 2142 1996 1994
f 2234 2289 2142
f 970 969 1126
f 970 813 969
f 1126 1127 970
f 1446 1447 1626
f 1446 1289 1288
f 1288 1286 1446
f 1286 1447 1446
f 1137 1136 1290
f 1137 983 1136
f 984 983 1137
f 667 542 672
f 672 666 667
f 672 542 537
f 537 666 672
f 811 968 812
f 811 810 968
f 812 662 811
f 662 810 811
f 660 810 662
f 660 661 527
f 660 662 661
f 809 810 660
f 527 659 660
f 660 659 809
f 1804 1777 1630
f 1631 1449 1630
f 1449 1629 1630
f 1630 1777 1776
f 1776 1631 1630
f 1628 1627 1802
f 1804 1630 1628
f 1628 1630 1629
f 1628 1447 1627
f 1629 1447 1628
f 1628 1803 1804
f 1802 1803 1628
f 1138 985 984
f 984 1137 1138
f 1138 1137 1290
f 1291 1292 1138
f 1138 1290 1291
f 823 955 797
f 823 985 955
f 797 670 823
f 670 822 823
f 822 985 823
f 3124 3196 3197
f 3197 3198 3124
f 2609 2607 2610
f 2609 2459 2608
f 2610 2459 2609
f 2451 2298 2450
f 2452 2298 2451
f 2450 2607 2451
f 2608 2453 2451
f 2451 2453 2452
f 2304 2453 2454
f 2457 2456 2454
f 2454 2458 2457
f 2453 2458 2454
f 2606 2607 2450
f 2606 2749 2607
f 2748 2749 2606
f 2606 2738 2748
f 2594 2738 2606
f 2606 2595 2594
f 1883 1882 2038
f 2038 1884 1883
f 1877 1884 2038
f 2038 2039 1877
f 2045 1882 2044
f 2039 2038 2045
f 2045 2038 1882
f 2173 2318 2319
f 2173 2319 2320
f 2320 2174 2173
f 2173 2174 2040
f 2040 2039 2173
f 2714 2843 2715
f 2715 2843 2716
f 2565 2714 2715
f 2715 2716 2565
f 2716 2719 2844
f 2844 2717 2716
f 2719 2717 2844
f 2026 2027 1863
f 2026 2165 2028
f 2028 1865 2026
f 1865 2027 2026
f 2307 2165 2164
f 2163 2307 2164
f 1376 1539 1540
f 513 512 515
f 515 386 513
f 384 512 513
f 517 388 516
f 516 654 517
f 518 388 517
f 517 654 518
f 1496 1497 1329
f 1496 1495 1499
f 1496 1329 1495
f 728 727 882
f 728 882 729
f 729 604 728
f 604 727 728
f 872 873 721
f 869 873 872
f 1479 1326 1480
f 1480 1313 1479
f 1326 1313 1480
f 1307 1158 1156
f 1307 1308 1158
f 1307 1156 1306
f 3179 3240 3241
f 3216 3246 3241
f 3241 3240 3239
f 3180 3179 3242
f 3242 3246 3180
f 3179 3241 3242
f 3242 3241 3246
f 2950 3066 2951
f 2952 2821 2951
f 2821 2950 2951
f 2951 2824 2952
f 2951 2825 2824
f 3091 3062 2994
f 2994 2993 3091
f 3065 3062 3091
f 3091 2993 3065
f 2954 2993 2869
f 2869 2955 2954
f 2954 2955 2825
f 2825 2951 2954
f 3066 2993 2954
f 2954 2951 3066
f 1994 2088 2141
f 2141 2142 1994
f 2088 2234 2141
f 2234 2142 2141
f 1128 1130 976
f 1281 1130 1128
f 1128 970 1127
f 1280 1281 1128
f 1128 1127 1280
f 971 816 813
f 813 970 971
f 971 970 816
f 1448 1449 1291
f 1291 1290 1448
f 1626 1449 1448
f 1448 1446 1626
f 1290 1289 1448
f 1289 1446 1448
f 955 985 1113
f 985 1138 1113
f 1113 1114 955
f 1115 1114 1113
f 2455 2456 2304
f 2304 2454 2455
f 2455 2454 2456
f 2448 2606 2450
f 2448 2450 2449
f 2448 2447 2595
f 2595 2606 2448
f 2449 2297 2448
f 2297 2447 2448
f 2172 2044 2178
f 2172 2045 2044
f 2039 2045 2172
f 2178 2317 2172
f 2317 2318 2172
f 2172 2173 2039
f 2318 2173 2172
f 2025 2026 1863
f 2165 2026 2025
f 2025 2164 2165
f 2163 2164 2025
f 2025 2024 2163
f 2025 1863 1862
f 1862 2024 2025
f 1541 1540 1539
f 1376 1540 1541
f 1714 1542 1541
f 386 385 514
f 514 513 386
f 514 385 384
f 384 513 514
f 1499 1497 1682
f 1682 1496 1499
f 1497 1496 1682
f 871 872 721
f 869 872 871
f 721 870 871
f 871 870 869
f 1473 1308 1474
f 1308 1307 1474
f 1306 1473 1474
f 1474 1307 1306
f 3239 3216 3262
f 3262 3241 3239
f 3216 3241 3262
f 816 970 975
f 970 1128 975
f 976 816 975
f 975 1128 976
f 1264 1113 1138
f 1264 1292 1423
f 1264 1138 1292
f 1423 1266 1264
f 1264 1266 1115
f 1115 1113 1264
f 1377 1541 1542
f 1542 1543 1377
f 1224 1223 1377
f 1377 1223 1376
f 1376 1541 1377
f 1713 1541 1539
f 1713 1712 1869
f 1713 1539 1712
f 1869 1714 1713
f 1714 1541 1713
f 1420 1419 1596
f 1596 1597 1420
f 1108 1263 1259
f 1259 1258 1108
f 150 94 152
f 92 94 150
f 778 777 794
f 941 778 794
f 776 940 794
f 794 777 776
f 152 94 149
f 149 94 91
f 775 940 776
f 789 940 775
f 789 775 635
f 635 774 789
f 1109 1108 1258
f 1109 1258 1106
f 1 2 3
f 3 2 6
f 4 1 12
f 1 3 12
f 67 70 12
f 12 28 67
f 12 70 29
f 12 3 11
f 11 28 12
f 30 12 29
f 13 12 30
f 128 263 193
f 192 263 128
f 29 70 127
f 127 68 29
f 192 128 127
f 127 128 68
f 147 89 146
f 146 89 88
f 148 89 147
f 148 90 89
f 148 149 91
f 91 90 148
f 92 150 93
f 93 150 151
f 153 93 151
f 95 93 153
f 156 157 99
f 99 98 156
f 156 97 155
f 98 97 156
f 1907 1752 2065
f 2065 1752 1906
f 1098 1257 1102
f 1102 1257 1212
f 284 288 210
f 210 209 284
f 792 778 941
f 792 779 778
f 1110 1109 1106
f 1106 1105 1110
f 323 324 254
f 254 253 323
f 87 146 88
f 145 146 87
f 95 153 96
f 96 153 154
f 155 97 96
f 96 154 155
f 280 281 205
f 205 281 206
f 205 138 213
f 213 280 205
f 2064 1903 1902
f 1906 1903 2064
f 365 487 631
f 631 486 365
f 1256 1416 1361
f 1361 1416 1524
f 206 281 282
f 207 206 282
f 283 284 209
f 209 208 283
f 207 282 283
f 283 208 207
f 779 792 953
f 942 779 953
f 102 51 101
f 102 52 51
f 114 177 62
f 62 177 120
f 213 138 158
f 138 100 158
f 99 157 158
f 158 100 99
f 2910 2789 2788
f 2910 2788 2787
f 2207 2065 1906
f 1906 2064 2207
f 774 635 634
f 634 635 490
f 490 489 634
f 489 633 634
f 632 633 489
f 632 489 488
f 632 486 631
f 488 486 632
f 210 288 369
f 369 285 210
f 487 365 369
f 369 365 285
f 1764 2007 1858
f 1848 2007 1764
f 1255 1415 1256
f 1255 1256 1097
f 1527 1526 1701
f 1701 1702 1527
f 942 953 1112
f 1112 1103 942
f 167 231 168
f 168 106 167
f 163 176 227
f 113 176 163
f 439 323 253
f 253 322 439
f 315 413 316
f 316 242 315
f 316 439 322
f 413 439 316
f 2161 2162 2023
f 2023 2022 2161
f 687 688 560
f 560 559 687
f 2531 2385 2384
f 2384 2401 2531
f 85 84 142
f 143 85 142
f 142 83 141
f 84 83 142
f 144 85 143
f 86 85 144
f 145 87 144
f 144 87 86
f 2641 2776 2671
f 2641 2671 2778
f 1111 1110 1105
f 1111 1105 1104
f 1103 1112 1111
f 1111 1104 1103
f 110 172 173
f 173 111 110
f 648 659 649
f 796 659 648
f 954 809 795
f 809 796 795
f 317 250 186
f 186 249 317
f 904 746 744
f 903 904 744
f 349 347 346
f 346 470 349
f 554 553 678
f 678 553 552
f 3302 3304 3288
f 3288 3287 3302
f 3202 3142 3141
f 3202 3203 3142
f 3045 2932 3135
f 3135 2932 3044
f 2237 2091 1937
f 1937 2090 2237
f 1436 1613 1614
f 1437 1436 1614
f 76 34 134
f 134 34 75
f 141 83 82
f 82 140 141
f 13 30 31
f 31 14 13
f 31 15 14
f 31 32 15
f 15 32 74
f 33 15 74
f 75 34 74
f 74 34 33
f 2789 2910 2911
f 2911 2910 3025
f 2371 2372 2225
f 2224 2371 2225
f 1055 909 908
f 907 1055 908
f 159 102 101
f 159 160 102
f 649 659 526
f 526 659 527
f 1194 1041 1040
f 1040 1193 1194
f 2937 2938 2816
f 2816 2815 2937
f 2814 2937 2815
f 2936 2937 2814
f 2679 2681 2534
f 2534 2681 2537
f 2251 2103 2398
f 2398 2103 2250
f 962 841 807
f 1006 841 962
f 140 82 139
f 139 82 81
f 76 134 139
f 139 81 76
f 3127 3189 3195
f 3195 3124 3127
f 2794 2916 2795
f 2795 2656 2794
f 2323 2178 2044
f 2044 2177 2323
f 1874 1729 1560
f 1720 1874 1560
f 969 968 1125
f 812 968 969
f 1126 1278 1127
f 1127 1278 1279
f 604 462 463
f 604 463 607
f 451 452 329
f 451 329 328
f 3116 3184 3250
f 3116 3250 3185
f 2385 2532 2386
f 2244 2385 2386
f 2501 2346 2344
f 2344 2500 2501
f 1371 1373 1372
f 1372 1220 1371
f 2388 2535 2389
f 2534 2535 2388
f 1380 1230 1227
f 1227 1226 1380
f 2200 2343 2201
f 2201 2060 2200
f 727 883 882
f 881 883 727
f 1768 1767 3197
f 3197 493 642
f 2352 2509 3197
f 3197 4 19
f 1259 1418 3197
f 77 135 3197
f 3197 1922 2080
f 3197 279 363
f 3197 499 498
f 3197 159 101
f 3197 1769 1768
f 363 371 3197
f 3197 1107 1259
f 3197 21 5
f 101 51 3197
f 19 36 3197
f 1594 1769 3197
f 3197 1767 1766
f 371 370 3197
f 1766 1922 3197
f 5 2 3197
f 781 946 3197
f 3197 782 781
f 3197 51 21
f 3197 1 4
f 784 783 3197
f 3197 36 77
f 498 497 3197
f 370 499 3197
f 946 1107 3197
f 787 786 3197
f 2080 2081 3197
f 3197 3047 3045
f 3197 2828 2697
f 3197 204 279
f 2237 2236 3197
f 3197 1418 1594
f 3197 3285 3284
f 3197 785 784
f 3197 638 787
f 3197 496 495
f 642 641 3197
f 3197 2 1
f 2211 2210 3197
f 3197 135 204
f 3197 3317 3316
f 786 785 3197
f 3197 783 782
f 639 638 3197
f 3197 640 639
f 3197 497 496
f 3197 2658 2508
f 495 494 3197
f 3197 2956 2830
f 2830 2829 3197
f 3197 2209 2211
f 3197 2696 2549
f 2795 2916 3197
f 3197 641 640
f 3197 494 493
f 3141 3140 3197
f 3197 3298 3314
f 647 646 3197
f 1935 1785 3197
f 3197 1433 1276
f 3197 1923 2067
f 2067 2209 3197
f 3197 964 954
f 954 795 3197
f 3301 3300 3197
f 3042 2956 3197
f 3197 3202 3141
f 3197 2089 1935
f 2549 2530 3197
f 3197 1785 1609
f 1609 1433 3197
f 3197 2238 2237
f 3197 2081 1923
f 3197 2915 3030
f 1121 965 3197
f 1276 1275 3197
f 3197 3300 3286
f 3197 3302 3301
f 3314 3315 3197
f 3195 3253 3197
f 3286 3254 3197
f 3197 3043 3042
f 3045 3135 3197
f 2235 2089 3197
f 3197 2236 2235
f 3197 2530 2382
f 2382 2238 3197
f 2508 2657 3197
f 3197 2509 2658
f 296 224 3197
f 3197 795 647
f 965 964 3197
f 3197 1275 1121
f 3197 646 508
f 3316 3302 3197
f 3197 2796 2795
f 3284 3298 3197
f 3197 377 296
f 3140 3139 3197
f 3254 3202 3197
f 3197 3135 3043
f 2829 2828 3197
f 2697 2696 3197
f 3197 3137 3047
f 3197 2916 2915
f 3197 2210 2352
f 224 159 3197
f 508 377 3197
f 3253 3285 3197
f 3139 3138 3197
f 3197 3196 3195
f 2657 2796 3197
f 3315 3317 3197
f 3138 3137 3197
f 3199 3198 3197
f 3197 3125 3199
f 3030 3029 3197
f 3197 3029 3125
f 2607 2609 2451
f 2451 2609 2608
f 1377 1543 1378
f 1378 1224 1377

