# https://github.com/mikedh/trimesh
v 0.00856906 0.00316295 0.00911086
v 0.01189754 0.00280666 0.00550458
v 0.01147621 0.00275532 0.00550458
v 0.00853816 0.00315672 0.00911086
v 0.03137127 0.00281133 0.00911086
v 0.03287962 0.00281288 0.00802245
v 0.03371666 0.00281288 0.00718344
v 0.03413798 0.00281133 0.00676351
v 0.03497783 0.00281133 0.00550458
v 0.03539635 0.00281288 0.00424565
v 0.03581767 0.00281288 0.00298672
v 0.03581767 0.00281288 0.00044425
v 0.02910172 0.00281288 0.00044425
v 0.01231606 0.00275376 0.00508465
v 0.00895949 0.00281288 0.00760252
v 0.01336376 0.00163978 0.00044425
v 0.00854097 0.00258262 0.00717496
v 0.00821514 0.00305248 0.00911086
v 0.03178979 0.00276932 0.00911086
v 0.03203978 0.00279421 0.00886230
v 0.03245829 0.00280821 0.00844237
v 0.03329814 0.00275687 0.00802245
v 0.03371666 0.00276154 0.00760252
v 0.03455650 0.00280510 0.00634359
v 0.03539635 0.00278332 0.00508465
v 0.03539635 0.00280977 0.00466558
v 0.03581767 0.00280821 0.00340664
v 0.03623619 0.00279577 0.00046885
v 0.03623619 0.00279577 0.00044425
v 0.01163632 0.00041533 0.00044425
v 0.00831064 0.00251883 0.00730900
v 0.00816739 0.00303226 0.00911086
v 0.03220550 0.00263552 0.00911086
v 0.03246953 0.00265885 0.00888181
v 0.03287962 0.00273042 0.00844237
v 0.03369138 0.00259351 0.00799700
v 0.03410990 0.00258106 0.00756689
v 0.03413798 0.00273976 0.00718344
v 0.03497783 0.00276932 0.00592366
v 0.03542444 0.00265574 0.00551816
v 0.03571375 0.00261529 0.00508465
v 0.03581767 0.00272887 0.00424565
v 0.03581767 0.00279266 0.00382657
v 0.03623619 0.00276776 0.00172778
v 0.03623619 0.00278021 0.00130786
v 0.03623619 0.00278955 0.00088878
v 0.03655640 0.00262774 0.00046885
v 0.03655640 0.00262774 0.00044425
v 0.01148745 0.00016951 0.00044425
v 0.00840053 0.00239747 0.00702904
v 0.00831907 0.00211898 0.00695863
v 0.00797920 0.00226678 0.00911086
v 0.00805223 0.00267286 0.00911086
v 0.03234875 0.00257173 0.00911086
v 0.03287962 0.00256239 0.00873335
v 0.03325881 0.00257173 0.00841353
v 0.03353408 0.00251572 0.00825404
v 0.03395260 0.00252038 0.00784090
v 0.03445538 0.00257173 0.00718344
v 0.03459583 0.00267130 0.00680084
v 0.03498626 0.00263863 0.00633341
v 0.03529804 0.00260129 0.00592366
v 0.03565195 0.00255306 0.00538836
v 0.03607609 0.00256239 0.00424565
v 0.03613507 0.00262463 0.00382657
v 0.03623619 0.00275065 0.00214771
v 0.03654236 0.00262151 0.00088878
v 0.03666875 0.00226678 0.00046885
v 0.03666033 0.00228856 0.00044425
v 0.00886118 -0.00570534 0.00044425
v 0.00797358 0.00184826 0.00911086
v 0.03247234 0.00226678 0.00911086
v 0.03309309 0.00248616 0.00865615
v 0.03354532 0.00226678 0.00826422
v 0.03375317 0.00226678 0.00806571
v 0.03396664 0.00226678 0.00785617
v 0.03435707 0.00249549 0.00740401
v 0.03485424 0.00257951 0.00668632
v 0.03521939 0.00253439 0.00618665
v 0.03557330 0.00226678 0.00564965
v 0.03567442 0.00226678 0.00544011
v 0.03582610 0.00226678 0.00508465
v 0.03603676 0.00249860 0.00448064
v 0.03645247 0.00249238 0.00280687
v 0.03647494 0.00253594 0.00256679
v 0.03650022 0.00258262 0.00214771
v 0.03623619 0.00270397 0.00256679
v 0.03651707 0.00259973 0.00172778
v 0.03652831 0.00261218 0.00130786
v 0.03666595 0.00226678 0.00044425
v 0.03664628 0.00226678 0.00088878
v 0.03662943 0.00184826 0.00130786
v 0.03664909 0.00184826 0.00088878
v 0.03666595 0.00184826 0.00046885
v 0.03666595 0.00184826 0.00044425
v 0.00890612 -0.00612542 0.00044425
v 0.00842019 -0.00528526 0.00911086
v 0.00798482 -0.00025057 0.00911086
v 0.03247796 0.00202252 0.00911086
v 0.03259874 0.00226678 0.00902179
v 0.03287962 0.00226678 0.00881819
v 0.03309590 0.00226678 0.00865870
v 0.03330657 0.00226678 0.00847461
v 0.03309309 0.00184826 0.00865615
v 0.03330376 0.00184826 0.00847037
v 0.03353970 0.00184826 0.00825998
v 0.03375036 0.00184826 0.00806571
v 0.03396945 0.00184826 0.00785617
v 0.03418012 0.00184826 0.00762797
v 0.03437112 0.00184826 0.00741843
v 0.03417731 0.00226678 0.00762288
v 0.03436550 0.00226678 0.00741334
v 0.03456774 0.00226678 0.00718344
v 0.03475874 0.00226678 0.00696372
v 0.03511265 0.00226678 0.00643097
v 0.03523905 0.00226678 0.00622143
v 0.03541601 0.00226678 0.00592366
v 0.03490199 0.00226678 0.00675418
v 0.03557611 0.00184826 0.00564795
v 0.03542163 0.00184826 0.00592366
v 0.03567442 0.00184826 0.00543841
v 0.03582891 0.00184826 0.00508465
v 0.03596935 0.00184826 0.00471902
v 0.03596654 0.00226678 0.00471393
v 0.03604519 0.00226678 0.00450439
v 0.03613226 0.00226678 0.00424565
v 0.03625024 0.00226678 0.00382657
v 0.03634012 0.00226678 0.00340664
v 0.03645809 0.00226678 0.00283232
v 0.03650584 0.00226678 0.00256679
v 0.03656202 0.00226678 0.00214771
v 0.03662381 0.00226678 0.00130786
v 0.03660134 0.00184826 0.00172778
v 0.03660696 0.00142819 0.00130786
v 0.03662943 0.00142819 0.00088878
v 0.03664347 0.00145152 0.00044425
v 0.00890893 -0.00614875 0.00044425
v 0.00937239 -0.00822424 0.00911086
v 0.00897353 -0.00654549 0.00044425
v 0.00905780 -0.00698580 0.00044425
v 0.00913083 -0.00732341 0.00044425
v 0.00918701 -0.00754901 0.00044425
v 0.00925442 -0.00780417 0.00044425
v 0.00937801 -0.00822424 0.00044425
v 0.00937520 -0.00822424 0.00214771
v 0.00937239 -0.00822424 0.00508465
v 0.03247796 0.00184826 0.00911086
v 0.03260155 0.00184826 0.00902179
v 0.03287962 0.00184826 0.00881649
v 0.03309028 0.00162733 0.00865276
v 0.03352285 0.00142819 0.00824556
v 0.03373351 0.00142819 0.00805044
v 0.03395541 0.00142819 0.00784005
v 0.03436269 0.00152465 0.00740995
v 0.03457055 0.00184826 0.00718344
v 0.03475874 0.00184826 0.00696033
v 0.03490480 0.00184826 0.00675079
v 0.03511546 0.00184826 0.00643775
v 0.03524467 0.00184826 0.00622737
v 0.03555645 0.00142819 0.00561062
v 0.03565757 0.00142819 0.00540108
v 0.03538792 0.00142819 0.00592366
v 0.03522782 0.00142819 0.00619852
v 0.03579801 0.00142819 0.00508465
v 0.03603676 0.00155110 0.00448743
v 0.03604519 0.00184826 0.00450863
v 0.03612946 0.00184826 0.00424565
v 0.03625024 0.00184826 0.00382657
v 0.03634574 0.00184826 0.00340664
v 0.03645809 0.00184826 0.00283826
v 0.03650303 0.00184826 0.00256679
v 0.03655921 0.00184826 0.00214771
v 0.03657325 0.00142819 0.00172778
v 0.03654797 0.00100811 0.00130786
v 0.03657325 0.00100811 0.00088878
v 0.03659011 0.00100811 0.00046885
v 0.03664067 0.00142819 0.00046885
v 0.03659011 0.00100811 0.00044425
v 0.00942857 -0.00839539 0.00911086
v 0.00951564 -0.00863654 0.00044425
v 0.00951002 -0.00864276 0.00911086
v 0.03243863 0.00142819 0.00911086
v 0.03307062 0.00134728 0.00863749
v 0.03350880 0.00121504 0.00823283
v 0.03393575 0.00117925 0.00782139
v 0.03419978 0.00140174 0.00757113
v 0.03434303 0.00124460 0.00738874
v 0.03450313 0.00140174 0.00722246
v 0.03474189 0.00142819 0.00693658
v 0.03488514 0.00142819 0.00672704
v 0.03509299 0.00142819 0.00640806
v 0.03553679 0.00098010 0.00549270
v 0.03562948 0.00110146 0.00534509
v 0.03529523 0.00100344 0.00595335
v 0.03520254 0.00114036 0.00615950
v 0.03570532 0.00098010 0.00512028
v 0.03589070 0.00100811 0.00466558
v 0.03596654 0.00141729 0.00464267
v 0.03601991 0.00127105 0.00443568
v 0.03608732 0.00141729 0.00427619
v 0.03622215 0.00142819 0.00382657
v 0.03632046 0.00142819 0.00340664
v 0.03645247 0.00158066 0.00281366
v 0.03653112 0.00142819 0.00214771
v 0.03651427 0.00100811 0.00172778
v 0.03647494 0.00057403 0.00128750
v 0.03644966 0.00036244 0.00113395
v 0.03650303 0.00058803 0.00088878
v 0.03646652 0.00024264 0.00044425
v 0.03652269 0.00058803 0.00046885
v 0.03652269 0.00058803 0.00044425
v 0.00958867 -0.00884658 0.00044425
v 0.00954092 -0.00872989 0.00911086
v 0.03236841 0.00107345 0.00911086
v 0.03253975 0.00100811 0.00897683
v 0.03282625 0.00100811 0.00876729
v 0.03303692 0.00100811 0.00861035
v 0.03332342 0.00104856 0.00836772
v 0.03315208 -0.00025057 0.00828798
v 0.03348071 0.00093498 0.00820738
v 0.03390485 0.00090076 0.00778746
v 0.03431775 0.00100811 0.00736074
v 0.03344701 0.00058803 0.00817430
v 0.03308748 -0.00087757 0.00823199
v 0.03445538 0.00058803 0.00709861
v 0.03449752 0.00100811 0.00715036
v 0.03470818 0.00100811 0.00688398
v 0.03526714 0.00058803 0.00585495
v 0.03522501 0.00016951 0.00578029
v 0.03519692 -0.00009343 0.00573363
v 0.03516883 -0.00037348 0.00567510
v 0.03544972 0.00058803 0.00550458
v 0.03560139 0.00082141 0.00528401
v 0.03517445 0.00086186 0.00611199
v 0.03507333 0.00100344 0.00631729
v 0.03468009 -0.00067064 0.00640636
v 0.03563510 0.00024264 0.00493874
v 0.03599463 0.00100811 0.00435933
v 0.03560701 -0.00003742 0.00487257
v 0.03580644 0.00058803 0.00466558
v 0.03606204 0.00100811 0.00414979
v 0.03615474 0.00100811 0.00382657
v 0.03625585 0.00100811 0.00340664
v 0.03634012 0.00100811 0.00298672
v 0.03640753 0.00143596 0.00296720
v 0.03643562 0.00130061 0.00271185
v 0.03647494 0.00143596 0.00257018
v 0.03645809 0.00115280 0.00243190
v 0.03647214 0.00101122 0.00212650
v 0.03644966 0.00077318 0.00197210
v 0.03642438 0.00049935 0.00172778
v 0.03632888 -0.00025057 0.00130786
v 0.03643843 0.00042467 0.00141390
v 0.03628113 -0.00067064 0.00088878
v 0.03637944 -0.00025057 0.00046885
v 0.03637944 -0.00025057 0.00044425
v 0.00968136 -0.00908773 0.00044425
v 0.00958586 -0.00885591 0.00886230
v 0.00958586 -0.00885591 0.00911086
v 0.03235437 0.00100811 0.00911086
v 0.03228134 0.00058803 0.00909475
v 0.03277850 0.00058803 0.00873166
v 0.03285153 -0.00027235 0.00852551
v 0.03323634 0.00058803 0.00836263
v 0.03266053 -0.00042482 0.00864598
v 0.03263244 -0.00067064 0.00862477
v 0.03401439 0.00016951 0.00748630
v 0.03406215 0.00058803 0.00753805
v 0.03434584 -0.00044816 0.00696966
v 0.03258188 -0.00109072 0.00858574
v 0.03284872 -0.00109072 0.00837620
v 0.03278974 -0.00151080 0.00833039
v 0.03273075 -0.00192932 0.00828119
v 0.03305939 -0.00109072 0.00820399
v 0.03320545 -0.00151080 0.00793931
v 0.03325601 -0.00109072 0.00799445
v 0.03390485 -0.00077800 0.00736753
v 0.03407900 -0.00065197 0.00720974
v 0.03352846 -0.00054773 0.00783496
v 0.03446943 -0.00067064 0.00672873
v 0.03477840 -0.00092891 0.00615271
v 0.03513793 -0.00067064 0.00560638
v 0.03486267 -0.00107672 0.00594317
v 0.03554802 0.00012906 0.00508126
v 0.03442449 -0.00109072 0.00666511
v 0.03464638 -0.00107672 0.00631305
v 0.03603676 0.00074828 0.00406835
v 0.03562667 -0.00055084 0.00451033
v 0.03544972 -0.00109072 0.00466558
v 0.03554522 -0.00068309 0.00465624
v 0.03565757 -0.00025057 0.00459941
v 0.03523343 -0.00067064 0.00539684
v 0.03537388 -0.00067064 0.00508465
v 0.03600868 0.00046823 0.00396909
v 0.03607328 0.00060048 0.00382827
v 0.03601991 -0.00000319 0.00358140
v 0.03617440 0.00058803 0.00340664
v 0.03618001 0.00016951 0.00298672
v 0.03625585 0.00016951 0.00256679
v 0.03641034 0.00101122 0.00257018
v 0.03643281 0.00087275 0.00225206
v 0.03636540 0.00016951 0.00172778
v 0.03640191 0.00061604 0.00212650
v 0.03621091 -0.00067064 0.00172778
v 0.03625304 -0.00067064 0.00130786
v 0.03630641 -0.00064730 0.00044425
v 0.03619687 -0.00109072 0.00088878
v 0.03622215 -0.00109072 0.00046885
v 0.00974035 -0.00923554 0.00911086
v 0.00967013 -0.00906595 0.00886230
v 0.00986113 -0.00949848 0.00044425
v 0.00984708 -0.00948292 0.00424565
v 0.00984427 -0.00948292 0.00592366
v 0.00967013 -0.00906595 0.00911086
v 0.03225887 0.00058803 0.00911086
v 0.03221954 0.00007772 0.00905233
v 0.03242178 -0.00067064 0.00877832
v 0.03237122 -0.00109072 0.00874014
v 0.03386833 -0.00109072 0.00732766
v 0.03405934 -0.00109072 0.00711727
v 0.03432056 -0.00067064 0.00693827
v 0.03230942 -0.00151080 0.00869603
v 0.03252009 -0.00151080 0.00853993
v 0.03300040 -0.00151080 0.00814885
v 0.03268862 -0.00220314 0.00824810
v 0.03311275 -0.00222959 0.00784090
v 0.03315208 -0.00192932 0.00788247
v 0.03360711 -0.00151080 0.00750072
v 0.03474469 -0.00120741 0.00609672
v 0.03509861 -0.00108761 0.00548422
v 0.03520254 -0.00094603 0.00533067
v 0.03482615 -0.00151080 0.00582101
v 0.03478964 -0.00180796 0.00575399
v 0.03427000 -0.00109072 0.00687465
v 0.03438235 -0.00143612 0.00660487
v 0.03434584 -0.00171617 0.00655228
v 0.03567723 -0.00068309 0.00426855
v 0.03581487 -0.00067064 0.00382657
v 0.03559578 -0.00083089 0.00442295
v 0.03556488 -0.00109072 0.00432709
v 0.03526995 -0.00108761 0.00510247
v 0.03522501 -0.00151080 0.00496249
v 0.03519411 -0.00175039 0.00489293
v 0.03534298 -0.00151080 0.00466558
v 0.03538230 -0.00192932 0.00424565
v 0.03590194 -0.00025057 0.00382657
v 0.03592441 -0.00067064 0.00340664
v 0.03605081 -0.00058352 0.00289255
v 0.03602272 -0.00086357 0.00275767
v 0.03608171 -0.00070176 0.00259733
v 0.03617440 -0.00025057 0.00256679
v 0.03604800 -0.00097403 0.00247856
v 0.03615754 -0.00067064 0.00214771
v 0.03612384 -0.00109072 0.00172778
v 0.03616878 -0.00109072 0.00130786
v 0.03622215 -0.00109072 0.00044425
v 0.03610418 -0.00151080 0.00088878
v 0.03612946 -0.00151080 0.00046885
v 0.00984427 -0.00948292 0.00911086
v 0.00998191 -0.00974274 0.00044425
v 0.00997348 -0.00975675 0.00592366
v 0.00997348 -0.00976297 0.00760252
v 0.00997348 -0.00976452 0.00802245
v 0.00989484 -0.00959805 0.00911086
v 0.03218864 0.00030176 0.00911086
v 0.03214651 0.00013373 0.00911086
v 0.03217741 -0.00025057 0.00902433
v 0.03212123 -0.00067064 0.00898786
v 0.03202011 -0.00112339 0.00897259
v 0.03381778 -0.00151080 0.00726912
v 0.03400597 -0.00151080 0.00705874
v 0.03203978 -0.00151080 0.00887842
v 0.03226729 -0.00177840 0.00866549
v 0.03242740 -0.00192309 0.00851109
v 0.03293861 -0.00192932 0.00809286
v 0.03248638 -0.00234628 0.00836433
v 0.03264368 -0.00248320 0.00821247
v 0.03288243 -0.00235562 0.00802669
v 0.03307343 -0.00250964 0.00779594
v 0.03351723 -0.00217203 0.00740401
v 0.03355094 -0.00192932 0.00744134
v 0.03470537 -0.00151080 0.00603055
v 0.03516883 -0.00122608 0.00525347
v 0.03498345 -0.00151080 0.00550458
v 0.03444134 -0.00192932 0.00629608
v 0.03466605 -0.00194021 0.00590585
v 0.03475312 -0.00208801 0.00568443
v 0.03396103 -0.00183441 0.00700953
v 0.03392170 -0.00211446 0.00696542
v 0.03424191 -0.00154969 0.00675249
v 0.03431775 -0.00192932 0.00650562
v 0.03409304 -0.00195577 0.00680084
v 0.03404810 -0.00234939 0.00671092
v 0.03563229 -0.00109072 0.00411755
v 0.03572217 -0.00109072 0.00382657
v 0.03551151 -0.00146879 0.00420493
v 0.03560701 -0.00130231 0.00403696
v 0.03513232 -0.00151080 0.00517203
v 0.03486267 -0.00194021 0.00552834
v 0.03508176 -0.00190598 0.00505327
v 0.03515760 -0.00203045 0.00480216
v 0.03524186 -0.00190598 0.00466388
v 0.03521096 -0.00221870 0.00452306
v 0.03525871 -0.00235562 0.00425159
v 0.03552836 -0.00190909 0.00380197
v 0.03583172 -0.00109072 0.00340664
v 0.03592160 -0.00109072 0.00298672
v 0.03599744 -0.00110472 0.00259733
v 0.03606766 -0.00110472 0.00214092
v 0.03601429 -0.00125408 0.00227581
v 0.03603395 -0.00133187 0.00199586
v 0.03600306 -0.00161504 0.00172778
v 0.03601991 -0.00168816 0.00143680
v 0.03606766 -0.00153258 0.00130107
v 0.03603115 -0.00174106 0.00115685
v 0.03612946 -0.00151080 0.00044425
v 0.03598901 -0.00198688 0.00088878
v 0.03600025 -0.00203200 0.00046885
v 0.01008584 -0.00995278 0.00044425
v 0.01007460 -0.00997301 0.00802245
v 0.00997348 -0.00976608 0.00886230
v 0.01007460 -0.00997612 0.00886230
v 0.00997348 -0.00976452 0.00911086
v 0.03204820 -0.00025057 0.00911086
v 0.03193585 -0.00067064 0.00911086
v 0.03186563 -0.00100515 0.00909559
v 0.03177575 -0.00123697 0.00911086
v 0.03206506 -0.00192309 0.00876729
v 0.03178698 -0.00151080 0.00904385
v 0.03153980 -0.00192932 0.00911086
v 0.03144992 -0.00224826 0.00909729
v 0.03221954 -0.00205845 0.00863240
v 0.03216617 -0.00234939 0.00859592
v 0.03237403 -0.00276947 0.00832530
v 0.03258469 -0.00276947 0.00816836
v 0.03274761 -0.00318955 0.00788926
v 0.03282064 -0.00276947 0.00795882
v 0.03303130 -0.00276947 0.00774674
v 0.03347510 -0.00245208 0.00735396
v 0.03439359 -0.00227627 0.00621125
v 0.03471099 -0.00234939 0.00559451
v 0.03480649 -0.00234939 0.00538412
v 0.03494131 -0.00234939 0.00508465
v 0.03449752 -0.00238984 0.00596438
v 0.03443010 -0.00276947 0.00585919
v 0.03437955 -0.00306664 0.00577011
v 0.03388238 -0.00234939 0.00692046
v 0.03427562 -0.00238984 0.00634783
v 0.03398069 -0.00276947 0.00662524
v 0.03394136 -0.00301685 0.00657179
v 0.03561544 -0.00175662 0.00364587
v 0.03511265 -0.00235562 0.00466388
v 0.03497783 -0.00276947 0.00466558
v 0.03516883 -0.00249875 0.00439496
v 0.03539354 -0.00234939 0.00382657
v 0.03557892 -0.00203667 0.00349911
v 0.03573060 -0.00151080 0.00340664
v 0.03582048 -0.00151080 0.00298672
v 0.03580363 -0.00192932 0.00256679
v 0.03590475 -0.00151080 0.00256679
v 0.03597778 -0.00148746 0.00214092
v 0.03587104 -0.00192932 0.00214771
v 0.03592441 -0.00192932 0.00172778
v 0.03598059 -0.00190131 0.00130107
v 0.03600025 -0.00203200 0.00044425
v 0.03589070 -0.00234939 0.00088878
v 0.03591598 -0.00234939 0.00046885
v 0.03592160 -0.00233072 0.00044425
v 0.01040043 -0.01057978 0.00044425
v 0.01025437 -0.01032151 0.00802245
v 0.01025437 -0.01032151 0.00844237
v 0.01039481 -0.01057978 0.00844237
v 0.01008303 -0.00997456 0.00911086
v 0.03183754 -0.00102071 0.00911086
v 0.03168305 -0.00151080 0.00911086
v 0.03160160 -0.00237273 0.00896750
v 0.03195832 -0.00234939 0.00873675
v 0.03157632 -0.00182352 0.00911086
v 0.03146958 -0.00213002 0.00911086
v 0.03141902 -0.00226538 0.00911086
v 0.03134037 -0.00247386 0.00911086
v 0.03139655 -0.00252831 0.00906421
v 0.03188810 -0.00268701 0.00869179
v 0.03203135 -0.00280370 0.00855605
v 0.03224201 -0.00338091 0.00822690
v 0.03269705 -0.00346493 0.00784005
v 0.03244987 -0.00322066 0.00812170
v 0.03295827 -0.00318955 0.00766190
v 0.03342173 -0.00276947 0.00729203
v 0.03415484 -0.00276947 0.00634359
v 0.03431213 -0.00276947 0.00606957
v 0.03472503 -0.00285193 0.00519918
v 0.03476997 -0.00257188 0.00530353
v 0.03464077 -0.00273524 0.00546810
v 0.03482053 -0.00273524 0.00506938
v 0.03478683 -0.00303396 0.00491923
v 0.03401720 -0.00316932 0.00634613
v 0.03432898 -0.00334669 0.00567425
v 0.03445538 -0.00319888 0.00552240
v 0.03360149 -0.00276947 0.00708249
v 0.03381216 -0.00276947 0.00683477
v 0.03349476 -0.00336069 0.00695609
v 0.03388800 -0.00329690 0.00648780
v 0.03484020 -0.00318021 0.00466218
v 0.03512389 -0.00277258 0.00425159
v 0.03516602 -0.00291572 0.00397079
v 0.03498345 -0.00318955 0.00424565
v 0.03521096 -0.00304485 0.00369168
v 0.03552555 -0.00231672 0.00337780
v 0.03561263 -0.00215491 0.00321916
v 0.03567442 -0.00237429 0.00258206
v 0.03575307 -0.00234939 0.00214771
v 0.03580925 -0.00234939 0.00172778
v 0.03585700 -0.00234939 0.00130786
v 0.03576431 -0.00276947 0.00088878
v 0.03579239 -0.00276947 0.00046885
v 0.03579239 -0.00276947 0.00044425
v 0.01051278 -0.01077738 0.00044425
v 0.01051840 -0.01078982 0.00088878
v 0.01039762 -0.01058445 0.00508465
v 0.01039762 -0.01058601 0.00676351
v 0.01039762 -0.01058601 0.00802245
v 0.01040604 -0.01055956 0.00873929
v 0.01017853 -0.01013326 0.00911086
v 0.01051840 -0.01079605 0.00760252
v 0.01072906 -0.01113211 0.00718344
v 0.01087512 -0.01134215 0.00718344
v 0.03126173 -0.00265123 0.00911086
v 0.03134037 -0.00276947 0.00902858
v 0.03165777 -0.00280370 0.00880886
v 0.03156227 -0.00318955 0.00875456
v 0.03182349 -0.00296706 0.00864852
v 0.03217741 -0.00360807 0.00818024
v 0.03247515 -0.00360651 0.00795543
v 0.03177294 -0.00318955 0.00861289
v 0.03147801 -0.00352872 0.00869857
v 0.03140498 -0.00380877 0.00864852
v 0.03196955 -0.00360807 0.00833039
v 0.03262683 -0.00374498 0.00777473
v 0.03286558 -0.00358162 0.00758895
v 0.03309871 -0.00341825 0.00740401
v 0.03313804 -0.00318955 0.00745236
v 0.03466886 -0.00318021 0.00506938
v 0.03473627 -0.00331246 0.00479876
v 0.03427843 -0.00363296 0.00552240
v 0.03439640 -0.00350849 0.00539430
v 0.03396945 -0.00349138 0.00620785
v 0.03405934 -0.00362207 0.00594317
v 0.03392170 -0.00422574 0.00570309
v 0.03360711 -0.00360807 0.00667614
v 0.03303411 -0.00369831 0.00732596
v 0.03320545 -0.00357851 0.00718514
v 0.03314927 -0.00394257 0.00704601
v 0.03353970 -0.00388656 0.00659385
v 0.03347229 -0.00416661 0.00650308
v 0.03363239 -0.00402814 0.00635546
v 0.03382620 -0.00362207 0.00634613
v 0.03479244 -0.00345871 0.00452051
v 0.03511546 -0.00318643 0.00382912
v 0.03516040 -0.00332490 0.00350590
v 0.03523905 -0.00318643 0.00338204
v 0.03537388 -0.00276947 0.00340664
v 0.03546938 -0.00276947 0.00298672
v 0.03559858 -0.00252987 0.00273137
v 0.03562386 -0.00261855 0.00245142
v 0.03564914 -0.00269479 0.00214771
v 0.03567161 -0.00280059 0.00174390
v 0.03573060 -0.00276947 0.00130786
v 0.03563791 -0.00306352 0.00130786
v 0.03565195 -0.00311331 0.00088878
v 0.03566600 -0.00315221 0.00046885
v 0.03566600 -0.00315221 0.00044425
v 0.01072906 -0.01112122 0.00044425
v 0.01051840 -0.01079138 0.00172778
v 0.01072906 -0.01113055 0.00298672
v 0.01072906 -0.01113366 0.00424565
v 0.01051840 -0.01079449 0.00508465
v 0.01051840 -0.01079605 0.00718344
v 0.01044818 -0.01051599 0.00901924
v 0.01029931 -0.01029507 0.00911086
v 0.01074311 -0.01104965 0.00802245
v 0.01078805 -0.01099675 0.00835415
v 0.01072906 -0.01113678 0.00676351
v 0.01086389 -0.01134681 0.00676351
v 0.01093411 -0.01131414 0.00760252
v 0.01122623 -0.01183223 0.00592366
v 0.01124308 -0.01181357 0.00623924
v 0.03105387 -0.00307130 0.00911086
v 0.03119431 -0.00321600 0.00898107
v 0.03103983 -0.00309931 0.00911086
v 0.03202854 -0.00403903 0.00810134
v 0.03233190 -0.00402814 0.00787653
v 0.03188248 -0.00390523 0.00827101
v 0.03123925 -0.00364385 0.00881140
v 0.03091343 -0.00360807 0.00902688
v 0.03060165 -0.00390834 0.00911086
v 0.03112409 -0.00402814 0.00873844
v 0.03103421 -0.00430353 0.00867991
v 0.03133195 -0.00402814 0.00860101
v 0.03150048 -0.00444822 0.00829646
v 0.03164092 -0.00403903 0.00838214
v 0.03268862 -0.00427085 0.00741589
v 0.03274761 -0.00402814 0.00748630
v 0.03226167 -0.00425685 0.00782224
v 0.03254256 -0.00402814 0.00769584
v 0.03446943 -0.00363296 0.00510841
v 0.03467166 -0.00360340 0.00466218
v 0.03433460 -0.00378854 0.00526365
v 0.03407619 -0.00406237 0.00553936
v 0.03390766 -0.00377143 0.00609672
v 0.03355936 -0.00474850 0.00580913
v 0.03347790 -0.00502544 0.00565898
v 0.03386272 -0.00447623 0.00553936
v 0.03399192 -0.00435487 0.00542314
v 0.03428685 -0.00405148 0.00510841
v 0.03385991 -0.00406237 0.00594317
v 0.03356498 -0.00433620 0.00622312
v 0.03348352 -0.00461625 0.00608909
v 0.03308186 -0.00422262 0.00696372
v 0.03318017 -0.00444822 0.00666765
v 0.03310714 -0.00468471 0.00657603
v 0.03339926 -0.00446533 0.00635546
v 0.03482896 -0.00360340 0.00422274
v 0.03446662 -0.00405148 0.00468763
v 0.03473346 -0.00373876 0.00434660
v 0.03494974 -0.00360807 0.00382657
v 0.03476155 -0.00422262 0.00359158
v 0.03508737 -0.00357695 0.00338204
v 0.03519411 -0.00341514 0.00322595
v 0.03532893 -0.00318955 0.00298672
v 0.03555364 -0.00276325 0.00258206
v 0.03541601 -0.00318955 0.00256679
v 0.03558454 -0.00290483 0.00214771
v 0.03560139 -0.00296084 0.00189491
v 0.03562105 -0.00301685 0.00161495
v 0.03556207 -0.00327356 0.00130786
v 0.03557892 -0.00332335 0.00088878
v 0.03559297 -0.00336069 0.00046885
v 0.03559297 -0.00336069 0.00044425
v 0.01086670 -0.01132036 0.00044425
v 0.01086670 -0.01134059 0.00340664
v 0.01086389 -0.01134526 0.00508465
v 0.01072906 -0.01113678 0.00592366
v 0.01049593 -0.01050355 0.00911086
v 0.01086670 -0.01094541 0.00863410
v 0.01069255 -0.01062957 0.00911086
v 0.01114196 -0.01144328 0.00760252
v 0.01121499 -0.01139971 0.00788926
v 0.01086389 -0.01134681 0.00634359
v 0.01102961 -0.01158174 0.00550458
v 0.01122061 -0.01184313 0.00550458
v 0.01127960 -0.01178400 0.00651919
v 0.01159980 -0.01228343 0.00382657
v 0.01161385 -0.01226476 0.00424565
v 0.01163913 -0.01224142 0.00466558
v 0.01166441 -0.01222275 0.00498201
v 0.01170092 -0.01220719 0.00526196
v 0.01147621 -0.01198626 0.00592366
v 0.01144251 -0.01189602 0.00636480
v 0.03097803 -0.00337469 0.00906421
v 0.03092466 -0.00332490 0.00911086
v 0.03179541 -0.00418528 0.00820823
v 0.03083478 -0.00349916 0.00911086
v 0.03063535 -0.00385078 0.00911086
v 0.03077018 -0.00403281 0.00895732
v 0.03025616 -0.00442333 0.00911086
v 0.03052862 -0.00417595 0.00904639
v 0.03079265 -0.00444511 0.00877153
v 0.03093871 -0.00458358 0.00861968
v 0.03118308 -0.00444511 0.00851618
v 0.03142464 -0.00467693 0.00824302
v 0.03243021 -0.00440310 0.00758046
v 0.03232066 -0.00476250 0.00746509
v 0.03260155 -0.00455091 0.00730984
v 0.03171114 -0.00444822 0.00814376
v 0.03203135 -0.00441710 0.00791556
v 0.03188810 -0.00473450 0.00785872
v 0.03216898 -0.00453690 0.00774504
v 0.03341049 -0.00487763 0.00593893
v 0.03312118 -0.00512034 0.00617816
v 0.03317736 -0.00527126 0.00588888
v 0.03337679 -0.00528215 0.00551307
v 0.03355094 -0.00513901 0.00537903
v 0.03364082 -0.00487763 0.00551307
v 0.03391328 -0.00463492 0.00526281
v 0.03407057 -0.00447623 0.00510756
v 0.03433179 -0.00420551 0.00484118
v 0.03301164 -0.00444822 0.00687804
v 0.03300883 -0.00496320 0.00645811
v 0.03318859 -0.00484029 0.00632832
v 0.03271390 -0.00472049 0.00702989
v 0.03225606 -0.00592471 0.00656161
v 0.03481492 -0.00392857 0.00382657
v 0.03439078 -0.00431909 0.00456208
v 0.03472503 -0.00413861 0.00382657
v 0.03465762 -0.00400014 0.00422274
v 0.03443572 -0.00445444 0.00422783
v 0.03456493 -0.00444822 0.00382657
v 0.03439921 -0.00475005 0.00382657
v 0.03432618 -0.00503633 0.00353983
v 0.03468571 -0.00443889 0.00343379
v 0.03479525 -0.00429264 0.00331163
v 0.03498906 -0.00402814 0.00298672
v 0.03513232 -0.00368742 0.00298672
v 0.03516602 -0.00376676 0.00267538
v 0.03521939 -0.00347738 0.00298672
v 0.03525310 -0.00362051 0.00254813
v 0.03548623 -0.00318955 0.00214771
v 0.03554802 -0.00316932 0.00174390
v 0.03537949 -0.00360807 0.00172778
v 0.03543005 -0.00360807 0.00130786
v 0.03546657 -0.00360807 0.00088878
v 0.03549466 -0.00360807 0.00046885
v 0.03550027 -0.00359406 0.00044425
v 0.01123184 -0.01184001 0.00044425
v 0.01102961 -0.01158174 0.00508465
v 0.01102680 -0.01107143 0.00847376
v 0.01114758 -0.01098897 0.00871384
v 0.01102680 -0.01088162 0.00885636
v 0.01104646 -0.01074626 0.00911086
v 0.01135263 -0.01175755 0.00676351
v 0.01156329 -0.01184779 0.00676351
v 0.01164755 -0.01180423 0.00700953
v 0.01147621 -0.01141994 0.00792489
v 0.01147621 -0.01132814 0.00813443
v 0.01122342 -0.01184935 0.00508465
v 0.01159138 -0.01231766 0.00130786
v 0.01159138 -0.01231143 0.00214771
v 0.01159138 -0.01230677 0.00256679
v 0.01159138 -0.01230054 0.00298672
v 0.01159419 -0.01229432 0.00340664
v 0.01188350 -0.01252147 0.00214771
v 0.01189754 -0.01249813 0.00298672
v 0.01189754 -0.01247791 0.00340664
v 0.01189754 -0.01244835 0.00382657
v 0.01189754 -0.01240634 0.00424565
v 0.01189754 -0.01235033 0.00466558
v 0.01186384 -0.01227254 0.00510671
v 0.01197900 -0.01224142 0.00541720
v 0.01186384 -0.01219163 0.00553597
v 0.01189754 -0.01212007 0.00592366
v 0.03015504 -0.00466293 0.00907439
v 0.03023931 -0.00444822 0.00911086
v 0.03066063 -0.00476872 0.00870790
v 0.03079265 -0.00489163 0.00855860
v 0.03131509 -0.00495542 0.00816073
v 0.03103421 -0.00513123 0.00826422
v 0.03205382 -0.00488697 0.00761864
v 0.03191619 -0.00528526 0.00746933
v 0.03222235 -0.00504100 0.00736074
v 0.03177855 -0.00501299 0.00777219
v 0.03301164 -0.00540039 0.00600595
v 0.03262402 -0.00585937 0.00605600
v 0.03309590 -0.00550464 0.00572600
v 0.03344982 -0.00541906 0.00517034
v 0.03315489 -0.00558243 0.00550458
v 0.03360149 -0.00528215 0.00505157
v 0.03395541 -0.00511568 0.00451797
v 0.03389361 -0.00501766 0.00479707
v 0.03384025 -0.00487296 0.00510756
v 0.03397507 -0.00473916 0.00498285
v 0.03426157 -0.00445444 0.00468763
v 0.03232628 -0.00599939 0.00634359
v 0.03184597 -0.00594805 0.00699257
v 0.03172518 -0.00622810 0.00685768
v 0.03184316 -0.00634634 0.00657773
v 0.03431494 -0.00459914 0.00435508
v 0.03435988 -0.00468004 0.00407513
v 0.03428124 -0.00495854 0.00382657
v 0.03436550 -0.00510323 0.00325988
v 0.03400316 -0.00518724 0.00424565
v 0.03405653 -0.00531016 0.00382742
v 0.03455931 -0.00486674 0.00298672
v 0.03471941 -0.00457113 0.00298672
v 0.03483177 -0.00436265 0.00298672
v 0.03509299 -0.00399703 0.00254813
v 0.03519411 -0.00383678 0.00239542
v 0.03532332 -0.00360807 0.00214771
v 0.03521377 -0.00388190 0.00214771
v 0.03524186 -0.00394724 0.00172778
v 0.03525029 -0.00405148 0.00126714
v 0.03518849 -0.00423818 0.00110001
v 0.03529242 -0.00402814 0.00088878
v 0.03531770 -0.00402814 0.00046885
v 0.03549466 -0.00360807 0.00044425
v 0.01139476 -0.01206561 0.00044425
v 0.01122342 -0.01184935 0.00466558
v 0.01147621 -0.01116789 0.00844237
v 0.01147621 -0.01100142 0.00873335
v 0.01147621 -0.01087073 0.00894374
v 0.01147621 -0.01075871 0.00911086
v 0.01189754 -0.01201582 0.00634359
v 0.01189754 -0.01188669 0.00676351
v 0.01189754 -0.01180112 0.00700020
v 0.01189754 -0.01172021 0.00720974
v 0.01189754 -0.01155685 0.00760252
v 0.01189754 -0.01141838 0.00790538
v 0.01189754 -0.01131103 0.00811492
v 0.01138352 -0.01205316 0.00340664
v 0.01159138 -0.01231766 0.00088878
v 0.01183856 -0.01251680 0.00044425
v 0.01185822 -0.01252770 0.00088878
v 0.01186384 -0.01252770 0.00130786
v 0.01187226 -0.01252458 0.00172778
v 0.01208293 -0.01264127 0.00172778
v 0.01209416 -0.01263660 0.00214771
v 0.01210259 -0.01263194 0.00238355
v 0.01219528 -0.01262571 0.00266350
v 0.01231606 -0.01257593 0.00340664
v 0.01231606 -0.01253081 0.00382657
v 0.01231606 -0.01247635 0.00424565
v 0.01231606 -0.01240790 0.00466558
v 0.01231606 -0.01232388 0.00508465
v 0.01231606 -0.01224453 0.00543162
v 0.01231606 -0.01219319 0.00564201
v 0.03021684 -0.00448089 0.00911086
v 0.03000055 -0.00477028 0.00911086
v 0.02984326 -0.00495854 0.00911086
v 0.02975899 -0.00510790 0.00908796
v 0.03003988 -0.00494142 0.00900652
v 0.03035166 -0.00485429 0.00885721
v 0.03023931 -0.00528526 0.00870875
v 0.03054828 -0.00504722 0.00863664
v 0.03149767 -0.00518413 0.00788077
v 0.03091905 -0.00541129 0.00818109
v 0.03015223 -0.00549686 0.00865191
v 0.03077861 -0.00527748 0.00835415
v 0.03183192 -0.00549841 0.00739553
v 0.03162969 -0.00530860 0.00769329
v 0.03138251 -0.00546418 0.00779170
v 0.03245829 -0.00612542 0.00592366
v 0.03270266 -0.00595272 0.00577605
v 0.03306220 -0.00588270 0.00524075
v 0.03298917 -0.00579247 0.00550458
v 0.03328971 -0.00569445 0.00506514
v 0.03351442 -0.00550464 0.00489039
v 0.03385710 -0.00539728 0.00424565
v 0.03421944 -0.00483718 0.00422783
v 0.03356217 -0.00557154 0.00466558
v 0.03347229 -0.00586870 0.00436526
v 0.03212404 -0.00620943 0.00634359
v 0.03221112 -0.00629811 0.00607127
v 0.03101736 -0.00636190 0.00741758
v 0.03144430 -0.00635412 0.00699681
v 0.03097803 -0.00674620 0.00695948
v 0.03090500 -0.00711337 0.00644878
v 0.03101736 -0.00719272 0.00616883
v 0.03131509 -0.00710404 0.00592366
v 0.03162126 -0.00687844 0.00590669
v 0.03176170 -0.00670108 0.00603479
v 0.03185439 -0.00677576 0.00575484
v 0.03214370 -0.00666374 0.00550458
v 0.03439640 -0.00515146 0.00298672
v 0.03421663 -0.00526037 0.00340240
v 0.03399192 -0.00558710 0.00340664
v 0.03404529 -0.00566489 0.00298672
v 0.03425595 -0.00536150 0.00298672
v 0.03390766 -0.00546574 0.00396739
v 0.03394979 -0.00552797 0.00368744
v 0.03466324 -0.00483874 0.00256340
v 0.03478121 -0.00468315 0.00242088
v 0.03486267 -0.00447156 0.00256340
v 0.03512389 -0.00409193 0.00214771
v 0.03515198 -0.00415728 0.00172778
v 0.03517164 -0.00420551 0.00137996
v 0.03500592 -0.00444822 0.00172778
v 0.03508176 -0.00440621 0.00126714
v 0.03485424 -0.00482162 0.00130786
v 0.03474189 -0.00503010 0.00130786
v 0.03487390 -0.00485118 0.00088878
v 0.03508456 -0.00446222 0.00088878
v 0.03519411 -0.00425218 0.00088878
v 0.03520535 -0.00427552 0.00046885
v 0.03519973 -0.00428797 0.00044425
v 0.03531770 -0.00402814 0.00044425
v 0.01159419 -0.01231921 0.00044425
v 0.01189754 -0.01113678 0.00844237
v 0.01231606 -0.01097186 0.00868754
v 0.01189754 -0.01098741 0.00871215
v 0.01306321 -0.01066691 0.00911086
v 0.01189754 -0.01085828 0.00892168
v 0.01260256 -0.01069492 0.00911086
v 0.01215596 -0.01072137 0.00911086
v 0.01171216 -0.01074626 0.00911086
v 0.01231606 -0.01211540 0.00592366
v 0.01231606 -0.01199249 0.00634359
v 0.01273458 -0.01183846 0.00667868
v 0.01227393 -0.01184468 0.00678303
v 0.01210540 -0.01179178 0.00697305
v 0.01227393 -0.01171088 0.00714102
v 0.01357442 -0.01134681 0.00775013
v 0.01325421 -0.01136237 0.00778915
v 0.01297333 -0.01137326 0.00781715
v 0.01273458 -0.01138415 0.00783666
v 0.01231606 -0.01129391 0.00808098
v 0.01231606 -0.01110410 0.00844237
v 0.01185541 -0.01252925 0.00044425
v 0.01185541 -0.01252925 0.00046885
v 0.01206326 -0.01264905 0.00046885
v 0.01206888 -0.01264749 0.00088878
v 0.01207450 -0.01264438 0.00130786
v 0.01231606 -0.01270351 0.00046885
v 0.01231606 -0.01269728 0.00088878
v 0.01231606 -0.01269106 0.00130786
v 0.01231606 -0.01268017 0.00172778
v 0.01231606 -0.01266305 0.00214771
v 0.01232730 -0.01264127 0.00254134
v 0.01247336 -0.01263349 0.00280772
v 0.01232730 -0.01261327 0.00296296
v 0.01255481 -0.01263349 0.00280772
v 0.01273458 -0.01255414 0.00340664
v 0.01273458 -0.01249813 0.00382657
v 0.01681864 -0.01221964 0.00325818
v 0.01651248 -0.01220252 0.00355765
v 0.01651248 -0.01215585 0.00382657
v 0.01651248 -0.01200649 0.00466558
v 0.01651248 -0.01191469 0.00508465
v 0.01693380 -0.01187269 0.00508465
v 0.01651248 -0.01182601 0.00542569
v 0.01651248 -0.01169377 0.00592366
v 0.02967192 -0.00516080 0.00911086
v 0.02963540 -0.00538795 0.00901585
v 0.02991629 -0.00526348 0.00891490
v 0.03063816 -0.00556843 0.00827864
v 0.03050615 -0.00584848 0.00818618
v 0.03080669 -0.00573334 0.00804366
v 0.03110443 -0.00561977 0.00790113
v 0.03001741 -0.00577535 0.00856538
v 0.03032919 -0.00567267 0.00842201
v 0.02922812 -0.00582358 0.00902094
v 0.02973933 -0.00592316 0.00865700
v 0.03097522 -0.00589982 0.00780103
v 0.03258469 -0.00624522 0.00550458
v 0.03265210 -0.00631834 0.00526450
v 0.03277850 -0.00603518 0.00550458
v 0.03289367 -0.00613942 0.00511265
v 0.03312961 -0.00596205 0.00496080
v 0.03340487 -0.00578158 0.00466558
v 0.03362958 -0.00571934 0.00423377
v 0.03319702 -0.00603673 0.00466558
v 0.03329814 -0.00612386 0.00424395
v 0.03352566 -0.00593716 0.00408531
v 0.03222235 -0.00673219 0.00524754
v 0.03229257 -0.00637591 0.00579132
v 0.03012976 -0.00673530 0.00779424
v 0.03056794 -0.00675242 0.00739044
v 0.03081231 -0.00615809 0.00772977
v 0.02967754 -0.00669641 0.00818957
v 0.03039379 -0.00699046 0.00722077
v 0.03050053 -0.00712582 0.00689586
v 0.03080107 -0.00697957 0.00678727
v 0.03062412 -0.00721139 0.00661590
v 0.03077018 -0.00727518 0.00632323
v 0.03037694 -0.00751011 0.00637413
v 0.03077580 -0.00747433 0.00593130
v 0.03110443 -0.00725496 0.00592366
v 0.03139655 -0.00716316 0.00569376
v 0.03162407 -0.00706981 0.00553427
v 0.03193304 -0.00684110 0.00550458
v 0.03444134 -0.00521681 0.00256679
v 0.03384306 -0.00579713 0.00340664
v 0.03389642 -0.00587493 0.00298672
v 0.03392451 -0.00590915 0.00275851
v 0.03430090 -0.00542684 0.00256679
v 0.03379530 -0.00568200 0.00382742
v 0.03480087 -0.00472205 0.00214771
v 0.03494974 -0.00444822 0.00214771
v 0.03468571 -0.00493053 0.00214771
v 0.03471661 -0.00498499 0.00172778
v 0.03452561 -0.00528526 0.00172778
v 0.03457616 -0.00528526 0.00130786
v 0.03475874 -0.00506122 0.00088878
v 0.03486547 -0.00490564 0.00048327
v 0.03509580 -0.00448556 0.00046885
v 0.03509580 -0.00448556 0.00044425
v 0.01261941 -0.01095941 0.00866634
v 0.01508277 -0.01053622 0.00907778
v 0.01399575 -0.01060157 0.00911086
v 0.01349016 -0.01063891 0.00911086
v 0.01651248 -0.01157241 0.00634359
v 0.01609396 -0.01161442 0.00634359
v 0.01374857 -0.01178712 0.00654210
v 0.01347050 -0.01180112 0.00658112
v 0.01238628 -0.01177778 0.00693573
v 0.01273458 -0.01164865 0.00718344
v 0.01357442 -0.01142772 0.00754059
v 0.01525411 -0.01134370 0.00731918
v 0.01651248 -0.01126902 0.00718344
v 0.01651248 -0.01110566 0.00760252
v 0.01685515 -0.01096874 0.00784514
v 0.01651248 -0.01098741 0.00788247
v 0.01441427 -0.01113211 0.00802245
v 0.01399575 -0.01117411 0.00802245
v 0.01357442 -0.01121457 0.00802245
v 0.01313063 -0.01127524 0.00798342
v 0.01275143 -0.01104809 0.00847970
v 0.01315590 -0.01104809 0.00841438
v 0.01290030 -0.01094852 0.00864428
v 0.01206326 -0.01264905 0.00044425
v 0.01231606 -0.01270351 0.00044425
v 0.01273458 -0.01273151 0.00044425
v 0.01273458 -0.01272218 0.00088878
v 0.01273458 -0.01271128 0.00130786
v 0.01273458 -0.01269417 0.00172778
v 0.01271211 -0.01260393 0.00296296
v 0.01273458 -0.01266928 0.00214771
v 0.01271211 -0.01264283 0.00253964
v 0.01651248 -0.01241723 0.00172778
v 0.01651248 -0.01237367 0.00214771
v 0.01693380 -0.01233788 0.00214771
v 0.01651248 -0.01227876 0.00298672
v 0.01694785 -0.01223831 0.00300623
v 0.01709672 -0.01220719 0.00315808
v 0.01694785 -0.01218541 0.00340155
v 0.01693380 -0.01211540 0.00382657
v 0.01693380 -0.01204072 0.00424565
v 0.01693380 -0.01196448 0.00466558
v 0.01735232 -0.01191625 0.00466558
v 0.01799274 -0.01179334 0.00488021
v 0.01731581 -0.01182601 0.00508720
v 0.01715008 -0.01179178 0.00529759
v 0.01693380 -0.01180423 0.00534425
v 0.01693380 -0.01165020 0.00592366
v 0.02954552 -0.00530238 0.00911086
v 0.02939103 -0.00547507 0.00911086
v 0.02935452 -0.00554353 0.00909644
v 0.03022526 -0.00599317 0.00828543
v 0.02914386 -0.00574268 0.00911086
v 0.02894724 -0.00596828 0.00910323
v 0.02910172 -0.00664973 0.00859083
v 0.02939946 -0.00682554 0.00829137
v 0.03237403 -0.00645370 0.00550458
v 0.03247515 -0.00656261 0.00511604
v 0.03272513 -0.00639302 0.00498455
v 0.03300883 -0.00624677 0.00466558
v 0.03306501 -0.00631056 0.00440259
v 0.03312399 -0.00637435 0.00412264
v 0.03356779 -0.00598695 0.00382657
v 0.03338521 -0.00619698 0.00382657
v 0.03229819 -0.00679909 0.00496758
v 0.03177013 -0.00712893 0.00518561
v 0.03203416 -0.00696401 0.00507702
v 0.02984888 -0.00684577 0.00790962
v 0.02966068 -0.00712582 0.00774674
v 0.03009044 -0.00713360 0.00733105
v 0.03021964 -0.00722228 0.00705110
v 0.03036009 -0.00730474 0.00675842
v 0.03013538 -0.00758479 0.00653531
v 0.03052581 -0.00756457 0.00607636
v 0.03063255 -0.00763458 0.00579641
v 0.03091343 -0.00754279 0.00560044
v 0.03120274 -0.00738876 0.00550713
v 0.03148924 -0.00723317 0.00541381
v 0.03433179 -0.00547196 0.00224442
v 0.03445258 -0.00531327 0.00212141
v 0.03363239 -0.00606318 0.00340664
v 0.03349476 -0.00631834 0.00313178
v 0.03395260 -0.00594805 0.00247856
v 0.03407338 -0.00574423 0.00259818
v 0.03352566 -0.00635412 0.00285183
v 0.03435146 -0.00550152 0.00196447
v 0.03436831 -0.00552331 0.00172778
v 0.03439078 -0.00556065 0.00130786
v 0.03441044 -0.00558710 0.00088878
v 0.03461268 -0.00528526 0.00088878
v 0.03469414 -0.00519969 0.00044425
v 0.03476436 -0.00507211 0.00063258
v 0.03483739 -0.00495854 0.00044425
v 0.01399575 -0.01101075 0.00834651
v 0.01441427 -0.01088473 0.00851788
v 0.01441427 -0.01099053 0.00830749
v 0.01483279 -0.01086450 0.00847376
v 0.01536085 -0.01052066 0.00905063
v 0.01544231 -0.01047243 0.00911086
v 0.01511086 -0.01050977 0.00911086
v 0.01483279 -0.01053466 0.00911086
v 0.01457718 -0.01055645 0.00911086
v 0.01439741 -0.01057045 0.00911086
v 0.01693380 -0.01152729 0.00634359
v 0.01693380 -0.01141683 0.00667189
v 0.01651248 -0.01143861 0.00673297
v 0.01613047 -0.01145105 0.00680423
v 0.01315590 -0.01173888 0.00683308
v 0.01613047 -0.01131570 0.00716223
v 0.01693380 -0.01133748 0.00688228
v 0.01693380 -0.01122235 0.00718344
v 0.01697032 -0.01103876 0.00764324
v 0.01713604 -0.01095163 0.00781036
v 0.01695627 -0.01063268 0.00847970
v 0.01683268 -0.01054556 0.00867906
v 0.01651248 -0.01056423 0.00871469
v 0.01567263 -0.01050355 0.00901670
v 0.01357442 -0.01269573 0.00046885
v 0.01357442 -0.01269573 0.00044425
v 0.01315590 -0.01270351 0.00088878
v 0.01357442 -0.01268172 0.00088878
v 0.01315590 -0.01268795 0.00130786
v 0.01479627 -0.01262571 0.00044425
v 0.01525411 -0.01259460 0.00046885
v 0.01567263 -0.01256659 0.00046885
v 0.01609396 -0.01253703 0.00046885
v 0.01609396 -0.01251058 0.00088878
v 0.01609396 -0.01248102 0.00130786
v 0.01651248 -0.01244990 0.00130786
v 0.01693380 -0.01238145 0.00172778
v 0.01735232 -0.01233788 0.00172778
v 0.01735232 -0.01229276 0.00214771
v 0.01736917 -0.01219319 0.00300623
v 0.01819217 -0.01209673 0.00298672
v 0.01861068 -0.01204539 0.00298672
v 0.01819217 -0.01203761 0.00340664
v 0.01735232 -0.01213874 0.00340664
v 0.01837193 -0.01220719 0.00190424
v 0.01735232 -0.01206717 0.00382657
v 0.01819217 -0.01196293 0.00382657
v 0.01861068 -0.01191003 0.00382657
v 0.01861349 -0.01182912 0.00425922
v 0.01847305 -0.01180112 0.00450694
v 0.01827362 -0.01177467 0.00478604
v 0.01861068 -0.01165331 0.00508465
v 0.01815565 -0.01172644 0.00504563
v 0.01777084 -0.01154129 0.00592366
v 0.01735232 -0.01159730 0.00592366
v 0.02930115 -0.00557309 0.00911086
v 0.02896409 -0.00593560 0.00911086
v 0.02891353 -0.00598695 0.00911086
v 0.02846692 -0.00716938 0.00864852
v 0.02893600 -0.00720361 0.00826762
v 0.02921689 -0.00710559 0.00815055
v 0.03258469 -0.00667774 0.00466558
v 0.03279816 -0.00646770 0.00466558
v 0.03288805 -0.00655483 0.00426516
v 0.03317455 -0.00643036 0.00382657
v 0.03271109 -0.00679287 0.00412858
v 0.03297512 -0.00664040 0.00382657
v 0.03345263 -0.00627166 0.00340664
v 0.03212123 -0.00707448 0.00466558
v 0.03237403 -0.00686444 0.00466558
v 0.03160441 -0.00746033 0.00467236
v 0.03191057 -0.00723629 0.00466558
v 0.03137408 -0.00757079 0.00481573
v 0.03145554 -0.00762524 0.00453663
v 0.02937980 -0.00721762 0.00787059
v 0.02980955 -0.00722384 0.00746679
v 0.02994718 -0.00731252 0.00718768
v 0.02997247 -0.00753034 0.00679914
v 0.03012414 -0.00800020 0.00567849
v 0.03037694 -0.00772949 0.00593130
v 0.02972248 -0.00758790 0.00696287
v 0.02919442 -0.00795197 0.00685174
v 0.02932643 -0.00802354 0.00657179
v 0.02942755 -0.00807955 0.00634359
v 0.02997247 -0.00775594 0.00637413
v 0.02996685 -0.00795664 0.00596438
v 0.03077580 -0.00768437 0.00547828
v 0.03036009 -0.00792241 0.00552494
v 0.03100893 -0.00760502 0.00532049
v 0.03128981 -0.00751478 0.00508465
v 0.03398350 -0.00598383 0.00214771
v 0.03421382 -0.00566644 0.00212141
v 0.03324196 -0.00650193 0.00340664
v 0.03308186 -0.00674931 0.00317590
v 0.03311556 -0.00678354 0.00289594
v 0.03355655 -0.00638991 0.00256679
v 0.03380373 -0.00619387 0.00214771
v 0.03336274 -0.00659839 0.00256679
v 0.03422225 -0.00573334 0.00172778
v 0.03424472 -0.00577068 0.00130786
v 0.03442449 -0.00560421 0.00046885
v 0.03426157 -0.00579713 0.00088878
v 0.03466043 -0.00524792 0.00048327
v 0.03443853 -0.00558398 0.00044425
v 0.01582150 -0.01042576 0.00911086
v 0.01735232 -0.01147439 0.00634359
v 0.01735232 -0.01138882 0.00659979
v 0.01735232 -0.01130947 0.00681017
v 0.01735232 -0.01116789 0.00718344
v 0.01735232 -0.01102009 0.00756265
v 0.01735232 -0.01061868 0.00840165
v 0.01711076 -0.01052844 0.00864428
v 0.01837474 -0.01094852 0.00738280
v 0.01821745 -0.01088628 0.00758471
v 0.01861068 -0.01081938 0.00760252
v 0.01819217 -0.01068714 0.00802245
v 0.01819217 -0.01045065 0.00849073
v 0.01651248 -0.01045376 0.00892508
v 0.01695627 -0.01044598 0.00883600
v 0.01677089 -0.01030751 0.00911086
v 0.01397047 -0.01267550 0.00044425
v 0.01399575 -0.01267394 0.00046885
v 0.01452381 -0.01264283 0.00044425
v 0.01565016 -0.01256815 0.00044425
v 0.01567263 -0.01256659 0.00044425
v 0.01609396 -0.01253703 0.00044425
v 0.01651248 -0.01250591 0.00046885
v 0.01651248 -0.01247946 0.00088878
v 0.01693380 -0.01241412 0.00130786
v 0.01735232 -0.01237211 0.00130786
v 0.01819217 -0.01228187 0.00130786
v 0.01848709 -0.01222120 0.00162513
v 0.01821745 -0.01223986 0.00174984
v 0.01861068 -0.01198471 0.00340664
v 0.01861068 -0.01214807 0.00214771
v 0.01903201 -0.01209206 0.00214771
v 0.01903201 -0.01198782 0.00298672
v 0.01861911 -0.01219163 0.00174984
v 0.01903201 -0.01192403 0.00340664
v 0.01892808 -0.01180890 0.00412773
v 0.01875393 -0.01178245 0.00440768
v 0.01861349 -0.01175289 0.00465455
v 0.01903201 -0.01168910 0.00466558
v 0.01861068 -0.01153974 0.00550458
v 0.01819217 -0.01159730 0.00550458
v 0.01903201 -0.01158952 0.00508465
v 0.01874551 -0.01136082 0.00609418
v 0.01819217 -0.01148373 0.00592366
v 0.01846743 -0.01138104 0.00616204
v 0.02841356 -0.00642258 0.00911086
v 0.02829839 -0.00740587 0.00846867
v 0.02814391 -0.00665440 0.00911086
v 0.02784336 -0.00690956 0.00911086
v 0.02784336 -0.00707137 0.00901331
v 0.02761584 -0.00716160 0.00906421
v 0.02741922 -0.00723473 0.00911086
v 0.02687993 -0.00762836 0.00911086
v 0.02686307 -0.00763769 0.00911086
v 0.02792763 -0.00753189 0.00856878
v 0.02812705 -0.00763614 0.00828882
v 0.02840794 -0.00755834 0.00818193
v 0.02870849 -0.00749767 0.00803432
v 0.02886578 -0.00758013 0.00779085
v 0.02908487 -0.00729385 0.00801481
v 0.03264649 -0.00673375 0.00440768
v 0.03304534 -0.00671197 0.00340664
v 0.03220269 -0.00713827 0.00435593
v 0.03226729 -0.00718805 0.00407683
v 0.03252290 -0.00705270 0.00382657
v 0.03276727 -0.00684266 0.00382657
v 0.03108196 -0.00765169 0.00508465
v 0.03059322 -0.00802821 0.00491075
v 0.03121959 -0.00772326 0.00467236
v 0.03087410 -0.00794108 0.00466558
v 0.03066344 -0.00807177 0.00466558
v 0.03095275 -0.00799087 0.00437799
v 0.03117465 -0.00789441 0.00424141
v 0.03129543 -0.00794264 0.00382657
v 0.03152014 -0.00767192 0.00424565
v 0.03173080 -0.00752256 0.00424565
v 0.02913543 -0.00752412 0.00763136
v 0.02952024 -0.00730941 0.00760507
v 0.02929834 -0.00758635 0.00738110
v 0.02955676 -0.00753189 0.00721822
v 0.03022245 -0.00805466 0.00539939
v 0.02972810 -0.00801265 0.00613150
v 0.02984607 -0.00807488 0.00585155
v 0.02956237 -0.00817912 0.00596438
v 0.02930396 -0.00843117 0.00570564
v 0.02996685 -0.00814490 0.00552494
v 0.02944159 -0.00767192 0.00710115
v 0.02891634 -0.00802665 0.00699511
v 0.02907364 -0.00807488 0.00673213
v 0.02906802 -0.00828181 0.00631135
v 0.02890791 -0.00844050 0.00615017
v 0.02921408 -0.00838449 0.00592366
v 0.03050053 -0.00797375 0.00519070
v 0.03401159 -0.00601806 0.00172778
v 0.03383463 -0.00622810 0.00172778
v 0.03283749 -0.00690645 0.00340664
v 0.03264649 -0.00715538 0.00311736
v 0.03288524 -0.00696868 0.00300708
v 0.03268581 -0.00718805 0.00283826
v 0.03292737 -0.00702780 0.00256679
v 0.03315208 -0.00681776 0.00256679
v 0.03359588 -0.00643503 0.00214771
v 0.03340487 -0.00664507 0.00214771
v 0.03362677 -0.00647081 0.00172778
v 0.03403687 -0.00604762 0.00130786
v 0.03427281 -0.00581425 0.00046885
v 0.03441606 -0.00561666 0.00044425
v 0.03405372 -0.00606941 0.00088878
v 0.01819217 -0.01139971 0.00622058
v 0.01773713 -0.01141838 0.00635377
v 0.01757422 -0.01137326 0.00655822
v 0.01773713 -0.01128769 0.00672449
v 0.01735232 -0.01051133 0.00861119
v 0.01735232 -0.01037597 0.00886230
v 0.01819217 -0.01120834 0.00676351
v 0.01861068 -0.01114767 0.00676351
v 0.01861068 -0.01092985 0.00733614
v 0.01903201 -0.01074937 0.00760252
v 0.01903201 -0.01059534 0.00793677
v 0.01859102 -0.01061401 0.00804535
v 0.01843934 -0.01053778 0.00824386
v 0.01859102 -0.01043198 0.00840759
v 0.01861068 -0.01020794 0.00882243
v 0.01777084 -0.01031374 0.00886230
v 0.01735232 -0.01022972 0.00911086
v 0.01693942 -0.01028573 0.00911086
v 0.01651248 -0.01250591 0.00044425
v 0.01690852 -0.01247169 0.00044425
v 0.01693380 -0.01246857 0.00046885
v 0.01693380 -0.01244212 0.00088878
v 0.01777084 -0.01235811 0.00088878
v 0.01819217 -0.01231299 0.00088878
v 0.01861068 -0.01229743 0.00046885
v 0.01861911 -0.01223209 0.00129852
v 0.01876517 -0.01220408 0.00143256
v 0.01903201 -0.01213874 0.00172778
v 0.01945053 -0.01207961 0.00172778
v 0.01987186 -0.01201894 0.00172778
v 0.01987186 -0.01197070 0.00214771
v 0.01987186 -0.01186180 0.00298672
v 0.02010780 -0.01179490 0.00322001
v 0.01982972 -0.01180890 0.00337865
v 0.01966119 -0.01179178 0.00361618
v 0.01905448 -0.01184001 0.00385202
v 0.02029037 -0.01165331 0.00382657
v 0.01987186 -0.01155374 0.00466558
v 0.02029037 -0.01157241 0.00424565
v 0.01860787 -0.01142149 0.00594232
v 0.02029037 -0.01140593 0.00499982
v 0.01945053 -0.01152107 0.00508465
v 0.01989994 -0.01143861 0.00511859
v 0.01903201 -0.01147595 0.00550458
v 0.01903201 -0.01139504 0.00580065
v 0.01903201 -0.01133748 0.00601019
v 0.01987186 -0.01122235 0.00592366
v 0.02029037 -0.01115233 0.00592366
v 0.01987186 -0.01108854 0.00634359
v 0.01903201 -0.01123168 0.00634359
v 0.01860787 -0.01130792 0.00631899
v 0.01819217 -0.01132970 0.00643012
v 0.02757371 -0.00711960 0.00911086
v 0.02697543 -0.00779172 0.00884449
v 0.02742203 -0.00765792 0.00873251
v 0.02764674 -0.00760191 0.00866125
v 0.02644455 -0.00782906 0.00911086
v 0.02628445 -0.00797686 0.00902349
v 0.02658219 -0.00790996 0.00893526
v 0.02780965 -0.00768903 0.00843389
v 0.02756528 -0.00798464 0.00818448
v 0.02787145 -0.00793175 0.00803602
v 0.02826469 -0.00773260 0.00803432
v 0.02858490 -0.00765325 0.00790198
v 0.02901746 -0.00766570 0.00751090
v 0.02803155 -0.00800487 0.00779679
v 0.02826188 -0.00794575 0.00770093
v 0.02867197 -0.00779950 0.00759489
v 0.02875904 -0.00794575 0.00727506
v 0.03201169 -0.00745255 0.00381724
v 0.03231504 -0.00722695 0.00382657
v 0.03179260 -0.00756923 0.00395128
v 0.03259874 -0.00711649 0.00340664
v 0.03036009 -0.00810289 0.00506429
v 0.02978427 -0.00846229 0.00495147
v 0.03036009 -0.00824447 0.00466558
v 0.03079827 -0.00812311 0.00424141
v 0.03036009 -0.00836271 0.00428298
v 0.03050053 -0.00839694 0.00390716
v 0.03057637 -0.00843739 0.00362721
v 0.03074209 -0.00828959 0.00379094
v 0.03108477 -0.00807177 0.00382657
v 0.03136565 -0.00798776 0.00350505
v 0.03164092 -0.00771548 0.00381724
v 0.02910734 -0.00780883 0.00718853
v 0.02968596 -0.00840939 0.00523057
v 0.02993033 -0.00833160 0.00508805
v 0.02900341 -0.00848562 0.00592366
v 0.02804560 -0.00885125 0.00612641
v 0.02828716 -0.00880302 0.00596184
v 0.02844164 -0.00884036 0.00567849
v 0.02855681 -0.00889325 0.00539854
v 0.02913824 -0.00856964 0.00554106
v 0.02909049 -0.00876101 0.00508381
v 0.02940508 -0.00848407 0.00542653
v 0.02848940 -0.00844206 0.00657009
v 0.02847816 -0.00801732 0.00739892
v 0.02826188 -0.00807333 0.00749054
v 0.02784336 -0.00838449 0.00729712
v 0.02822817 -0.00827714 0.00715036
v 0.02806807 -0.00844050 0.00698832
v 0.02864950 -0.00848718 0.00631135
v 0.02826188 -0.00865366 0.00634359
v 0.03385991 -0.00625766 0.00130786
v 0.03239088 -0.00728607 0.00340664
v 0.03248638 -0.00731252 0.00298163
v 0.03222516 -0.00757701 0.00269149
v 0.03226448 -0.00760502 0.00241154
v 0.03271671 -0.00721606 0.00256679
v 0.03297231 -0.00706981 0.00214771
v 0.03319702 -0.00685977 0.00214771
v 0.03343858 -0.00668085 0.00172778
v 0.03346667 -0.00670886 0.00130786
v 0.03387957 -0.00627789 0.00088878
v 0.03406495 -0.00608341 0.00046885
v 0.03427281 -0.00581425 0.00044425
v 0.03389361 -0.00629345 0.00044425
v 0.01837474 -0.01010836 0.00906505
v 0.01809666 -0.01013015 0.00909814
v 0.01773432 -0.01017527 0.00911086
v 0.01903201 -0.01107921 0.00676351
v 0.01903201 -0.01089562 0.00724622
v 0.01967805 -0.01053622 0.00781969
v 0.02029037 -0.01057667 0.00748969
v 0.01945053 -0.01026395 0.00844237
v 0.01903201 -0.01033863 0.00844237
v 0.01872023 -0.01051599 0.00819975
v 0.01995331 -0.01008969 0.00860695
v 0.01903201 -0.01017215 0.00875965
v 0.01861068 -0.01008814 0.00903282
v 0.01821745 -0.01022505 0.00889963
v 0.01774837 -0.01238767 0.00044425
v 0.01819217 -0.01234255 0.00046885
v 0.01861068 -0.01229743 0.00044425
v 0.01911066 -0.01223364 0.00044425
v 0.01905448 -0.01223986 0.00047733
v 0.01892527 -0.01222586 0.00088878
v 0.01885224 -0.01221497 0.00115261
v 0.01900673 -0.01218230 0.00129852
v 0.01987186 -0.01205939 0.00130786
v 0.02029037 -0.01195826 0.00172778
v 0.02029037 -0.01190692 0.00214771
v 0.02026509 -0.01180734 0.00294684
v 0.02038587 -0.01177311 0.00306052
v 0.02026509 -0.01174200 0.00337865
v 0.02070889 -0.01165954 0.00340664
v 0.02070889 -0.01157863 0.00382657
v 0.02029037 -0.01148528 0.00466558
v 0.02055721 -0.01138260 0.00491499
v 0.02070889 -0.01149773 0.00424565
v 0.02029037 -0.01126747 0.00550458
v 0.02070889 -0.01107299 0.00592366
v 0.02095326 -0.01095941 0.00615271
v 0.02070889 -0.01098275 0.00621973
v 0.02027633 -0.01101386 0.00635886
v 0.01987186 -0.01098275 0.00663457
v 0.02680128 -0.00801887 0.00865785
v 0.02624232 -0.00791930 0.00911086
v 0.02658219 -0.00806555 0.00872487
v 0.02601480 -0.00802043 0.00911086
v 0.02600638 -0.00803443 0.00909899
v 0.02509912 -0.00842806 0.00906336
v 0.02615244 -0.00813556 0.00887503
v 0.02742484 -0.00787885 0.00843050
v 0.02728721 -0.00804688 0.00828204
v 0.02701475 -0.00832848 0.00801905
v 0.02688273 -0.00847318 0.00787738
v 0.02742484 -0.00813712 0.00803602
v 0.02775067 -0.00807022 0.00790453
v 0.02787145 -0.00817601 0.00763561
v 0.03211281 -0.00749611 0.00340664
v 0.03185158 -0.00761124 0.00367132
v 0.02953429 -0.00854163 0.00508805
v 0.02922250 -0.00881391 0.00473768
v 0.02948092 -0.00872056 0.00462486
v 0.02987416 -0.00850741 0.00466558
v 0.03008201 -0.00839694 0.00466558
v 0.03014661 -0.00843117 0.00444755
v 0.03008482 -0.00882013 0.00298672
v 0.03036009 -0.00867855 0.00298672
v 0.03061569 -0.00845918 0.00340664
v 0.03119993 -0.00819935 0.00298672
v 0.03141902 -0.00802043 0.00322510
v 0.03022245 -0.00847162 0.00416760
v 0.02967192 -0.00882324 0.00391819
v 0.02974214 -0.00885903 0.00363824
v 0.03000055 -0.00877812 0.00340664
v 0.03158474 -0.00787107 0.00338204
v 0.02787987 -0.00880924 0.00637752
v 0.02761865 -0.00884813 0.00654040
v 0.02670859 -0.00924176 0.00647508
v 0.02699509 -0.00918264 0.00633850
v 0.02685184 -0.00929622 0.00619513
v 0.02713272 -0.00924176 0.00604921
v 0.02741361 -0.00918108 0.00591518
v 0.02787987 -0.00897883 0.00596184
v 0.02767764 -0.00929155 0.00534340
v 0.02782651 -0.00917642 0.00549186
v 0.02828716 -0.00896793 0.00552494
v 0.02795852 -0.00923554 0.00517203
v 0.02822817 -0.00915775 0.00505327
v 0.02869163 -0.00894148 0.00508381
v 0.02883769 -0.00882791 0.00522293
v 0.02894443 -0.00887614 0.00494298
v 0.02822817 -0.00848718 0.00673128
v 0.02762989 -0.00843273 0.00739044
v 0.02784336 -0.00848874 0.00708758
v 0.02784336 -0.00864588 0.00676351
v 0.03218022 -0.00754590 0.00298672
v 0.03197236 -0.00769370 0.00298672
v 0.03173080 -0.00794730 0.00256679
v 0.03203978 -0.00780261 0.00214771
v 0.03228976 -0.00762524 0.00214771
v 0.03250043 -0.00746344 0.00214771
v 0.03178136 -0.00798153 0.00214771
v 0.03276165 -0.00725340 0.00214771
v 0.03300883 -0.00710404 0.00172778
v 0.03323073 -0.00689400 0.00172778
v 0.03325601 -0.00691734 0.00130786
v 0.03348352 -0.00672753 0.00088878
v 0.03366891 -0.00651749 0.00088878
v 0.03406495 -0.00608341 0.00044425
v 0.03368295 -0.00652838 0.00046885
v 0.03368295 -0.00652838 0.00044425
v 0.01842530 -0.01007102 0.00911086
v 0.01833823 -0.01008503 0.00911086
v 0.01810509 -0.01012081 0.00911086
v 0.01798993 -0.01013793 0.00911086
v 0.01926234 -0.01095630 0.00698323
v 0.01942244 -0.01086606 0.00714696
v 0.01987186 -0.01077426 0.00718344
v 0.01995893 -0.01050977 0.00776540
v 0.02029037 -0.01031996 0.00802245
v 0.02029037 -0.01016438 0.00833464
v 0.02029037 -0.01069958 0.00718344
v 0.02057968 -0.01054867 0.00742946
v 0.02029037 -0.01047865 0.00770008
v 0.01967524 -0.01011459 0.00865615
v 0.01945053 -0.01013481 0.00869263
v 0.02029037 -0.01005702 0.00854417
v 0.02029037 -0.00987499 0.00886230
v 0.01903201 -0.01005080 0.00896919
v 0.01861068 -0.01003835 0.00911086
v 0.01873146 -0.01001657 0.00911086
v 0.01819217 -0.01234255 0.00044425
v 0.01939997 -0.01219319 0.00044425
v 0.01987186 -0.01212629 0.00046885
v 0.01920897 -0.01220719 0.00062325
v 0.02029037 -0.01206717 0.00046885
v 0.02029037 -0.01203294 0.00088878
v 0.02029037 -0.01199871 0.00130786
v 0.02070889 -0.01193025 0.00130786
v 0.02070889 -0.01188825 0.00172778
v 0.02072855 -0.01183223 0.00215789
v 0.02050385 -0.01179178 0.00278057
v 0.02066957 -0.01173888 0.00294684
v 0.02113022 -0.01164865 0.00298672
v 0.02197006 -0.01149306 0.00298672
v 0.02154874 -0.01150240 0.00340664
v 0.02070047 -0.01141216 0.00466388
v 0.02113022 -0.01122235 0.00508465
v 0.02070047 -0.01131258 0.00506684
v 0.02070889 -0.01118967 0.00550458
v 0.02099820 -0.01138726 0.00452306
v 0.02113584 -0.01132814 0.00466388
v 0.02154874 -0.01124724 0.00466558
v 0.02197006 -0.01116322 0.00466558
v 0.02197006 -0.01105432 0.00508465
v 0.02184647 -0.01138882 0.00370102
v 0.02113584 -0.01141527 0.00425159
v 0.02170884 -0.01094229 0.00567849
v 0.02113022 -0.01069025 0.00676351
v 0.02070889 -0.01090495 0.00642927
v 0.02123415 -0.01092985 0.00605770
v 0.02197006 -0.01081627 0.00592366
v 0.02197006 -0.01067313 0.00634359
v 0.02154874 -0.01076182 0.00634359
v 0.02167513 -0.01051444 0.00692639
v 0.02139425 -0.01054400 0.00700359
v 0.02040554 -0.01093452 0.00650901
v 0.02012746 -0.01095941 0.00657518
v 0.01987186 -0.01090340 0.00684411
v 0.02616367 -0.00836116 0.00853484
v 0.02655691 -0.00827870 0.00841099
v 0.02668050 -0.00838761 0.00815733
v 0.02696700 -0.00809200 0.00843050
v 0.02589683 -0.00841250 0.00861713
v 0.02596143 -0.00804377 0.00911086
v 0.02493620 -0.00858675 0.00889878
v 0.02490531 -0.00880302 0.00857132
v 0.02519462 -0.00888392 0.00828119
v 0.02532383 -0.00851985 0.00878765
v 0.02561595 -0.00846540 0.00870112
v 0.02514125 -0.00837516 0.00911086
v 0.02506260 -0.00840472 0.00911086
v 0.02490250 -0.00846073 0.00911086
v 0.02383233 -0.00884658 0.00906081
v 0.02406546 -0.00880924 0.00900143
v 0.02701475 -0.00856030 0.00762203
v 0.02716362 -0.00841094 0.00777473
v 0.02655691 -0.00852141 0.00801905
v 0.02625917 -0.00880924 0.00772892
v 0.02658500 -0.00875167 0.00759404
v 0.03190214 -0.00764547 0.00340664
v 0.02909049 -0.00890570 0.00462486
v 0.02931239 -0.00885436 0.00445858
v 0.02958204 -0.00877812 0.00424565
v 0.02998089 -0.00856342 0.00428298
v 0.03013538 -0.00884502 0.00272882
v 0.02987416 -0.00892593 0.00298672
v 0.03033762 -0.00876723 0.00258036
v 0.03068591 -0.00850118 0.00298672
v 0.03095275 -0.00841094 0.00265586
v 0.03089658 -0.00837827 0.00298672
v 0.03145834 -0.00804532 0.00298672
v 0.03166620 -0.00790374 0.00298672
v 0.02937137 -0.00888392 0.00424565
v 0.02952586 -0.00892437 0.00379773
v 0.02952024 -0.00901461 0.00340664
v 0.02717766 -0.00883880 0.00694251
v 0.02733777 -0.00890570 0.00666256
v 0.02702318 -0.00897571 0.00678727
v 0.02657376 -0.00917019 0.00674740
v 0.02642770 -0.00929155 0.00659724
v 0.02616367 -0.00948136 0.00634359
v 0.02657376 -0.00934134 0.00633850
v 0.02658219 -0.00949536 0.00592366
v 0.02700352 -0.00949381 0.00550458
v 0.02726474 -0.00929466 0.00576926
v 0.02782651 -0.00932267 0.00505327
v 0.02741361 -0.00933978 0.00549186
v 0.02674791 -0.00967740 0.00524245
v 0.02700071 -0.00962605 0.00509568
v 0.02806526 -0.00927755 0.00489208
v 0.02834895 -0.00921998 0.00466558
v 0.02672544 -0.00882791 0.00734123
v 0.02702318 -0.00877968 0.00719362
v 0.03152014 -0.00808577 0.00256679
v 0.03157351 -0.00812000 0.00214771
v 0.03200045 -0.00788507 0.00171082
v 0.03181226 -0.00800176 0.00183892
v 0.03232628 -0.00765169 0.00172778
v 0.03253694 -0.00749300 0.00172778
v 0.03279816 -0.00728296 0.00172778
v 0.03282625 -0.00730474 0.00130786
v 0.03303411 -0.00712738 0.00130786
v 0.03327286 -0.00692978 0.00088878
v 0.03349195 -0.00673842 0.00046885
v 0.03367172 -0.00654082 0.00044425
v 0.02072574 -0.01021572 0.00805299
v 0.02059373 -0.01013326 0.00827356
v 0.02027633 -0.01087228 0.00673467
v 0.02071451 -0.01060779 0.00720550
v 0.02086057 -0.01051911 0.00735990
v 0.02197006 -0.01018927 0.00754992
v 0.02113022 -0.01034796 0.00760252
v 0.02071451 -0.01044754 0.00758301
v 0.01983815 -0.00998545 0.00882243
v 0.01945053 -0.01001190 0.00890217
v 0.02113022 -0.00975675 0.00875711
v 0.02072574 -0.01002746 0.00842456
v 0.02173974 -0.00968829 0.00864428
v 0.02146166 -0.00971941 0.00869687
v 0.02067799 -0.00978319 0.00887757
v 0.02051508 -0.00969607 0.00907778
v 0.02028476 -0.00972252 0.00911086
v 0.01976793 -0.00982209 0.00911086
v 0.01925110 -0.00992011 0.00911086
v 0.02029037 -0.01206717 0.00044425
v 0.02068642 -0.01200649 0.00044425
v 0.02070889 -0.01200182 0.00046885
v 0.02070889 -0.01196604 0.00088878
v 0.02113022 -0.01192870 0.00046885
v 0.02197006 -0.01170310 0.00130786
v 0.02135212 -0.01179334 0.00153945
v 0.02112741 -0.01181668 0.00169809
v 0.02126504 -0.01177778 0.00181856
v 0.02098697 -0.01180267 0.00202555
v 0.02154874 -0.01168443 0.00214771
v 0.02154874 -0.01162842 0.00256679
v 0.02197006 -0.01155063 0.00256679
v 0.02238577 -0.01152107 0.00214771
v 0.02238577 -0.01146350 0.00256679
v 0.02238858 -0.01140749 0.00296720
v 0.02225376 -0.01138882 0.00328363
v 0.02197849 -0.01141838 0.00341682
v 0.02127909 -0.01135926 0.00439496
v 0.02197006 -0.01125657 0.00424565
v 0.02238577 -0.01107299 0.00466558
v 0.02234645 -0.01097963 0.00505581
v 0.02218073 -0.01095163 0.00529589
v 0.02197006 -0.01091585 0.00558348
v 0.02212455 -0.01136082 0.00356274
v 0.02234645 -0.01086606 0.00546301
v 0.02238577 -0.01071981 0.00592366
v 0.02235768 -0.01058445 0.00633850
v 0.02220039 -0.01053778 0.00656670
v 0.02197006 -0.01048332 0.00684326
v 0.02113022 -0.01049110 0.00728609
v 0.02616367 -0.00849029 0.00832530
v 0.02639961 -0.00844517 0.00825065
v 0.02533225 -0.00874078 0.00842965
v 0.02547550 -0.00883102 0.00819636
v 0.02574234 -0.00878123 0.00811237
v 0.02450926 -0.00875634 0.00885382
v 0.02466375 -0.00884347 0.00863580
v 0.02490531 -0.00893371 0.00836178
v 0.02422276 -0.00925577 0.00819975
v 0.02488284 -0.00914997 0.00799360
v 0.02533225 -0.00897105 0.00804281
v 0.02597829 -0.00886214 0.00782818
v 0.02379581 -0.00882480 0.00911086
v 0.02356268 -0.00889792 0.00911086
v 0.02367503 -0.00899750 0.00889708
v 0.02364414 -0.00921687 0.00856199
v 0.02394187 -0.00930088 0.00827864
v 0.02406546 -0.00894148 0.00879189
v 0.02613558 -0.00870500 0.00799021
v 0.02644736 -0.00888081 0.00744897
v 0.02867197 -0.00919509 0.00425498
v 0.02910172 -0.00900683 0.00424565
v 0.03018313 -0.00886836 0.00244972
v 0.02928992 -0.00926354 0.00271610
v 0.02949496 -0.00918731 0.00257273
v 0.02997247 -0.00895082 0.00258036
v 0.02952024 -0.00909862 0.00298672
v 0.03043592 -0.00878435 0.00214771
v 0.03079827 -0.00852141 0.00253625
v 0.03099489 -0.00843739 0.00237591
v 0.03116061 -0.00830981 0.00253625
v 0.02910172 -0.00911574 0.00382657
v 0.02909049 -0.00920753 0.00343124
v 0.02922812 -0.00923709 0.00298672
v 0.02689678 -0.00889637 0.00706128
v 0.02658500 -0.00895238 0.00719362
v 0.02612996 -0.00914219 0.00714866
v 0.02625074 -0.00922776 0.00687634
v 0.02596986 -0.00927910 0.00698493
v 0.02612996 -0.00932889 0.00674740
v 0.02574234 -0.00945647 0.00676351
v 0.02531821 -0.00960583 0.00675249
v 0.02545584 -0.00966806 0.00648696
v 0.02561595 -0.00972096 0.00620701
v 0.02575077 -0.00977853 0.00593469
v 0.02618052 -0.00963072 0.00593469
v 0.02632939 -0.00967740 0.00567001
v 0.02659904 -0.00963695 0.00551985
v 0.02646983 -0.00972407 0.00539090
v 0.02574234 -0.00992944 0.00550458
v 0.02548112 -0.01009592 0.00523651
v 0.02574515 -0.01005235 0.00509144
v 0.02659904 -0.00976919 0.00509568
v 0.02658219 -0.00989521 0.00466558
v 0.02685746 -0.00971785 0.00496249
v 0.02713834 -0.00966495 0.00477501
v 0.02784336 -0.00942691 0.00466558
v 0.02813829 -0.00931022 0.00466558
v 0.02784336 -0.00954515 0.00424565
v 0.02828154 -0.00936467 0.00425498
v 0.02843603 -0.00925732 0.00440005
v 0.03123083 -0.00833004 0.00214771
v 0.03127858 -0.00835649 0.00172778
v 0.03164935 -0.00812311 0.00171082
v 0.03183754 -0.00801887 0.00155896
v 0.03206506 -0.00788507 0.00130786
v 0.03235718 -0.00767503 0.00130786
v 0.03256784 -0.00751478 0.00130786
v 0.03284030 -0.00731719 0.00088878
v 0.03258750 -0.00752723 0.00088878
v 0.03304815 -0.00713982 0.00088878
v 0.03329533 -0.00692823 0.00044425
v 0.03305939 -0.00714916 0.00046885
v 0.03349195 -0.00673842 0.00044425
v 0.02113022 -0.01017993 0.00794695
v 0.02147290 -0.01014259 0.00787144
v 0.02113022 -0.01007414 0.00815733
v 0.02113022 -0.00992944 0.00844237
v 0.02197006 -0.01034952 0.00718344
v 0.02231555 -0.01014726 0.00746509
v 0.02197006 -0.01008658 0.00775946
v 0.02175378 -0.01011148 0.00780951
v 0.02158806 -0.01022816 0.00764324
v 0.02079597 -0.00966495 0.00902773
v 0.02197006 -0.00977230 0.00838384
v 0.02197006 -0.00966028 0.00859338
v 0.02197006 -0.00949381 0.00886230
v 0.02193074 -0.00934600 0.00911086
v 0.02157963 -0.00959805 0.00884703
v 0.02113022 -0.00962605 0.00896750
v 0.02054879 -0.00966806 0.00911086
v 0.02110494 -0.01193336 0.00044425
v 0.02152627 -0.01185557 0.00044425
v 0.02202624 -0.01176222 0.00046885
v 0.02197006 -0.01166109 0.00172778
v 0.02238577 -0.01169532 0.00046885
v 0.02238577 -0.01165643 0.00088878
v 0.02238577 -0.01161753 0.00130786
v 0.02151503 -0.01174666 0.00169809
v 0.02197006 -0.01160664 0.00214771
v 0.02238577 -0.01157397 0.00172778
v 0.02307394 -0.01138415 0.00202809
v 0.02321719 -0.01133437 0.00215959
v 0.02253183 -0.01135615 0.00309361
v 0.02322562 -0.01127524 0.00256679
v 0.02322562 -0.01121457 0.00298672
v 0.02322562 -0.01114144 0.00340664
v 0.02238577 -0.01125035 0.00382657
v 0.02238577 -0.01116634 0.00424565
v 0.02305428 -0.01096096 0.00449167
v 0.02289979 -0.01092518 0.00477162
v 0.02262172 -0.01095785 0.00489632
v 0.02322562 -0.01076182 0.00508465
v 0.02343909 -0.01053311 0.00571667
v 0.02282114 -0.01060779 0.00594572
v 0.02297001 -0.01052066 0.00609927
v 0.02268913 -0.01055489 0.00619513
v 0.02282114 -0.01046932 0.00633850
v 0.02323685 -0.01019549 0.00678472
v 0.02310484 -0.01013481 0.00702565
v 0.02235768 -0.01043509 0.00672958
v 0.02242510 -0.01022350 0.00722331
v 0.02450926 -0.00899438 0.00847461
v 0.02407389 -0.00938023 0.00804450
v 0.02472835 -0.00928377 0.00783412
v 0.02500924 -0.00924021 0.00774589
v 0.02613558 -0.00892126 0.00759404
v 0.02534349 -0.00919820 0.00760507
v 0.02574234 -0.00905817 0.00760252
v 0.02322843 -0.00899283 0.00911086
v 0.02323124 -0.00916241 0.00884194
v 0.02337730 -0.00925732 0.00862561
v 0.02364414 -0.00934445 0.00835245
v 0.02364414 -0.00951870 0.00802245
v 0.02407389 -0.00916553 0.00842795
v 0.02852591 -0.00929622 0.00412094
v 0.03022526 -0.00889014 0.00214771
v 0.02933767 -0.00928533 0.00243699
v 0.02959046 -0.00920442 0.00214771
v 0.02994157 -0.00903172 0.00214771
v 0.02831805 -0.00962761 0.00298672
v 0.02819447 -0.00975208 0.00256679
v 0.02912981 -0.00935378 0.00257273
v 0.03028144 -0.00891815 0.00172778
v 0.03048929 -0.00881235 0.00172778
v 0.03077861 -0.00859298 0.00214771
v 0.03102297 -0.00845295 0.00214771
v 0.02881803 -0.00924021 0.00382657
v 0.02887701 -0.00926666 0.00358734
v 0.02549797 -0.00926043 0.00736838
v 0.02574234 -0.00931955 0.00706892
v 0.02499800 -0.00965717 0.00688483
v 0.02517496 -0.00971318 0.00660487
v 0.02532383 -0.00992322 0.00592366
v 0.02604851 -0.00972563 0.00580150
v 0.02506541 -0.01009903 0.00566746
v 0.02618052 -0.00977853 0.00551985
v 0.02533506 -0.01005858 0.00551816
v 0.02532383 -0.01030596 0.00466558
v 0.02574515 -0.01017371 0.00465879
v 0.02520024 -0.01013948 0.00538751
v 0.02615244 -0.01003991 0.00465879
v 0.02628445 -0.01008347 0.00433642
v 0.02655129 -0.01002435 0.00421596
v 0.02700352 -0.00985943 0.00424565
v 0.02600357 -0.01012859 0.00451457
v 0.02700071 -0.00975208 0.00464691
v 0.02724227 -0.00970385 0.00449506
v 0.02754281 -0.00965873 0.00424565
v 0.02762146 -0.00968829 0.00401829
v 0.02784055 -0.00964006 0.00385711
v 0.02826188 -0.00947825 0.00382657
v 0.03131790 -0.00837983 0.00130786
v 0.03106792 -0.00847940 0.00172778
v 0.03161845 -0.00818846 0.00130786
v 0.03185439 -0.00803132 0.00130786
v 0.03208753 -0.00790063 0.00088878
v 0.03237684 -0.00769059 0.00088878
v 0.03285153 -0.00732652 0.00046885
v 0.03238807 -0.00770304 0.00046885
v 0.03259874 -0.00753656 0.00046885
v 0.03305939 -0.00714916 0.00044425
v 0.02158806 -0.01004458 0.00801566
v 0.02259082 -0.01011148 0.00739044
v 0.02280429 -0.00995122 0.00760252
v 0.02276497 -0.00975519 0.00802075
v 0.02259644 -0.00969296 0.00823283
v 0.02238577 -0.00985165 0.00802245
v 0.02197006 -0.00995589 0.00802245
v 0.02089708 -0.00958871 0.00911086
v 0.02238577 -0.00971941 0.00828458
v 0.02238577 -0.00960583 0.00849497
v 0.02309641 -0.00929622 0.00868839
v 0.02280429 -0.00933667 0.00875287
v 0.02236892 -0.00937868 0.00887842
v 0.02222286 -0.00928533 0.00909050
v 0.02155716 -0.00943469 0.00911086
v 0.02211893 -0.00929777 0.00911086
v 0.02182681 -0.01179956 0.00044425
v 0.02238577 -0.01169532 0.00044425
v 0.02278182 -0.01161131 0.00044425
v 0.02280429 -0.01160508 0.00046885
v 0.02342785 -0.01137015 0.00149449
v 0.02336887 -0.01135615 0.00172778
v 0.02364414 -0.01123790 0.00214771
v 0.02364414 -0.01117878 0.00256679
v 0.02364414 -0.01111655 0.00298672
v 0.02368627 -0.01102475 0.00344651
v 0.02345594 -0.01095630 0.00406071
v 0.02322562 -0.01105743 0.00382657
v 0.02280429 -0.01106987 0.00424565
v 0.02333516 -0.01092829 0.00433981
v 0.02320596 -0.01088473 0.00464522
v 0.02364414 -0.01077426 0.00466558
v 0.02364414 -0.01065913 0.00508465
v 0.02387446 -0.01053778 0.00531286
v 0.02371997 -0.01049732 0.00559281
v 0.02406546 -0.01029662 0.00592366
v 0.02360481 -0.01043354 0.00588379
v 0.02322562 -0.01036508 0.00634359
v 0.02364414 -0.01025773 0.00634359
v 0.02364414 -0.01014571 0.00663966
v 0.02338291 -0.01009903 0.00693912
v 0.02323685 -0.01003680 0.00717241
v 0.02393906 -0.00971941 0.00744558
v 0.02488284 -0.00934912 0.00760507
v 0.02421995 -0.00967584 0.00735820
v 0.02487722 -0.00957316 0.00715036
v 0.02521990 -0.00930866 0.00746679
v 0.02280991 -0.00910952 0.00911086
v 0.02280429 -0.00920442 0.00896325
v 0.02323124 -0.00938957 0.00846867
v 0.02287732 -0.00965562 0.00815903
v 0.02325932 -0.00962450 0.00802075
v 0.02342224 -0.00968829 0.00780527
v 0.02364414 -0.00976141 0.00753126
v 0.02860737 -0.00933200 0.00382657
v 0.02845007 -0.00968362 0.00229108
v 0.02910172 -0.00942691 0.00214771
v 0.02910172 -0.00948447 0.00172778
v 0.02937980 -0.00930555 0.00214771
v 0.02964664 -0.00923243 0.00172778
v 0.02994157 -0.00908773 0.00172778
v 0.02943878 -0.00933356 0.00172778
v 0.02822255 -0.00959027 0.00336762
v 0.02805402 -0.00969451 0.00320219
v 0.02810739 -0.00971474 0.00298672
v 0.02784336 -0.00981587 0.00298672
v 0.02784336 -0.00988588 0.00256679
v 0.02784336 -0.00994500 0.00214771
v 0.02784336 -0.01000257 0.00172778
v 0.02826188 -0.00983765 0.00172778
v 0.02828997 -0.00976919 0.00214941
v 0.03032638 -0.00894148 0.00130786
v 0.02994157 -0.00913441 0.00130786
v 0.03053423 -0.00883569 0.00130786
v 0.03077861 -0.00864743 0.00172778
v 0.02534349 -0.00939112 0.00720974
v 0.02471992 -0.00970073 0.00698917
v 0.02487722 -0.00974585 0.00675249
v 0.02490531 -0.00989366 0.00634359
v 0.02491654 -0.01004924 0.00592536
v 0.02491654 -0.01018460 0.00551816
v 0.02478734 -0.01013948 0.00578623
v 0.02403457 -0.01044754 0.00547319
v 0.02532383 -0.01041175 0.00424565
v 0.02574234 -0.01027951 0.00424565
v 0.02490531 -0.01031062 0.00508465
v 0.02471150 -0.01053778 0.00447385
v 0.02638838 -0.01011770 0.00405647
v 0.02615244 -0.01015504 0.00421596
v 0.02667207 -0.01007414 0.00382657
v 0.02700352 -0.00995745 0.00382657
v 0.02770011 -0.00971785 0.00373834
v 0.03110724 -0.00850274 0.00130786
v 0.03055951 -0.00884813 0.00101009
v 0.03113814 -0.00851985 0.00088878
v 0.03134599 -0.00839694 0.00088878
v 0.03077861 -0.00869411 0.00130786
v 0.03161845 -0.00821958 0.00088878
v 0.03187686 -0.00804688 0.00088878
v 0.03210438 -0.00791308 0.00046885
v 0.03285153 -0.00732652 0.00044425
v 0.03238807 -0.00770304 0.00044425
v 0.03259874 -0.00753656 0.00044425
v 0.02280429 -0.01008347 0.00732596
v 0.02364414 -0.00992322 0.00718344
v 0.02325932 -0.00981276 0.00763985
v 0.02223971 -0.00926666 0.00911086
v 0.02259082 -0.00917019 0.00911086
v 0.02402895 -0.01131881 0.00044425
v 0.02362447 -0.01133748 0.00133585
v 0.02406546 -0.01123324 0.00130786
v 0.02364414 -0.01129236 0.00172778
v 0.02406546 -0.01118656 0.00172778
v 0.02406546 -0.01113055 0.00214771
v 0.02406546 -0.01107299 0.00256679
v 0.02408232 -0.01100453 0.00298926
v 0.02395592 -0.01097963 0.00333284
v 0.02385199 -0.01095163 0.00361279
v 0.02361605 -0.01088628 0.00421850
v 0.02320596 -0.01098275 0.00421850
v 0.02406546 -0.01076493 0.00424565
v 0.02406546 -0.01066380 0.00466558
v 0.02403457 -0.01056578 0.00505327
v 0.02402895 -0.01015815 0.00632662
v 0.02386603 -0.01011614 0.00656246
v 0.02432668 -0.01012859 0.00617477
v 0.02364414 -0.01006480 0.00685004
v 0.02407389 -0.00979253 0.00720380
v 0.02853995 -0.00972252 0.00172778
v 0.02910172 -0.00953115 0.00130786
v 0.02880679 -0.00965717 0.00130786
v 0.02969439 -0.00925577 0.00130786
v 0.02948654 -0.00935689 0.00130786
v 0.02718890 -0.01010370 0.00271694
v 0.02683779 -0.01012859 0.00327854
v 0.02712430 -0.01008036 0.00298672
v 0.02739956 -0.01004769 0.00257358
v 0.02729844 -0.01014415 0.00214771
v 0.02762989 -0.01011148 0.00150467
v 0.02826188 -0.00988588 0.00130786
v 0.02990505 -0.00918731 0.00088623
v 0.02971967 -0.00926821 0.00102366
v 0.02402895 -0.01000568 0.00672704
v 0.02448398 -0.00985787 0.00676351
v 0.02447555 -0.01002746 0.00632662
v 0.02533225 -0.01049266 0.00385711
v 0.02574234 -0.01037130 0.00382657
v 0.02501204 -0.01050355 0.00424565
v 0.02509912 -0.01052844 0.00401745
v 0.02448398 -0.01064980 0.00424565
v 0.02616367 -0.01023750 0.00382657
v 0.02660466 -0.01017993 0.00341343
v 0.02675634 -0.01010059 0.00355850
v 0.03036009 -0.00898660 0.00046885
v 0.03057637 -0.00885747 0.00073014
v 0.02997247 -0.00918420 0.00046885
v 0.03137127 -0.00841094 0.00046885
v 0.03080107 -0.00874389 0.00046885
v 0.03161845 -0.00824602 0.00046885
v 0.03189372 -0.00805932 0.00046885
v 0.03210438 -0.00791308 0.00044425
v 0.02445589 -0.01121145 0.00044425
v 0.02448398 -0.01120368 0.00046885
v 0.02406546 -0.01127058 0.00088878
v 0.02448398 -0.01116478 0.00088878
v 0.02448398 -0.01112433 0.00130786
v 0.02509350 -0.01094696 0.00145971
v 0.02448398 -0.01107610 0.00172778
v 0.02474520 -0.01096563 0.00203318
v 0.02489407 -0.01090807 0.00216298
v 0.02460476 -0.01092829 0.00256679
v 0.02431826 -0.01096408 0.00285013
v 0.02423399 -0.01094074 0.00313009
v 0.02406546 -0.01085050 0.00382657
v 0.02490531 -0.01078360 0.00298672
v 0.02490531 -0.01070581 0.00340664
v 0.02859613 -0.00974585 0.00130786
v 0.02910172 -0.00956693 0.00088878
v 0.02887701 -0.00968673 0.00059865
v 0.02952024 -0.00940668 0.00046885
v 0.02955676 -0.00935689 0.00088623
v 0.02691363 -0.01015660 0.00298672
v 0.02703160 -0.01018149 0.00257358
v 0.02658219 -0.01026862 0.00298672
v 0.02700352 -0.01025150 0.00214771
v 0.02700352 -0.01030907 0.00172778
v 0.02770292 -0.01013948 0.00088878
v 0.02781808 -0.01005547 0.00134179
v 0.02700352 -0.01035574 0.00130786
v 0.02826188 -0.00992011 0.00088878
v 0.02863826 -0.00976297 0.00088878
v 0.02791358 -0.01006013 0.00088878
v 0.02796133 -0.01007725 0.00046885
v 0.02976180 -0.00928844 0.00046885
v 0.02533225 -0.01058445 0.00339731
v 0.02556820 -0.01054244 0.00325140
v 0.02519743 -0.01055645 0.00373749
v 0.02572268 -0.01046465 0.00339731
v 0.03036009 -0.00898660 0.00044425
v 0.03057637 -0.00887303 0.00044425
v 0.03059041 -0.00886525 0.00046885
v 0.02976180 -0.00928844 0.00044425
v 0.02996966 -0.00918420 0.00044425
v 0.03137127 -0.00841094 0.00044425
v 0.03060165 -0.00885903 0.00044425
v 0.03116061 -0.00853385 0.00044425
v 0.03161845 -0.00824602 0.00044425
v 0.03189372 -0.00805932 0.00044425
v 0.02490531 -0.01108699 0.00044425
v 0.02490531 -0.01108699 0.00046885
v 0.02490531 -0.01105120 0.00088878
v 0.02503171 -0.01092985 0.00172778
v 0.02482385 -0.01098586 0.00172778
v 0.02513844 -0.01095941 0.00117976
v 0.02529574 -0.01090029 0.00131549
v 0.02574234 -0.01076493 0.00130786
v 0.02639119 -0.01053778 0.00155981
v 0.02532383 -0.01084583 0.00172778
v 0.02532383 -0.01078827 0.00214771
v 0.02532383 -0.01072914 0.00256679
v 0.02490531 -0.01084739 0.00256679
v 0.02532383 -0.01066380 0.00298672
v 0.02904555 -0.00962605 0.00044425
v 0.02826188 -0.00995434 0.00046885
v 0.02873938 -0.00975675 0.00044425
v 0.02952024 -0.00940668 0.00044425
v 0.02658219 -0.01033707 0.00256679
v 0.02616367 -0.01040242 0.00298672
v 0.02592492 -0.01052377 0.00271525
v 0.02658219 -0.01039464 0.00214771
v 0.02655129 -0.01046465 0.00171082
v 0.02663837 -0.01048177 0.00130786
v 0.02742203 -0.01027640 0.00046885
v 0.02775067 -0.01015660 0.00046885
v 0.02700352 -0.01039153 0.00088878
v 0.02669735 -0.01049888 0.00088878
v 0.02773101 -0.01016438 0.00044425
v 0.02796133 -0.01007725 0.00044425
v 0.02564403 -0.01056734 0.00298672
v 0.02523956 -0.01098897 0.00044425
v 0.02523956 -0.01098897 0.00046885
v 0.02518057 -0.01097186 0.00088878
v 0.02539124 -0.01090962 0.00088878
v 0.02574234 -0.01080383 0.00088878
v 0.02616367 -0.01067469 0.00088878
v 0.02616367 -0.01063424 0.00130786
v 0.02643051 -0.01055022 0.00130786
v 0.02632939 -0.01051911 0.00183976
v 0.02574234 -0.01066069 0.00214771
v 0.02574234 -0.01071670 0.00172778
v 0.02826188 -0.00995434 0.00044425
v 0.02626198 -0.01049732 0.00214771
v 0.02648669 -0.01057045 0.00088878
v 0.02742203 -0.01027640 0.00044425
v 0.02700352 -0.01042576 0.00046885
v 0.02674791 -0.01051599 0.00046885
v 0.02653725 -0.01058912 0.00046885
v 0.02574234 -0.01083961 0.00044425
v 0.02545022 -0.01092674 0.00046885
v 0.02574234 -0.01083961 0.00046885
v 0.02616367 -0.01071203 0.00046885
v 0.02700352 -0.01042576 0.00044425
v 0.02674791 -0.01051599 0.00044425
v 0.02654848 -0.01058601 0.00044425
v 0.02613839 -0.01071981 0.00044425
v 0.02616367 -0.01071203 0.00044425
f 68 90 69
f 14 13 16
f 71 70 98
f 70 97 98
f 16 31 17
f 31 32 17
f 68 69 48
f 3 14 16
f 5 6 1
f 12 13 1
f 1 3 4
f 31 51 52
f 52 70 71
f 52 51 70
f 30 31 16
f 4 17 18
f 18 17 32
f 47 67 68
f 68 48 47
f 15 17 4
f 4 3 15
f 16 17 15
f 15 3 16
f 13 14 2
f 2 1 13
f 14 3 2
f 3 1 2
f 19 20 5
f 137 139 97
f 97 143 144
f 53 32 31
f 31 52 53
f 70 51 49
f 12 1 11
f 1 10 11
f 21 6 5
f 5 20 21
f 54 34 33
f 33 34 19
f 96 97 70
f 96 137 97
f 142 143 97
f 97 141 142
f 97 139 140
f 140 141 97
f 50 51 31
f 50 49 51
f 30 49 50
f 31 30 50
f 68 67 88
f 22 21 20
f 6 21 22
f 95 90 68
f 469 470 422
f 97 146 138
f 97 144 145
f 145 146 97
f 360 361 311
f 311 361 312
f 312 257 311
f 312 313 257
f 258 212 257
f 169 128 127
f 129 128 169
f 89 88 67
f 852 766 851
f 1030 1127 1031
f 1031 931 1030
f 20 19 35
f 35 22 20
f 19 34 35
f 6 22 23
f 68 91 92
f 92 91 132
f 644 579 646
f 523 524 472
f 472 527 523
f 581 527 585
f 581 523 527
f 472 422 471
f 471 422 470
f 420 419 469
f 469 422 420
f 420 360 419
f 361 360 420
f 734 807 735
f 646 579 645
f 725 796 797
f 724 796 725
f 46 27 45
f 45 47 46
f 11 27 28
f 27 46 28
f 28 46 47
f 45 27 44
f 67 47 44
f 44 47 45
f 64 63 83
f 179 146 181
f 179 138 146
f 180 145 144
f 180 212 181
f 181 146 180
f 146 145 180
f 309 313 359
f 257 313 309
f 213 258 259
f 181 212 213
f 212 258 213
f 310 258 257
f 310 309 314
f 257 309 310
f 83 63 82
f 63 81 82
f 119 81 80
f 63 79 80
f 80 81 63
f 126 127 83
f 169 127 168
f 127 126 168
f 84 129 130
f 84 130 131
f 128 129 84
f 84 127 128
f 83 127 84
f 84 64 83
f 438 486 488
f 816 817 742
f 595 596 537
f 485 537 538
f 485 536 537
f 744 669 742
f 742 669 668
f 372 428 373
f 766 847 848
f 828 750 749
f 1027 931 1031
f 926 925 932
f 843 828 932
f 621 680 690
f 373 323 322
f 322 372 373
f 61 60 78
f 432 376 373
f 432 428 477
f 373 428 432
f 373 376 374
f 374 323 373
f 435 486 436
f 436 377 435
f 436 437 377
f 379 437 436
f 436 438 379
f 486 438 436
f 1989 1904 1966
f 1896 1943 1897
f 615 609 549
f 852 851 959
f 842 766 852
f 944 934 842
f 68 92 93
f 132 131 133
f 133 92 132
f 170 129 169
f 169 203 170
f 130 129 170
f 708 634 633
f 635 634 708
f 1410 1522 1524
f 1408 1291 1403
f 902 1000 1001
f 803 731 730
f 1113 1203 1110
f 811 737 736
f 735 809 736
f 910 1004 1006
f 579 644 580
f 524 523 580
f 580 523 579
f 473 423 422
f 472 524 473
f 473 422 472
f 359 313 364
f 787 715 786
f 520 470 469
f 983 886 982
f 983 887 886
f 887 983 984
f 582 581 585
f 582 645 579
f 579 523 582
f 523 581 582
f 719 720 646
f 646 645 719
f 718 720 719
f 719 645 718
f 724 725 648
f 648 725 718
f 645 582 648
f 979 880 879
f 791 720 790
f 978 979 878
f 878 979 879
f 978 878 977
f 641 642 573
f 584 586 527
f 654 734 735
f 1880 1775 1879
f 1215 1320 1212
f 1212 1120 1215
f 64 84 65
f 122 82 81
f 165 122 164
f 125 126 83
f 166 126 125
f 202 203 169
f 169 168 202
f 340 345 396
f 489 438 488
f 611 549 618
f 712 636 711
f 637 636 712
f 664 595 663
f 596 595 664
f 663 595 660
f 819 921 922
f 931 826 930
f 930 826 922
f 922 1026 930
f 825 925 926
f 476 482 477
f 477 428 476
f 487 486 435
f 435 485 487
f 487 485 486
f 434 485 435
f 435 377 434
f 477 482 483
f 822 744 821
f 821 744 742
f 669 744 745
f 742 668 665
f 537 596 597
f 596 665 597
f 538 537 593
f 318 368 369
f 427 372 369
f 368 425 369
f 369 322 318
f 372 322 369
f 429 372 427
f 946 949 845
f 1045 949 946
f 946 843 945
f 945 1044 946
f 946 1044 1045
f 950 949 1045
f 845 949 950
f 958 959 851
f 957 848 847
f 1053 958 957
f 850 851 766
f 1375 1366 1257
f 1126 1218 1127
f 1220 1221 1127
f 1127 1218 1220
f 1043 1044 945
f 1129 1044 1043
f 945 1031 1043
f 1031 1129 1043
f 764 843 765
f 764 828 843
f 750 828 764
f 948 1027 1031
f 925 1027 948
f 948 932 925
f 948 1031 945
f 945 843 948
f 928 826 931
f 931 1027 928
f 924 1027 925
f 925 825 924
f 924 825 826
f 680 621 689
f 23 24 8
f 38 24 23
f 272 323 273
f 273 224 272
f 72 73 54
f 22 35 36
f 36 23 22
f 117 80 79
f 1827 1916 1828
f 1780 1781 1662
f 1904 1906 1804
f 1915 1966 1904
f 1904 1813 1915
f 1996 1952 2014
f 1759 1635 1758
f 1758 1635 1634
f 1873 1765 1872
f 1408 1403 1514
f 1290 1403 1291
f 1404 1403 1290
f 1517 1637 1630
f 1634 1635 1516
f 1517 1404 1516
f 1516 1637 1517
f 1637 1516 1636
f 1636 1516 1635
f 1394 1397 1280
f 1501 1397 1394
f 1394 1393 1501
f 1053 1141 1041
f 1041 1137 1042
f 1041 958 1053
f 959 958 1041
f 1032 934 944
f 692 765 766
f 692 764 765
f 750 764 692
f 680 689 692
f 692 689 621
f 935 934 833
f 135 93 92
f 172 133 131
f 131 130 172
f 255 256 209
f 1768 1767 1876
f 1524 1522 1648
f 1089 990 1088
f 1088 1180 1089
f 1512 1404 1517
f 1512 1403 1404
f 1181 1182 1088
f 1179 1180 1088
f 1185 1294 1295
f 1185 1179 1088
f 1295 1294 1409
f 1409 1410 1295
f 1522 1410 1409
f 1406 1409 1294
f 1646 1521 1645
f 1769 1876 1869
f 1768 1876 1769
f 1642 1767 1768
f 1001 904 903
f 903 902 1001
f 801 897 898
f 802 801 898
f 902 903 805
f 805 903 904
f 814 813 917
f 917 815 814
f 918 815 917
f 1113 1110 1109
f 1109 1110 1013
f 1204 1110 1203
f 1204 1203 1113
f 810 911 811
f 811 736 810
f 810 736 809
f 810 809 910
f 910 911 810
f 916 813 812
f 916 917 813
f 1013 1110 1111
f 910 809 908
f 809 909 908
f 908 907 906
f 908 1004 910
f 906 1004 908
f 808 909 809
f 735 807 808
f 808 809 735
f 807 906 808
f 906 907 808
f 808 908 909
f 907 908 808
f 910 1006 1007
f 1197 1105 1104
f 1002 904 1001
f 905 807 904
f 905 906 807
f 904 1002 905
f 905 1002 1003
f 363 364 313
f 313 312 363
f 363 420 422
f 469 518 519
f 519 520 469
f 574 520 519
f 519 518 573
f 470 520 521
f 1088 990 1087
f 990 989 1087
f 1282 1281 1283
f 1217 1320 1215
f 1217 1332 1283
f 1283 1281 1217
f 980 1080 982
f 988 987 1084
f 1082 988 1084
f 1084 984 1082
f 739 813 814
f 812 813 739
f 739 738 737
f 739 737 811
f 811 812 739
f 919 815 918
f 885 815 920
f 1023 980 920
f 920 980 885
f 815 919 920
f 792 815 885
f 792 885 886
f 718 645 717
f 717 648 718
f 645 648 717
f 724 648 723
f 723 648 722
f 794 795 723
f 723 796 724
f 723 795 796
f 880 790 881
f 788 878 879
f 718 725 788
f 998 977 976
f 976 977 878
f 796 795 892
f 996 977 998
f 716 715 787
f 716 641 715
f 642 641 716
f 640 641 573
f 715 641 640
f 573 642 575
f 642 576 575
f 575 519 573
f 576 519 575
f 526 527 472
f 526 584 527
f 526 583 584
f 586 584 651
f 651 584 650
f 730 731 651
f 653 654 586
f 653 651 731
f 586 651 653
f 734 654 653
f 731 732 653
f 722 648 721
f 655 654 735
f 722 721 659
f 659 721 652
f 1650 1653 1651
f 1771 1653 1650
f 1309 1204 1308
f 1201 1200 1113
f 1198 1105 1197
f 1419 1527 1420
f 1320 1217 1216
f 1556 1433 1555
f 1555 1675 1556
f 1556 1675 1676
f 1331 1217 1215
f 1332 1217 1331
f 62 79 63
f 61 78 62
f 62 78 79
f 88 89 66
f 66 89 67
f 67 44 66
f 85 65 84
f 85 84 131
f 164 122 121
f 121 81 119
f 121 122 81
f 123 165 166
f 122 165 123
f 166 125 123
f 82 122 123
f 166 165 167
f 167 126 166
f 167 168 126
f 200 165 199
f 238 241 199
f 242 243 201
f 243 202 201
f 200 199 201
f 201 202 168
f 201 241 242
f 201 199 241
f 168 167 201
f 201 165 200
f 201 167 165
f 246 203 245
f 203 202 245
f 451 395 397
f 397 405 451
f 340 396 397
f 397 396 345
f 345 405 397
f 451 405 456
f 456 405 455
f 679 618 680
f 486 540 541
f 540 603 541
f 541 542 488
f 488 486 541
f 558 544 607
f 504 544 558
f 571 637 638
f 637 712 638
f 516 517 468
f 465 418 468
f 418 358 417
f 635 708 709
f 709 636 635
f 875 784 874
f 783 784 713
f 713 712 783
f 713 638 712
f 511 459 510
f 457 456 510
f 451 456 457
f 567 634 635
f 633 634 567
f 743 816 742
f 742 666 743
f 594 660 595
f 537 536 594
f 594 595 537
f 482 528 529
f 1025 1026 922
f 921 819 818
f 742 817 818
f 818 819 742
f 742 819 820
f 822 821 820
f 820 821 742
f 926 932 927
f 927 825 926
f 481 528 482
f 536 485 535
f 485 434 484
f 434 483 484
f 477 483 433
f 433 483 434
f 433 432 477
f 376 432 433
f 433 377 376
f 433 434 377
f 823 744 822
f 823 745 744
f 822 826 823
f 596 666 667
f 667 665 596
f 667 666 742
f 742 665 667
f 598 665 668
f 598 597 665
f 598 668 669
f 537 597 598
f 670 598 669
f 537 600 601
f 601 600 662
f 601 593 537
f 662 593 601
f 669 745 671
f 671 670 669
f 600 670 671
f 662 600 671
f 533 485 538
f 538 593 533
f 602 603 539
f 539 540 486
f 539 603 540
f 673 674 602
f 750 674 673
f 749 750 673
f 424 425 368
f 427 369 426
f 426 369 425
f 765 843 844
f 843 946 844
f 766 765 844
f 844 845 766
f 844 946 845
f 1046 950 1045
f 1047 950 1046
f 1045 1145 1046
f 952 950 1047
f 1053 957 1052
f 1052 1157 1053
f 849 958 851
f 849 957 958
f 851 850 849
f 848 957 849
f 766 848 849
f 849 850 766
f 1139 1041 1142
f 1142 1041 1141
f 1158 1141 1053
f 1053 1157 1158
f 1158 1157 1141
f 1141 1157 1239
f 953 952 1048
f 1048 952 1047
f 1047 1046 1048
f 1156 1253 1265
f 1147 1253 1156
f 1050 1147 1156
f 1223 1333 1224
f 1225 1127 1224
f 1127 1223 1224
f 1221 1333 1222
f 1127 1221 1222
f 1222 1223 1127
f 1222 1333 1223
f 1127 1030 1029
f 1029 1126 1127
f 1029 1030 931
f 931 930 1029
f 1125 1126 1029
f 843 932 947
f 947 948 843
f 932 948 947
f 826 928 929
f 929 924 826
f 929 928 1027
f 1027 924 929
f 691 674 750
f 621 674 691
f 750 692 691
f 691 692 621
f 621 555 620
f 556 555 617
f 549 616 617
f 617 618 549
f 680 618 617
f 622 621 690
f 622 555 621
f 622 617 555
f 690 680 622
f 680 617 622
f 7 1 6
f 7 8 1
f 6 23 7
f 23 8 7
f 9 10 1
f 1 8 9
f 9 8 24
f 24 25 9
f 43 25 42
f 43 44 27
f 43 66 44
f 42 65 43
f 65 66 43
f 41 25 40
f 41 62 63
f 40 62 41
f 42 25 41
f 63 64 41
f 64 65 41
f 41 65 42
f 39 25 24
f 39 60 61
f 40 25 39
f 39 38 60
f 24 38 39
f 61 62 39
f 39 62 40
f 323 272 270
f 224 266 270
f 270 266 318
f 318 322 270
f 270 322 323
f 224 223 220
f 216 217 183
f 224 217 263
f 263 266 224
f 217 266 263
f 262 217 216
f 317 316 318
f 318 266 317
f 325 324 273
f 376 377 325
f 325 374 376
f 273 323 325
f 323 374 325
f 274 224 273
f 273 324 274
f 378 437 379
f 377 437 378
f 221 224 267
f 55 35 34
f 55 34 54
f 54 73 55
f 58 36 57
f 37 36 58
f 60 38 37
f 37 38 23
f 23 36 37
f 1626 1497 1625
f 2098 2099 2054
f 2095 2098 2054
f 1929 1821 1928
f 1926 1821 1820
f 1820 1925 1926
f 1599 1598 1711
f 2094 2098 2095
f 2122 2127 2125
f 1774 1780 1662
f 1778 1655 1774
f 1442 1574 1575
f 1575 1576 1442
f 1693 1695 1694
f 1904 1804 1803
f 1803 1813 1904
f 1696 1813 1803
f 1864 1865 1759
f 1967 1915 1914
f 1914 1915 1813
f 1813 1913 1914
f 1914 1913 1865
f 1914 1864 1967
f 1865 1864 1914
f 1127 1227 1219
f 2007 2057 2008
f 1945 2007 2008
f 2010 2007 1945
f 1996 2014 2013
f 1951 2014 1952
f 1951 2013 2014
f 2012 2013 1951
f 1738 1851 1739
f 1947 1948 1838
f 1948 1945 1838
f 1793 1896 1897
f 1793 1895 1896
f 1795 1900 1899
f 1676 1675 1796
f 1796 1795 1676
f 1675 1795 1796
f 1812 1813 1696
f 1912 1913 1812
f 1812 1913 1813
f 1696 1695 1812
f 1872 1765 1811
f 1765 1871 1811
f 1811 1812 1695
f 1811 1810 1872
f 1811 1695 1693
f 1693 1810 1811
f 1762 1635 1761
f 1761 1636 1762
f 1762 1636 1635
f 1637 1636 1755
f 1755 1636 1761
f 1761 1862 1755
f 1066 1068 1067
f 972 1066 1067
f 1065 1066 972
f 1067 1068 972
f 1279 1278 1396
f 1280 1397 1395
f 1395 1278 1280
f 1397 1503 1504
f 1393 1394 1384
f 1273 1275 1166
f 1166 1275 1164
f 1391 1275 1273
f 1392 1275 1391
f 1274 1275 1392
f 1164 1275 1274
f 1064 1168 1170
f 1280 1278 1170
f 1063 1168 1064
f 1131 1132 1036
f 1162 1057 1161
f 852 959 943
f 943 1032 944
f 934 1032 943
f 943 1041 1042
f 959 1041 943
f 943 842 852
f 944 842 943
f 1134 1132 1131
f 754 834 833
f 833 756 754
f 754 756 682
f 766 842 841
f 933 842 934
f 834 754 753
f 833 834 753
f 680 692 753
f 136 95 94
f 94 135 136
f 93 135 94
f 94 95 68
f 68 93 94
f 92 133 134
f 134 135 92
f 178 136 176
f 130 170 171
f 171 172 130
f 171 170 203
f 203 172 171
f 308 356 306
f 306 256 255
f 306 255 254
f 254 308 306
f 206 253 252
f 337 395 338
f 296 243 242
f 346 338 296
f 632 629 706
f 632 630 629
f 632 708 633
f 633 631 632
f 563 630 632
f 632 631 563
f 1877 1875 1968
f 1767 1875 1877
f 1968 1875 1969
f 1969 1875 1909
f 1809 1810 1693
f 1909 1810 1809
f 1909 1875 1910
f 1910 1810 1909
f 1874 1873 1872
f 1872 1810 1874
f 1810 1910 1874
f 1874 1910 1875
f 1765 1873 1874
f 1647 1648 1522
f 1647 1521 1646
f 1520 1521 1408
f 1640 1521 1520
f 1408 1514 1520
f 1520 1514 1631
f 1188 1092 1186
f 1173 1092 1188
f 1090 1089 1180
f 990 1089 1090
f 1513 1514 1403
f 1403 1512 1513
f 1513 1512 1517
f 1631 1514 1513
f 1517 1630 1513
f 1513 1630 1631
f 1178 1181 1088
f 1177 1181 1178
f 1088 1087 1178
f 1178 1087 1177
f 1182 1181 1183
f 1183 1290 1291
f 1289 1290 1183
f 1183 1181 1289
f 1088 1182 1183
f 1291 1292 1183
f 1176 1181 1177
f 1407 1292 1291
f 1294 1292 1407
f 1291 1406 1407
f 1407 1406 1294
f 1180 1179 1285
f 1179 1185 1285
f 1285 1286 1180
f 1184 1185 1088
f 1088 1183 1184
f 1184 1183 1292
f 1405 1291 1408
f 1405 1406 1291
f 1518 1405 1408
f 1406 1405 1518
f 1408 1521 1518
f 1521 1638 1518
f 1646 1645 1770
f 1644 1521 1640
f 1644 1645 1521
f 1640 1520 1643
f 1643 1520 1642
f 1768 1769 1643
f 1643 1642 1768
f 1766 1875 1767
f 1767 1642 1766
f 1766 1642 1765
f 1765 1874 1766
f 1766 1874 1875
f 1631 1630 1756
f 1756 1755 1862
f 1630 1755 1756
f 876 801 800
f 800 801 727
f 800 786 876
f 787 786 800
f 800 799 787
f 800 727 799
f 727 801 728
f 801 802 728
f 728 651 727
f 728 802 803
f 803 802 899
f 899 802 898
f 803 805 804
f 804 805 732
f 731 803 804
f 804 732 731
f 904 807 806
f 806 805 904
f 732 805 806
f 1108 1013 1113
f 1113 1109 1108
f 1108 1109 1013
f 1532 1655 1533
f 1110 1204 1205
f 811 911 912
f 912 913 811
f 911 913 912
f 914 812 811
f 811 913 914
f 1016 916 1015
f 1018 918 1017
f 1017 1016 1018
f 916 1016 1017
f 1013 1111 1112
f 1306 1199 1305
f 1102 1006 1101
f 1008 1104 1105
f 910 1007 1008
f 1007 1104 1008
f 1093 1002 1001
f 1190 1093 1189
f 1097 1098 1004
f 1097 1096 1098
f 1004 1003 1097
f 1003 1096 1097
f 1106 1010 1105
f 1106 1201 1113
f 1105 1198 1106
f 1106 1198 1199
f 1106 1199 1200
f 1200 1201 1106
f 1011 913 911
f 911 1010 1011
f 1005 911 910
f 362 312 361
f 362 363 312
f 361 420 362
f 420 363 362
f 423 364 421
f 364 363 421
f 422 423 421
f 421 363 422
f 472 471 522
f 1177 1087 1086
f 1086 1087 989
f 989 988 1086
f 985 984 1084
f 1084 987 985
f 987 986 985
f 1174 1282 1283
f 1281 1282 1174
f 1174 1217 1281
f 982 886 981
f 981 980 982
f 886 885 981
f 885 980 981
f 1080 988 1081
f 988 1082 1081
f 982 1080 1081
f 1081 983 982
f 1081 1082 983
f 1083 984 983
f 983 1082 1083
f 1083 1082 984
f 1022 919 918
f 1023 920 1022
f 1022 920 919
f 793 792 886
f 794 723 793
f 793 723 792
f 886 887 793
f 887 888 793
f 814 815 741
f 815 792 741
f 741 739 814
f 740 739 741
f 741 723 722
f 792 723 741
f 791 790 884
f 790 883 884
f 882 790 880
f 882 883 790
f 879 880 789
f 880 881 789
f 789 881 790
f 789 788 879
f 718 788 789
f 789 720 718
f 789 790 720
f 798 725 797
f 798 788 725
f 1074 1075 977
f 797 796 894
f 891 989 990
f 891 988 989
f 891 986 987
f 987 988 891
f 891 892 795
f 574 519 643
f 643 519 576
f 643 576 642
f 525 526 472
f 583 526 525
f 472 522 525
f 726 651 650
f 787 799 726
f 799 727 726
f 727 651 726
f 734 653 733
f 733 653 732
f 807 734 733
f 733 806 807
f 732 806 733
f 647 721 648
f 652 721 647
f 585 652 647
f 647 582 585
f 647 648 582
f 527 586 587
f 586 654 587
f 654 655 587
f 587 659 652
f 585 527 587
f 587 652 585
f 737 738 657
f 657 736 737
f 657 739 740
f 738 739 657
f 722 659 657
f 657 741 722
f 740 741 657
f 1652 1653 1532
f 1652 1651 1653
f 1653 1771 1772
f 1773 1772 1775
f 1653 1772 1773
f 1419 1420 1307
f 1307 1199 1306
f 1200 1199 1307
f 1309 1308 1307
f 1307 1420 1309
f 1306 1305 1307
f 1113 1200 1206
f 1206 1204 1113
f 1206 1308 1204
f 1200 1307 1206
f 1206 1307 1308
f 1526 1649 1529
f 1527 1526 1529
f 1529 1420 1527
f 1530 1420 1529
f 1529 1651 1530
f 1529 1649 1650
f 1650 1651 1529
f 1415 1305 1414
f 1416 1305 1415
f 1415 1526 1527
f 1527 1416 1415
f 1528 1527 1419
f 1528 1416 1527
f 1119 1211 1120
f 1018 1118 1119
f 1019 1119 1120
f 1018 1119 1019
f 1019 918 1018
f 1019 1020 918
f 1217 1174 1123
f 1213 1212 1320
f 1320 1216 1213
f 1120 1212 1213
f 1789 1788 1891
f 1669 1788 1789
f 1674 1675 1555
f 1674 1793 1675
f 1674 1670 1792
f 1792 1793 1674
f 1634 1553 1552
f 1552 1553 1433
f 1330 1331 1215
f 1215 1325 1326
f 1327 1431 1328
f 1327 1326 1325
f 1327 1328 1215
f 1215 1326 1327
f 1120 1211 1214
f 1215 1120 1214
f 1432 1433 1328
f 1547 1669 1548
f 1669 1670 1548
f 1547 1548 1429
f 1429 1548 1541
f 1431 1321 1429
f 1328 1431 1429
f 1429 1432 1328
f 65 85 86
f 88 66 86
f 132 91 86
f 86 131 132
f 86 85 131
f 86 91 68
f 68 88 86
f 164 121 161
f 119 160 161
f 161 121 119
f 82 123 124
f 124 123 125
f 83 82 124
f 124 125 83
f 242 241 287
f 337 338 287
f 287 241 238
f 198 165 164
f 198 199 165
f 238 199 197
f 197 198 164
f 199 198 197
f 562 630 563
f 629 630 561
f 630 562 561
f 561 562 508
f 626 623 693
f 612 679 680
f 611 618 612
f 618 679 612
f 612 549 611
f 288 339 337
f 337 287 288
f 288 287 238
f 340 339 289
f 289 345 340
f 394 397 395
f 394 395 337
f 337 339 394
f 340 397 394
f 394 339 340
f 610 616 549
f 610 617 616
f 556 617 610
f 380 379 389
f 450 501 502
f 501 541 502
f 625 623 558
f 693 623 625
f 466 516 467
f 467 516 468
f 467 417 466
f 468 418 467
f 418 417 467
f 635 636 569
f 569 636 637
f 639 638 714
f 714 713 785
f 638 713 714
f 782 712 711
f 783 712 782
f 782 784 783
f 1159 1054 1058
f 307 308 254
f 462 410 459
f 589 594 536
f 660 594 589
f 589 590 660
f 529 590 589
f 530 483 482
f 482 529 530
f 1026 1025 1124
f 922 921 1024
f 1024 1025 922
f 923 826 822
f 822 820 923
f 923 820 819
f 922 826 923
f 923 819 922
f 751 828 749
f 431 481 482
f 482 476 431
f 431 476 428
f 428 372 431
f 663 660 661
f 660 590 661
f 588 529 528
f 588 590 529
f 532 484 483
f 532 535 485
f 485 484 532
f 826 825 827
f 537 598 599
f 598 670 599
f 599 600 537
f 599 670 600
f 662 671 675
f 486 485 534
f 485 533 534
f 534 539 486
f 676 675 671
f 602 539 605
f 672 673 602
f 678 673 672
f 602 605 672
f 672 605 678
f 366 316 365
f 367 424 368
f 367 368 318
f 318 316 367
f 367 366 424
f 316 366 367
f 427 426 474
f 474 426 425
f 475 429 427
f 475 478 429
f 845 950 951
f 950 952 951
f 846 847 766
f 846 951 952
f 953 847 846
f 846 952 953
f 766 845 846
f 845 951 846
f 614 615 549
f 1157 1052 1051
f 956 957 847
f 956 1052 957
f 956 1051 1052
f 1246 1364 1247
f 1247 1142 1246
f 1247 1364 1352
f 1139 1142 1140
f 1140 1041 1139
f 1137 1041 1140
f 1244 1361 1362
f 1362 1246 1244
f 1744 1621 1743
f 1621 1619 1743
f 1056 1057 962
f 1703 1820 1821
f 1141 1239 1240
f 1240 1157 1265
f 1240 1239 1157
f 1265 1253 1240
f 954 847 953
f 953 1048 954
f 954 1048 1049
f 1148 1147 1050
f 1148 1048 1147
f 1050 1049 1148
f 1049 1048 1148
f 1366 1253 1258
f 1258 1253 1147
f 1257 1366 1258
f 1258 1147 1257
f 1366 1375 1355
f 1265 1157 1155
f 1155 1156 1265
f 1050 1156 1155
f 1155 1051 1050
f 1157 1051 1155
f 1257 1369 1370
f 1370 1371 1257
f 1369 1371 1370
f 1586 1455 1454
f 1455 1355 1454
f 1257 1371 1372
f 1257 1372 1373
f 688 674 621
f 621 620 688
f 547 498 503
f 450 502 503
f 503 555 556
f 503 554 555
f 555 554 619
f 619 620 555
f 619 688 620
f 602 674 619
f 674 688 619
f 10 9 26
f 26 11 10
f 26 27 11
f 26 43 27
f 26 9 25
f 25 43 26
f 216 183 215
f 215 183 182
f 215 262 216
f 365 316 315
f 271 272 224
f 224 270 271
f 271 270 272
f 217 264 218
f 184 183 218
f 218 183 217
f 219 217 224
f 219 264 217
f 219 220 184
f 224 220 219
f 184 218 219
f 219 218 264
f 265 266 217
f 217 262 265
f 326 274 324
f 326 378 379
f 326 379 380
f 221 267 268
f 268 267 269
f 269 267 278
f 278 319 269
f 73 72 100
f 100 101 73
f 182 183 150
f 58 57 76
f 56 55 73
f 73 57 56
f 56 57 36
f 56 36 35
f 35 55 56
f 59 78 60
f 60 37 59
f 59 37 58
f 1748 1625 1749
f 1623 1622 1746
f 1954 1853 1958
f 1935 1958 1936
f 1936 1958 1853
f 1934 2002 1933
f 1590 1703 1589
f 1824 1933 1935
f 1935 1936 1824
f 1752 1861 1751
f 1751 1627 1752
f 1859 1860 1749
f 1749 1857 1859
f 1857 1961 1859
f 1750 1627 1626
f 1752 1627 1750
f 1626 1625 1750
f 1625 1748 1750
f 1628 1751 1753
f 1627 1751 1628
f 1626 1627 1499
f 2017 2063 2064
f 2055 2063 2017
f 2017 2002 2055
f 2061 2015 2060
f 2060 2017 2064
f 2015 2017 2060
f 1927 1821 1926
f 1927 1928 1821
f 1926 1925 1927
f 1927 1925 1953
f 1953 1952 1927
f 1927 1952 1996
f 2024 2023 2070
f 2024 2070 2071
f 1970 2023 2024
f 1781 1780 1883
f 1780 1882 1883
f 1881 1775 1880
f 1880 1970 1881
f 1779 1774 1662
f 1780 1774 1777
f 1777 1882 1780
f 1777 1881 1882
f 1888 1786 1887
f 1787 1788 1665
f 1665 1786 1787
f 1887 1786 1886
f 1578 1686 1685
f 1697 1686 1578
f 1570 1571 1442
f 1683 1571 1691
f 1691 1684 1683
f 1442 1571 1572
f 1572 1573 1442
f 1691 1571 1690
f 1690 1805 1691
f 1804 1805 1688
f 1696 1803 1688
f 1688 1803 1804
f 1905 1804 1906
f 1905 1805 1804
f 1866 1913 1912
f 1865 1913 1866
f 1759 1865 1866
f 1912 1812 1866
f 1866 1812 1871
f 1866 1871 1765
f 1765 1870 1866
f 1764 1870 1765
f 1765 1642 1764
f 1568 1574 1442
f 1442 1441 1568
f 1228 1219 1227
f 1228 1231 1229
f 1128 1044 1129
f 1127 1219 1128
f 1128 1228 1229
f 1219 1228 1128
f 1031 1127 1128
f 1128 1129 1031
f 1698 1684 1691
f 1681 1698 1581
f 1566 1445 1437
f 1341 1444 1437
f 1437 1445 1341
f 1341 1447 1448
f 1580 1448 1447
f 1341 1448 1449
f 1448 1580 1449
f 2102 2101 2120
f 1953 1925 1850
f 1925 1851 1850
f 1850 1851 1738
f 1925 1820 1924
f 1924 1851 1925
f 1916 1851 1924
f 1924 1828 1916
f 1924 1820 1828
f 1944 1948 1947
f 1896 1895 1944
f 1943 1896 1944
f 1944 1835 1943
f 1894 1793 1792
f 1895 1793 1894
f 1893 1789 1891
f 1892 1789 1893
f 1893 1894 1792
f 1895 1894 1893
f 2010 1948 2011
f 2011 1982 2010
f 1948 1982 2011
f 2010 1982 2035
f 2035 2037 2010
f 2009 1948 2010
f 2010 1945 2009
f 2009 1945 1948
f 1257 1147 1256
f 1478 1477 1480
f 1369 1477 1478
f 1949 1951 1843
f 2012 1951 1949
f 1949 1945 2008
f 2008 2012 1949
f 2057 2013 2059
f 2059 2013 2012
f 2008 2057 2059
f 2059 2012 2008
f 1849 1952 1953
f 1953 1850 1849
f 1738 1848 1849
f 1849 1850 1738
f 1815 1916 1827
f 1827 1711 1815
f 1815 1851 1916
f 1815 1739 1851
f 1481 1372 1480
f 1473 1474 1369
f 1607 1473 1471
f 1607 1727 1608
f 1608 1473 1607
f 1832 1722 1721
f 1759 1758 1801
f 1966 1915 1863
f 1759 1801 1863
f 1863 1801 1799
f 1863 1915 1967
f 1863 1864 1759
f 1967 1864 1863
f 1898 1793 1897
f 1795 1793 1898
f 1897 1900 1898
f 1898 1900 1795
f 1794 1795 1675
f 1675 1793 1794
f 1794 1793 1795
f 1901 1900 1986
f 1986 1988 1901
f 2004 1988 1986
f 1986 1900 1897
f 1676 1795 1797
f 1795 1899 1797
f 1798 1900 1901
f 1798 1899 1900
f 1798 1797 1899
f 1871 1812 1911
f 1911 1811 1871
f 1812 1811 1911
f 1634 1516 1633
f 1633 1553 1634
f 1754 1630 1637
f 1637 1755 1754
f 1754 1755 1630
f 874 974 975
f 975 974 1068
f 1169 1065 1064
f 1064 1170 1169
f 1169 1278 1279
f 1169 1170 1278
f 1068 974 973
f 973 972 1068
f 1502 1395 1397
f 1280 1170 1277
f 1277 1170 1168
f 1277 1394 1280
f 1277 1384 1394
f 1390 1496 1497
f 1497 1391 1390
f 1392 1391 1498
f 1498 1391 1497
f 1498 1393 1392
f 1498 1499 1393
f 1276 1274 1392
f 1392 1393 1276
f 1393 1384 1276
f 833 934 936
f 936 937 833
f 937 936 1034
f 1034 936 934
f 1034 1130 1131
f 1037 1036 1132
f 1132 1134 1037
f 1133 1039 1037
f 627 626 693
f 629 628 627
f 1234 1161 1133
f 1234 1162 1161
f 1451 1489 1385
f 1385 1351 1451
f 1496 1390 1389
f 1138 1130 1040
f 1040 1137 1138
f 1042 1137 1040
f 1040 943 1042
f 1131 1130 1233
f 1233 1134 1131
f 1233 1130 1138
f 1138 1134 1233
f 1138 1137 1235
f 1235 1134 1138
f 1137 1140 1235
f 1235 1140 1142
f 681 754 682
f 681 612 680
f 682 612 681
f 763 753 692
f 763 841 842
f 763 692 766
f 766 841 763
f 832 935 833
f 833 753 832
f 934 935 832
f 832 933 934
f 680 753 752
f 752 753 754
f 752 681 680
f 754 681 752
f 247 203 246
f 205 253 206
f 205 252 253
f 136 135 177
f 177 176 136
f 135 176 177
f 135 134 175
f 175 176 135
f 304 355 305
f 302 304 305
f 305 252 302
f 254 252 305
f 347 296 338
f 565 631 633
f 563 631 564
f 510 563 564
f 564 511 510
f 564 565 511
f 631 565 564
f 1639 1647 1522
f 1521 1647 1639
f 1639 1638 1521
f 1522 1518 1639
f 1639 1518 1638
f 1641 1520 1631
f 1642 1520 1641
f 1186 1297 1298
f 1298 1188 1186
f 1187 1297 1186
f 1187 1286 1297
f 1180 1286 1187
f 1186 1090 1187
f 1187 1090 1180
f 1296 1185 1295
f 1295 1411 1296
f 1296 1285 1185
f 1286 1285 1296
f 1297 1286 1400
f 1091 1092 990
f 990 1090 1091
f 1186 1092 1091
f 1091 1090 1186
f 1181 1176 1284
f 1284 1287 1181
f 1283 1287 1284
f 1294 1185 1293
f 1185 1184 1293
f 1293 1292 1294
f 1293 1184 1292
f 1409 1406 1519
f 1406 1518 1519
f 1522 1409 1519
f 1519 1518 1522
f 1869 1770 1763
f 1763 1769 1869
f 1640 1643 1763
f 1763 1643 1769
f 1763 1770 1645
f 1763 1644 1640
f 1645 1644 1763
f 730 651 729
f 651 728 729
f 729 803 730
f 729 728 803
f 803 899 900
f 900 899 902
f 1428 1429 1318
f 1318 1429 1321
f 1318 1214 1211
f 1321 1214 1318
f 1531 1420 1530
f 1531 1652 1532
f 1530 1651 1531
f 1651 1652 1531
f 1311 1205 1204
f 1656 1655 1778
f 1656 1533 1655
f 1778 1774 1656
f 812 914 915
f 915 914 1015
f 915 916 812
f 1015 916 915
f 1013 1112 1014
f 1014 1112 1015
f 1014 913 1013
f 1015 914 1014
f 1014 914 913
f 1015 1112 1114
f 1114 1112 1111
f 1018 1016 1114
f 1114 1016 1015
f 1209 1119 1118
f 1209 1317 1211
f 1207 1205 1313
f 1004 1098 1099
f 1412 1525 1413
f 1413 1302 1301
f 1300 1412 1301
f 1301 1412 1413
f 1303 1198 1197
f 1197 1302 1303
f 1303 1302 1413
f 1006 1102 1103
f 1103 1007 1006
f 1103 1104 1007
f 910 1008 1009
f 1009 1005 910
f 1009 1010 911
f 911 1005 1009
f 1094 1093 1001
f 1189 1093 1094
f 1003 1002 1095
f 1002 1093 1095
f 1093 1190 1095
f 1095 1096 1003
f 1095 1190 1096
f 1191 1190 1189
f 1098 1096 1191
f 1096 1190 1191
f 1107 1106 1113
f 1010 1106 1107
f 1113 1013 1107
f 1013 1010 1107
f 1012 1010 1013
f 1012 1011 1010
f 1013 913 1012
f 913 1011 1012
f 1085 988 1080
f 1085 1086 988
f 1177 1086 1085
f 1085 1176 1177
f 1080 1176 1085
f 890 795 794
f 890 891 795
f 890 985 986
f 986 891 890
f 1175 1174 1283
f 1175 1176 1080
f 1283 1284 1175
f 1175 1284 1176
f 1079 980 1023
f 1023 1123 1079
f 1079 1123 1174
f 1080 980 1079
f 1079 1175 1080
f 1174 1175 1079
f 878 788 877
f 788 798 877
f 978 977 1078
f 977 1077 1078
f 977 1075 1076
f 1076 1077 977
f 1173 1074 1073
f 1073 1092 1173
f 1073 1074 977
f 990 1092 1073
f 990 1073 991
f 991 1073 977
f 991 891 990
f 892 891 991
f 1070 1071 977
f 796 892 893
f 893 894 796
f 894 893 995
f 995 893 892
f 649 643 642
f 642 716 649
f 574 643 577
f 577 520 574
f 577 521 520
f 659 587 658
f 658 657 659
f 587 657 658
f 736 657 656
f 735 736 656
f 656 655 735
f 656 587 655
f 656 657 587
f 1878 1879 1775
f 1775 1772 1878
f 1417 1305 1416
f 1417 1528 1419
f 1416 1528 1417
f 1122 1216 1217
f 1217 1123 1122
f 1122 1213 1216
f 1122 1123 1019
f 1021 1123 1023
f 1023 1022 1021
f 1020 1019 1021
f 1019 1123 1021
f 918 1020 1021
f 1021 1022 918
f 1121 1019 1120
f 1120 1213 1121
f 1121 1122 1019
f 1213 1122 1121
f 1790 1789 1892
f 1669 1789 1790
f 1790 1893 1792
f 1892 1893 1790
f 1433 1556 1557
f 1679 1758 1634
f 1679 1678 1758
f 1328 1433 1434
f 1433 1553 1434
f 1323 1327 1325
f 1323 1321 1431
f 1431 1327 1323
f 1672 1674 1555
f 1540 1429 1428
f 1544 1429 1540
f 1428 1430 1540
f 1540 1430 1544
f 1547 1429 1546
f 1546 1668 1547
f 1544 1668 1546
f 1432 1429 1543
f 87 66 65
f 65 86 87
f 87 86 66
f 239 197 237
f 242 287 294
f 346 296 294
f 294 338 346
f 294 287 338
f 509 563 510
f 509 562 563
f 510 456 509
f 509 456 455
f 455 508 509
f 508 562 509
f 629 561 560
f 560 561 508
f 560 628 629
f 560 627 628
f 626 627 560
f 404 454 455
f 403 454 404
f 345 403 404
f 404 405 345
f 455 405 404
f 453 454 403
f 504 454 453
f 507 504 558
f 507 454 504
f 613 684 685
f 613 614 549
f 685 614 613
f 549 612 613
f 613 612 684
f 239 288 291
f 344 403 345
f 345 289 344
f 290 288 239
f 239 289 290
f 339 288 290
f 290 289 339
f 549 609 545
f 545 498 549
f 548 610 549
f 549 498 548
f 547 610 548
f 548 498 547
f 438 489 447
f 379 438 439
f 439 389 379
f 438 447 439
f 439 447 389
f 321 280 269
f 285 280 321
f 551 541 603
f 551 502 541
f 384 330 333
f 333 330 282
f 342 289 341
f 635 569 568
f 568 567 635
f 514 513 568
f 568 513 567
f 571 516 570
f 570 637 571
f 570 569 637
f 781 782 711
f 874 784 873
f 873 974 874
f 870 973 974
f 972 973 870
f 866 864 967
f 780 781 711
f 967 864 863
f 962 1057 963
f 1164 1058 1060
f 1060 1166 1164
f 1060 963 1057
f 1058 963 1060
f 1160 1054 1159
f 1159 1167 1160
f 414 355 413
f 413 415 414
f 414 415 355
f 464 415 413
f 417 415 464
f 464 514 466
f 466 417 464
f 357 307 355
f 355 415 357
f 357 417 358
f 357 415 417
f 459 511 512
f 512 462 459
f 511 565 512
f 513 462 512
f 567 513 512
f 354 355 304
f 413 355 354
f 354 412 413
f 353 304 303
f 353 354 304
f 409 354 353
f 243 298 244
f 246 245 244
f 244 202 243
f 244 245 202
f 243 296 297
f 297 298 243
f 531 589 536
f 529 589 531
f 536 535 531
f 531 530 529
f 535 532 531
f 483 530 531
f 531 532 483
f 1026 1124 1028
f 1028 930 1026
f 1125 1029 1028
f 1028 1029 930
f 825 927 830
f 830 932 828
f 830 927 932
f 677 676 671
f 671 746 677
f 677 746 751
f 748 673 678
f 678 677 748
f 748 677 751
f 749 673 748
f 748 751 749
f 480 431 479
f 481 431 480
f 479 431 430
f 430 431 372
f 372 429 430
f 429 478 430
f 747 671 745
f 745 823 747
f 747 827 825
f 747 823 826
f 826 827 747
f 825 746 747
f 747 746 671
f 592 534 533
f 539 534 592
f 615 614 687
f 1050 1051 955
f 955 1049 1050
f 955 956 847
f 1051 956 955
f 847 954 955
f 955 954 1049
f 1452 1352 1364
f 1245 1246 1142
f 1142 1244 1245
f 1245 1244 1246
f 1495 1492 1388
f 1495 1619 1621
f 1621 1492 1495
f 1489 1387 1386
f 1386 1385 1489
f 1269 1385 1386
f 1388 1492 1493
f 1622 1623 1493
f 1744 1622 1620
f 1620 1621 1744
f 1620 1492 1621
f 1622 1493 1620
f 1620 1493 1492
f 1057 1056 1136
f 1136 1039 1133
f 1136 1038 1039
f 1056 1038 1136
f 1133 1161 1136
f 1161 1057 1136
f 1706 1590 1599
f 1599 1703 1706
f 1706 1703 1590
f 1817 1702 1704
f 1704 1703 1817
f 1704 1589 1703
f 1820 1703 1713
f 1713 1703 1599
f 1822 1821 1817
f 1817 1703 1822
f 1822 1703 1821
f 1598 1465 1597
f 1597 1711 1598
f 1599 1590 1466
f 1466 1598 1599
f 1466 1465 1598
f 1241 1142 1141
f 1141 1240 1241
f 1241 1240 1142
f 1243 1244 1142
f 1367 1253 1366
f 1366 1355 1367
f 1457 1355 1456
f 1456 1458 1457
f 1456 1355 1455
f 1455 1458 1456
f 1484 1454 1374
f 1374 1375 1257
f 1257 1373 1374
f 1480 1372 1479
f 1479 1478 1480
f 1369 1478 1479
f 1479 1371 1369
f 1479 1372 1371
f 450 503 497
f 497 503 498
f 554 503 550
f 550 503 502
f 550 619 554
f 557 503 556
f 547 503 557
f 556 610 557
f 557 610 547
f 214 215 182
f 260 215 214
f 260 315 261
f 261 215 260
f 262 215 261
f 261 265 262
f 266 265 261
f 261 317 266
f 316 317 261
f 261 315 316
f 375 326 324
f 378 326 375
f 324 325 375
f 375 325 377
f 377 378 375
f 327 326 328
f 274 326 327
f 328 319 275
f 275 327 328
f 224 274 275
f 274 327 275
f 279 267 224
f 224 278 279
f 279 278 267
f 277 278 224
f 319 278 277
f 382 385 333
f 333 329 382
f 382 336 385
f 329 336 382
f 162 160 119
f 79 118 115
f 118 158 115
f 77 59 58
f 78 59 77
f 58 76 77
f 99 100 72
f 101 100 99
f 74 57 73
f 73 103 74
f 74 106 107
f 78 77 114
f 79 78 114
f 114 118 79
f 1752 1750 1858
f 1858 1750 1748
f 1749 1860 1858
f 1858 1748 1749
f 1747 1623 1746
f 1749 1625 1747
f 1747 1857 1749
f 1746 1857 1747
f 1624 1625 1497
f 1497 1496 1624
f 1496 1623 1624
f 1624 1747 1625
f 1623 1747 1624
f 1852 1853 1954
f 1956 1957 1852
f 2018 2019 2065
f 1956 2019 2018
f 2018 1957 1956
f 1460 1589 1591
f 1591 1589 1702
f 1591 1592 1460
f 1591 1708 1592
f 1933 1824 1823
f 1922 1934 1823
f 1934 1933 1823
f 1823 1819 1922
f 1826 1936 1853
f 1629 1504 1503
f 1503 1628 1629
f 1629 1628 1753
f 1393 1499 1500
f 1500 1499 1627
f 1627 1628 1500
f 1501 1393 1500
f 1500 1628 1503
f 1500 1397 1501
f 1500 1503 1397
f 2085 2112 2086
f 1996 2013 2045
f 2045 2013 2057
f 1997 1927 1996
f 1781 1883 1782
f 1784 1664 1782
f 1782 1664 1663
f 1662 1781 1782
f 1782 1663 1662
f 2098 2094 2115
f 2117 2125 2124
f 2126 2127 2122
f 2122 2121 2126
f 1662 1663 1538
f 1663 1664 1538
f 1538 1664 1665
f 1774 1779 1659
f 1654 1777 1774
f 1654 1774 1655
f 1654 1773 1775
f 1653 1773 1654
f 1532 1653 1654
f 1654 1655 1532
f 1775 1881 1776
f 1881 1777 1776
f 1776 1654 1775
f 1777 1654 1776
f 1889 1888 1891
f 1786 1888 1889
f 1891 1981 1889
f 1788 1787 1889
f 1889 1787 1786
f 1980 1888 1887
f 1891 1888 1980
f 1980 1893 1891
f 1982 1893 1980
f 2057 2007 2056
f 2056 2083 2057
f 2037 2083 2056
f 2033 2034 1977
f 1785 1786 1665
f 1785 1886 1786
f 1785 1664 1784
f 1814 1697 1696
f 1577 1692 1693
f 1693 1694 1577
f 1577 1697 1578
f 1577 1694 1695
f 1577 1578 1442
f 1577 1695 1696
f 1696 1697 1577
f 1576 1692 1577
f 1442 1576 1577
f 1569 1570 1442
f 1686 1570 1569
f 1569 1685 1686
f 1442 1578 1569
f 1578 1685 1569
f 1687 1570 1686
f 1571 1570 1687
f 1696 1688 1687
f 1687 1688 1571
f 1571 1683 1682
f 1682 1572 1571
f 1573 1572 1682
f 1691 1805 1807
f 1805 1690 1689
f 1689 1688 1805
f 1689 1690 1571
f 1571 1688 1689
f 1831 1832 1721
f 1939 1832 1831
f 1805 1905 1907
f 1907 1905 1906
f 1759 1866 1867
f 1868 1862 1761
f 1868 1764 1862
f 1759 1867 1868
f 1870 1764 1868
f 1868 1866 1870
f 1868 1867 1866
f 1334 1437 1335
f 1335 1437 1336
f 1229 1231 1230
f 1230 1128 1229
f 1231 1128 1230
f 1232 1128 1231
f 1231 1249 1143
f 1143 1232 1231
f 1044 1128 1143
f 1128 1232 1143
f 1144 1145 1045
f 1045 1044 1144
f 1044 1143 1144
f 1565 1445 1566
f 1565 1581 1447
f 1565 1681 1581
f 1566 1437 1565
f 1680 1681 1563
f 1684 1698 1680
f 1698 1681 1680
f 1227 1336 1340
f 1336 1437 1340
f 1340 1437 1444
f 1340 1228 1227
f 1340 1444 1341
f 1341 1228 1340
f 1339 1437 1334
f 1563 1437 1439
f 1341 1449 1346
f 1346 1449 1450
f 1450 1378 1346
f 2100 2081 2090
f 2100 2083 2081
f 2057 2083 2100
f 2036 2082 2081
f 2081 2083 2036
f 2033 2082 2036
f 2036 2034 2033
f 2036 2083 2037
f 1948 1944 1984
f 1984 1944 1895
f 1942 1944 1947
f 1835 1944 1942
f 1983 1982 1948
f 1983 1893 1982
f 1948 1984 1983
f 1895 1893 1983
f 1983 1984 1895
f 2037 2035 1978
f 2034 2036 1978
f 1978 2036 2037
f 1978 1977 2034
f 1887 1886 1978
f 1886 1977 1978
f 1368 1369 1257
f 1257 1263 1368
f 1368 1263 1369
f 1369 1263 1383
f 1264 1263 1257
f 1257 1256 1264
f 1608 1477 1611
f 1369 1474 1475
f 1475 1474 1477
f 1486 1580 1447
f 1450 1449 1486
f 1486 1449 1580
f 1486 1378 1450
f 1844 1733 1843
f 1844 1849 1848
f 1952 1849 1844
f 1843 1951 1844
f 1844 1951 1952
f 1731 1730 1839
f 1839 1730 1838
f 1614 1736 1738
f 1614 1481 1480
f 1614 1613 1736
f 1484 1481 1614
f 1701 1815 1711
f 1701 1597 1586
f 1711 1597 1701
f 1700 1701 1586
f 1815 1701 1700
f 1482 1481 1484
f 1372 1481 1482
f 1369 1471 1472
f 1472 1473 1369
f 1471 1473 1472
f 1727 1607 1726
f 1726 1836 1727
f 1835 1836 1726
f 1608 1727 1612
f 1612 1730 1731
f 1612 1477 1608
f 1612 1613 1477
f 1940 1832 1939
f 1943 1835 1941
f 1832 1940 1941
f 1722 1832 1833
f 1833 1835 1724
f 1833 1941 1835
f 1832 1941 1833
f 1838 1730 1840
f 1947 1838 1840
f 1840 1942 1947
f 1835 1942 1840
f 1729 1836 1835
f 1730 1612 1729
f 1799 1801 1800
f 1903 1863 1799
f 1901 1988 1902
f 1902 1798 1901
f 1799 1798 1902
f 1902 1988 1966
f 1966 1903 1902
f 1902 1903 1799
f 1172 1169 1279
f 1066 1169 1172
f 1171 1066 1065
f 1065 1169 1171
f 1171 1169 1066
f 1266 1167 1159
f 1168 1167 1266
f 1266 1277 1168
f 1274 1276 1165
f 1159 1058 1165
f 1164 1274 1165
f 1165 1058 1164
f 1065 972 971
f 1064 1065 971
f 971 1063 1064
f 1063 971 1062
f 1062 971 970
f 940 937 1035
f 937 1034 1035
f 1035 1036 940
f 1131 1036 1035
f 1035 1034 1131
f 1133 1037 1135
f 1135 1037 1134
f 1135 1234 1133
f 940 1036 941
f 1036 1037 941
f 961 1056 962
f 961 1038 1056
f 683 612 682
f 684 612 683
f 685 684 683
f 840 937 940
f 940 941 840
f 1162 1234 1238
f 1134 1237 1238
f 1238 1135 1134
f 1234 1135 1238
f 1162 1269 1270
f 943 1040 1033
f 934 943 1033
f 1033 1034 934
f 1130 1034 1033
f 1033 1040 1130
f 1353 1385 1269
f 1353 1238 1237
f 1351 1385 1353
f 1353 1237 1351
f 1352 1452 1350
f 1451 1351 1350
f 1350 1452 1451
f 1236 1235 1142
f 1352 1350 1236
f 1236 1350 1351
f 1134 1235 1236
f 1351 1237 1236
f 1236 1237 1134
f 842 933 831
f 933 832 831
f 831 763 842
f 753 763 831
f 831 832 753
f 204 249 205
f 204 172 203
f 203 247 204
f 174 205 206
f 174 175 134
f 209 175 208
f 255 209 208
f 175 174 208
f 209 211 210
f 210 175 209
f 176 175 210
f 406 395 451
f 451 457 406
f 1757 1764 1642
f 1642 1641 1757
f 1757 1756 1862
f 1862 1764 1757
f 1631 1756 1757
f 1757 1641 1631
f 1523 1410 1524
f 1523 1505 1410
f 1398 1505 1506
f 1410 1505 1398
f 1295 1410 1398
f 1398 1411 1295
f 1398 1296 1411
f 1286 1296 1398
f 902 805 901
f 901 900 902
f 901 805 803
f 803 900 901
f 1319 1430 1428
f 1428 1318 1319
f 1211 1317 1319
f 1319 1318 1211
f 1788 1668 1673
f 1665 1788 1673
f 1544 1430 1550
f 1665 1673 1666
f 1317 1425 1426
f 1532 1533 1421
f 1421 1531 1532
f 1313 1205 1312
f 1205 1311 1312
f 1111 1116 1115
f 1115 1114 1111
f 1115 1116 1018
f 1018 1114 1115
f 1117 1209 1118
f 1116 1209 1117
f 1117 1118 1018
f 1018 1116 1117
f 1211 1119 1210
f 1210 1209 1211
f 1119 1209 1210
f 1315 1425 1317
f 1313 1425 1315
f 1207 1315 1316
f 1202 1116 1111
f 1202 1207 1116
f 1202 1111 1110
f 1110 1205 1202
f 1205 1207 1202
f 1192 1193 1100
f 1004 1099 1100
f 1098 1192 1100
f 1100 1099 1098
f 1101 1006 1100
f 1100 1006 1004
f 1195 1299 1300
f 1300 1301 1195
f 1413 1305 1304
f 1304 1303 1413
f 1304 1305 1199
f 1199 1198 1304
f 1198 1303 1304
f 984 985 889
f 985 890 889
f 889 890 794
f 794 793 889
f 889 793 888
f 889 888 887
f 887 984 889
f 896 976 878
f 878 877 896
f 998 976 896
f 896 877 798
f 896 996 998
f 977 1071 1072
f 1072 991 977
f 1071 991 1072
f 892 991 992
f 992 991 1071
f 994 995 892
f 977 996 997
f 997 995 977
f 1069 1070 977
f 977 995 1069
f 1069 994 1070
f 995 994 1069
f 578 577 643
f 521 577 578
f 1418 1307 1305
f 1305 1417 1418
f 1419 1307 1418
f 1418 1417 1419
f 1792 1670 1791
f 1791 1790 1792
f 1791 1670 1669
f 1669 1790 1791
f 1678 1679 1558
f 1433 1557 1558
f 1556 1678 1558
f 1558 1557 1556
f 1324 1323 1325
f 1214 1323 1324
f 1324 1325 1215
f 1215 1214 1324
f 1322 1214 1321
f 1321 1323 1322
f 1322 1323 1214
f 1555 1433 1554
f 1670 1674 1671
f 1674 1672 1671
f 1671 1548 1670
f 1671 1672 1548
f 1545 1429 1544
f 1544 1546 1545
f 1545 1546 1429
f 1542 1429 1541
f 1541 1543 1542
f 1542 1543 1429
f 193 161 160
f 160 192 193
f 164 161 193
f 295 296 242
f 242 294 295
f 295 294 296
f 623 626 559
f 626 560 559
f 558 623 559
f 559 507 558
f 559 560 508
f 508 507 559
f 454 507 505
f 238 197 240
f 240 288 238
f 240 291 288
f 240 197 239
f 239 291 240
f 403 344 402
f 402 401 403
f 344 401 402
f 443 453 452
f 452 401 443
f 452 453 403
f 403 401 452
f 609 615 608
f 608 545 609
f 500 447 489
f 501 447 500
f 542 541 500
f 500 541 501
f 389 447 393
f 380 389 388
f 328 326 370
f 326 371 370
f 370 319 328
f 231 282 233
f 233 193 192
f 239 237 233
f 293 289 239
f 293 341 289
f 342 341 383
f 330 384 383
f 515 516 466
f 515 568 569
f 515 570 516
f 569 570 515
f 782 781 865
f 864 866 865
f 865 866 782
f 865 780 864
f 781 780 865
f 784 782 872
f 872 873 784
f 974 873 872
f 972 870 869
f 869 870 782
f 869 971 972
f 970 971 869
f 710 780 711
f 711 636 710
f 636 709 710
f 779 780 710
f 710 709 708
f 967 863 862
f 862 861 967
f 775 861 862
f 777 863 779
f 1059 1058 1054
f 1054 964 1059
f 1059 963 1058
f 964 963 1059
f 962 963 856
f 856 963 964
f 856 961 962
f 463 462 513
f 463 513 514
f 514 464 463
f 463 464 413
f 413 412 463
f 463 412 462
f 566 565 633
f 566 512 565
f 633 567 566
f 567 512 566
f 461 409 410
f 410 462 461
f 462 412 461
f 300 244 299
f 299 244 298
f 825 830 824
f 824 830 751
f 824 746 825
f 751 746 824
f 828 751 829
f 829 830 828
f 751 830 829
f 591 533 593
f 591 592 533
f 591 593 662
f 662 675 604
f 675 676 604
f 604 591 662
f 592 591 604
f 604 677 678
f 676 677 604
f 539 592 604
f 678 605 604
f 604 605 539
f 686 614 685
f 686 687 614
f 687 686 694
f 1592 1708 1593
f 1490 1489 1451
f 1490 1387 1489
f 1364 1246 1363
f 1363 1452 1364
f 1363 1246 1362
f 1271 1387 1388
f 1271 1386 1387
f 1388 1389 1271
f 1269 1386 1271
f 1271 1270 1269
f 1494 1623 1496
f 1494 1493 1623
f 1388 1493 1494
f 1494 1389 1388
f 1496 1389 1494
f 1702 1589 1705
f 1705 1704 1702
f 1589 1704 1705
f 1827 1828 1712
f 1712 1711 1827
f 1828 1820 1712
f 1820 1713 1712
f 1599 1711 1712
f 1712 1713 1599
f 1465 1466 1360
f 1360 1464 1465
f 1361 1244 1360
f 1359 1458 1360
f 1458 1464 1360
f 1362 1361 1360
f 1360 1363 1362
f 1142 1240 1242
f 1242 1243 1142
f 1240 1243 1242
f 1357 1243 1359
f 1244 1243 1357
f 1359 1360 1357
f 1357 1360 1244
f 1358 1458 1359
f 1359 1243 1358
f 1354 1355 1240
f 1354 1367 1355
f 1354 1240 1253
f 1253 1367 1354
f 1465 1464 1588
f 1588 1464 1458
f 1588 1458 1455
f 1453 1454 1355
f 1453 1374 1454
f 1453 1355 1375
f 1375 1374 1453
f 1483 1373 1372
f 1483 1374 1373
f 1484 1374 1483
f 1483 1482 1484
f 1372 1482 1483
f 490 440 450
f 444 440 491
f 440 490 491
f 450 497 491
f 491 490 450
f 553 550 502
f 553 551 603
f 619 550 553
f 553 603 602
f 602 619 553
f 224 275 276
f 276 275 319
f 276 277 224
f 319 277 276
f 269 280 227
f 222 268 269
f 221 268 222
f 194 192 160
f 160 162 194
f 159 158 163
f 159 115 158
f 191 158 190
f 163 158 191
f 190 227 191
f 283 281 329
f 283 282 231
f 231 281 283
f 286 336 329
f 329 281 286
f 285 286 236
f 236 286 281
f 236 280 285
f 236 227 280
f 235 227 236
f 150 149 148
f 147 182 148
f 182 150 148
f 148 99 147
f 101 99 148
f 73 101 102
f 101 148 102
f 102 148 149
f 102 103 73
f 151 106 150
f 184 152 151
f 151 152 107
f 107 106 151
f 151 183 184
f 151 150 183
f 75 76 57
f 57 74 75
f 75 108 76
f 107 108 75
f 75 74 107
f 150 106 105
f 106 74 105
f 190 158 157
f 157 158 118
f 118 114 157
f 1742 1743 1619
f 1742 1852 1743
f 1742 1619 1741
f 1853 1852 1742
f 1741 1826 1742
f 1742 1826 1853
f 2065 2019 2067
f 2019 2066 2067
f 1955 2017 2015
f 1935 1933 1955
f 1955 1958 1935
f 1955 1933 2002
f 2002 2017 1955
f 1954 1958 1955
f 1955 1852 1954
f 1956 1852 1955
f 2086 2084 2040
f 2040 2085 2086
f 2003 2002 1934
f 2055 2002 2003
f 2041 2084 2087
f 2055 2003 2041
f 1817 1821 1917
f 1919 1917 1990
f 1932 1917 1821
f 1990 1917 1932
f 1825 1824 1936
f 1936 1826 1825
f 1707 1823 1824
f 1707 1591 1702
f 1824 1825 1707
f 1708 1591 1707
f 2048 2094 2095
f 1990 1932 1931
f 1931 1932 1821
f 2113 2090 2110
f 2090 2081 2110
f 2088 2090 2113
f 2088 2045 2090
f 2088 2046 2044
f 2043 2088 2044
f 2045 2088 2043
f 1996 2045 2043
f 2043 1997 1996
f 1929 1928 1998
f 2044 2046 1998
f 1999 2000 1929
f 1929 1998 1999
f 1999 1998 2046
f 1971 1972 1882
f 1971 1881 1970
f 1882 1881 1971
f 1970 2024 2025
f 2024 1972 2025
f 2025 1971 1970
f 1972 1971 2025
f 2028 2077 2078
f 1885 1785 1784
f 1886 1785 1885
f 2119 2126 2121
f 2120 2101 2119
f 2119 2121 2120
f 1661 1779 1662
f 1662 1538 1661
f 1788 1889 1890
f 1890 1889 1981
f 1891 1788 1890
f 1890 1981 1891
f 2058 2007 2010
f 2058 2056 2007
f 2010 2037 2058
f 2037 2056 2058
f 1665 1664 1783
f 1783 1785 1665
f 1664 1785 1783
f 1686 1697 1802
f 1697 1814 1802
f 1802 1687 1686
f 1802 1814 1696
f 1696 1687 1802
f 1573 1682 1567
f 1442 1573 1567
f 1567 1682 1683
f 1563 1439 1567
f 1567 1680 1563
f 1567 1683 1684
f 1684 1680 1567
f 1908 1807 1805
f 1805 1907 1908
f 1908 1907 1937
f 1691 1699 1582
f 1447 1581 1582
f 1582 1698 1691
f 1581 1698 1582
f 1829 1908 1937
f 1807 1908 1829
f 1720 1831 1721
f 1720 1719 1718
f 1937 1831 1830
f 1830 1829 1937
f 1830 1720 1718
f 1831 1720 1830
f 1938 1831 1937
f 1937 1907 1938
f 1938 1907 1906
f 2004 2005 1938
f 1938 2005 1939
f 1939 1831 1938
f 1938 1904 1989
f 1938 1906 1904
f 1938 1988 2004
f 1989 1966 1938
f 1966 1988 1938
f 1761 1635 1760
f 1760 1868 1761
f 1760 1635 1759
f 1759 1868 1760
f 1440 1568 1441
f 1250 1143 1249
f 1250 1144 1143
f 1048 1149 1150
f 1150 1149 1259
f 1446 1565 1447
f 1445 1565 1446
f 1446 1447 1341
f 1341 1445 1446
f 1681 1565 1564
f 1564 1565 1437
f 1563 1681 1564
f 1564 1437 1563
f 1338 1440 1441
f 1338 1441 1442
f 1437 1339 1338
f 1338 1439 1437
f 1231 1346 1347
f 1347 1346 1378
f 2090 2045 2089
f 2089 2100 2090
f 2089 2045 2057
f 2057 2100 2089
f 1979 1980 1887
f 1887 1978 1979
f 1982 1980 1979
f 1979 2035 1982
f 1979 1978 2035
f 1382 1383 1263
f 1263 1376 1382
f 1382 1376 1383
f 1147 1048 1154
f 1154 1254 1147
f 1255 1256 1147
f 1147 1254 1255
f 1255 1254 1256
f 1724 1605 1723
f 1723 1605 1722
f 1723 1833 1724
f 1722 1833 1723
f 1604 1605 1471
f 1722 1605 1604
f 1719 1720 1604
f 1721 1722 1604
f 1604 1720 1721
f 1718 1719 1604
f 1606 1607 1471
f 1471 1605 1606
f 1477 1474 1609
f 1609 1611 1477
f 1608 1611 1609
f 1609 1473 1608
f 1474 1473 1609
f 1476 1477 1369
f 1369 1475 1476
f 1476 1475 1477
f 1378 1486 1379
f 1480 1477 1610
f 1477 1613 1610
f 1610 1614 1480
f 1613 1614 1610
f 1731 1839 1841
f 1842 1949 1843
f 1842 1950 1949
f 1843 1733 1842
f 1585 1454 1484
f 1586 1454 1585
f 1585 1700 1586
f 1700 1585 1615
f 1484 1614 1615
f 1615 1585 1484
f 1725 1726 1607
f 1725 1605 1724
f 1607 1606 1725
f 1725 1606 1605
f 1724 1835 1834
f 1835 1726 1834
f 1834 1725 1724
f 1726 1725 1834
f 1727 1836 1728
f 1728 1612 1727
f 1836 1729 1728
f 1728 1729 1612
f 2004 1986 2006
f 2006 2005 2004
f 2006 1941 1940
f 1939 2005 2006
f 2006 1940 1939
f 1837 1729 1835
f 1730 1729 1837
f 1835 1840 1837
f 1837 1840 1730
f 1797 1798 1677
f 1676 1797 1677
f 1677 1798 1799
f 1799 1800 1677
f 1677 1556 1676
f 1677 1678 1556
f 1758 1678 1677
f 1677 1801 1758
f 1677 1800 1801
f 1966 1863 1965
f 1965 1903 1966
f 1863 1903 1965
f 1515 1511 1562
f 1562 1632 1515
f 1515 1516 1404
f 1404 1511 1515
f 1515 1633 1516
f 1328 1434 1435
f 1331 1330 1288
f 1330 1401 1288
f 1332 1331 1288
f 1283 1332 1288
f 1288 1287 1283
f 1289 1181 1288
f 1181 1287 1288
f 1562 1511 1509
f 1267 1276 1384
f 1267 1266 1159
f 1159 1165 1267
f 1267 1165 1276
f 1061 1062 970
f 1061 1055 1054
f 970 1055 1061
f 1054 1160 1061
f 1167 1062 1061
f 1061 1160 1167
f 757 683 755
f 755 683 682
f 755 756 833
f 682 756 755
f 942 840 941
f 1039 1038 942
f 942 1037 1039
f 942 941 1037
f 1038 961 942
f 1162 1270 1163
f 1273 1166 1163
f 1270 1271 1163
f 1166 1060 1163
f 1057 1162 1163
f 1163 1060 1057
f 1162 1238 1268
f 1238 1353 1268
f 1268 1269 1162
f 1268 1353 1269
f 1248 1142 1247
f 1248 1236 1142
f 1247 1352 1248
f 1352 1236 1248
f 301 353 303
f 301 299 353
f 205 249 250
f 250 304 302
f 303 304 250
f 250 301 303
f 249 301 250
f 173 204 205
f 173 174 134
f 205 174 173
f 173 134 133
f 133 172 173
f 172 204 173
f 248 204 247
f 249 204 248
f 248 247 246
f 246 244 248
f 248 244 300
f 248 301 249
f 300 299 248
f 299 301 248
f 207 174 206
f 207 208 174
f 206 252 207
f 207 252 254
f 254 255 207
f 255 208 207
f 459 410 460
f 458 406 457
f 458 407 406
f 458 457 510
f 510 459 458
f 1399 1398 1506
f 1399 1400 1286
f 1286 1398 1399
f 1667 1668 1544
f 1544 1550 1667
f 1668 1667 1549
f 1549 1667 1550
f 1549 1673 1668
f 1549 1666 1673
f 1549 1550 1430
f 1539 1426 1538
f 1539 1538 1665
f 1665 1666 1539
f 1666 1549 1539
f 1539 1549 1430
f 1310 1311 1204
f 1310 1204 1309
f 1310 1421 1311
f 1309 1420 1310
f 1317 1209 1208
f 1208 1315 1317
f 1208 1316 1315
f 1208 1209 1116
f 1116 1207 1208
f 1207 1316 1208
f 1314 1207 1313
f 1313 1315 1314
f 1314 1315 1207
f 1197 1104 1196
f 1196 1302 1197
f 892 992 993
f 993 992 1071
f 993 994 892
f 1071 1070 993
f 1070 994 993
f 895 997 996
f 996 896 895
f 895 896 798
f 995 997 895
f 894 995 895
f 895 798 797
f 797 894 895
f 1559 1552 1433
f 1433 1558 1559
f 1559 1558 1679
f 1634 1552 1559
f 1559 1679 1634
f 1551 1672 1555
f 1555 1554 1551
f 1432 1543 1551
f 1433 1432 1551
f 1551 1554 1433
f 1551 1543 1541
f 1541 1548 1551
f 1548 1672 1551
f 164 193 196
f 196 197 164
f 196 237 197
f 196 233 237
f 193 233 196
f 454 505 506
f 506 508 455
f 455 454 506
f 506 507 508
f 506 505 507
f 606 608 615
f 606 607 544
f 499 543 492
f 492 494 499
f 544 504 496
f 496 543 544
f 504 453 496
f 492 543 496
f 496 453 443
f 387 440 444
f 387 384 333
f 387 442 443
f 443 401 387
f 401 400 387
f 450 440 448
f 385 336 391
f 391 440 385
f 391 448 440
f 450 448 391
f 336 393 391
f 449 393 447
f 449 501 450
f 449 447 501
f 450 391 449
f 449 391 393
f 335 390 336
f 335 286 285
f 336 286 335
f 389 393 392
f 392 390 389
f 392 393 336
f 336 390 392
f 321 371 334
f 285 321 334
f 371 388 334
f 334 335 285
f 390 335 334
f 389 390 334
f 334 388 389
f 381 371 326
f 381 388 371
f 381 326 380
f 380 388 381
f 319 370 320
f 269 319 320
f 320 321 269
f 320 371 321
f 320 370 371
f 343 400 401
f 343 289 342
f 343 344 289
f 343 401 344
f 232 192 231
f 231 233 232
f 232 233 192
f 239 233 284
f 284 233 282
f 292 293 239
f 239 284 292
f 292 284 282
f 342 383 398
f 398 383 384
f 398 343 342
f 974 872 871
f 871 872 782
f 871 870 974
f 782 870 871
f 782 866 867
f 778 710 708
f 779 710 778
f 708 777 778
f 778 777 779
f 707 632 706
f 708 632 707
f 707 777 708
f 629 627 703
f 627 702 703
f 703 702 775
f 701 702 627
f 701 770 702
f 702 770 773
f 860 861 773
f 773 853 860
f 770 853 773
f 409 461 411
f 411 461 412
f 411 354 409
f 412 354 411
f 349 299 298
f 347 406 349
f 406 407 349
f 625 694 696
f 624 625 558
f 624 694 625
f 687 694 624
f 558 607 624
f 615 687 624
f 624 606 615
f 607 606 624
f 1709 1593 1708
f 1710 1593 1709
f 1709 1825 1826
f 1709 1826 1741
f 1708 1707 1709
f 1709 1707 1825
f 1452 1363 1468
f 1595 1593 1710
f 1460 1592 1461
f 1461 1360 1460
f 1592 1593 1461
f 1467 1466 1590
f 1467 1360 1466
f 1458 1358 1356
f 1356 1358 1243
f 1457 1458 1356
f 1356 1243 1240
f 1356 1355 1457
f 1240 1355 1356
f 1587 1455 1586
f 1587 1588 1455
f 1465 1588 1587
f 1586 1597 1587
f 1587 1597 1465
f 502 551 552
f 552 553 502
f 551 553 552
f 225 222 269
f 269 227 225
f 225 227 226
f 221 222 185
f 184 220 185
f 185 220 223
f 185 224 221
f 185 223 224
f 120 162 119
f 119 80 120
f 163 162 120
f 120 159 163
f 80 117 120
f 117 159 120
f 116 159 117
f 115 159 116
f 116 117 79
f 79 115 116
f 332 329 333
f 332 283 329
f 333 282 332
f 282 283 332
f 235 236 195
f 163 191 195
f 195 162 163
f 195 194 162
f 195 227 235
f 195 191 227
f 104 149 150
f 104 102 149
f 150 105 104
f 103 102 104
f 104 74 103
f 104 105 74
f 111 77 76
f 111 112 77
f 1745 1855 1960
f 1744 1855 1745
f 1745 1622 1744
f 1746 1622 1745
f 1960 1855 1959
f 1957 2018 1959
f 2016 1955 2015
f 2016 2019 1956
f 1956 1955 2016
f 2020 2021 1960
f 1960 1959 2020
f 2020 1959 2018
f 1993 2003 1934
f 1994 2003 1993
f 1993 1921 1994
f 1993 1934 1922
f 1922 1921 1993
f 2084 2041 2039
f 2039 2041 1994
f 2039 1994 1991
f 2039 2040 2084
f 2042 2003 1994
f 1994 2041 2042
f 2042 2041 2003
f 1818 1702 1817
f 1818 1819 1702
f 1922 1819 1818
f 1818 1921 1922
f 1817 1917 1918
f 1918 1919 1817
f 1917 1919 1918
f 1817 1919 1920
f 1920 1818 1817
f 1702 1819 1816
f 1816 1707 1702
f 1819 1823 1816
f 1823 1707 1816
f 2049 2048 2053
f 2000 2048 2049
f 2054 2085 2051
f 1929 2000 1930
f 1930 1821 1929
f 1930 1931 1821
f 2122 2114 2106
f 2118 2125 2117
f 2122 2125 2118
f 2118 2114 2122
f 2050 2048 2000
f 2109 2088 2113
f 2078 2088 2109
f 2113 2110 2109
f 2109 2110 2078
f 1995 2043 2044
f 1997 2043 1995
f 2044 1998 1995
f 1995 1998 1928
f 1928 1927 1995
f 1927 1997 1995
f 2027 1974 1972
f 2027 2028 1974
f 2080 2110 2081
f 2078 2110 2111
f 1784 1782 1884
f 1884 1885 1784
f 1884 1782 1883
f 1424 1425 1313
f 1424 1426 1425
f 1660 1535 1659
f 1313 1312 1423
f 1423 1424 1313
f 1535 1424 1423
f 1423 1312 1311
f 1657 1656 1774
f 1533 1656 1657
f 1422 1534 1535
f 1311 1421 1422
f 1422 1421 1533
f 1533 1534 1422
f 1422 1423 1311
f 1535 1423 1422
f 1616 1714 1617
f 1617 1486 1616
f 1616 1582 1699
f 1600 1486 1617
f 1617 1714 1600
f 1447 1582 1583
f 1583 1616 1486
f 1582 1616 1583
f 1691 1807 1808
f 1807 1829 1808
f 1145 1149 1146
f 1146 1149 1048
f 1146 1046 1145
f 1146 1048 1046
f 1259 1149 1252
f 1145 1144 1252
f 1252 1149 1145
f 1048 1150 1151
f 1377 1378 1260
f 1260 1379 1380
f 1378 1379 1260
f 1260 1150 1259
f 1260 1263 1262
f 1260 1376 1263
f 1260 1151 1150
f 1337 1338 1226
f 1226 1338 1339
f 1226 1339 1334
f 1334 1335 1226
f 1226 1335 1336
f 1226 1336 1227
f 1226 1127 1225
f 1226 1227 1127
f 1438 1338 1337
f 1440 1338 1438
f 1443 1338 1442
f 1439 1338 1443
f 1442 1567 1443
f 1443 1567 1439
f 1231 1228 1344
f 1228 1343 1344
f 1344 1346 1231
f 1344 1343 1346
f 1342 1343 1228
f 1346 1343 1342
f 1342 1228 1341
f 1341 1346 1342
f 1847 1844 1848
f 1847 1846 1844
f 1847 1848 1738
f 1734 1612 1733
f 1733 1844 1734
f 1844 1846 1734
f 1613 1612 1734
f 1733 1612 1732
f 1732 1841 1733
f 1732 1612 1731
f 1731 1841 1732
f 1845 1839 1838
f 1845 1841 1839
f 1733 1841 1845
f 1845 1842 1733
f 1950 1842 1946
f 1945 1949 1946
f 1949 1950 1946
f 1842 1845 1946
f 1946 1838 1945
f 1946 1845 1838
f 1739 1615 1737
f 1737 1615 1614
f 1738 1739 1737
f 1737 1614 1738
f 1739 1815 1740
f 1740 1615 1739
f 1815 1700 1740
f 1700 1615 1740
f 1897 1943 1987
f 1943 1941 1987
f 1941 2006 1987
f 1560 1434 1553
f 1560 1435 1434
f 1560 1515 1632
f 1553 1633 1560
f 1633 1515 1560
f 1328 1435 1329
f 1215 1328 1329
f 1329 1330 1215
f 1329 1401 1330
f 1562 1509 1436
f 1436 1509 1401
f 1401 1329 1436
f 1436 1329 1435
f 1402 1290 1289
f 1401 1509 1402
f 1404 1290 1402
f 1402 1511 1404
f 1289 1288 1402
f 1402 1288 1401
f 855 859 961
f 961 856 855
f 855 856 770
f 833 937 835
f 835 755 833
f 961 859 965
f 965 942 961
f 1273 1163 1272
f 1272 1163 1271
f 1272 1389 1390
f 1272 1271 1389
f 251 250 302
f 205 250 251
f 302 252 251
f 252 205 251
f 1507 1399 1506
f 1427 1539 1430
f 1426 1539 1427
f 1317 1426 1427
f 546 499 498
f 543 499 546
f 608 606 546
f 544 543 546
f 546 606 544
f 498 545 546
f 545 608 546
f 443 492 495
f 495 496 443
f 492 496 495
f 493 492 443
f 443 442 493
f 498 499 446
f 446 499 494
f 446 497 498
f 446 491 497
f 333 385 386
f 386 387 333
f 385 440 386
f 440 387 386
f 399 387 400
f 400 343 399
f 343 398 399
f 384 387 399
f 399 398 384
f 293 292 331
f 341 293 331
f 331 282 330
f 331 292 282
f 330 383 331
f 331 383 341
f 866 869 868
f 868 867 866
f 868 869 782
f 782 867 868
f 967 861 966
f 861 968 966
f 960 861 860
f 960 968 861
f 860 853 960
f 1054 1055 960
f 1055 968 960
f 960 964 1054
f 706 629 705
f 705 707 706
f 777 707 705
f 705 703 777
f 776 703 775
f 775 862 776
f 776 862 863
f 863 777 776
f 777 703 776
f 770 856 857
f 857 853 770
f 857 856 964
f 774 861 775
f 774 773 861
f 775 702 774
f 702 773 774
f 348 349 298
f 347 349 348
f 298 297 348
f 296 347 348
f 348 297 296
f 353 299 352
f 409 353 352
f 410 409 352
f 695 696 694
f 625 696 695
f 693 625 695
f 695 627 693
f 685 683 760
f 1584 1490 1451
f 1584 1468 1490
f 1451 1452 1584
f 1452 1468 1584
f 1618 1595 1710
f 1741 1619 1618
f 1618 1709 1741
f 1710 1709 1618
f 1490 1468 1463
f 1463 1468 1363
f 1363 1360 1463
f 1594 1461 1593
f 1460 1360 1459
f 1360 1467 1459
f 1459 1589 1460
f 1590 1589 1459
f 1459 1467 1590
f 192 194 228
f 228 229 192
f 194 229 228
f 230 281 231
f 230 229 281
f 231 192 230
f 192 229 230
f 234 236 281
f 234 195 236
f 281 229 234
f 234 229 194
f 194 195 234
f 156 157 114
f 112 111 110
f 110 111 76
f 187 225 226
f 222 225 187
f 187 185 222
f 153 154 108
f 107 152 153
f 153 108 107
f 153 152 184
f 184 185 153
f 1856 1857 1746
f 1746 1745 1856
f 1856 1961 1857
f 1856 1745 1960
f 1856 2021 1961
f 1960 2021 1856
f 1957 1959 1854
f 1854 1959 1855
f 1854 1852 1957
f 1854 1855 1744
f 1744 1743 1854
f 1743 1852 1854
f 2061 2066 2062
f 2062 2015 2061
f 2062 2016 2015
f 2062 2066 2019
f 2019 2016 2062
f 1923 1920 1919
f 1991 1994 1923
f 1923 1919 1991
f 1994 1921 1923
f 1921 1818 1923
f 1818 1920 1923
f 1990 1931 2001
f 1931 1930 2001
f 2001 2049 2053
f 2000 2049 2001
f 2001 1930 2000
f 2001 2053 2054
f 2054 2051 2001
f 2108 2106 2114
f 2078 2077 2107
f 2077 2106 2107
f 2107 2108 2078
f 2106 2108 2107
f 2117 2116 2096
f 2096 2116 2094
f 2094 2048 2096
f 2048 2050 2096
f 2046 2088 2091
f 2091 2088 2078
f 2078 2092 2091
f 2047 2050 2000
f 2047 2092 2078
f 2000 1999 2047
f 2047 1999 2046
f 2046 2091 2047
f 2047 2091 2092
f 2032 2082 2033
f 2028 2027 2026
f 2026 1972 2024
f 2026 2027 1972
f 2071 2102 2103
f 2103 2075 2071
f 2072 2024 2071
f 2071 2075 2072
f 2072 2075 2028
f 2072 2026 2024
f 2028 2026 2072
f 2077 2028 2076
f 2028 2075 2076
f 2079 2028 2078
f 2078 2111 2079
f 2110 2080 2079
f 2079 2111 2110
f 1973 1884 1883
f 1974 1884 1973
f 1973 1883 1882
f 1882 1972 1973
f 1972 1974 1973
f 1885 1884 1976
f 2033 1977 1976
f 1976 1977 1886
f 1886 1885 1976
f 1976 2032 2033
f 1536 1424 1535
f 1535 1660 1536
f 1658 1534 1533
f 1533 1657 1658
f 1659 1535 1658
f 1535 1534 1658
f 1774 1659 1658
f 1658 1657 1774
f 1603 1604 1471
f 1579 1486 1447
f 1447 1583 1579
f 1579 1583 1486
f 1806 1699 1691
f 1691 1808 1806
f 1806 1808 1699
f 1251 1252 1144
f 1251 1250 1249
f 1144 1250 1251
f 1259 1252 1251
f 1251 1249 1231
f 1153 1154 1048
f 1254 1154 1153
f 1152 1151 1262
f 1262 1263 1152
f 1263 1264 1152
f 1152 1264 1256
f 1256 1254 1152
f 1254 1153 1152
f 1048 1151 1152
f 1152 1153 1048
f 1377 1260 1349
f 1262 1151 1261
f 1261 1260 1262
f 1151 1260 1261
f 1846 1847 1735
f 1735 1734 1846
f 1613 1734 1735
f 1736 1613 1735
f 1738 1736 1735
f 1735 1847 1738
f 1985 2006 1986
f 1985 1987 2006
f 1985 1986 1897
f 1897 1987 1985
f 1435 1560 1561
f 1561 1436 1435
f 1561 1560 1632
f 1561 1632 1562
f 1562 1436 1561
f 1510 1509 1511
f 1511 1402 1510
f 1510 1402 1509
f 854 855 770
f 859 855 854
f 854 770 772
f 772 859 854
f 937 840 938
f 938 835 937
f 840 942 939
f 939 837 840
f 858 965 859
f 858 859 772
f 942 965 858
f 858 939 942
f 837 939 858
f 1400 1399 1508
f 1399 1507 1508
f 441 446 494
f 387 446 441
f 442 387 441
f 441 493 442
f 441 494 492
f 492 493 441
f 444 491 445
f 491 446 445
f 445 387 444
f 445 446 387
f 969 866 967
f 967 966 969
f 969 869 866
f 969 966 968
f 970 869 969
f 969 1055 970
f 969 968 1055
f 629 703 704
f 704 705 629
f 703 705 704
f 299 349 350
f 349 352 350
f 408 460 410
f 410 352 408
f 408 352 349
f 459 460 408
f 408 458 459
f 407 458 408
f 408 349 407
f 772 770 700
f 700 701 627
f 770 701 700
f 771 858 772
f 837 858 771
f 772 700 771
f 771 700 769
f 767 769 768
f 761 686 685
f 1619 1495 1491
f 1491 1618 1619
f 1491 1495 1388
f 1388 1387 1491
f 1387 1490 1491
f 1595 1618 1491
f 1490 1463 1596
f 1596 1463 1595
f 1596 1491 1490
f 1595 1491 1596
f 1461 1594 1462
f 1360 1461 1462
f 1462 1463 1360
f 1595 1463 1462
f 1593 1595 1462
f 1462 1594 1593
f 190 157 189
f 157 156 189
f 189 227 190
f 226 227 189
f 189 187 226
f 189 156 154
f 108 154 109
f 154 110 109
f 76 108 109
f 109 110 76
f 113 110 114
f 112 110 113
f 113 114 77
f 77 112 113
f 155 156 114
f 114 110 155
f 154 156 155
f 155 110 154
f 185 187 186
f 186 153 185
f 186 187 154
f 154 153 186
f 1991 1919 1992
f 1992 1919 1990
f 1992 2039 1991
f 2040 2039 1992
f 2052 2001 2051
f 2085 2040 2052
f 2052 2051 2085
f 2093 2108 2114
f 2078 2108 2093
f 2093 2047 2078
f 2050 2047 2093
f 2097 2118 2117
f 2117 2096 2097
f 2097 2096 2050
f 2114 2118 2097
f 2097 2093 2114
f 2050 2093 2097
f 2029 2074 2030
f 1974 2028 2029
f 2028 2074 2029
f 2120 2121 2104
f 2075 2103 2104
f 2104 2076 2075
f 2105 2106 2077
f 2077 2076 2105
f 2076 2104 2105
f 2122 2106 2105
f 2105 2121 2122
f 2105 2104 2121
f 2073 2079 2080
f 2073 2074 2028
f 2028 2079 2073
f 1975 1884 1974
f 1975 1976 1884
f 1974 2029 1975
f 2030 1976 1975
f 1975 2029 2030
f 1537 1660 1661
f 1537 1536 1660
f 1537 1661 1538
f 1538 1426 1537
f 1426 1424 1537
f 1424 1536 1537
f 1714 1616 1715
f 1715 1603 1714
f 1715 1616 1699
f 1718 1604 1717
f 1604 1603 1717
f 1714 1603 1602
f 1602 1600 1714
f 1601 1600 1602
f 1602 1603 1471
f 1381 1379 1486
f 1380 1379 1381
f 1381 1260 1380
f 1376 1260 1381
f 1486 1600 1470
f 1470 1488 1486
f 1470 1600 1601
f 1470 1471 1369
f 1470 1602 1471
f 1601 1602 1470
f 1345 1251 1231
f 1231 1349 1345
f 1365 1260 1259
f 1259 1251 1365
f 1251 1345 1365
f 1365 1349 1260
f 1365 1345 1349
f 1348 1349 1231
f 1377 1349 1348
f 1348 1378 1377
f 1231 1347 1348
f 1348 1347 1378
f 840 839 836
f 836 938 840
f 757 755 836
f 755 835 836
f 835 938 836
f 351 352 299
f 299 350 351
f 351 350 352
f 838 769 767
f 767 768 697
f 694 767 697
f 627 695 697
f 697 695 694
f 627 697 698
f 698 697 768
f 769 700 699
f 699 768 769
f 699 698 768
f 699 700 627
f 627 698 699
f 762 694 686
f 686 761 762
f 758 683 757
f 758 838 767
f 758 762 761
f 757 836 758
f 758 836 839
f 837 771 758
f 758 771 769
f 769 838 758
f 758 767 694
f 694 762 758
f 758 839 840
f 840 837 758
f 154 187 188
f 188 189 154
f 187 189 188
f 1990 2001 2038
f 2038 1992 1990
f 2001 2052 2038
f 2040 1992 2038
f 2038 2052 2040
f 2031 2073 2080
f 2081 2082 2031
f 2031 2080 2081
f 2082 2032 2031
f 2030 2074 2031
f 2074 2073 2031
f 2031 1976 2030
f 2032 1976 2031
f 1603 1715 1716
f 1716 1717 1603
f 1716 1715 1699
f 1718 1717 1716
f 1716 1830 1718
f 1829 1830 1716
f 1699 1808 1716
f 1716 1808 1829
f 1486 1488 1487
f 1487 1381 1486
f 1488 1381 1487
f 1383 1376 1485
f 1485 1381 1383
f 1376 1381 1485
f 1469 1470 1369
f 1488 1470 1469
f 1369 1383 1469
f 1383 1381 1469
f 1469 1381 1488
f 759 758 761
f 685 760 759
f 759 761 685
f 759 760 683
f 683 758 759
f 28 29 12
f 12 11 28
f 48 29 28
f 28 47 48
f 310 314 259
f 259 258 310
f 356 358 416
f 308 358 356
f 905 1003 1004
f 905 1004 906
f 638 639 572
f 638 572 571
f 572 517 516
f 571 572 516
f 416 358 465
f 465 358 418
f 713 875 785
f 784 875 713
f 899 897 999
f 898 897 899
f 999 1000 899
f 1000 902 899
f 917 916 1017
f 918 917 1017
f 1305 1525 1414
f 1413 1525 1305
f 470 521 522
f 522 471 470
f 650 716 726
f 726 716 787
f 1668 1788 1669
f 1668 1669 1547
f 1964 1859 1963
f 1860 1859 1964
f 2070 2101 2102
f 2071 2070 2102
f 1502 1396 1278
f 1278 1395 1502
f 1626 1499 1498
f 1498 1497 1626
f 355 307 305
f 305 307 254
f 1009 1008 1105
f 1105 1010 1009
f 583 643 649
f 584 583 649
f 649 716 650
f 650 584 649
f 863 780 779
f 864 780 863
f 357 358 308
f 308 307 357
f 1963 1859 2022
f 2022 1859 1961
f 2099 2112 2085
f 2085 2054 2099
f 2094 2116 2115
f 2115 2116 2123
f 2123 2116 2124
f 2124 2116 2117
f 1062 1167 1168
f 1168 1063 1062
f 210 211 178
f 178 176 210
f 406 347 338
f 406 338 395
f 1100 1193 1194
f 1100 1194 1101
f 1194 1299 1195
f 1101 1194 1195
f 578 643 583
f 583 525 578
f 578 522 521
f 578 525 522
f 500 489 488
f 488 542 500
f 514 568 515
f 466 514 515
f 1962 1861 1752
f 1752 1858 1962
f 1860 1964 1962
f 1962 1858 1860
f 2087 2063 2041
f 2041 2063 2055
f 2054 2053 2048
f 2095 2054 2048
f 1277 1266 1267
f 1384 1277 1267
f 1531 1421 1310
f 1420 1531 1310
f 1196 1195 1301
f 1196 1301 1302
f 1196 1103 1102
f 1104 1103 1196
f 1101 1195 1196
f 1196 1102 1101
f 2069 2022 1961
f 1961 2021 2069
f 1779 1661 1660
f 1660 1659 1779
f 1272 1390 1391
f 1272 1391 1273
f 1430 1319 1427
f 1427 1319 1317
f 857 960 853
f 964 960 857
f 1001 1000 2068
f 2068 30 16
f 2068 13 12
f 2068 140 139
f 2068 69 90
f 1650 1649 2068
f 16 13 2068
f 90 95 2068
f 70 49 2068
f 178 211 2068
f 12 29 2068
f 2068 48 69
f 2068 360 311
f 2068 180 144
f 2068 96 70
f 311 257 2068
f 1279 1396 2068
f 2070 2023 2068
f 876 786 2068
f 2068 29 48
f 139 137 2068
f 143 142 2068
f 2068 144 143
f 469 419 2068
f 2068 49 30
f 1879 1878 2068
f 2068 136 178
f 137 96 2068
f 2068 142 141
f 141 140 2068
f 2068 518 469
f 257 212 2068
f 2068 714 785
f 2068 95 136
f 2068 1502 1397
f 2068 356 416
f 1880 1879 2068
f 419 360 2068
f 416 465 2068
f 2068 2119 2101
f 2068 2099 2098
f 2068 1000 999
f 2068 1412 1300
f 2068 1299 1194
f 212 180 2068
f 2068 1191 1189
f 572 639 2068
f 2068 875 874
f 2068 517 572
f 1861 1962 2068
f 2068 1970 1880
f 2127 2126 2068
f 2068 2101 2070
f 999 897 2068
f 2068 801 876
f 256 306 2068
f 2068 786 715
f 573 518 2068
f 2068 640 573
f 2068 1771 1650
f 2068 1415 1414
f 468 517 2068
f 2068 1964 1963
f 2061 2060 2068
f 2068 2063 2087
f 2068 1629 1753
f 2086 2112 2068
f 2068 209 256
f 2087 2084 2068
f 897 801 2068
f 2068 1094 1001
f 1300 1299 2068
f 715 640 2068
f 1414 1525 2068
f 2068 1649 1526
f 2068 465 468
f 785 875 2068
f 1753 1751 2068
f 2064 2063 2068
f 2068 2023 1970
f 2068 2125 2127
f 1068 1066 2068
f 874 975 2068
f 1397 1504 2068
f 2068 306 356
f 2068 1192 1098
f 1194 1193 2068
f 2068 1772 1771
f 1526 1415 2068
f 639 714 2068
f 2068 1751 1861
f 2068 1172 1279
f 2068 2060 2064
f 2068 2112 2099
f 2098 2115 2068
f 2068 2124 2125
f 2068 975 1068
f 1396 1502 2068
f 2068 211 209
f 2068 1193 1192
f 1525 1412 2068
f 1189 1094 2068
f 1098 1191 2068
f 2068 1878 1772
f 1963 2022 2068
f 2068 2066 2061
f 2068 2084 2086
f 1504 1629 2068
f 2068 2115 2123
f 2123 2124 2068
f 2065 2067 2068
f 1066 1172 2068
f 2068 1962 1964
f 2068 2067 2066
f 2126 2119 2068
f 2022 2069 2068
f 2068 2018 2065
f 2068 2020 2018
f 2068 2069 2021
f 2021 2020 2068
f 4 18 1508
f 1508 1575 1574
f 32 53 1508
f 1508 1024 921
f 1869 1876 1508
f 71 98 1508
f 1125 1028 1508
f 1508 480 479
f 1508 98 97
f 1508 1 4
f 1508 52 71
f 5 1 1508
f 54 33 1508
f 1524 1648 1508
f 1508 18 32
f 97 138 1508
f 1508 179 181
f 1508 664 663
f 1508 473 524
f 1508 19 5
f 1508 53 52
f 1508 644 646
f 646 720 1508
f 1508 33 19
f 1508 309 359
f 817 816 1508
f 1508 666 596
f 1225 1224 1508
f 359 364 1508
f 259 314 1508
f 181 213 1508
f 1508 588 528
f 816 743 1508
f 1221 1220 1508
f 365 315 1508
f 1173 1188 1508
f 1968 1969 1508
f 524 580 1508
f 1508 1770 1869
f 1508 720 791
f 1508 1647 1646
f 138 179 1508
f 314 309 1508
f 1508 213 259
f 1508 979 978
f 1508 1074 1173
f 1508 1126 1125
f 1508 72 54
f 1693 1692 1508
f 1508 1877 1968
f 1508 580 644
f 423 473 1508
f 1508 364 423
f 880 979 1508
f 1508 882 880
f 596 664 1508
f 1508 818 817
f 1508 366 365
f 1508 1333 1221
f 1218 1126 1508
f 1508 1220 1218
f 1508 182 147
f 1508 214 182
f 1508 475 427
f 1508 1876 1767
f 1508 1809 1693
f 147 99 1508
f 791 884 1508
f 1297 1400 1508
f 1508 743 666
f 1508 1076 1075
f 921 818 1508
f 528 481 1508
f 663 661 1508
f 425 424 1508
f 427 474 1508
f 1508 1224 1333
f 479 430 1508
f 1576 1575 1508
f 1508 1692 1576
f 1767 1877 1508
f 1508 1969 1909
f 1909 1809 1508
f 1648 1647 1508
f 1508 1298 1297
f 1568 1440 1508
f 1646 1770 1508
f 1508 884 883
f 883 882 1508
f 978 1078 1508
f 1075 1074 1508
f 1508 1124 1025
f 1025 1024 1508
f 1508 661 590
f 590 588 1508
f 424 366 1508
f 1508 474 425
f 478 475 1508
f 1508 315 260
f 1574 1568 1508
f 1506 1505 1508
f 1188 1298 1508
f 1508 1438 1337
f 1508 1078 1077
f 1077 1076 1508
f 1508 1028 1124
f 481 480 1508
f 1508 430 478
f 260 214 1508
f 1508 99 72
f 1508 1523 1524
f 1505 1523 1508
f 1508 1226 1225
f 1337 1226 1508
f 1440 1438 1508
f 1508 1507 1506
f 2104 2103 2102
f 2104 2102 2120

