# https://github.com/mikedh/trimesh
v 0.03245794 0.00931149 0.00760284
v 0.03248283 0.00930933 0.00044551
v 0.03245794 0.00931149 0.00044551
v 0.03203894 0.00931149 0.00844140
v 0.03237082 0.00925107 0.00844140
v 0.03271930 0.00922949 0.00792692
v 0.03275664 0.00925107 0.00760284
v 0.03287695 0.00925970 0.00634438
v 0.03287695 0.00926402 0.00592448
v 0.03287695 0.00926402 0.00044551
v 0.00853723 0.00931149 0.00044551
v 0.03204309 0.00926186 0.00886635
v 0.03120092 0.00931149 0.00928121
v 0.03162408 0.00926402 0.00928752
v 0.03229615 0.00922949 0.00872890
v 0.03308853 0.00919281 0.00655749
v 0.03276079 0.00898133 0.00800258
v 0.03603402 0.00249898 0.00448065
v 0.03607551 0.00256156 0.00424611
v 0.03309268 0.00919928 0.00634438
v 0.03309682 0.00920360 0.00592448
v 0.03288940 0.00926186 0.00044551
v 0.00822194 0.00925323 0.00044551
v 0.00350085 0.00904823 0.00970112
v 0.00447577 0.00920575 0.00946153
v 0.00443843 0.00921223 0.00970112
v 0.00476202 0.00925323 0.00970112
v 0.00518103 0.00928560 0.00970112
v 0.00560003 0.00930502 0.00970112
v 0.00601904 0.00931149 0.00970112
v 0.03191033 0.00923165 0.00915133
v 0.03077777 0.00930070 0.00970112
v 0.03118848 0.00925539 0.00970490
v 0.03035876 0.00931149 0.00970112
v 0.03148718 0.00923165 0.00956746
v 0.03217999 0.00898133 0.00899497
v 0.03233763 0.00898133 0.00878565
v 0.03252847 0.00898133 0.00844140
v 0.03645303 0.00249251 0.00280733
v 0.03647377 0.00253567 0.00256774
v 0.03650281 0.00258314 0.00214784
v 0.03651525 0.00260041 0.00172793
v 0.03654429 0.00262199 0.00088811
v 0.03655674 0.00262846 0.00046947
v 0.03564820 0.00255293 0.00538856
v 0.03582244 0.00226593 0.00508592
v 0.03596349 0.00226593 0.00471393
v 0.03604232 0.00226593 0.00450461
v 0.03612944 0.00226593 0.00424611
v 0.03624975 0.00226593 0.00382620
v 0.03309682 0.00920360 0.00044551
v 0.00802280 0.00898133 0.00044551
v -0.00470089 0.00334273 0.00945397
v -0.00429848 0.00377646 0.00943631
v -0.00389192 0.00421020 0.00942244
v -0.00347291 0.00461805 0.00943001
v -0.00302902 0.00501726 0.00945397
v -0.00258512 0.00541863 0.00948423
v -0.00097962 0.00673711 0.00940983
v -0.00051912 0.00712122 0.00944640
v 0.00022762 0.00760027 0.00939344
v 0.00072960 0.00795633 0.00944892
v 0.00155931 0.00838143 0.00943884
v 0.00276240 0.00881086 0.00942496
v 0.00308184 0.00894896 0.00970112
v 0.00350085 0.00904823 0.01095958
v 0.00422685 0.00917554 0.01012103
v 0.00443843 0.00921223 0.01095958
v 0.00476202 0.00925323 0.01095958
v 0.00518103 0.00928560 0.01095958
v 0.00560003 0.00930502 0.01095958
v 0.00601904 0.00931149 0.01095958
v 0.03176098 0.00898133 0.00942118
v 0.03196841 0.00898133 0.00921186
v 0.03077777 0.00924028 0.00998988
v 0.02952075 0.00930933 0.01012103
v 0.02993976 0.00929639 0.01012103
v 0.03035046 0.00925539 0.01012607
v 0.03104328 0.00921654 0.00993818
v 0.02910174 0.00931149 0.01012103
v 0.03130049 0.00898133 0.00983478
v 0.03154940 0.00898133 0.00962546
v 0.03396803 0.00226593 0.00785630
v 0.03435799 0.00249467 0.00740361
v 0.03476041 0.00226593 0.00696353
v 0.03490146 0.00226593 0.00675546
v 0.03511303 0.00226593 0.00643265
v 0.03521675 0.00253351 0.00618802
v 0.03557353 0.00226593 0.00565084
v 0.03634101 0.00226593 0.00340630
v 0.03641569 0.00226593 0.00304313
v 0.03645718 0.00226593 0.00283255
v 0.03650281 0.00226593 0.00256774
v 0.03656089 0.00226593 0.00214784
v 0.03659408 0.00226593 0.00172793
v 0.03662312 0.00226593 0.00130802
v 0.03664801 0.00226593 0.00088811
v 0.03666875 0.00226593 0.00046947
v 0.03655674 0.00262846 0.00044551
v 0.03567309 0.00226593 0.00544152
v 0.03582659 0.00184730 0.00508592
v 0.03596764 0.00184730 0.00471898
v 0.03604232 0.00184730 0.00450966
v 0.03612944 0.00184730 0.00424611
v 0.03624975 0.00184730 0.00382620
v 0.03634516 0.00184730 0.00340630
v 0.00791909 0.00873317 0.00044551
v -0.00519457 0.00226593 0.00937831
v -0.00512820 0.00252704 0.00944262
v -0.00476727 0.00310536 0.00938840
v -0.00503278 0.00276225 0.00970112
v -0.00485024 0.00310536 0.00970112
v -0.00470919 0.00335567 0.00970112
v -0.00452665 0.00356499 0.00970112
v -0.00431922 0.00379804 0.00970112
v -0.00412839 0.00400736 0.00970112
v -0.00391681 0.00423826 0.00970112
v -0.00370523 0.00444757 0.00970112
v -0.00349781 0.00463963 0.00970112
v -0.00213707 0.00581137 0.00970112
v -0.00147330 0.00638106 0.00970112
v -0.00122853 0.00659037 0.00970112
v -0.00101695 0.00676732 0.00970112
v -0.00074730 0.00697664 0.00970112
v -0.00053987 0.00713417 0.00970112
v -0.00004619 0.00749885 0.00970112
v 0.00016539 0.00764559 0.00970112
v 0.00049728 0.00785491 0.00970112
v 0.00070886 0.00796712 0.00970112
v 0.00098266 0.00811170 0.00970112
v 0.00153027 0.00839654 0.00970112
v 0.00182482 0.00851954 0.00970112
v 0.00224383 0.00867059 0.00970112
v 0.00249689 0.00875691 0.00970112
v 0.00270847 0.00882812 0.00970112
v 0.00308184 0.00894896 0.01095958
v 0.00308184 0.00887775 0.01137949
v 0.00447577 0.00920575 0.01124078
v 0.00422685 0.00917554 0.01095958
v 0.00476202 0.00922302 0.01131770
v 0.00560003 0.00925323 0.01137949
v 0.00601904 0.00925970 0.01137949
v 0.01231658 0.00931149 0.01095958
v 0.03157015 0.00856270 0.00964438
v 0.03020526 0.00921654 0.01035305
v 0.02952075 0.00924891 0.01040096
v 0.01231658 0.00925970 0.01137949
v 0.02910174 0.00925323 0.01041988
v 0.02993976 0.00923596 0.01037827
v 0.03108891 0.00898133 0.00996088
v 0.03131708 0.00856270 0.00985496
v 0.03375230 0.00226593 0.00806562
v 0.03396803 0.00184730 0.00785630
v 0.03417960 0.00184730 0.00762806
v 0.03437044 0.00184730 0.00741748
v 0.03436629 0.00226593 0.00741244
v 0.03456957 0.00226593 0.00718294
v 0.03456957 0.00184730 0.00718294
v 0.03475626 0.00184730 0.00696100
v 0.03490561 0.00184730 0.00675168
v 0.03511303 0.00184730 0.00643896
v 0.03524579 0.00184730 0.00622837
v 0.03541588 0.00226593 0.00592448
v 0.03557353 0.00184730 0.00564958
v 0.03542418 0.00184730 0.00592448
v 0.03645718 0.00184730 0.00283759
v 0.03650281 0.00184730 0.00256774
v 0.03656089 0.00184730 0.00214784
v 0.03659823 0.00184730 0.00172793
v 0.03663141 0.00184730 0.00130802
v 0.03666461 0.00184730 0.00046947
v 0.03666461 0.00184730 0.00044551
v 0.03666461 0.00226593 0.00044551
v 0.03666045 0.00228751 0.00044551
v 0.03567309 0.00184730 0.00543900
v 0.03603817 0.00155166 0.00448696
v 0.03579755 0.00142651 0.00508592
v 0.03622071 0.00142651 0.00382620
v 0.03632027 0.00142651 0.00340630
v 0.03645303 0.00157972 0.00281490
v 0.00777804 0.00814191 0.00044551
v -0.00558039 0.00100787 0.00938966
v -0.00526925 0.00184730 0.00933417
v -0.00554720 0.00132077 0.00944262
v -0.00543934 0.00184730 0.00970112
v -0.00528584 0.00226593 0.00970112
v -0.00514064 0.00255293 0.00970112
v -0.00503278 0.00276225 0.01095958
v -0.00485024 0.00310536 0.01095958
v -0.00470919 0.00335567 0.01095958
v -0.00452665 0.00356499 0.01095958
v -0.00431922 0.00379804 0.01095958
v -0.00412839 0.00400736 0.01095958
v -0.00391681 0.00423826 0.01095958
v -0.00370523 0.00444757 0.01095958
v -0.00349781 0.00463963 0.01095958
v -0.00213707 0.00581137 0.01095958
v -0.00147330 0.00638106 0.01095958
v -0.00122853 0.00659037 0.01095958
v -0.00101695 0.00676732 0.01095958
v -0.00074730 0.00697664 0.01095958
v -0.00053987 0.00713417 0.01095958
v -0.00004619 0.00749885 0.01095958
v 0.00016539 0.00764559 0.01095958
v 0.00049728 0.00785491 0.01095958
v 0.00070886 0.00796712 0.01095958
v 0.00098266 0.00811170 0.01095958
v 0.00153027 0.00839654 0.01095958
v 0.00182482 0.00851954 0.01095958
v 0.00224383 0.00867059 0.01095958
v 0.00249689 0.00875691 0.01095958
v 0.00270847 0.00882812 0.01095958
v 0.00278729 0.00880223 0.01137949
v 0.00286612 0.00877417 0.01159133
v 0.00508561 0.00916475 0.01157494
v 0.00536771 0.00919281 0.01159007
v 0.00521007 0.00922949 0.01141353
v 0.00560003 0.00919496 0.01159259
v 0.00601904 0.00919928 0.01159511
v 0.03309268 0.00248604 0.00865576
v 0.03354487 0.00226593 0.00826486
v 0.02686566 0.00711259 0.01160268
v 0.02742157 0.00688385 0.01149802
v 0.03025090 0.00898133 0.01037448
v 0.01255305 0.00919712 0.01159385
v 0.01231658 0.00919928 0.01159511
v 0.03110966 0.00856270 0.00997097
v 0.03048322 0.00856270 0.01028874
v 0.03132538 0.00226593 0.00986631
v 0.03161993 0.00184730 0.00968977
v 0.03161993 0.00226593 0.00968851
v 0.03188129 0.00184730 0.00952584
v 0.03209287 0.00184730 0.00938335
v 0.03239157 0.00184730 0.00917403
v 0.03259899 0.00226593 0.00902145
v 0.03309682 0.00226593 0.00865829
v 0.03395558 0.00142651 0.00783991
v 0.03436214 0.00152361 0.00740991
v 0.03374815 0.00184730 0.00806562
v 0.03473966 0.00142651 0.00693705
v 0.03488486 0.00142651 0.00672772
v 0.03509229 0.00142651 0.00640996
v 0.03522919 0.00142651 0.00619937
v 0.03555693 0.00142651 0.00561175
v 0.03565650 0.00142651 0.00540243
v 0.03538684 0.00142651 0.00592448
v 0.03653185 0.00142651 0.00214784
v 0.03657334 0.00142651 0.00172793
v 0.03660652 0.00142651 0.00130802
v 0.03662727 0.00142651 0.00088811
v 0.03663971 0.00142651 0.00046947
v 0.03663971 0.00142651 0.00044551
v 0.03596764 0.00141787 0.00464332
v 0.03601743 0.00127114 0.00443526
v 0.03608795 0.00141787 0.00427637
v 0.03563161 0.00110066 0.00534569
v 0.03570628 0.00097982 0.00512123
v 0.03589297 0.00100787 0.00466602
v 0.03606306 0.00100787 0.00415028
v 0.03615433 0.00100787 0.00382620
v 0.03625804 0.00100787 0.00340630
v 0.03634101 0.00100787 0.00298765
v 0.03640739 0.00143514 0.00296747
v 0.03643643 0.00130135 0.00271149
v 0.03647377 0.00143514 0.00257026
v 0.00776144 0.00772327 0.00044551
v -0.00561358 0.00058924 0.00935687
v -0.00570485 0.00058924 0.00970112
v -0.00564262 0.00100787 0.00970112
v -0.00550572 0.00158187 0.00970112
v -0.00544349 0.00184730 0.01012103
v -0.00528584 0.00226593 0.01095958
v -0.00514064 0.00255293 0.01095958
v -0.00512820 0.00252704 0.01128239
v -0.00470089 0.00334273 0.01125717
v -0.00388362 0.00419941 0.01137949
v -0.00347291 0.00461805 0.01130761
v -0.00429848 0.00377646 0.01129500
v -0.00302902 0.00501726 0.01125969
v -0.00258512 0.00541863 0.01118656
v -0.00097547 0.00673064 0.01137949
v -0.00051912 0.00712122 0.01127356
v 0.00022762 0.00759811 0.01137949
v 0.00072960 0.00795633 0.01126978
v 0.00155931 0.00838143 0.01128996
v 0.00308184 0.00878928 0.01160142
v 0.00164643 0.00831886 0.01156989
v 0.00192854 0.00837496 0.01160268
v 0.01335788 0.00247741 0.01326844
v 0.01399676 0.00249683 0.01327600
v 0.01525378 0.00252920 0.01329114
v 0.01566864 0.00253783 0.01329618
v 0.01609179 0.00253998 0.01329618
v 0.03330425 0.00184730 0.00847040
v 0.03354072 0.00184730 0.00825982
v 0.01761017 0.00248388 0.01327096
v 0.01944799 0.00226593 0.01317765
v 0.01986700 0.00226593 0.01313856
v 0.02220680 0.00248819 0.01285357
v 0.02280420 0.00226593 0.01275900
v 0.02322320 0.00226593 0.01267704
v 0.02364636 0.00226593 0.01259129
v 0.02690299 0.00688385 0.01161025
v 0.02711457 0.00688385 0.01156611
v 0.02742157 0.00646306 0.01150811
v 0.02784057 0.00226593 0.01145893
v 0.03027164 0.00856270 0.01038331
v 0.02490338 0.00226593 0.01232522
v 0.02532238 0.00226593 0.01222561
v 0.02574139 0.00226593 0.01211086
v 0.02601935 0.00226593 0.01203015
v 0.01651080 0.00253351 0.01329366
v 0.01692981 0.00251841 0.01328609
v 0.01734881 0.00249683 0.01327727
v 0.03077777 0.00184730 0.01016642
v 0.03111795 0.00184730 0.00998106
v 0.03031313 0.00184730 0.01041357
v 0.03052056 0.00184730 0.01030639
v 0.02967010 0.00226593 0.01072504
v 0.02993976 0.00226593 0.01059642
v 0.03132538 0.00184730 0.00986505
v 0.03161993 0.00142651 0.00966707
v 0.03186470 0.00142651 0.00951449
v 0.03207627 0.00142651 0.00937074
v 0.03237082 0.00142651 0.00916016
v 0.03308853 0.00162719 0.00865324
v 0.03259899 0.00184730 0.00902145
v 0.03287695 0.00184730 0.00881591
v 0.03309268 0.00184730 0.00865576
v 0.03373156 0.00142651 0.00805049
v 0.03350753 0.00121503 0.00823334
v 0.03393484 0.00118050 0.00782099
v 0.03420035 0.00140061 0.00757132
v 0.03434140 0.00124308 0.00738848
v 0.03450319 0.00140061 0.00722203
v 0.03449490 0.00100787 0.00715015
v 0.03470647 0.00100787 0.00688535
v 0.03484338 0.00100787 0.00667602
v 0.03520430 0.00114166 0.00616028
v 0.03529557 0.00100356 0.00595348
v 0.03553619 0.00097982 0.00549322
v 0.03645718 0.00115245 0.00243156
v 0.03647377 0.00101003 0.00212640
v 0.03651111 0.00100787 0.00172793
v 0.03654845 0.00100787 0.00130802
v 0.03657334 0.00100787 0.00088811
v 0.03658993 0.00100787 0.00046947
v 0.03658993 0.00100787 0.00044551
v 0.03536195 0.00016845 0.00550583
v 0.03560257 0.00082229 0.00528516
v 0.03563576 0.00024182 0.00493965
v 0.03560672 -0.00003655 0.00487282
v 0.03565650 -0.00025019 0.00460045
v 0.03585978 0.00016845 0.00424611
v 0.03567724 -0.00068393 0.00426881
v 0.03590126 -0.00025019 0.00382620
v 0.03604647 0.00027634 0.00369002
v 0.03601743 -0.00000419 0.00358157
v 0.03617507 0.00058924 0.00340630
v 0.03602157 -0.00043577 0.00317301
v 0.03605061 -0.00058466 0.00289308
v 0.03617922 0.00016845 0.00298765
v 0.03608380 -0.00070335 0.00259801
v 0.03617507 -0.00025019 0.00256774
v 0.03625389 0.00016845 0.00256774
v 0.03633272 0.00058924 0.00256774
v 0.00886497 -0.00572911 0.00044551
v -0.00560114 -0.00067098 0.00936696
v -0.00561358 -0.00025019 0.00935561
v -0.00561773 0.00016845 0.00935309
v -0.00571315 0.00016845 0.00970112
v -0.00570485 0.00058924 0.01095958
v -0.00564262 0.00100787 0.01095958
v -0.00544349 0.00184730 0.01095958
v -0.00519043 0.00228319 0.01140471
v -0.00505767 0.00243425 0.01156233
v -0.00462207 0.00325641 0.01153711
v -0.00423625 0.00370741 0.01157494
v -0.00384629 0.00416057 0.01159259
v -0.00341483 0.00457057 0.01158755
v -0.00092154 0.00668748 0.01159764
v 0.00031059 0.00753985 0.01160268
v 0.00082916 0.00788080 0.01154972
v 0.00110712 0.00796064 0.01160268
v 0.01189758 0.00226593 0.01319152
v 0.01231658 0.00226593 0.01322052
v 0.01273559 0.00226593 0.01324574
v 0.01310067 0.00226593 0.01326339
v 0.01330810 0.00226593 0.01327096
v 0.01357360 0.00226593 0.01327853
v 0.01525378 0.00226593 0.01331888
v 0.01566864 0.00226593 0.01332392
v 0.01609179 0.00226593 0.01332392
v 0.03351998 0.00142651 0.00824469
v 0.01799599 0.00168977 0.01326970
v 0.01815779 0.00183651 0.01325961
v 0.01818683 0.00226593 0.01324952
v 0.01860998 0.00226593 0.01322935
v 0.01902899 0.00226593 0.01320665
v 0.01651080 0.00226593 0.01331762
v 0.01692981 0.00226593 0.01330375
v 0.01902899 0.00184730 0.01320917
v 0.01944799 0.00184730 0.01317765
v 0.01986700 0.00184730 0.01313730
v 0.02112817 0.00184730 0.01299733
v 0.02154718 0.00184730 0.01294941
v 0.02154718 0.00226593 0.01294184
v 0.02196618 0.00226593 0.01289014
v 0.02222339 0.00226593 0.01285610
v 0.02243497 0.00226593 0.01282331
v 0.02280420 0.00184730 0.01276152
v 0.02322320 0.00184730 0.01268334
v 0.02364636 0.00184730 0.01259886
v 0.02434747 0.00226593 0.01244375
v 0.02431428 0.00249683 0.01243745
v 0.02754602 0.00226593 0.01156359
v 0.02624337 0.00184730 0.01197215
v 0.02784057 0.00184730 0.01145893
v 0.02825958 0.00184730 0.01129878
v 0.02825958 0.00226593 0.01129626
v 0.02910174 0.00184730 0.01096715
v 0.02946267 0.00226593 0.01081331
v 0.02455490 0.00226593 0.01239962
v 0.02457149 0.00184730 0.01240340
v 0.02490338 0.00184730 0.01232774
v 0.02532238 0.00184730 0.01222308
v 0.02574139 0.00184730 0.01211086
v 0.02603179 0.00184730 0.01203141
v 0.03050396 0.00142651 0.01029630
v 0.03109721 0.00142651 0.00996971
v 0.03029238 0.00142651 0.01040223
v 0.02993976 0.00184730 0.01059642
v 0.02967010 0.00184730 0.01072378
v 0.02945852 0.00184730 0.01081709
v 0.03130464 0.00142651 0.00985370
v 0.03164482 0.00102082 0.00959646
v 0.03183980 0.00116756 0.00950062
v 0.03232934 0.00100787 0.00912989
v 0.03306778 0.00134666 0.00863685
v 0.03291014 0.00146319 0.00876799
v 0.03332500 0.00104887 0.00836700
v 0.03308853 -0.00087814 0.00823207
v 0.03344531 0.00058924 0.00817407
v 0.03390580 0.00089998 0.00778695
v 0.03431651 0.00100787 0.00736074
v 0.03445341 0.00058924 0.00709845
v 0.03447001 -0.00067098 0.00673025
v 0.03437459 -0.00016819 0.00700514
v 0.03434555 -0.00044871 0.00696983
v 0.03522505 0.00016845 0.00578199
v 0.03467743 -0.00067098 0.00640743
v 0.03480604 -0.00067098 0.00619685
v 0.03519601 -0.00009482 0.00573407
v 0.03516697 -0.00037319 0.00567606
v 0.03643228 0.00087408 0.00225250
v 0.03631612 0.00016845 0.00214784
v 0.03644888 0.00077266 0.00197256
v 0.03646132 0.00071008 0.00172793
v 0.03644888 0.00036266 0.00113401
v 0.03645718 0.00031950 0.00088811
v 0.03650281 0.00058924 0.00088811
v 0.03632857 -0.00025019 0.00130802
v 0.03643228 0.00004329 0.00046947
v 0.03652355 0.00058924 0.00046947
v 0.03652770 0.00061298 0.00044551
v 0.03513793 -0.00067098 0.00560797
v 0.03546566 -0.00025019 0.00508592
v 0.03554449 -0.00068393 0.00465719
v 0.03537440 -0.00067098 0.00508592
v 0.03544907 -0.00108961 0.00466602
v 0.03562331 -0.00055229 0.00451092
v 0.03559427 -0.00083066 0.00442391
v 0.03556523 -0.00108961 0.00432807
v 0.03563161 -0.00108961 0.00411749
v 0.03572288 -0.00108961 0.00382620
v 0.03581414 -0.00067098 0.00382620
v 0.03592201 -0.00067098 0.00340630
v 0.03599668 -0.00027824 0.00342773
v 0.03600083 -0.00070335 0.00301413
v 0.03602157 -0.00086303 0.00275815
v 0.03615848 -0.00067098 0.00214784
v 0.03604647 -0.00097524 0.00247821
v 0.00890645 -0.00612400 0.00044551
v -0.00523191 -0.00192688 0.00934426
v -0.00555965 -0.00108961 0.00942244
v -0.00567996 -0.00067098 0.00970112
v -0.00570485 -0.00025019 0.00970112
v 0.00891060 -0.00614990 0.00044551
v 0.00897698 -0.00654480 0.00044551
v 0.00898113 -0.00656853 0.00044551
v 0.00905580 -0.00696343 0.00044551
v 0.00905995 -0.00698501 0.00044551
v 0.00913047 -0.00732380 0.00044551
v 0.00918026 -0.00752017 0.00044551
v 0.00925493 -0.00780286 0.00044551
v -0.00571315 0.00016845 0.01095958
v -0.00563432 0.00058924 0.01137949
v -0.00558039 0.00101866 0.01140471
v -0.00554720 0.00132077 0.01128239
v -0.00547668 0.00116756 0.01156233
v -0.00512820 0.00215372 0.01160268
v -0.00470919 0.00297588 0.01160268
v -0.00135299 0.00627963 0.01160268
v -0.00433997 0.00342904 0.01160268
v 0.00937939 0.00226593 0.01299481
v -0.00108333 0.00643716 0.01161025
v 0.00979840 0.00226593 0.01302885
v 0.01105542 0.00226593 0.01312721
v 0.01147857 0.00226593 0.01315999
v 0.01105542 0.00184730 0.01313603
v 0.01147857 0.00184730 0.01316756
v 0.01189758 0.00184730 0.01319656
v 0.01231658 0.00184730 0.01322304
v 0.01273559 0.00184730 0.01324700
v 0.01305088 0.00184730 0.01326339
v 0.01325831 0.00184730 0.01327348
v 0.01357360 0.00184730 0.01328483
v 0.01399676 0.00184730 0.01329744
v 0.01483477 0.00184730 0.01331762
v 0.01525378 0.00184730 0.01332392
v 0.01566864 0.00184730 0.01332644
v 0.01609179 0.00184730 0.01332392
v 0.01799599 0.00161209 0.01326970
v 0.01860998 0.00184730 0.01323565
v 0.01692981 0.00184730 0.01330627
v 0.01651080 0.00184730 0.01331762
v 0.01902899 0.00142651 0.01320035
v 0.01860998 0.00142651 0.01322809
v 0.01944799 0.00142651 0.01316504
v 0.01986700 0.00142651 0.01312595
v 0.02070501 0.00142651 0.01304020
v 0.02112817 0.00142651 0.01299481
v 0.02154718 0.00142651 0.01293932
v 0.02196618 0.00184730 0.01289267
v 0.02222339 0.00184730 0.01285610
v 0.02243082 0.00184730 0.01282331
v 0.02220265 0.00157324 0.01285357
v 0.02280420 0.00142651 0.01274765
v 0.02322320 0.00142651 0.01267073
v 0.02406536 0.00184730 0.01251059
v 0.02364636 0.00142651 0.01258625
v 0.02433917 0.00142651 0.01244249
v 0.02754602 0.00184730 0.01156233
v 0.02658355 0.00184730 0.01186749
v 0.02621433 0.00142651 0.01196710
v 0.02658355 0.00142651 0.01185866
v 0.02784057 0.00142651 0.01144254
v 0.02825958 0.00142651 0.01128365
v 0.02851264 0.00142651 0.01118656
v 0.02874082 0.00184730 0.01111090
v 0.02910174 0.00142651 0.01095075
v 0.02454660 0.00142651 0.01239836
v 0.02490338 0.00142651 0.01231387
v 0.02532238 0.00142651 0.01220417
v 0.02600690 0.00142651 0.01202385
v 0.03023845 0.00100787 0.01037448
v 0.03044588 0.00100787 0.01026730
v 0.03077777 0.00100787 0.01008824
v 0.03104743 0.00100787 0.00994197
v 0.02993976 0.00142651 0.01057246
v 0.02964521 0.00142651 0.01071117
v 0.02943363 0.00142651 0.01080700
v 0.03125485 0.00100787 0.00982470
v 0.03140835 -0.00045519 0.00949054
v 0.03180247 0.00088703 0.00947540
v 0.03212191 -0.00067098 0.00898740
v 0.03222147 0.00007781 0.00905171
v 0.03225466 0.00035618 0.00907567
v 0.03200575 0.00102082 0.00936065
v 0.03277738 0.00058924 0.00873142
v 0.03282302 0.00100787 0.00876673
v 0.03303460 0.00100787 0.00861037
v 0.03285206 -0.00027177 0.00852462
v 0.03263218 -0.00067098 0.00862424
v 0.03257825 -0.00108961 0.00858515
v 0.03284791 -0.00108961 0.00837583
v 0.03278983 -0.00151040 0.00833043
v 0.03272760 -0.00192688 0.00828125
v 0.03305949 -0.00108961 0.00820433
v 0.03311342 -0.00222683 0.00783991
v 0.03315076 -0.00192688 0.00788278
v 0.03320469 -0.00151040 0.00793827
v 0.03360710 -0.00151040 0.00750070
v 0.03346605 -0.00108961 0.00776551
v 0.03390580 -0.00077887 0.00736704
v 0.03420864 -0.00028471 0.00716024
v 0.03442437 -0.00108961 0.00666594
v 0.03432066 -0.00067098 0.00693831
v 0.03405929 -0.00108961 0.00711737
v 0.03477700 -0.00092777 0.00615398
v 0.03496369 -0.00067098 0.00592448
v 0.03464839 -0.00107666 0.00631412
v 0.03486412 -0.00107666 0.00594465
v 0.03620826 -0.00067098 0.00172793
v 0.03628708 -0.00025019 0.00172793
v 0.03642399 0.00049861 0.00172793
v 0.03625389 -0.00067098 0.00130802
v 0.03641984 0.00011018 0.00088811
v 0.03627879 -0.00067098 0.00088811
v 0.03638250 -0.00023508 0.00044551
v 0.03643228 0.00004329 0.00044551
v 0.03509644 -0.00108745 0.00548439
v 0.03520430 -0.00094719 0.00533182
v 0.03482678 -0.00151040 0.00582234
v 0.03478945 -0.00180604 0.00575424
v 0.03527068 -0.00108745 0.00510358
v 0.03522505 -0.00151040 0.00496361
v 0.03519601 -0.00174777 0.00489299
v 0.03515867 -0.00202830 0.00480346
v 0.03524164 -0.00190530 0.00466476
v 0.03521260 -0.00221820 0.00452353
v 0.03538269 -0.00192688 0.00424611
v 0.03560672 -0.00130109 0.00403805
v 0.03551130 -0.00146940 0.00420450
v 0.03561501 -0.00175425 0.00364588
v 0.03583074 -0.00108961 0.00340630
v 0.03592201 -0.00108961 0.00298765
v 0.03599668 -0.00110472 0.00259801
v 0.03606721 -0.00110472 0.00214027
v 0.03612114 -0.00108961 0.00172793
v 0.03601328 -0.00125577 0.00227646
v -0.00516553 -0.00225920 0.00940101
v -0.00552646 -0.00132698 0.00947540
v 0.00937939 -0.00822365 0.00044551
v 0.00951629 -0.00863796 0.00044551
v 0.00959097 -0.00884728 0.00044551
v 0.00968224 -0.00908681 0.00044551
v -0.00567996 -0.00067098 0.01095958
v -0.00560114 -0.00108961 0.00970112
v -0.00570485 -0.00025019 0.01095958
v -0.00564262 0.00016845 0.01137949
v -0.00554305 0.00058924 0.01160646
v -0.00553476 0.00088703 0.01160016
v -0.00515309 0.00184730 0.01161025
v 0.00937939 0.00184730 0.01299859
v 0.00979840 0.00184730 0.01303390
v 0.01105542 0.00142651 0.01313225
v 0.01147857 0.00142651 0.01316504
v 0.01231658 0.00142651 0.01321800
v 0.01273559 0.00142651 0.01324322
v 0.01307992 0.00142651 0.01326213
v 0.01328735 0.00142651 0.01327222
v 0.01357360 0.00142651 0.01328357
v 0.01399676 0.00142651 0.01329744
v 0.01441577 0.00142651 0.01330879
v 0.01483477 0.00142651 0.01331636
v 0.01525378 0.00142651 0.01331888
v 0.01566864 0.00142651 0.01331888
v 0.01609179 0.00142651 0.01331636
v 0.01773878 0.00145456 0.01327348
v 0.01757698 0.00120856 0.01326970
v 0.01785909 0.00133372 0.01326339
v 0.01815779 0.00145456 0.01325457
v 0.01692981 0.00142651 0.01329996
v 0.01734881 0.00142651 0.01328609
v 0.01651080 0.00142651 0.01331005
v 0.01902899 0.00100787 0.01317134
v 0.01860998 0.00100787 0.01320035
v 0.01818683 0.00100787 0.01322430
v 0.02070501 0.00100787 0.01300741
v 0.01944799 0.00100787 0.01313225
v 0.02112817 0.00100787 0.01296076
v 0.02186247 0.00109419 0.01286492
v 0.02214042 0.00129487 0.01284349
v 0.02198693 0.00143082 0.01287627
v 0.02236030 0.00143082 0.01281953
v 0.02280420 0.00100787 0.01270856
v 0.02322320 0.00100787 0.01262912
v 0.02429769 0.00118050 0.01243367
v 0.02731370 0.00142651 0.01162159
v 0.02752113 0.00142651 0.01155350
v 0.02596956 0.00118482 0.01201376
v 0.02613136 0.00102945 0.01194945
v 0.02658355 0.00100787 0.01181326
v 0.02726392 0.00110929 0.01160646
v 0.02784057 0.00100787 0.01139336
v 0.02848360 0.00118482 0.01117521
v 0.02910174 0.00100787 0.01089905
v 0.02937555 0.00100787 0.01078052
v 0.02490338 0.00100787 0.01227100
v 0.03013889 0.00041013 0.01032531
v 0.03030068 -0.00108961 0.00998988
v 0.02993976 0.00100787 0.01051697
v 0.03039195 -0.00067961 0.01001132
v 0.03055375 -0.00082635 0.00990162
v 0.03070724 0.00016845 0.00998610
v 0.03080681 0.00060003 0.01000502
v 0.03137516 -0.00067098 0.00947162
v 0.03161993 -0.00067098 0.00931526
v 0.03191033 -0.00067098 0.00912611
v 0.03201819 -0.00112414 0.00897227
v 0.03237082 -0.00108961 0.00874025
v 0.03242061 -0.00067098 0.00877808
v 0.03266122 -0.00042498 0.00864568
v 0.03252017 -0.00151040 0.00853975
v 0.03268612 -0.00220093 0.00824847
v 0.03300141 -0.00151040 0.00814885
v 0.03351583 -0.00217072 0.00740361
v 0.03378964 -0.00195493 0.00716276
v 0.03400536 -0.00151040 0.00705936
v 0.03293918 -0.00192688 0.00809211
v 0.03288110 -0.00235414 0.00802653
v 0.03307193 -0.00250736 0.00779577
v 0.03386846 -0.00108961 0.00732669
v 0.03427087 -0.00108961 0.00687526
v 0.03438288 -0.00143703 0.00660541
v 0.03434555 -0.00171540 0.00655371
v 0.03448660 -0.00155140 0.00638600
v 0.03474381 -0.00120830 0.00609723
v 0.03616677 -0.00108961 0.00130802
v 0.03619581 -0.00108961 0.00088811
v 0.03622071 -0.00108961 0.00046947
v 0.03629953 -0.00067098 0.00046947
v 0.03622071 -0.00108961 0.00044551
v 0.03508400 -0.00190530 0.00505440
v 0.03475211 -0.00208656 0.00568615
v 0.03470647 -0.00151040 0.00603166
v 0.03444097 -0.00192688 0.00629647
v 0.03466499 -0.00193767 0.00590682
v 0.03493879 -0.00234767 0.00508592
v 0.03511303 -0.00235414 0.00466476
v 0.03497613 -0.00276630 0.00466602
v 0.03516697 -0.00249657 0.00439491
v 0.03525823 -0.00235414 0.00425115
v 0.03539514 -0.00234767 0.00382620
v 0.03552789 -0.00190746 0.00380224
v 0.03557768 -0.00203477 0.00349835
v 0.03563990 -0.00190746 0.00337855
v 0.03573117 -0.00151040 0.00340630
v 0.03582244 -0.00151040 0.00298765
v 0.03590541 -0.00151040 0.00256774
v 0.03603402 -0.00133346 0.00199652
v 0.03605061 -0.00140682 0.00172793
v 0.03586808 -0.00192688 0.00214784
v -0.00472993 -0.00306194 0.00941740
v -0.00508671 -0.00252893 0.00970112
v -0.00519872 -0.00231962 0.00970112
v -0.00536467 -0.00192688 0.00970112
v 0.00985648 -0.00948171 0.00044551
v 0.01009709 -0.00997371 0.00044551
v 0.01027133 -0.01032113 0.00044551
v 0.01040409 -0.01058008 0.00044551
v 0.01051195 -0.01077645 0.00044551
v -0.00547253 -0.00154925 0.00970112
v -0.00560114 -0.00108961 0.01095958
v -0.00552646 -0.00132698 0.01121052
v -0.00555550 -0.00106803 0.01136183
v -0.00561773 -0.00067098 0.01137949
v -0.00563432 -0.00025019 0.01137949
v -0.00553891 -0.00067098 0.01160268
v -0.00554305 -0.00025019 0.01160772
v -0.00554720 0.00016845 0.01160772
v 0.00937939 0.00142651 0.01299102
v 0.01063641 0.00142651 0.01309821
v 0.00937939 -0.00108961 0.01293428
v 0.01231658 0.00100787 0.01320413
v 0.01273559 0.00100787 0.01323061
v 0.01333299 0.00118698 0.01326970
v 0.01357360 0.00111793 0.01327474
v 0.01399676 0.00098845 0.01328105
v 0.01441577 0.00100787 0.01329240
v 0.01483477 0.00100787 0.01329744
v 0.01525378 0.00100787 0.01329870
v 0.01566864 0.00100787 0.01329744
v 0.01609179 0.00100787 0.01329366
v 0.01776782 0.00016845 0.01317008
v 0.01773878 0.00104456 0.01324826
v 0.01734881 0.00116540 0.01327348
v 0.01609179 -0.00108961 0.01312973
v 0.01609179 -0.00151040 0.01309442
v 0.01692981 0.00108556 0.01327979
v 0.01650665 0.00097982 0.01328357
v 0.01902899 0.00058924 0.01312973
v 0.01860998 0.00058924 0.01316125
v 0.01860998 0.00016845 0.01312090
v 0.01818683 0.00016845 0.01314865
v 0.01944799 -0.00108961 0.01292041
v 0.01960149 -0.00167009 0.01284349
v 0.01973425 -0.00139172 0.01285862
v 0.01902899 -0.00025019 0.01304524
v 0.02112817 -0.00151040 0.01267199
v 0.02136049 0.00034108 0.01285357
v 0.02158036 0.00097550 0.01289267
v 0.01987115 -0.00152335 0.01282709
v 0.02070501 -0.00151040 0.01272496
v 0.02154718 -0.00108961 0.01265938
v 0.02238519 0.00100787 0.01277539
v 0.02292865 -0.00118672 0.01241475
v 0.02302822 -0.00090619 0.01243241
v 0.02154718 -0.00151040 0.01261021
v 0.02445533 0.00102729 0.01237945
v 0.02319001 -0.00106372 0.01237692
v 0.02469595 -0.00130756 0.01200998
v 0.02616455 0.00058924 0.01187631
v 0.02631804 -0.00118888 0.01157368
v 0.02638442 -0.00090835 0.01159385
v 0.02643835 -0.00067098 0.01161151
v 0.02740912 0.00098414 0.01153963
v 0.02764144 -0.00090619 0.01117395
v 0.02769122 -0.00067098 0.01119160
v 0.02784057 0.00058924 0.01132905
v 0.02827617 0.00102945 0.01123195
v 0.02864540 0.00102945 0.01108694
v 0.02798577 -0.00025019 0.01114494
v 0.02780738 -0.00106372 0.01108694
v 0.02889431 -0.00046598 0.01075152
v 0.02932991 0.00074677 0.01075908
v 0.02945437 -0.00108961 0.01039844
v 0.02971158 -0.00082419 0.01032152
v 0.02993976 -0.00108961 0.01016894
v 0.03022601 -0.00151040 0.00995079
v 0.03051226 -0.00108961 0.00987892
v 0.03109721 -0.00108961 0.00955232
v 0.03130879 -0.00108961 0.00943379
v 0.03165727 -0.00112414 0.00920681
v 0.03186470 -0.00100545 0.00909459
v 0.03203894 -0.00151040 0.00887770
v 0.03230859 -0.00151040 0.00869612
v 0.03182321 -0.00128598 0.00906811
v 0.03226711 -0.00177583 0.00866585
v 0.03242890 -0.00192041 0.00851075
v 0.03264048 -0.00248146 0.00821316
v 0.03391824 -0.00211246 0.00696479
v 0.03395973 -0.00183193 0.00700892
v 0.03281887 -0.00276630 0.00795844
v 0.03274834 -0.00318710 0.00788909
v 0.03303045 -0.00276630 0.00774660
v 0.03347435 -0.00244909 0.00735443
v 0.03424183 -0.00155140 0.00675294
v 0.03409248 -0.00195493 0.00680086
v 0.03404685 -0.00234767 0.00671133
v 0.03431651 -0.00192688 0.00650705
v 0.03606721 -0.00153414 0.00130172
v 0.03610455 -0.00151040 0.00088811
v 0.03612944 -0.00151040 0.00046947
v 0.03612944 -0.00151040 0.00044551
v 0.03471062 -0.00234767 0.00559536
v 0.03480604 -0.00234767 0.00538604
v 0.03439118 -0.00227430 0.00621198
v 0.03449905 -0.00238651 0.00596609
v 0.03437874 -0.00306410 0.00577064
v 0.03476870 -0.00256993 0.00530534
v 0.03481849 -0.00273394 0.00507079
v 0.03478530 -0.00303173 0.00492074
v 0.03483923 -0.00317846 0.00466223
v 0.03512548 -0.00277062 0.00425115
v 0.03521260 -0.00263467 0.00411497
v 0.03525823 -0.00277062 0.00382999
v 0.03537440 -0.00276630 0.00340630
v 0.03552374 -0.00231530 0.00337855
v 0.03561087 -0.00215346 0.00321967
v 0.03571873 -0.00192688 0.00298765
v 0.03580170 -0.00192688 0.00256774
v 0.03592616 -0.00192688 0.00172793
v 0.03600083 -0.00161614 0.00172793
v 0.03601743 -0.00168951 0.00143664
v 0.03575192 -0.00234767 0.00214784
v -0.00436486 -0.00350647 0.00939344
v -0.00462622 -0.00331657 0.00970112
v -0.00475483 -0.00310510 0.00970112
v 0.01073183 -0.01112171 0.00044551
v 0.01088532 -0.01134614 0.00044551
v 0.01123380 -0.01184030 0.00044551
v 0.01138315 -0.01204961 0.00044551
v -0.00508671 -0.00252893 0.01095958
v -0.00519872 -0.00231962 0.01095958
v -0.00536467 -0.00192688 0.01095958
v -0.00547253 -0.00154925 0.01095958
v -0.00552646 -0.00091482 0.01159511
v -0.00516553 -0.00225704 0.01137949
v -0.00511990 -0.00217504 0.01160142
v -0.00513649 -0.00192688 0.01160899
v 0.00937939 -0.00067098 0.01294437
v 0.00937939 -0.00151040 0.01291662
v 0.01063641 -0.00151040 0.01298850
v 0.01231658 -0.00025019 0.01314486
v 0.01273559 0.00016845 0.01318900
v 0.01317949 0.00103161 0.01325457
v 0.01273559 -0.00067098 0.01314360
v 0.01413781 0.00076187 0.01327096
v 0.01273559 -0.00108961 0.01311838
v 0.01441577 0.00072087 0.01327348
v 0.01441577 0.00016845 0.01323691
v 0.01441577 -0.00025019 0.01320917
v 0.01483477 0.00069282 0.01327600
v 0.01483477 0.00016845 0.01323944
v 0.01609179 0.00074029 0.01327348
v 0.01441577 -0.00108961 0.01314991
v 0.01636560 0.00077266 0.01327096
v 0.01776782 -0.00067098 0.01309442
v 0.01609179 -0.00025019 0.01319656
v 0.01566864 -0.00108961 0.01313856
v 0.01566864 -0.00151040 0.01310451
v 0.01566864 -0.00192688 0.01306542
v 0.01609179 -0.00192688 0.01305281
v 0.01734881 -0.00151040 0.01303768
v 0.01860998 -0.00025019 0.01307929
v 0.01818683 -0.00025019 0.01310955
v 0.01818683 -0.00067098 0.01306920
v 0.01902899 -0.00067098 0.01300237
v 0.01902899 -0.00151040 0.01291410
v 0.01945629 -0.00152335 0.01287375
v 0.01932354 -0.00178446 0.01285736
v 0.01945629 -0.00192472 0.01282583
v 0.01944799 -0.00234767 0.01277035
v 0.01986700 -0.00234767 0.01272243
v 0.01986700 -0.00192688 0.01277792
v 0.02028601 -0.00192688 0.01272622
v 0.02112817 -0.00192688 0.01261777
v 0.02070501 -0.00192688 0.01267325
v 0.02239763 -0.00151040 0.01246393
v 0.02279590 -0.00151040 0.01239458
v 0.02322320 -0.00151040 0.01231009
v 0.02154718 -0.00192688 0.01255346
v 0.02226488 -0.00182330 0.01244502
v 0.02364636 -0.00151040 0.01221678
v 0.02448437 0.00058924 0.01231387
v 0.02447193 -0.00147156 0.01203646
v 0.02432672 -0.00179093 0.01202133
v 0.02460468 -0.00158593 0.01198854
v 0.02486189 -0.00147156 0.01193936
v 0.02532238 -0.00151040 0.01180570
v 0.02602350 -0.00151040 0.01161025
v 0.02574139 -0.00108961 0.01175022
v 0.02617284 -0.00106587 0.01163294
v 0.02623092 -0.00151040 0.01154720
v 0.02658355 -0.00151040 0.01143371
v 0.02700256 -0.00151040 0.01129374
v 0.02757921 -0.00118672 0.01115251
v 0.02743401 -0.00106372 0.01122060
v 0.02700256 -0.00108961 0.01136057
v 0.02868273 0.00058924 0.01100245
v 0.02825958 -0.00108961 0.01090410
v 0.02784057 -0.00151040 0.01099741
v 0.02828447 -0.00150825 0.01082465
v 0.02876986 -0.00108961 0.01070108
v 0.02910174 -0.00108961 0.01055985
v 0.02855828 -0.00108961 0.01078556
v 0.02937555 -0.00151040 0.01036061
v 0.02993976 -0.00151040 0.01009076
v 0.03017207 -0.00177367 0.00992305
v 0.03035876 -0.00234767 0.00969860
v 0.03043344 -0.00151040 0.00983857
v 0.03103913 -0.00143272 0.00951954
v 0.03157430 -0.00151040 0.00918033
v 0.03118848 -0.00154709 0.00940983
v 0.03222147 -0.00205635 0.00863181
v 0.03178587 -0.00151040 0.00904415
v 0.03171535 -0.00192688 0.00899623
v 0.03258240 -0.00276630 0.00816903
v 0.03216754 -0.00234767 0.00859524
v 0.03237497 -0.00276630 0.00832539
v 0.03388091 -0.00234767 0.00692065
v 0.03269856 -0.00346331 0.00783991
v 0.03295992 -0.00318710 0.00766211
v 0.03321299 -0.00276630 0.00753601
v 0.03398047 -0.00276630 0.00662684
v 0.03393899 -0.00301446 0.00657262
v 0.03427502 -0.00238651 0.00634943
v 0.03598009 -0.00189883 0.00130172
v 0.03602987 -0.00173914 0.00115670
v 0.03598839 -0.00198514 0.00088811
v 0.03600083 -0.00203046 0.00046947
v 0.03592201 -0.00232825 0.00044551
v 0.03464010 -0.00273394 0.00546926
v 0.03415471 -0.00276630 0.00634438
v 0.03431236 -0.00276630 0.00607075
v 0.03401366 -0.00316767 0.00634691
v 0.03432895 -0.00334462 0.00567606
v 0.03472307 -0.00285046 0.00519941
v 0.03466914 -0.00317846 0.00507079
v 0.03473551 -0.00331225 0.00479968
v 0.03479359 -0.00345683 0.00452100
v 0.03498443 -0.00318710 0.00424611
v 0.03516697 -0.00291304 0.00397122
v 0.03520845 -0.00304252 0.00369128
v 0.03523749 -0.00318494 0.00338234
v 0.03532876 -0.00318710 0.00298765
v 0.03546981 -0.00276630 0.00298765
v 0.03563576 -0.00223330 0.00298765
v 0.03567309 -0.00237141 0.00258161
v 0.03581000 -0.00234767 0.00172793
v 0.03585563 -0.00234767 0.00130802
v 0.03562331 -0.00261741 0.00245173
v 0.03564820 -0.00269294 0.00214784
v -0.00395415 -0.00392942 0.00939218
v -0.00400808 -0.00398768 0.00970112
v -0.00441879 -0.00356041 0.00970112
v 0.01159473 -0.01231935 0.00044551
v -0.00462622 -0.00331657 0.01095958
v -0.00475483 -0.00310510 0.01095958
v -0.00472164 -0.00305115 0.01137949
v -0.00468845 -0.00299073 0.01159511
v -0.00444783 -0.00315257 0.01160899
v 0.00916781 -0.00255699 0.01284853
v 0.00937939 -0.00234767 0.01287249
v 0.00979840 -0.00192688 0.01291915
v 0.01063641 -0.00192688 0.01296706
v 0.01189758 -0.00151040 0.01305785
v 0.01231658 -0.00108961 0.01310199
v 0.01231658 -0.00151040 0.01307929
v 0.01399676 -0.00067098 0.01317386
v 0.01273559 -0.00151040 0.01309190
v 0.01315460 -0.00108961 0.01312847
v 0.01399676 -0.00108961 0.01314612
v 0.01399676 -0.00151040 0.01311712
v 0.01609179 0.00016845 0.01322935
v 0.01525378 -0.00108961 0.01314234
v 0.01441577 -0.00151040 0.01311712
v 0.01776782 -0.00108961 0.01305533
v 0.01525378 -0.00151040 0.01310955
v 0.01525378 -0.00192688 0.01307173
v 0.01566864 -0.00234767 0.01302002
v 0.01483477 -0.00234767 0.01303516
v 0.01483477 -0.00276630 0.01299102
v 0.01609179 -0.00234767 0.01300615
v 0.01692981 -0.00192688 0.01301498
v 0.01566864 -0.00276630 0.01297463
v 0.01734881 -0.00192688 0.01299481
v 0.01776782 -0.00151040 0.01301498
v 0.01818683 -0.00108961 0.01302759
v 0.01860998 -0.00067098 0.01303642
v 0.01860998 -0.00108961 0.01299354
v 0.01860998 -0.00151040 0.01294941
v 0.01860998 -0.00192688 0.01290149
v 0.01913270 -0.00206283 0.01283970
v 0.01885060 -0.00216209 0.01285231
v 0.01902899 -0.00276630 0.01275522
v 0.01944799 -0.00276630 0.01271361
v 0.01986700 -0.00276630 0.01266443
v 0.02028601 -0.00234767 0.01266947
v 0.02112817 -0.00234767 0.01255724
v 0.02070501 -0.00234767 0.01261399
v 0.02280420 -0.00192688 0.01233279
v 0.02322320 -0.00192688 0.01224830
v 0.02134804 -0.00298857 0.01243115
v 0.02158451 -0.00238435 0.01248032
v 0.02199107 -0.00194846 0.01247402
v 0.02186662 -0.00226783 0.01244880
v 0.02199107 -0.00238435 0.01240971
v 0.02364636 -0.00192688 0.01215373
v 0.02422716 -0.00207146 0.01199863
v 0.02368370 -0.00238220 0.01207303
v 0.02447193 -0.00192904 0.01196332
v 0.02448437 -0.00234767 0.01189018
v 0.02490338 -0.00192688 0.01185362
v 0.02596127 -0.00173051 0.01159259
v 0.02612721 -0.00189451 0.01151315
v 0.02658355 -0.00192688 0.01136057
v 0.02700671 -0.00190314 0.01122186
v 0.02722658 -0.00174777 0.01117521
v 0.02728881 -0.00151040 0.01119664
v 0.02750039 -0.00151040 0.01112477
v 0.02850020 -0.00136582 0.01076287
v 0.02784057 -0.00192688 0.01091923
v 0.02837159 -0.00192688 0.01070991
v 0.02843797 -0.00164635 0.01073639
v 0.02865784 -0.00150825 0.01067334
v 0.02816001 -0.00192688 0.01079439
v 0.02910174 -0.00151040 0.01048419
v 0.02926354 -0.00202830 0.01030891
v 0.02996050 -0.00192041 0.00999619
v 0.03011399 -0.00205420 0.00989279
v 0.03004762 -0.00234767 0.00986126
v 0.02992316 -0.00277278 0.00982217
v 0.03037536 -0.00275983 0.00958889
v 0.03059523 -0.00261309 0.00950693
v 0.03065331 -0.00234767 0.00953845
v 0.03073628 -0.00192688 0.00958385
v 0.03081925 -0.00154709 0.00961789
v 0.03144984 -0.00224625 0.00909711
v 0.03086074 -0.00234767 0.00941866
v 0.03123411 -0.00237141 0.00919673
v 0.03139591 -0.00252678 0.00906432
v 0.03195596 -0.00234767 0.00873647
v 0.03244965 -0.00321731 0.00812237
v 0.03188959 -0.00268430 0.00869107
v 0.03203064 -0.00280299 0.00855615
v 0.03224222 -0.00337915 0.00822577
v 0.03381038 -0.00276630 0.00683617
v 0.03247454 -0.00360357 0.00795466
v 0.03262804 -0.00374384 0.00777434
v 0.03286450 -0.00357983 0.00758897
v 0.03309682 -0.00341583 0.00740361
v 0.03354487 -0.00307920 0.00701775
v 0.03388506 -0.00329499 0.00648814
v 0.03349509 -0.00335757 0.00695596
v 0.03360710 -0.00360573 0.00667728
v 0.03588882 -0.00234767 0.00088811
v 0.03576436 -0.00276630 0.00088811
v 0.03578925 -0.00276630 0.00046947
v 0.03579755 -0.00274257 0.00044551
v 0.03445341 -0.00319789 0.00552348
v 0.03396803 -0.00348920 0.00620946
v 0.03405929 -0.00362083 0.00594465
v 0.03398462 -0.00394452 0.00581729
v 0.03392239 -0.00422289 0.00570381
v 0.03427917 -0.00363162 0.00552348
v 0.03439533 -0.00350647 0.00539613
v 0.03447001 -0.00363162 0.00510988
v 0.03467328 -0.00360141 0.00466223
v 0.03446586 -0.00405026 0.00468745
v 0.03473137 -0.00373736 0.00434699
v 0.03483093 -0.00360141 0.00422341
v 0.03511718 -0.00318494 0.00382999
v 0.03515867 -0.00332304 0.00350591
v 0.03519186 -0.00341368 0.00322598
v 0.03522090 -0.00347625 0.00298765
v 0.03541588 -0.00318710 0.00256774
v 0.03555278 -0.00276199 0.00258161
v 0.03559842 -0.00252893 0.00273167
v 0.03566894 -0.00279867 0.00174432
v 0.03561916 -0.00301446 0.00161570
v 0.03573117 -0.00276630 0.00130802
v 0.03558182 -0.00290225 0.00214784
v -0.00353514 -0.00432863 0.00939218
v -0.00380065 -0.00419700 0.00970112
v -0.00400808 -0.00398768 0.01095958
v -0.00441879 -0.00356041 0.01095958
v 0.01183950 -0.01251788 0.00044551
v -0.00457229 -0.00326262 0.01137949
v -0.00436486 -0.00350431 0.01137949
v -0.00429433 -0.00343310 0.01160268
v 0.00937939 -0.00284615 0.01283970
v 0.00937939 -0.00263683 0.01285484
v 0.00979840 -0.00234767 0.01289645
v -0.00403297 -0.00358631 0.01161403
v -0.00361397 -0.00400710 0.01161403
v 0.01105542 -0.00192688 0.01298976
v 0.01231658 -0.00192688 0.01304903
v 0.01189758 -0.00192688 0.01303263
v 0.01357360 -0.00151040 0.01310955
v 0.01273559 -0.00192688 0.01305911
v 0.01357360 -0.00192688 0.01307677
v 0.01399676 -0.00192688 0.01308181
v 0.01441577 -0.00192688 0.01308055
v 0.01483477 -0.00192688 0.01307677
v 0.01441577 -0.00234767 0.01303894
v 0.01441577 -0.00276630 0.01299733
v 0.01441577 -0.00318710 0.01294815
v 0.01483477 -0.00318710 0.01294058
v 0.01609179 -0.00276630 0.01295950
v 0.01651080 -0.00234767 0.01298724
v 0.01525378 -0.00318710 0.01293176
v 0.01566864 -0.00318710 0.01292167
v 0.01734881 -0.00234767 0.01294437
v 0.01776782 -0.00192688 0.01296832
v 0.01692981 -0.00234767 0.01296706
v 0.01818683 -0.00151040 0.01298472
v 0.01860998 -0.00224625 0.01286240
v 0.01818683 -0.00192688 0.01293554
v 0.01809141 -0.00263251 0.01285862
v 0.01860998 -0.00245557 0.01283592
v 0.01902899 -0.00318710 0.01269217
v 0.01860998 -0.00276630 0.01279431
v 0.01860998 -0.00318710 0.01273252
v 0.01944799 -0.00318710 0.01264930
v 0.01986700 -0.00318710 0.01259886
v 0.02028601 -0.00276630 0.01260894
v 0.02112817 -0.00276630 0.01249546
v 0.02280420 -0.00234767 0.01226722
v 0.02322320 -0.00234767 0.01218147
v 0.02028601 -0.00318710 0.01254211
v 0.02112817 -0.00307704 0.01244628
v 0.02089170 -0.00337699 0.01242610
v 0.02112817 -0.00328636 0.01240845
v 0.02112817 -0.00360573 0.01234540
v 0.02112817 -0.00402652 0.01226217
v 0.02154718 -0.00360573 0.01227604
v 0.02150984 -0.00315257 0.01237062
v 0.02196618 -0.00318710 0.01228109
v 0.02280420 -0.00276630 0.01220039
v 0.02196618 -0.00276630 0.01235423
v 0.02165504 -0.00276630 0.01241097
v 0.02407781 -0.00238220 0.01198097
v 0.02394506 -0.00226783 0.01203141
v 0.02355924 -0.00276630 0.01203772
v 0.02322320 -0.00276630 0.01211464
v 0.02448437 -0.00276630 0.01181831
v 0.02490338 -0.00234767 0.01178174
v 0.02534728 -0.00236493 0.01165438
v 0.02587415 -0.00201104 0.01156737
v 0.02616455 -0.00234767 0.01141984
v 0.02658355 -0.00234767 0.01128491
v 0.02715191 -0.00202830 0.01114999
v 0.02738838 -0.00190314 0.01109072
v 0.02742157 -0.00234767 0.01099489
v 0.02786546 -0.00235414 0.01082844
v 0.02868273 -0.00192688 0.01058255
v 0.02808949 -0.00221820 0.01076665
v 0.02802311 -0.00249872 0.01073891
v 0.02898143 -0.00234767 0.01037070
v 0.02911419 -0.00190314 0.01040096
v 0.02918886 -0.00234767 0.01027613
v 0.02952075 -0.00234767 0.01011850
v 0.02984019 -0.00234767 0.00996466
v 0.02977381 -0.00263683 0.00993188
v 0.02969914 -0.00291736 0.00989531
v 0.02993976 -0.00318710 0.00969986
v 0.03024260 -0.00318710 0.00954224
v 0.03052885 -0.00289362 0.00946784
v 0.03075288 -0.00275983 0.00937579
v 0.03113040 -0.00276630 0.00915511
v 0.03104743 -0.00309431 0.00910720
v 0.03133783 -0.00276630 0.00902775
v 0.03156185 -0.00318710 0.00875412
v 0.03165727 -0.00280299 0.00880834
v 0.03182321 -0.00296483 0.00864820
v 0.03217999 -0.00360573 0.00817911
v 0.03176928 -0.00318710 0.00861289
v 0.03147888 -0.00352589 0.00869864
v 0.03161993 -0.00364241 0.00855993
v 0.03140420 -0.00380641 0.00864820
v 0.03196841 -0.00360573 0.00833043
v 0.03233349 -0.00402652 0.00787648
v 0.03268612 -0.00426821 0.00741496
v 0.03274834 -0.00402652 0.00748557
v 0.03226296 -0.00425526 0.00782226
v 0.03254091 -0.00402652 0.00769616
v 0.03303460 -0.00369636 0.00732543
v 0.03354072 -0.00388410 0.00659532
v 0.03363199 -0.00402652 0.00635699
v 0.03382698 -0.00362083 0.00634691
v 0.03343701 -0.00360573 0.00688535
v 0.03563576 -0.00306194 0.00130802
v 0.03565235 -0.00311157 0.00088811
v 0.03566480 -0.00315041 0.00046947
v 0.03567309 -0.00312883 0.00044551
v 0.03390580 -0.00376973 0.00609723
v 0.03386016 -0.00406105 0.00594465
v 0.03356147 -0.00433510 0.00622459
v 0.03348264 -0.00461347 0.00609093
v 0.03356147 -0.00474510 0.00581099
v 0.03386431 -0.00447321 0.00554114
v 0.03399292 -0.00435236 0.00542513
v 0.03407589 -0.00406105 0.00554114
v 0.03433310 -0.00378699 0.00526498
v 0.03439533 -0.00392510 0.00498505
v 0.03433310 -0.00420347 0.00484255
v 0.03439118 -0.00431784 0.00456262
v 0.03465669 -0.00399847 0.00422341
v 0.03481434 -0.00392726 0.00382620
v 0.03495124 -0.00360573 0.00382620
v 0.03477700 -0.00383878 0.00406705
v 0.03508814 -0.00357552 0.00338234
v 0.03513378 -0.00368557 0.00298765
v 0.03516697 -0.00376541 0.00267493
v 0.03519601 -0.00383663 0.00239499
v 0.03548641 -0.00318710 0.00214784
v 0.03556108 -0.00327125 0.00130802
v -0.00306635 -0.00469331 0.00942875
v -0.00359322 -0.00437610 0.00970112
v -0.00380065 -0.00419700 0.01095958
v -0.00374672 -0.00413873 0.01137949
v -0.00416158 -0.00371578 0.01137949
v 0.01185609 -0.01252867 0.00044551
v -0.00387533 -0.00385389 0.01160268
v 0.00937939 -0.00318710 0.01280440
v 0.00964490 -0.00294325 0.01284601
v 0.00979010 -0.00278788 0.01286492
v 0.01021740 -0.00234767 0.01291915
v -0.00346047 -0.00426389 0.01160268
v 0.01231658 -0.00276630 0.01297715
v 0.01273559 -0.00234767 0.01302381
v 0.01189758 -0.00234767 0.01299733
v 0.01189758 -0.00276630 0.01296202
v 0.01147857 -0.00234767 0.01297967
v 0.01105542 -0.00234767 0.01296076
v 0.01357360 -0.00234767 0.01303768
v 0.01315460 -0.00234767 0.01303137
v 0.01357360 -0.00276630 0.01299733
v 0.01399676 -0.00276630 0.01299985
v 0.01399676 -0.00318710 0.01295319
v 0.01441577 -0.00360573 0.01289014
v 0.01609179 -0.00318710 0.01290654
v 0.01651080 -0.00276630 0.01293932
v 0.01525378 -0.00357768 0.01287627
v 0.01566864 -0.00353668 0.01287123
v 0.01692981 -0.00276630 0.01291662
v 0.01758943 -0.00299288 0.01285105
v 0.01776782 -0.00234767 0.01291789
v 0.01787153 -0.00291304 0.01284097
v 0.01821172 -0.00277062 0.01282962
v 0.01902899 -0.00360573 0.01262029
v 0.01860998 -0.00360573 0.01266191
v 0.01818683 -0.00318710 0.01277161
v 0.01944799 -0.00360573 0.01257490
v 0.01986700 -0.00360573 0.01252320
v 0.02073405 -0.00361436 0.01240214
v 0.02028186 -0.00361436 0.01246519
v 0.01983381 -0.00401142 0.01245258
v 0.01967202 -0.00424447 0.01243115
v 0.01994997 -0.00414305 0.01241097
v 0.02028601 -0.00444515 0.01229622
v 0.02112817 -0.00444515 0.01217012
v 0.02154718 -0.00402652 0.01219156
v 0.02196618 -0.00360573 0.01219786
v 0.02280420 -0.00318710 0.01212473
v 0.02406536 -0.00276630 0.01191793
v 0.02346797 -0.00301231 0.01201628
v 0.02321076 -0.00316552 0.01204402
v 0.02406536 -0.00318710 0.01183722
v 0.02448437 -0.00318710 0.01173508
v 0.02490338 -0.00276630 0.01170860
v 0.02550492 -0.00251599 0.01158250
v 0.02542610 -0.00276630 0.01155855
v 0.02616455 -0.00276630 0.01134040
v 0.02657526 -0.00272962 0.01121304
v 0.02679513 -0.00256346 0.01117142
v 0.02742157 -0.00276630 0.01090914
v 0.02774101 -0.00276630 0.01079313
v 0.02868273 -0.00234767 0.01049806
v 0.02794844 -0.00276630 0.01070864
v 0.02891920 -0.00261094 0.01034296
v 0.02907685 -0.00275767 0.01023578
v 0.02954149 -0.00277278 0.01000880
v 0.02910174 -0.00318710 0.01011220
v 0.02934236 -0.00345252 0.00992684
v 0.02962446 -0.00318710 0.00985874
v 0.02926354 -0.00373305 0.00988774
v 0.02995220 -0.00359494 0.00957754
v 0.03017622 -0.00344604 0.00950567
v 0.03045418 -0.00318710 0.00942496
v 0.03081510 -0.00321515 0.00920681
v 0.03097690 -0.00337268 0.00906432
v 0.03119263 -0.00321515 0.00898110
v 0.03203064 -0.00403731 0.00810093
v 0.03188129 -0.00390352 0.00827117
v 0.03091467 -0.00360573 0.00902649
v 0.03123826 -0.00364241 0.00881087
v 0.03062012 -0.00389489 0.00910215
v 0.03076947 -0.00403084 0.00895714
v 0.03112210 -0.00402652 0.00873773
v 0.03103083 -0.00430273 0.00867972
v 0.03133368 -0.00402652 0.00860028
v 0.03164067 -0.00403731 0.00838213
v 0.03242890 -0.00440200 0.00758015
v 0.03232104 -0.00476021 0.00746540
v 0.03259899 -0.00454873 0.00731030
v 0.03278568 -0.00442358 0.00717537
v 0.03308023 -0.00422073 0.00696353
v 0.03216754 -0.00453579 0.00774534
v 0.03179417 -0.00418405 0.00820812
v 0.03171120 -0.00444515 0.00814381
v 0.03188959 -0.00473216 0.00785882
v 0.03347020 -0.00416463 0.00650453
v 0.03557768 -0.00332089 0.00088811
v 0.03559427 -0.00335973 0.00046947
v 0.03559427 -0.00335973 0.00044551
v 0.03339967 -0.00446242 0.00635699
v 0.03312172 -0.00512058 0.00617920
v 0.03340797 -0.00487889 0.00594087
v 0.03347849 -0.00502563 0.00565967
v 0.03391410 -0.00463289 0.00526372
v 0.03364029 -0.00487889 0.00551466
v 0.03428332 -0.00405026 0.00510988
v 0.03426258 -0.00445379 0.00468745
v 0.03443267 -0.00445379 0.00422720
v 0.03476041 -0.00422073 0.00359166
v 0.03472307 -0.00413657 0.00382620
v 0.03403440 -0.00487242 0.00466097
v 0.03431236 -0.00459621 0.00435582
v 0.03498858 -0.00402652 0.00298765
v 0.03486827 -0.00405889 0.00343404
v 0.03509229 -0.00399631 0.00254883
v 0.03512133 -0.00408910 0.00214784
v 0.03521260 -0.00387978 0.00214784
v 0.03532461 -0.00360573 0.00214784
v 0.03537854 -0.00360573 0.00172793
v 0.03542833 -0.00360573 0.00130802
v 0.03546566 -0.00360573 0.00088811
v -0.00279255 -0.00490047 0.00970112
v -0.00330697 -0.00458542 0.00970112
v -0.00359322 -0.00437610 0.01095958
v -0.00353514 -0.00432647 0.01137949
v 0.01206352 -0.01264951 0.00044551
v -0.00253948 -0.00505153 0.00970112
v 0.00979840 -0.00402652 0.01273883
v 0.00979840 -0.00360573 0.01278548
v 0.00979010 -0.00316767 0.01283088
v 0.00992285 -0.00301446 0.01285231
v 0.01021740 -0.00276630 0.01288762
v -0.00299998 -0.00465231 0.01158755
v -0.00219100 -0.00508821 0.01159890
v 0.00979840 -0.00444515 0.01268460
v 0.01231658 -0.00318710 0.01293428
v 0.01273559 -0.00276630 0.01298598
v 0.01189758 -0.00318710 0.01292167
v 0.01147857 -0.00318710 0.01290401
v 0.01105542 -0.00276630 0.01292545
v 0.01021740 -0.00307704 0.01285988
v 0.01315460 -0.00276630 0.01299228
v 0.01357360 -0.00318710 0.01295067
v 0.01315460 -0.00318710 0.01294689
v 0.01399676 -0.00360573 0.01289519
v 0.01357360 -0.00360573 0.01289519
v 0.01399676 -0.00407831 0.01282583
v 0.01441577 -0.00406105 0.01282205
v 0.01471861 -0.00383015 0.01285105
v 0.01609179 -0.00348273 0.01286240
v 0.01667259 -0.00337915 0.01284601
v 0.01734881 -0.00304036 0.01285862
v 0.01525378 -0.00378699 0.01284475
v 0.01566864 -0.00374815 0.01283844
v 0.01774708 -0.00315473 0.01281448
v 0.01774708 -0.00277062 0.01286745
v 0.01734881 -0.00324968 0.01282709
v 0.01902899 -0.00402652 0.01254337
v 0.01860998 -0.00402652 0.01258625
v 0.01818683 -0.00360573 0.01270100
v 0.01818683 -0.00402652 0.01262786
v 0.01776782 -0.00360573 0.01273883
v 0.01944799 -0.00402652 0.01249798
v 0.01983381 -0.00440847 0.01237062
v 0.01944799 -0.00430705 0.01244375
v 0.01944799 -0.00451637 0.01239836
v 0.01986700 -0.00486595 0.01225587
v 0.02111987 -0.00488105 0.01205916
v 0.02146835 -0.00474942 0.01203520
v 0.02158036 -0.00448400 0.01208059
v 0.02028601 -0.00486595 0.01219282
v 0.02070501 -0.00486595 0.01212851
v 0.02196618 -0.00435236 0.01203898
v 0.02220680 -0.00425957 0.01201502
v 0.02196618 -0.00402652 0.01211212
v 0.02278760 -0.00359494 0.01204276
v 0.02306141 -0.00344604 0.01202006
v 0.02333936 -0.00329283 0.01198728
v 0.02321076 -0.00359494 0.01195323
v 0.02364636 -0.00360573 0.01184731
v 0.02364636 -0.00402652 0.01175526
v 0.02448852 -0.00360573 0.01164051
v 0.02462957 -0.00374599 0.01157368
v 0.02474573 -0.00346547 0.01160520
v 0.02489508 -0.00316336 0.01163168
v 0.02513570 -0.00300583 0.01159638
v 0.02574139 -0.00318710 0.01137696
v 0.02618114 -0.00319789 0.01124078
v 0.02643420 -0.00306625 0.01119160
v 0.02671216 -0.00284399 0.01114242
v 0.02766633 -0.00302957 0.01076287
v 0.02825958 -0.00276630 0.01058002
v 0.02869103 -0.00275767 0.01040349
v 0.02884038 -0.00288930 0.01031017
v 0.02875326 -0.00318710 0.01027108
v 0.02911419 -0.00359926 0.00999493
v 0.02898143 -0.00394452 0.00995458
v 0.02911419 -0.00406105 0.00984992
v 0.02981945 -0.00394020 0.00953593
v 0.03009740 -0.00372657 0.00946405
v 0.03033387 -0.00359494 0.00937074
v 0.03070309 -0.00360573 0.00915133
v 0.03037536 -0.00403084 0.00919294
v 0.03052885 -0.00417326 0.00904667
v 0.03043758 -0.00444515 0.00898993
v 0.03093956 -0.00458110 0.00861920
v 0.03149962 -0.00444515 0.00829638
v 0.03118433 -0.00444300 0.00851580
v 0.03205553 -0.00488537 0.00761924
v 0.03222147 -0.00504074 0.00736074
v 0.03271516 -0.00471921 0.00703036
v 0.03310512 -0.00468252 0.00657641
v 0.03317980 -0.00444515 0.00666846
v 0.03142495 -0.00467389 0.00824216
v 0.03131293 -0.00495442 0.00816020
v 0.03103498 -0.00513137 0.00826360
v 0.03149962 -0.00518316 0.00788152
v 0.03177758 -0.00501268 0.00777182
v 0.03549470 -0.00360573 0.00046947
v 0.03549470 -0.00360573 0.00044551
v 0.03318809 -0.00484005 0.00632925
v 0.03317565 -0.00526947 0.00589043
v 0.03355317 -0.00514000 0.00537973
v 0.03300970 -0.00496305 0.00645913
v 0.03225466 -0.00592548 0.00656253
v 0.03301385 -0.00540111 0.00600644
v 0.03383942 -0.00487242 0.00510862
v 0.03389335 -0.00501700 0.00479716
v 0.03435799 -0.00467821 0.00407588
v 0.03439948 -0.00474942 0.00382620
v 0.03456542 -0.00444515 0.00382620
v 0.03479359 -0.00429194 0.00331172
v 0.03432480 -0.00503642 0.00353996
v 0.03468573 -0.00443652 0.00343404
v 0.03395143 -0.00511411 0.00451848
v 0.03421694 -0.00483789 0.00422720
v 0.03483093 -0.00436100 0.00298765
v 0.03486412 -0.00447105 0.00256396
v 0.03515037 -0.00415600 0.00172793
v 0.03494709 -0.00444515 0.00214784
v 0.03524164 -0.00394668 0.00172793
v 0.03524994 -0.00404810 0.00126767
v 0.03518771 -0.00423584 0.00109996
v 0.03529142 -0.00402652 0.00088811
v -0.00279255 -0.00490047 0.01095958
v -0.00330697 -0.00458542 0.01095958
v -0.00306635 -0.00469331 0.01130761
v -0.00320740 -0.00455737 0.01142110
v 0.01229999 -0.01270130 0.00044551
v 0.01206352 -0.01264951 0.00046947
v -0.00253948 -0.00505153 0.01095958
v 0.01063641 -0.00402652 0.01277161
v 0.01147857 -0.00352589 0.01286618
v 0.01080650 -0.00341368 0.01285105
v 0.01021740 -0.00360573 0.01280440
v 0.01052440 -0.00335541 0.01284475
v -0.00226983 -0.00512921 0.01137949
v -0.00133639 -0.00550037 0.01159385
v 0.00156346 -0.00677138 0.01160142
v 0.00979840 -0.00486595 0.01261651
v 0.01105542 -0.00444515 0.01272748
v 0.01231658 -0.00360573 0.01288132
v 0.01273559 -0.00318710 0.01294184
v 0.01193906 -0.00362731 0.01286871
v 0.01065300 -0.00320436 0.01286618
v 0.01315460 -0.00360573 0.01289267
v 0.01357360 -0.00387115 0.01285736
v 0.01315460 -0.00386684 0.01285610
v 0.01399676 -0.00444515 0.01276783
v 0.01357360 -0.00408263 0.01282583
v 0.01357360 -0.00444515 0.01276909
v 0.01441577 -0.00444515 0.01276026
v 0.01484722 -0.00399199 0.01282331
v 0.01609179 -0.00402652 0.01277539
v 0.01652325 -0.00358415 0.01282205
v 0.01692981 -0.00360573 0.01279557
v 0.01525378 -0.00402652 0.01280566
v 0.01566864 -0.00402652 0.01279305
v 0.01734881 -0.00360573 0.01276909
v 0.01900410 -0.00445379 0.01246141
v 0.01818683 -0.00444515 0.01254842
v 0.01860998 -0.00444515 0.01250428
v 0.01776782 -0.00402652 0.01266569
v 0.01776782 -0.00444515 0.01258877
v 0.01734881 -0.00402652 0.01269721
v 0.01912855 -0.00460052 0.01241728
v 0.01944799 -0.00486595 0.01231387
v 0.01986700 -0.00528458 0.01214490
v 0.02111987 -0.00526516 0.01195323
v 0.02125678 -0.00502995 0.01199611
v 0.02030260 -0.00531263 0.01207051
v 0.02045610 -0.00547232 0.01200241
v 0.02154718 -0.00528458 0.01187001
v 0.02196618 -0.00486595 0.01190405
v 0.02174631 -0.00464800 0.01200746
v 0.02196618 -0.00456384 0.01198602
v 0.02236030 -0.00441710 0.01194441
v 0.02280420 -0.00444515 0.01184731
v 0.02278760 -0.00400710 0.01195576
v 0.02263825 -0.00385389 0.01201754
v 0.02322320 -0.00402652 0.01185740
v 0.02322320 -0.00444515 0.01175400
v 0.02394091 -0.00431568 0.01161151
v 0.02422301 -0.00417973 0.01157620
v 0.02407366 -0.00403515 0.01164681
v 0.02490338 -0.00402652 0.01142993
v 0.02489508 -0.00360573 0.01153080
v 0.02448852 -0.00403515 0.01154341
v 0.02502784 -0.00328636 0.01156485
v 0.02529334 -0.00316336 0.01151441
v 0.02532238 -0.00360573 0.01140471
v 0.02578288 -0.00364457 0.01125843
v 0.02633464 -0.00334462 0.01115755
v 0.02658355 -0.00360573 0.01100750
v 0.02700256 -0.00318710 0.01096210
v 0.02742571 -0.00317631 0.01081331
v 0.02757092 -0.00330794 0.01072756
v 0.02784057 -0.00360573 0.01054346
v 0.02781983 -0.00317631 0.01066325
v 0.02825958 -0.00318710 0.01047788
v 0.02854168 -0.00318710 0.01036061
v 0.02847531 -0.00340289 0.01033287
v 0.02838819 -0.00368341 0.01029504
v 0.02864125 -0.00356904 0.01021560
v 0.02888187 -0.00422505 0.00990666
v 0.02810608 -0.00389489 0.01035557
v 0.02800652 -0.00417542 0.01031143
v 0.02910174 -0.00444515 0.00971625
v 0.02971988 -0.00422073 0.00948549
v 0.02955394 -0.00405889 0.00962798
v 0.02995220 -0.00405889 0.00942244
v 0.03015548 -0.00466094 0.00907441
v 0.03079021 -0.00488968 0.00855867
v 0.03118433 -0.00483574 0.00832160
v 0.03065746 -0.00476668 0.00870746
v 0.03191448 -0.00528458 0.00746918
v 0.03183151 -0.00549821 0.00739478
v 0.03054545 -0.00504721 0.00863685
v 0.03015133 -0.00549605 0.00865198
v 0.03077777 -0.00527595 0.00835439
v 0.03091882 -0.00540974 0.00818037
v 0.03120922 -0.00529753 0.00803032
v 0.03138346 -0.00546369 0.00779073
v 0.03163238 -0.00530832 0.00769364
v 0.03531631 -0.00402652 0.00046947
v 0.03531631 -0.00402652 0.00044551
v 0.03337478 -0.00528242 0.00551466
v 0.03315490 -0.00558237 0.00550583
v 0.03344945 -0.00541837 0.00517041
v 0.03360295 -0.00528242 0.00505314
v 0.03212606 -0.00621032 0.00634438
v 0.03232519 -0.00599885 0.00634438
v 0.03262389 -0.00585858 0.00605688
v 0.03184395 -0.00594706 0.00699253
v 0.03172364 -0.00622758 0.00685887
v 0.03184395 -0.00634627 0.00657893
v 0.03309268 -0.00550469 0.00572650
v 0.03427917 -0.00495874 0.00382620
v 0.03436629 -0.00510332 0.00326002
v 0.03471892 -0.00457031 0.00298765
v 0.03400122 -0.00518747 0.00424611
v 0.03405515 -0.00530832 0.00382746
v 0.03351583 -0.00550469 0.00489173
v 0.03356147 -0.00557158 0.00466602
v 0.03347020 -0.00586721 0.00436590
v 0.03385602 -0.00539679 0.00424611
v 0.03475211 -0.00462642 0.00270015
v 0.03478115 -0.00468037 0.00242021
v 0.03500517 -0.00444515 0.00172793
v 0.03517111 -0.00420347 0.00137990
v 0.03480189 -0.00472137 0.00214784
v 0.03507985 -0.00440415 0.00126767
v 0.03485582 -0.00482063 0.00130802
v 0.03508400 -0.00446026 0.00088811
v 0.03509644 -0.00448400 0.00046947
v 0.03520015 -0.00428547 0.00044551
v 0.03520430 -0.00427468 0.00046947
v 0.03521260 -0.00425957 0.00044551
v 0.01231658 -0.01270346 0.00044551
v 0.01231658 -0.01270346 0.00046947
v 0.01231658 -0.01269051 0.00130802
v 0.01209671 -0.01263656 0.00214784
v 0.01208426 -0.01264088 0.00172793
v 0.01207597 -0.01264519 0.00130802
v -0.00232791 -0.00516158 0.01095958
v 0.01193906 -0.00398552 0.01282079
v 0.01182705 -0.00378268 0.01284475
v -0.00195453 -0.00534284 0.01095958
v -0.00140692 -0.00553274 0.01137949
v -0.00055231 -0.00594490 0.01129500
v 0.00031889 -0.00635058 0.01124961
v 0.00118594 -0.00675843 0.01118782
v 0.00141826 -0.00680590 0.01134796
v 0.01121721 -0.01140008 0.00788909
v 0.01102638 -0.01106992 0.00847292
v 0.01114668 -0.01098792 0.00871377
v 0.01102638 -0.01088003 0.00885626
v 0.01072768 -0.01061029 0.00921186
v 0.01105542 -0.01065776 0.00927239
v 0.01105542 -0.01052613 0.00948297
v 0.01075257 -0.01013987 0.00994197
v 0.01037090 -0.00973202 0.01037448
v 0.01035431 -0.00930692 0.01078178
v 0.01021740 -0.00883218 0.01115125
v 0.01021740 -0.00862286 0.01129248
v 0.01021740 -0.00827759 0.01150180
v 0.01021740 -0.00806828 0.01161907
v 0.01021740 -0.00780286 0.01174769
v 0.00996434 -0.00718138 0.01201250
v 0.00981499 -0.00699580 0.01207177
v 0.00979840 -0.00654480 0.01222561
v 0.00979840 -0.00612400 0.01234666
v 0.00979840 -0.00585858 0.01241601
v 0.00979840 -0.00564927 0.01246393
v 0.00979840 -0.00528458 0.01253833
v 0.01063641 -0.00486595 0.01264425
v 0.01189758 -0.00444515 0.01275522
v 0.01210501 -0.00381720 0.01284853
v 0.01231658 -0.00383231 0.01285105
v 0.01273559 -0.00360573 0.01288762
v 0.01273559 -0.00406536 0.01282457
v 0.01315460 -0.00407615 0.01282583
v 0.01399676 -0.00486595 0.01268839
v 0.01357360 -0.00486595 0.01269091
v 0.01315460 -0.00444515 0.01276909
v 0.01441577 -0.00486595 0.01267830
v 0.01483477 -0.00444515 0.01274891
v 0.01609179 -0.00444515 0.01270352
v 0.01651080 -0.00402652 0.01275143
v 0.01566864 -0.00444515 0.01272243
v 0.01525378 -0.00444515 0.01273630
v 0.01692981 -0.00402652 0.01272496
v 0.01884645 -0.00466958 0.01243241
v 0.01818683 -0.00480984 0.01246771
v 0.01734881 -0.00444515 0.01262155
v 0.01779686 -0.00490263 0.01248285
v 0.01734881 -0.00486595 0.01253076
v 0.01900410 -0.00483142 0.01237440
v 0.01902899 -0.00528458 0.01225461
v 0.01944799 -0.00528458 0.01220291
v 0.01986700 -0.00562769 0.01204907
v 0.02017400 -0.00554784 0.01202511
v 0.02112817 -0.00570537 0.01181831
v 0.02030260 -0.00569458 0.01195828
v 0.02070501 -0.00570537 0.01188892
v 0.02154718 -0.00570537 0.01173887
v 0.02259677 -0.00549605 0.01159007
v 0.02196618 -0.00528458 0.01178426
v 0.02238519 -0.00486595 0.01181831
v 0.02280420 -0.00486595 0.01173130
v 0.02350531 -0.00471705 0.01160772
v 0.02364636 -0.00445163 0.01164808
v 0.02321076 -0.00486163 0.01163925
v 0.02378741 -0.00459405 0.01157242
v 0.02407366 -0.00445163 0.01153963
v 0.02448437 -0.00444515 0.01143497
v 0.02490338 -0.00444515 0.01131644
v 0.02555471 -0.00425742 0.01117647
v 0.02532238 -0.00402652 0.01130509
v 0.02565012 -0.00402652 0.01120547
v 0.02585755 -0.00402652 0.01114116
v 0.02594467 -0.00380857 0.01116764
v 0.02618114 -0.00364457 0.01113360
v 0.02616455 -0.00402652 0.01104407
v 0.02658355 -0.00402652 0.01090031
v 0.02703160 -0.00363162 0.01084105
v 0.02728881 -0.00350862 0.01077926
v 0.02719339 -0.00378915 0.01074269
v 0.02742571 -0.00363162 0.01069730
v 0.02742157 -0.00402652 0.01059137
v 0.02785717 -0.00403084 0.01041862
v 0.02879475 -0.00444515 0.00986631
v 0.02825958 -0.00444515 0.01010589
v 0.02824713 -0.00483789 0.00997097
v 0.02772856 -0.00435236 0.01037070
v 0.02785717 -0.00447321 0.01027234
v 0.02909344 -0.00484437 0.00956746
v 0.02933821 -0.00468900 0.00950567
v 0.02975722 -0.00510763 0.00908828
v 0.03003932 -0.00494147 0.00900632
v 0.03035046 -0.00485516 0.00885752
v 0.02949586 -0.00484437 0.00935309
v 0.02922620 -0.00496953 0.00944514
v 0.03117603 -0.00609164 0.00749062
v 0.03101839 -0.00636137 0.00741748
v 0.03023845 -0.00528458 0.00870873
v 0.02973647 -0.00592332 0.00865703
v 0.03001858 -0.00577658 0.00856497
v 0.03032972 -0.00567084 0.00842248
v 0.03063672 -0.00556727 0.00827873
v 0.02991486 -0.00526300 0.00891553
v 0.02963276 -0.00538816 0.00901514
v 0.02935481 -0.00554353 0.00909585
v 0.02922620 -0.00582406 0.00902145
v 0.03080681 -0.00573342 0.00804293
v 0.03110136 -0.00561905 0.00790044
v 0.03097275 -0.00589958 0.00780082
v 0.03122581 -0.00573774 0.00771507
v 0.03298896 -0.00579169 0.00550583
v 0.03305949 -0.00588232 0.00524229
v 0.03328766 -0.00569458 0.00506701
v 0.03220903 -0.00629880 0.00607201
v 0.03245794 -0.00612616 0.00592448
v 0.03270271 -0.00595353 0.00577694
v 0.03144569 -0.00635274 0.00699631
v 0.03081510 -0.00668074 0.00722329
v 0.03097690 -0.00674548 0.00695974
v 0.03080266 -0.00698069 0.00678825
v 0.03090637 -0.00711448 0.00645031
v 0.03101424 -0.00719217 0.00617037
v 0.03131293 -0.00710369 0.00592448
v 0.03161993 -0.00687927 0.00590808
v 0.03185640 -0.00677569 0.00575677
v 0.03214265 -0.00666348 0.00550583
v 0.03421694 -0.00526084 0.00340251
v 0.03399292 -0.00558669 0.00340630
v 0.03389750 -0.00587369 0.00298765
v 0.03425428 -0.00536011 0.00298765
v 0.03439533 -0.00515079 0.00298765
v 0.03466499 -0.00483789 0.00256396
v 0.03455712 -0.00486595 0.00298765
v 0.03390580 -0.00546584 0.00396743
v 0.03395143 -0.00552627 0.00368749
v 0.03313001 -0.00596216 0.00496235
v 0.03340382 -0.00578090 0.00466602
v 0.03352413 -0.00593627 0.00408597
v 0.03362784 -0.00571832 0.00423350
v 0.03319639 -0.00603553 0.00466602
v 0.03329596 -0.00612400 0.00424359
v 0.03468573 -0.00493068 0.00214784
v 0.03483093 -0.00477316 0.00172793
v 0.03471477 -0.00498463 0.00172793
v 0.03473966 -0.00502995 0.00130802
v 0.03487242 -0.00485084 0.00088811
v 0.03509644 -0.00448400 0.00044551
v 0.03486412 -0.00490479 0.00048334
v 0.03483508 -0.00495874 0.00044551
v 0.01271070 -0.01272935 0.00044551
v 0.01231658 -0.01267972 0.00172793
v 0.01210501 -0.01263225 0.00238364
v 0.01273559 -0.01272288 0.00088811
v 0.01189758 -0.01247688 0.00340630
v 0.01189758 -0.01244667 0.00382620
v 0.01189758 -0.01240567 0.00424611
v 0.01166526 -0.01222224 0.00498252
v 0.01170259 -0.01220714 0.00526246
v 0.01144538 -0.01189640 0.00636582
v 0.01156154 -0.01184677 0.00676429
v 0.01164866 -0.01180577 0.00700892
v 0.01147857 -0.01141950 0.00792440
v 0.01147857 -0.01132887 0.00813498
v 0.01147857 -0.01116703 0.00844140
v 0.01147857 -0.01100087 0.00873395
v 0.01147857 -0.01087140 0.00894327
v 0.01147857 -0.01066208 0.00925599
v 0.01315460 -0.01047434 0.00940353
v 0.01328320 -0.01010966 0.00990666
v 0.01273559 -0.01012045 0.00992179
v 0.01189758 -0.01013771 0.00994197
v 0.01105542 -0.01035350 0.00970112
v 0.01105542 -0.01015066 0.00995458
v 0.01063641 -0.00975576 0.01039592
v 0.01063641 -0.00953781 0.01060650
v 0.01063641 -0.00932849 0.01079943
v 0.01063641 -0.00906307 0.01100119
v 0.01063641 -0.00884081 0.01116260
v 0.01158229 -0.00885807 0.01117269
v 0.01063641 -0.00863149 0.01129626
v 0.01105542 -0.00829054 0.01150937
v 0.01063641 -0.00807475 0.01162286
v 0.01063641 -0.00780286 0.01175400
v 0.01147857 -0.00742954 0.01193558
v 0.01063641 -0.00741012 0.01193054
v 0.01021740 -0.00739933 0.01192801
v 0.01021740 -0.00719001 0.01201628
v 0.01021740 -0.00696343 0.01209572
v 0.01021740 -0.00654480 0.01223443
v 0.01189758 -0.00596216 0.01244375
v 0.01147857 -0.00594706 0.01243871
v 0.01066545 -0.00608516 0.01237945
v 0.01082310 -0.00591685 0.01242988
v 0.01021740 -0.00588232 0.01242232
v 0.01105542 -0.00570537 0.01248285
v 0.01063641 -0.00528458 0.01256229
v 0.01147857 -0.00486595 0.01266947
v 0.01105542 -0.00486595 0.01265686
v 0.01189758 -0.00486595 0.01268082
v 0.01231658 -0.00444515 0.01276405
v 0.01231658 -0.00404163 0.01282205
v 0.01273559 -0.00444515 0.01276783
v 0.01399676 -0.00528458 0.01259507
v 0.01315460 -0.00528458 0.01260138
v 0.01357360 -0.00528458 0.01259886
v 0.01357360 -0.00570537 0.01250554
v 0.01273559 -0.00486595 0.01269091
v 0.01441577 -0.00528458 0.01258499
v 0.01483477 -0.00486595 0.01266569
v 0.01609179 -0.00486595 0.01261651
v 0.01651080 -0.00444515 0.01267704
v 0.01566864 -0.00486595 0.01263795
v 0.01525378 -0.00486595 0.01265182
v 0.01860998 -0.00493068 0.01239332
v 0.01795865 -0.00506879 0.01242736
v 0.01651080 -0.00486595 0.01258877
v 0.01768070 -0.00512058 0.01243997
v 0.01669334 -0.00548742 0.01242736
v 0.01692981 -0.00545074 0.01241854
v 0.01734881 -0.00538600 0.01240214
v 0.01609179 -0.00557590 0.01244880
v 0.01860998 -0.00528458 0.01230253
v 0.01902899 -0.00570537 0.01213860
v 0.01818683 -0.00570537 0.01223695
v 0.01860998 -0.00570537 0.01218778
v 0.01946874 -0.00573774 0.01207303
v 0.01962223 -0.00589958 0.01200493
v 0.01986700 -0.00583700 0.01198476
v 0.02070501 -0.00612400 0.01174391
v 0.02112817 -0.00614774 0.01166195
v 0.02154718 -0.00601827 0.01162916
v 0.02238519 -0.00556079 0.01161277
v 0.02208649 -0.00586074 0.01156989
v 0.02276271 -0.00566437 0.01149297
v 0.02287472 -0.00539463 0.01155981
v 0.02306141 -0.00511626 0.01160142
v 0.02334351 -0.00499758 0.01156611
v 0.02364636 -0.00486163 0.01152954
v 0.02406536 -0.00486595 0.01141984
v 0.02448437 -0.00486595 0.01130761
v 0.02471254 -0.00509253 0.01117521
v 0.02487434 -0.00483574 0.01120673
v 0.02571235 -0.00441710 0.01107559
v 0.02616455 -0.00444515 0.01092175
v 0.02499050 -0.00495658 0.01113233
v 0.02529334 -0.00483574 0.01107559
v 0.02680758 -0.00425310 0.01075530
v 0.02689470 -0.00402652 0.01078682
v 0.02710213 -0.00402652 0.01070991
v 0.02837574 -0.00495874 0.00986631
v 0.02864955 -0.00483789 0.00978434
v 0.02784057 -0.00486595 0.01013994
v 0.02809778 -0.00512058 0.00993188
v 0.02745061 -0.00447321 0.01043879
v 0.02760825 -0.00463289 0.01032278
v 0.02894824 -0.00513568 0.00952080
v 0.02950415 -0.00526300 0.00915259
v 0.02909344 -0.00528026 0.00937074
v 0.02967839 -0.00669585 0.00818920
v 0.03013059 -0.00673469 0.00779325
v 0.03056619 -0.00675196 0.00738974
v 0.02991486 -0.00609811 0.00842501
v 0.02894824 -0.00596864 0.00910341
v 0.02910174 -0.00665053 0.00859019
v 0.02949586 -0.00651674 0.00842753
v 0.02939629 -0.00682532 0.00829134
v 0.03022601 -0.00599237 0.00828504
v 0.03050396 -0.00584779 0.00818542
v 0.02909344 -0.00569242 0.00916520
v 0.03069480 -0.00603985 0.00790674
v 0.03277738 -0.00603553 0.00550583
v 0.03265293 -0.00631822 0.00526498
v 0.03289354 -0.00613911 0.00511367
v 0.03229200 -0.00637648 0.00579207
v 0.03069894 -0.00684690 0.00710980
v 0.03022186 -0.00722238 0.00705053
v 0.03049981 -0.00712527 0.00689543
v 0.03062427 -0.00721159 0.00661676
v 0.03013474 -0.00758491 0.00653605
v 0.03076947 -0.00727417 0.00632421
v 0.03037536 -0.00750938 0.00637591
v 0.03052471 -0.00756549 0.00607706
v 0.03077362 -0.00747270 0.00593204
v 0.03110551 -0.00725475 0.00592448
v 0.03139591 -0.00716412 0.00569498
v 0.03162408 -0.00706917 0.00553483
v 0.03193522 -0.00684043 0.00550583
v 0.03222147 -0.00673038 0.00524859
v 0.03383942 -0.00579816 0.00340630
v 0.03392239 -0.00591037 0.00275941
v 0.03363199 -0.00606143 0.00340630
v 0.03349094 -0.00631822 0.00313140
v 0.03366103 -0.00615637 0.00299017
v 0.03429991 -0.00542700 0.00256774
v 0.03444097 -0.00521768 0.00256774
v 0.03379379 -0.00568163 0.00382746
v 0.03272345 -0.00639374 0.00498631
v 0.03300970 -0.00624485 0.00466602
v 0.03312172 -0.00637432 0.00412253
v 0.03317565 -0.00643043 0.00382620
v 0.03338308 -0.00619522 0.00382620
v 0.03345360 -0.00627290 0.00340630
v 0.03356561 -0.00598590 0.00382620
v 0.03306364 -0.00630958 0.00440247
v 0.03445341 -0.00531263 0.00212135
v 0.03452394 -0.00528458 0.00172793
v 0.03475626 -0.00506016 0.00088811
v 0.03457372 -0.00528458 0.00130802
v 0.03461106 -0.00528458 0.00088811
v 0.03476455 -0.00507095 0.00063340
v 0.03469403 -0.00520042 0.00044551
v 0.01273559 -0.01272935 0.00044551
v 0.01273559 -0.01272935 0.00046947
v 0.01231658 -0.01266246 0.00214784
v 0.01273559 -0.01271209 0.00130802
v 0.01219628 -0.01262577 0.00266358
v 0.01313385 -0.01271425 0.00044551
v 0.01355286 -0.01269698 0.00044551
v 0.01231658 -0.01257398 0.00340630
v 0.01231658 -0.01253082 0.00382620
v 0.01189758 -0.01234956 0.00466602
v 0.01186439 -0.01227188 0.00510736
v 0.01198055 -0.01224167 0.00541882
v 0.01186439 -0.01218988 0.00553736
v 0.01189758 -0.01211867 0.00592448
v 0.01189758 -0.01201509 0.00634438
v 0.01189758 -0.01188561 0.00676429
v 0.01189758 -0.01180145 0.00700010
v 0.01189758 -0.01171945 0.00720942
v 0.01189758 -0.01155545 0.00760284
v 0.01189758 -0.01141735 0.00790548
v 0.01189758 -0.01131161 0.00811480
v 0.01189758 -0.01113682 0.00844140
v 0.01231658 -0.01097282 0.00868729
v 0.01189758 -0.01098792 0.00871251
v 0.01189758 -0.01085845 0.00892183
v 0.01357360 -0.01059734 0.00917277
v 0.01315460 -0.01061029 0.00919294
v 0.01357360 -0.01045924 0.00938335
v 0.01357360 -0.01024992 0.00968473
v 0.01399676 -0.01008592 0.00987387
v 0.01357360 -0.00991760 0.01012103
v 0.01357360 -0.00971907 0.01036187
v 0.01315045 -0.00997155 0.01008068
v 0.01315460 -0.00972986 0.01037196
v 0.01147857 -0.01014418 0.00994827
v 0.01147857 -0.00995860 0.01015886
v 0.01105542 -0.00996292 0.01016390
v 0.01105542 -0.00975360 0.01039466
v 0.01105542 -0.00953997 0.01060398
v 0.01147857 -0.00933065 0.01080448
v 0.01105542 -0.00933065 0.01080322
v 0.01145783 -0.00902423 0.01104533
v 0.01105542 -0.00906307 0.01100876
v 0.01189758 -0.00886023 0.01117521
v 0.01189758 -0.00864228 0.01131266
v 0.01147857 -0.00829702 0.01151315
v 0.01189758 -0.00830133 0.01151693
v 0.01105542 -0.00808122 0.01162538
v 0.01105542 -0.00780286 0.01175904
v 0.01189758 -0.00743601 0.01193684
v 0.01189758 -0.00722669 0.01203268
v 0.01105542 -0.00720943 0.01202511
v 0.01105542 -0.00696343 0.01211086
v 0.01105542 -0.00654480 0.01224956
v 0.01189758 -0.00617364 0.01237945
v 0.01231658 -0.00597079 0.01244628
v 0.01231658 -0.00570537 0.01250933
v 0.01189758 -0.00570537 0.01250302
v 0.01105542 -0.00528458 0.01257238
v 0.01189758 -0.00528458 0.01259255
v 0.01231658 -0.00486595 0.01268839
v 0.01399676 -0.00570537 0.01250050
v 0.01273559 -0.00528458 0.01260138
v 0.01273559 -0.00570537 0.01251059
v 0.01357360 -0.00596000 0.01244375
v 0.01399676 -0.00595137 0.01244123
v 0.01273559 -0.00597079 0.01244628
v 0.01231658 -0.00528458 0.01260012
v 0.01441577 -0.00570537 0.01248915
v 0.01483477 -0.00528458 0.01257112
v 0.01566864 -0.00562337 0.01246015
v 0.01525378 -0.00528458 0.01255598
v 0.01818683 -0.00528458 0.01234918
v 0.01779686 -0.00527163 0.01239206
v 0.01653569 -0.00568379 0.01238827
v 0.01609179 -0.00578521 0.01239584
v 0.01734881 -0.00570537 0.01231892
v 0.01776782 -0.00570537 0.01228235
v 0.01566864 -0.00583269 0.01240845
v 0.01934013 -0.00595569 0.01202385
v 0.01860998 -0.00608516 0.01206798
v 0.01902899 -0.00601179 0.01204276
v 0.01776782 -0.00612400 0.01215247
v 0.01946874 -0.00610674 0.01195197
v 0.01944799 -0.00654480 0.01179561
v 0.01986700 -0.00654480 0.01173130
v 0.01986700 -0.00612400 0.01188388
v 0.02028601 -0.00612400 0.01181453
v 0.02041047 -0.00671527 0.01157494
v 0.02099127 -0.00637001 0.01160268
v 0.02126922 -0.00630311 0.01157872
v 0.02154718 -0.00622758 0.01154972
v 0.02195374 -0.00610027 0.01150937
v 0.02238519 -0.00612400 0.01140345
v 0.02280420 -0.00612400 0.01130887
v 0.02322320 -0.00570537 0.01136688
v 0.02321076 -0.00526732 0.01151820
v 0.02364636 -0.00528458 0.01140092
v 0.02448437 -0.00519179 0.01120673
v 0.02487434 -0.00525437 0.01107181
v 0.02448437 -0.00540111 0.01113864
v 0.02574139 -0.00486595 0.01092175
v 0.02626826 -0.00496953 0.01071495
v 0.02640102 -0.00468900 0.01076160
v 0.02655866 -0.00441279 0.01079439
v 0.02668312 -0.00453147 0.01070991
v 0.02696937 -0.00441279 0.01064181
v 0.02782813 -0.00527163 0.00998610
v 0.02745061 -0.00490263 0.01028874
v 0.02742157 -0.00528458 0.01015129
v 0.02824713 -0.00527163 0.00979191
v 0.02767878 -0.00554353 0.00993314
v 0.02733030 -0.00478610 0.01037701
v 0.02655866 -0.00484437 0.01065064
v 0.02703990 -0.00490263 0.01044762
v 0.02720169 -0.00506663 0.01032783
v 0.02881134 -0.00541621 0.00945271
v 0.02867444 -0.00528026 0.00958385
v 0.02853339 -0.00555648 0.00952080
v 0.02984849 -0.00684690 0.00790926
v 0.03028824 -0.00685338 0.00751458
v 0.02965765 -0.00712527 0.00774660
v 0.03008910 -0.00713390 0.00733047
v 0.02846701 -0.00717059 0.00864820
v 0.02867444 -0.00570106 0.00937957
v 0.02839233 -0.00583700 0.00945271
v 0.02811438 -0.00597079 0.00952206
v 0.02795673 -0.00625132 0.00944388
v 0.02767878 -0.00637432 0.00951449
v 0.02782813 -0.00652753 0.00934931
v 0.02893580 -0.00720296 0.00826738
v 0.02921375 -0.00710585 0.00815011
v 0.03237497 -0.00645201 0.00550583
v 0.03247454 -0.00656206 0.00511745
v 0.02994390 -0.00731301 0.00718798
v 0.02971988 -0.00758922 0.00696353
v 0.02997294 -0.00752880 0.00680086
v 0.03035876 -0.00730438 0.00675925
v 0.02997294 -0.00775538 0.00637591
v 0.02996880 -0.00795607 0.00596609
v 0.03024675 -0.00765396 0.00625612
v 0.02919301 -0.00795175 0.00685256
v 0.02932577 -0.00802296 0.00657262
v 0.03063257 -0.00763454 0.00579712
v 0.03091052 -0.00754391 0.00560167
v 0.03120092 -0.00738854 0.00550835
v 0.03148718 -0.00723317 0.00541504
v 0.03176928 -0.00712743 0.00518680
v 0.03203479 -0.00696343 0.00507836
v 0.03230030 -0.00679727 0.00496865
v 0.03395143 -0.00594706 0.00247947
v 0.03407174 -0.00574421 0.00259801
v 0.03352413 -0.00635274 0.00285146
v 0.03379379 -0.00610243 0.00259801
v 0.03308438 -0.00674980 0.00317680
v 0.03432895 -0.00547016 0.00224493
v 0.03258240 -0.00667859 0.00466602
v 0.03279813 -0.00646711 0.00466602
v 0.03288525 -0.00655343 0.00426502
v 0.03271101 -0.00679080 0.00412884
v 0.03297652 -0.00663974 0.00382620
v 0.03324203 -0.00650164 0.00340630
v 0.03304704 -0.00671095 0.00340630
v 0.03434970 -0.00550037 0.00196499
v 0.03436629 -0.00552411 0.00172793
v 0.03439118 -0.00556079 0.00130802
v 0.03441193 -0.00558669 0.00088811
v 0.03466084 -0.00524790 0.00048334
v 0.03442437 -0.00560395 0.00046947
v 0.03441607 -0.00561690 0.00044551
v 0.01273559 -0.01269483 0.00172793
v 0.01247423 -0.01263225 0.00280733
v 0.01232903 -0.01264088 0.00254126
v 0.01315460 -0.01268835 0.00130802
v 0.01397187 -0.01267541 0.00044551
v 0.01399676 -0.01267325 0.00046947
v 0.01232903 -0.01261283 0.00296369
v 0.01255720 -0.01263225 0.00280733
v 0.01273559 -0.01255456 0.00340630
v 0.01231658 -0.01247472 0.00424611
v 0.01231658 -0.01240783 0.00466602
v 0.01231658 -0.01232367 0.00508592
v 0.01231658 -0.01224382 0.00543269
v 0.01231658 -0.01219203 0.00564328
v 0.01231658 -0.01211651 0.00592448
v 0.01231658 -0.01199135 0.00634438
v 0.01227510 -0.01184461 0.00678447
v 0.01238711 -0.01177772 0.00693578
v 0.01227510 -0.01171082 0.00714133
v 0.01231658 -0.01152093 0.00760284
v 0.01325416 -0.01136124 0.00778947
v 0.01297621 -0.01137419 0.00781721
v 0.01312971 -0.01127492 0.00798366
v 0.01399676 -0.01101166 0.00834682
v 0.01275219 -0.01104834 0.00847923
v 0.01231658 -0.01110445 0.00844140
v 0.01261943 -0.01095987 0.00866585
v 0.01508369 -0.01053476 0.00907693
v 0.01483477 -0.01054555 0.00909333
v 0.01441577 -0.01056282 0.00912107
v 0.01399676 -0.01058008 0.00914755
v 0.01399676 -0.01044197 0.00935687
v 0.01399676 -0.01023266 0.00966329
v 0.01483477 -0.00967592 0.01031017
v 0.01441577 -0.01021324 0.00963807
v 0.01483477 -0.01004923 0.00981839
v 0.01525378 -0.00981834 0.01007941
v 0.01525378 -0.00965865 0.01028874
v 0.01399676 -0.00970613 0.01034548
v 0.01453608 -0.00968671 0.01032278
v 0.01503390 -0.00927239 0.01075026
v 0.01399676 -0.00930476 0.01078304
v 0.01357360 -0.00952486 0.01057120
v 0.01315460 -0.00953134 0.01058129
v 0.01189758 -0.00974497 0.01038583
v 0.01357360 -0.00931555 0.01079313
v 0.01147857 -0.00974929 0.01039088
v 0.01315460 -0.00932202 0.01079691
v 0.01273559 -0.00932418 0.01079943
v 0.01147857 -0.00953997 0.01060020
v 0.01189758 -0.00932849 0.01080322
v 0.01273559 -0.00907170 0.01100876
v 0.01231658 -0.00907170 0.01101128
v 0.01189758 -0.00907170 0.01101254
v 0.01231658 -0.00886239 0.01117521
v 0.01231658 -0.00864228 0.01131392
v 0.01231658 -0.00830349 0.01151820
v 0.01189758 -0.00809201 0.01162916
v 0.01147857 -0.00808554 0.01162790
v 0.01189758 -0.00780286 0.01176661
v 0.01231658 -0.00780286 0.01176787
v 0.01231658 -0.00722885 0.01203394
v 0.01231658 -0.00696343 0.01212851
v 0.01189758 -0.00696343 0.01212599
v 0.01189758 -0.00654480 0.01226217
v 0.01231658 -0.00618227 0.01238071
v 0.01441577 -0.00593195 0.01243493
v 0.01357360 -0.00616932 0.01237692
v 0.01273559 -0.00654480 0.01226470
v 0.01399676 -0.00654480 0.01224830
v 0.01357360 -0.00654480 0.01225587
v 0.01480573 -0.00573558 0.01246771
v 0.01525378 -0.00586721 0.01241728
v 0.01692981 -0.00570537 0.01235170
v 0.01609179 -0.00612400 0.01229244
v 0.01651080 -0.00612400 0.01225965
v 0.01734881 -0.00612400 0.01219156
v 0.01566864 -0.00612400 0.01231892
v 0.01860998 -0.00629448 0.01199485
v 0.01902899 -0.00622111 0.01196836
v 0.01902899 -0.00654480 0.01185235
v 0.01822416 -0.00616501 0.01208690
v 0.01839011 -0.00633116 0.01200872
v 0.01776782 -0.00643474 0.01204402
v 0.01810800 -0.00638080 0.01202511
v 0.01734881 -0.00649301 0.01206420
v 0.01944799 -0.00690517 0.01165438
v 0.01986700 -0.00682748 0.01162159
v 0.02013251 -0.00677569 0.01159890
v 0.02070501 -0.00696343 0.01140849
v 0.02112817 -0.00696343 0.01133031
v 0.02070501 -0.00664622 0.01154846
v 0.02112817 -0.00652322 0.01151946
v 0.02154718 -0.00654480 0.01142740
v 0.02280420 -0.00640453 0.01119791
v 0.02302407 -0.00634195 0.01117269
v 0.02196618 -0.00654480 0.01133283
v 0.02350945 -0.00596648 0.01119034
v 0.02364636 -0.00572048 0.01124834
v 0.02399069 -0.00558884 0.01120673
v 0.02426865 -0.00549174 0.01116890
v 0.02319001 -0.00611322 0.01121808
v 0.02493657 -0.00574206 0.01086753
v 0.02532238 -0.00560611 0.01079691
v 0.02555471 -0.00551332 0.01075782
v 0.02532238 -0.00528458 0.01091544
v 0.02598616 -0.00510763 0.01076160
v 0.02448437 -0.00570537 0.01102263
v 0.02661674 -0.00532126 0.01045393
v 0.02583681 -0.00538816 0.01071117
v 0.02613965 -0.00526300 0.01065190
v 0.02703990 -0.00532126 0.01028874
v 0.02677854 -0.00548311 0.01032531
v 0.02700256 -0.00570537 0.01013742
v 0.02740082 -0.00569242 0.00998106
v 0.02782813 -0.00569242 0.00979317
v 0.02752943 -0.00582190 0.00986757
v 0.02692374 -0.00520258 0.01038205
v 0.02825543 -0.00570106 0.00958511
v 0.02981115 -0.00722238 0.00746666
v 0.02937970 -0.00721806 0.00787017
v 0.02829692 -0.00740580 0.00846914
v 0.02868273 -0.00727417 0.00836070
v 0.02750039 -0.00665485 0.00943253
v 0.02631390 -0.00754822 0.00946279
v 0.02686566 -0.00763238 0.00911350
v 0.02792769 -0.00753096 0.00856876
v 0.02782813 -0.00611753 0.00958133
v 0.02740082 -0.00610243 0.00978308
v 0.02708553 -0.00622758 0.00985622
v 0.02680343 -0.00634411 0.00991675
v 0.02738423 -0.00652753 0.00955989
v 0.02870763 -0.00749859 0.00803410
v 0.02886527 -0.00758059 0.00779073
v 0.02908515 -0.00729359 0.00801519
v 0.02840893 -0.00755901 0.00818164
v 0.02955808 -0.00753096 0.00721825
v 0.02944193 -0.00767122 0.00710097
v 0.02963691 -0.00796038 0.00634438
v 0.02972818 -0.00801217 0.00613254
v 0.03012644 -0.00799922 0.00567985
v 0.02956223 -0.00818049 0.00596609
v 0.03037536 -0.00772949 0.00593204
v 0.02910589 -0.00780933 0.00718798
v 0.02891506 -0.00802512 0.00699505
v 0.02907270 -0.00807475 0.00673403
v 0.02906855 -0.00828191 0.00631286
v 0.02942533 -0.00807907 0.00634438
v 0.03035876 -0.00792154 0.00552601
v 0.03077362 -0.00768417 0.00547935
v 0.03100594 -0.00760433 0.00532173
v 0.03129219 -0.00751585 0.00508592
v 0.03162408 -0.00728712 0.00506197
v 0.03184395 -0.00718785 0.00490686
v 0.03212191 -0.00707348 0.00466602
v 0.03237497 -0.00686417 0.00466602
v 0.03398047 -0.00598374 0.00214784
v 0.03421279 -0.00566653 0.00212135
v 0.03355317 -0.00638943 0.00256774
v 0.03380623 -0.00619306 0.00214784
v 0.03336233 -0.00659874 0.00256774
v 0.03276494 -0.00684259 0.00382620
v 0.03283546 -0.00690517 0.00340630
v 0.03259899 -0.00711448 0.00340630
v 0.03264463 -0.00715548 0.00311753
v 0.03288525 -0.00696990 0.00300783
v 0.03311757 -0.00678217 0.00289686
v 0.03264463 -0.00673469 0.00440878
v 0.03220073 -0.00713822 0.00435708
v 0.03226711 -0.00718785 0.00407714
v 0.03252432 -0.00705190 0.00382620
v 0.03422109 -0.00573342 0.00172793
v 0.03424598 -0.00577011 0.00130802
v 0.03426258 -0.00579600 0.00088811
v 0.03427087 -0.00581327 0.00046947
v 0.03427087 -0.00581327 0.00044551
v 0.01273559 -0.01266893 0.00214784
v 0.01443651 -0.01264735 0.00048586
v 0.01479744 -0.01262577 0.00044551
v 0.01609179 -0.01253730 0.00046947
v 0.01452363 -0.01264304 0.00044551
v 0.01271070 -0.01260419 0.00296369
v 0.01609179 -0.01248119 0.00130802
v 0.01651080 -0.01241646 0.00172793
v 0.01273559 -0.01249846 0.00382620
v 0.01692981 -0.01233877 0.00214784
v 0.01651080 -0.01227835 0.00298765
v 0.01681365 -0.01222009 0.00325876
v 0.01629922 -0.01221145 0.00361688
v 0.01651080 -0.01215535 0.00382620
v 0.01692981 -0.01204098 0.00424611
v 0.01651080 -0.01200645 0.00466602
v 0.01651080 -0.01191582 0.00508592
v 0.01651080 -0.01169356 0.00592448
v 0.01273559 -0.01195035 0.00634438
v 0.01651080 -0.01157272 0.00634438
v 0.01273559 -0.01183814 0.00667981
v 0.01346989 -0.01180145 0.00658271
v 0.01359850 -0.01173024 0.00673907
v 0.01483477 -0.01159645 0.00676429
v 0.01612913 -0.01131592 0.00716150
v 0.01525378 -0.01134398 0.00731912
v 0.01399676 -0.01140656 0.00748557
v 0.01357360 -0.01142814 0.00753980
v 0.01357360 -0.01134614 0.00775038
v 0.01685098 -0.01096850 0.00784495
v 0.01651080 -0.01098577 0.00788278
v 0.01399676 -0.01117350 0.00802275
v 0.01357360 -0.01121450 0.00802275
v 0.01441577 -0.01099008 0.00830773
v 0.01441577 -0.01088434 0.00851706
v 0.01399676 -0.01090161 0.00855615
v 0.01536164 -0.01051966 0.00905045
v 0.01566864 -0.01033192 0.00928121
v 0.01523304 -0.01040529 0.00924338
v 0.01483477 -0.01019381 0.00960907
v 0.01483477 -0.01040313 0.00930391
v 0.01525378 -0.00944934 0.01052958
v 0.01525378 -0.01002766 0.00978813
v 0.01609179 -0.00977302 0.01002015
v 0.01566864 -0.00963707 0.01026100
v 0.01651080 -0.00938028 0.01045645
v 0.01566864 -0.00942560 0.01050689
v 0.01487211 -0.00910407 0.01090410
v 0.01475595 -0.00928102 0.01075908
v 0.01525378 -0.00926160 0.01073891
v 0.01609179 -0.00900912 0.01089401
v 0.01566864 -0.00903286 0.01091292
v 0.01525378 -0.00905228 0.01092553
v 0.01396772 -0.00902207 0.01102389
v 0.01441577 -0.00906307 0.01096589
v 0.01357360 -0.00906739 0.01100245
v 0.01315460 -0.00906955 0.01100750
v 0.01315460 -0.00886023 0.01117521
v 0.01273559 -0.00864228 0.01131266
v 0.01315460 -0.00864228 0.01130887
v 0.01273559 -0.00829702 0.01151693
v 0.01231658 -0.00809201 0.01163042
v 0.01273559 -0.00808770 0.01162790
v 0.01273559 -0.00780286 0.01176283
v 0.01273559 -0.00743385 0.01193558
v 0.01273559 -0.00722454 0.01203141
v 0.01273559 -0.00696343 0.01212599
v 0.01231658 -0.00654480 0.01226596
v 0.01441577 -0.00654480 0.01223443
v 0.01480573 -0.00608516 0.01236936
v 0.01464394 -0.00591685 0.01242988
v 0.01399676 -0.00696343 0.01210707
v 0.01357360 -0.00696343 0.01211464
v 0.01315460 -0.00696343 0.01212094
v 0.01609179 -0.00654480 0.01215121
v 0.01651080 -0.00654480 0.01211716
v 0.01692981 -0.00657716 0.01207177
v 0.01525378 -0.00654480 0.01219786
v 0.01566864 -0.00654480 0.01217769
v 0.01483477 -0.00654480 0.01221678
v 0.01822416 -0.00652969 0.01195828
v 0.01860998 -0.00654480 0.01190532
v 0.01818683 -0.00696343 0.01179687
v 0.01860998 -0.00696343 0.01174139
v 0.01776782 -0.00664406 0.01197089
v 0.01734881 -0.00670232 0.01199106
v 0.01679290 -0.00677138 0.01201628
v 0.01903728 -0.00699580 0.01167077
v 0.01918249 -0.00715764 0.01158250
v 0.01944799 -0.00711448 0.01156233
v 0.01986700 -0.00703680 0.01152702
v 0.02027771 -0.00693538 0.01149928
v 0.02029845 -0.00741443 0.01126726
v 0.02112817 -0.00723317 0.01120043
v 0.02136464 -0.00718785 0.01117647
v 0.02151814 -0.00697422 0.01124330
v 0.02196618 -0.00683396 0.01120925
v 0.02221925 -0.00677569 0.01118025
v 0.02236859 -0.00655343 0.01123700
v 0.02249720 -0.00670017 0.01114747
v 0.02280420 -0.00661385 0.01111090
v 0.02319001 -0.00650595 0.01105668
v 0.02330617 -0.00624701 0.01113486
v 0.02378741 -0.00586937 0.01115251
v 0.02510251 -0.00590606 0.01074647
v 0.02463787 -0.00629664 0.01073512
v 0.02574969 -0.00613911 0.01042492
v 0.02571235 -0.00567300 0.01063551
v 0.02618529 -0.00573342 0.01044510
v 0.02406536 -0.00612400 0.01097093
v 0.02650058 -0.00561042 0.01038079
v 0.02661674 -0.00573342 0.01028117
v 0.02634294 -0.00589095 0.01032026
v 0.02658355 -0.00612400 0.01011472
v 0.02724733 -0.00594706 0.00992557
v 0.02696937 -0.00610243 0.00996719
v 0.02952075 -0.00730869 0.00760537
v 0.02913493 -0.00752449 0.00763185
v 0.02929672 -0.00758706 0.00738091
v 0.02812683 -0.00763454 0.00828882
v 0.02696937 -0.00650811 0.00975282
v 0.02658355 -0.00643043 0.00996340
v 0.02633879 -0.00673253 0.00989783
v 0.02618529 -0.00657285 0.01004663
v 0.02616869 -0.00739933 0.00960150
v 0.02603594 -0.00763238 0.00952080
v 0.02658355 -0.00769928 0.00918664
v 0.02628485 -0.00797765 0.00902271
v 0.02658355 -0.00790859 0.00893444
v 0.02697352 -0.00779207 0.00884365
v 0.02764559 -0.00760217 0.00866081
v 0.02680343 -0.00801865 0.00865829
v 0.02780738 -0.00768849 0.00843383
v 0.02858732 -0.00765180 0.00790170
v 0.02803141 -0.00800354 0.00779704
v 0.02847945 -0.00801649 0.00739857
v 0.02875741 -0.00794528 0.00727499
v 0.02901877 -0.00766475 0.00751079
v 0.02996880 -0.00814380 0.00552601
v 0.02993146 -0.00833154 0.00508971
v 0.03022186 -0.00805317 0.00539991
v 0.03049981 -0.00797333 0.00519185
v 0.02930502 -0.00843081 0.00570759
v 0.02921375 -0.00838549 0.00592448
v 0.02834670 -0.00837254 0.00685130
v 0.02864955 -0.00828407 0.00673277
v 0.02890676 -0.00844160 0.00615145
v 0.02822639 -0.00827759 0.00715015
v 0.02806460 -0.00843944 0.00698749
v 0.03075288 -0.00786759 0.00506575
v 0.03108061 -0.00765180 0.00508592
v 0.03137101 -0.00756980 0.00481734
v 0.03145399 -0.00762375 0.00453740
v 0.03160334 -0.00745975 0.00467232
v 0.03191033 -0.00723533 0.00466602
v 0.03400951 -0.00601827 0.00172793
v 0.03359465 -0.00643474 0.00214784
v 0.03344116 -0.00668074 0.00172793
v 0.03383527 -0.00622758 0.00172793
v 0.03315076 -0.00681885 0.00256774
v 0.03340382 -0.00664406 0.00214784
v 0.03231274 -0.00722669 0.00382620
v 0.03238742 -0.00728496 0.00340630
v 0.03268612 -0.00718785 0.00283759
v 0.03248698 -0.00731301 0.00298134
v 0.03292673 -0.00702817 0.00256774
v 0.03205138 -0.00729359 0.00422846
v 0.03173194 -0.00752233 0.00424611
v 0.03200990 -0.00745327 0.00381738
v 0.03403440 -0.00604632 0.00130802
v 0.03405100 -0.00606790 0.00088811
v 0.03405515 -0.00609595 0.00044551
v 0.01651080 -0.01250709 0.00046947
v 0.01651080 -0.01247904 0.00088811
v 0.01606690 -0.01253946 0.00044551
v 0.01692981 -0.01238193 0.00172793
v 0.01651080 -0.01244883 0.00130802
v 0.01734881 -0.01233877 0.00172793
v 0.01734881 -0.01229346 0.00214784
v 0.01709575 -0.01220714 0.00315914
v 0.01694225 -0.01218556 0.00340125
v 0.01692981 -0.01211435 0.00382620
v 0.01734881 -0.01206688 0.00382620
v 0.01692981 -0.01196545 0.00466602
v 0.01692981 -0.01187266 0.00508592
v 0.01692981 -0.01165040 0.00592448
v 0.01399676 -0.01177556 0.00650201
v 0.01692981 -0.01152740 0.00634438
v 0.01692981 -0.01141519 0.00667350
v 0.01651080 -0.01143893 0.00673403
v 0.01651080 -0.01126845 0.00718294
v 0.01609179 -0.01114761 0.00760284
v 0.01566864 -0.01119077 0.00760284
v 0.01651080 -0.01110445 0.00760284
v 0.01713309 -0.01095124 0.00781091
v 0.01696714 -0.01087571 0.00800005
v 0.01683024 -0.01054555 0.00867846
v 0.01651080 -0.01056282 0.00871503
v 0.01609179 -0.01047866 0.00896975
v 0.01692981 -0.01021539 0.00922699
v 0.01647761 -0.01021755 0.00931021
v 0.01609179 -0.01028229 0.00928121
v 0.01566864 -0.01015066 0.00954728
v 0.01609179 -0.01012692 0.00951323
v 0.01525378 -0.01017223 0.00957880
v 0.01566864 -0.00924218 0.01071621
v 0.01566864 -0.01000608 0.00975660
v 0.01609179 -0.00961334 0.01023073
v 0.01651080 -0.00974929 0.00998988
v 0.01651080 -0.00958960 0.01020047
v 0.01692981 -0.00935439 0.01042745
v 0.01651080 -0.00919470 0.01066577
v 0.01609179 -0.00921844 0.01069099
v 0.01609179 -0.00875018 0.01110333
v 0.01566864 -0.00877823 0.01112225
v 0.01651080 -0.00898539 0.01087131
v 0.01525378 -0.00879765 0.01113486
v 0.01483477 -0.00881491 0.01114620
v 0.01381007 -0.00885375 0.01117142
v 0.01409218 -0.00884512 0.01116386
v 0.01441577 -0.00883218 0.01115629
v 0.01357360 -0.00885807 0.01117395
v 0.01357360 -0.00864228 0.01130257
v 0.01357360 -0.00828407 0.01150937
v 0.01357360 -0.00807475 0.01162033
v 0.01357360 -0.00780286 0.01175022
v 0.01315460 -0.00721806 0.01202889
v 0.01357360 -0.00742091 0.01192801
v 0.01357360 -0.00720943 0.01202637
v 0.01444481 -0.00700443 0.01207555
v 0.01399676 -0.00720080 0.01202133
v 0.01432865 -0.00718785 0.01201502
v 0.01609179 -0.00685122 0.01204528
v 0.01525378 -0.00691811 0.01206798
v 0.01566864 -0.00689006 0.01205789
v 0.01483477 -0.00694617 0.01207807
v 0.01818683 -0.00729791 0.01164934
v 0.01860998 -0.00723964 0.01162159
v 0.01776782 -0.00696343 0.01184731
v 0.01776782 -0.00735401 0.01167582
v 0.01734881 -0.00696343 0.01189018
v 0.01692981 -0.00693322 0.01194062
v 0.01609179 -0.00706269 0.01196584
v 0.01903728 -0.00735617 0.01150558
v 0.01944799 -0.00738422 0.01143245
v 0.01818683 -0.00750938 0.01154846
v 0.01860998 -0.00744896 0.01151946
v 0.01986700 -0.00738422 0.01136057
v 0.01986700 -0.00767985 0.01121430
v 0.02016570 -0.00762591 0.01118656
v 0.02044365 -0.00757412 0.01116008
v 0.02112817 -0.00744464 0.01109450
v 0.02151814 -0.00734970 0.01105668
v 0.02196618 -0.00738422 0.01093184
v 0.02236859 -0.00693538 0.01106424
v 0.02280420 -0.00696343 0.01094319
v 0.02320661 -0.00697206 0.01083222
v 0.02364636 -0.00681669 0.01078178
v 0.02385794 -0.00675627 0.01075026
v 0.02364636 -0.00654480 0.01090914
v 0.02435991 -0.00638943 0.01077548
v 0.02532238 -0.00612400 0.01057750
v 0.02449267 -0.00653401 0.01066451
v 0.02490338 -0.00654480 0.01052580
v 0.02561279 -0.00638943 0.01035809
v 0.02589074 -0.00628585 0.01030891
v 0.02606498 -0.00600748 0.01037070
v 0.02618529 -0.00613911 0.01026604
v 0.02756677 -0.00798412 0.00818416
v 0.02786961 -0.00793017 0.00803536
v 0.02826373 -0.00773164 0.00803410
v 0.02574969 -0.00653616 0.01023199
v 0.02606083 -0.00683180 0.00995332
v 0.02572895 -0.00696775 0.01000376
v 0.02557960 -0.00720296 0.00992810
v 0.02490338 -0.00704759 0.01026226
v 0.02479552 -0.00766691 0.00995079
v 0.02445948 -0.00780501 0.00999115
v 0.02430183 -0.00802296 0.00991927
v 0.02517718 -0.00804022 0.00952332
v 0.02545929 -0.00797765 0.00945144
v 0.02658355 -0.00806612 0.00872512
v 0.02600690 -0.00803375 0.00909837
v 0.02509836 -0.00842865 0.00906306
v 0.02615210 -0.00813517 0.00887518
v 0.02655866 -0.00827975 0.00841113
v 0.02728466 -0.00804670 0.00828251
v 0.02742571 -0.00787838 0.00843005
v 0.02774930 -0.00807044 0.00790422
v 0.02786961 -0.00817617 0.00763563
v 0.02825958 -0.00807259 0.00749062
v 0.02968669 -0.00840923 0.00523220
v 0.02978626 -0.00846102 0.00495226
v 0.03035876 -0.00824523 0.00466602
v 0.03035876 -0.00810280 0.00506575
v 0.03059108 -0.00802728 0.00491191
v 0.02868273 -0.00863581 0.00592448
v 0.02855828 -0.00889260 0.00539991
v 0.02908930 -0.00876096 0.00508466
v 0.02940459 -0.00848260 0.00542765
v 0.02953319 -0.00854086 0.00508971
v 0.02848775 -0.00844160 0.00657136
v 0.02822639 -0.00848691 0.00673277
v 0.02864955 -0.00848691 0.00631286
v 0.02825958 -0.00865307 0.00634438
v 0.02804385 -0.00884944 0.00612750
v 0.02784057 -0.00838333 0.00729769
v 0.02762900 -0.00843296 0.00739100
v 0.02784057 -0.00848907 0.00708710
v 0.02784057 -0.00864660 0.00676429
v 0.03121752 -0.00772301 0.00467232
v 0.03152036 -0.00767122 0.00424611
v 0.03087319 -0.00794096 0.00466602
v 0.03095201 -0.00799059 0.00437851
v 0.03117603 -0.00789349 0.00424107
v 0.03386016 -0.00625779 0.00130802
v 0.03319639 -0.00685985 0.00214784
v 0.03322958 -0.00689438 0.00172793
v 0.03346605 -0.00670880 0.00130802
v 0.03210946 -0.00749643 0.00340630
v 0.03217999 -0.00754606 0.00298765
v 0.03271516 -0.00721591 0.00256774
v 0.03242475 -0.00744896 0.00255765
v 0.03226296 -0.00760433 0.00241138
v 0.03297237 -0.00706917 0.00214784
v 0.03179417 -0.00756764 0.00395104
v 0.03185225 -0.00761080 0.00367110
v 0.03387676 -0.00627722 0.00088811
v 0.03389335 -0.00629232 0.00046947
v 0.03389335 -0.00629232 0.00044551
v 0.01651080 -0.01250709 0.00044551
v 0.01692981 -0.01246825 0.00046947
v 0.01692981 -0.01244235 0.00088811
v 0.01692981 -0.01241430 0.00130802
v 0.01776782 -0.01232798 0.00130802
v 0.01861828 -0.01223303 0.00129919
v 0.01821172 -0.01223951 0.00175063
v 0.01836936 -0.01220714 0.00190447
v 0.01734881 -0.01213809 0.00340630
v 0.01860998 -0.01214888 0.00214784
v 0.01818683 -0.01209709 0.00298765
v 0.01860998 -0.01204530 0.00298765
v 0.01860998 -0.01198488 0.00340630
v 0.01776782 -0.01208846 0.00340630
v 0.01734881 -0.01191582 0.00466602
v 0.01818683 -0.01196330 0.00382620
v 0.01798769 -0.01179282 0.00488164
v 0.01731148 -0.01182519 0.00508845
v 0.01714553 -0.01179282 0.00529903
v 0.01734881 -0.01159861 0.00592448
v 0.01734881 -0.01147345 0.00634438
v 0.01734881 -0.01138929 0.00660162
v 0.01692981 -0.01133750 0.00688282
v 0.01692981 -0.01122313 0.00718294
v 0.01696714 -0.01103755 0.00764320
v 0.01734881 -0.01061892 0.00840105
v 0.01710819 -0.01052829 0.00864442
v 0.01734881 -0.01102029 0.00756249
v 0.01809141 -0.01096850 0.00743261
v 0.01821587 -0.01088650 0.00758393
v 0.01860998 -0.01081745 0.00760284
v 0.01858924 -0.01061461 0.00804545
v 0.01818683 -0.01068797 0.00802275
v 0.01818683 -0.01045060 0.00849058
v 0.01651080 -0.01045276 0.00892435
v 0.01695470 -0.01044413 0.00883609
v 0.01692981 -0.01007513 0.00943757
v 0.01734881 -0.01018518 0.00918286
v 0.01734881 -0.01004708 0.00939344
v 0.01659377 -0.01009671 0.00946910
v 0.01647761 -0.00998234 0.00966077
v 0.01692981 -0.00972339 0.00995584
v 0.01692981 -0.00956371 0.01016516
v 0.01734881 -0.00932418 0.01039214
v 0.01734881 -0.00914076 0.01060146
v 0.01692981 -0.00916881 0.01063677
v 0.01734881 -0.00893144 0.01082339
v 0.01692981 -0.00895949 0.01084735
v 0.01651080 -0.00871781 0.01108063
v 0.01692981 -0.00847181 0.01119286
v 0.01609179 -0.00854086 0.01123321
v 0.01566864 -0.00856891 0.01124961
v 0.01525378 -0.00858833 0.01126222
v 0.01441577 -0.00862286 0.01128491
v 0.01396772 -0.00867896 0.01126978
v 0.01399676 -0.00827544 0.01150306
v 0.01399676 -0.00806396 0.01161655
v 0.01399676 -0.00780286 0.01174013
v 0.01399676 -0.00741012 0.01192423
v 0.01460660 -0.00717275 0.01200872
v 0.01441577 -0.00780286 0.01172373
v 0.01444481 -0.00734970 0.01193432
v 0.01566864 -0.00709938 0.01198097
v 0.01525378 -0.00712743 0.01199232
v 0.01776782 -0.00756549 0.01157620
v 0.01738615 -0.00742522 0.01168464
v 0.01755209 -0.00759138 0.01158881
v 0.01692981 -0.00738422 0.01174643
v 0.01609179 -0.00738422 0.01182335
v 0.01651080 -0.00738422 0.01178552
v 0.01860998 -0.00780286 0.01134544
v 0.01904143 -0.00783738 0.01126600
v 0.01919078 -0.00800138 0.01116260
v 0.01944799 -0.00775107 0.01124961
v 0.01818683 -0.00780286 0.01140345
v 0.01776782 -0.00780286 0.01145893
v 0.01986700 -0.00788917 0.01110459
v 0.01944799 -0.00796038 0.01114242
v 0.02029845 -0.00778128 0.01107937
v 0.02116136 -0.00784386 0.01087509
v 0.02154718 -0.00775107 0.01083852
v 0.02196618 -0.00766043 0.01078809
v 0.02220680 -0.00760864 0.01075782
v 0.02280420 -0.00725690 0.01079313
v 0.02305311 -0.00719648 0.01076160
v 0.02364636 -0.00702601 0.01067334
v 0.02402388 -0.00692243 0.01061281
v 0.02448852 -0.00698501 0.01043753
v 0.02413589 -0.00666780 0.01070864
v 0.02490338 -0.00683827 0.01037574
v 0.02528920 -0.00653616 0.01039592
v 0.02540536 -0.00666995 0.01028495
v 0.02688225 -0.00847396 0.00787774
v 0.02742571 -0.00813733 0.00803536
v 0.02528920 -0.00692890 0.01018660
v 0.02462957 -0.00713606 0.01031017
v 0.02448852 -0.00736912 0.01022569
v 0.02406536 -0.00780286 0.01011977
v 0.02490338 -0.00809201 0.00958511
v 0.02366710 -0.00779854 0.01024839
v 0.02322320 -0.00794959 0.01029504
v 0.02406536 -0.00806828 0.00995836
v 0.02334351 -0.00840491 0.00987640
v 0.02364636 -0.00835312 0.00981461
v 0.02493657 -0.00832507 0.00927491
v 0.02532238 -0.00815675 0.00930013
v 0.02561693 -0.00846533 0.00870116
v 0.02616455 -0.00835959 0.00853471
v 0.02423961 -0.00842002 0.00947540
v 0.02408611 -0.00858833 0.00931400
v 0.02383304 -0.00884728 0.00906054
v 0.02450926 -0.00875665 0.00885374
v 0.02493657 -0.00858617 0.00889913
v 0.02490338 -0.00880412 0.00857128
v 0.02519378 -0.00888397 0.00828125
v 0.02533068 -0.00874154 0.00842879
v 0.02640102 -0.00844375 0.00825099
v 0.02667897 -0.00838765 0.00815642
v 0.02987338 -0.00850633 0.00466602
v 0.03008081 -0.00839628 0.00466602
v 0.02922205 -0.00881275 0.00473789
v 0.02947926 -0.00871996 0.00462567
v 0.03035876 -0.00836175 0.00428268
v 0.03049981 -0.00839628 0.00390691
v 0.03079851 -0.00812223 0.00424107
v 0.03066161 -0.00807044 0.00466602
v 0.03014303 -0.00843081 0.00444787
v 0.02816001 -0.00890339 0.00584756
v 0.02828447 -0.00896812 0.00552601
v 0.02795673 -0.00923570 0.00517293
v 0.02822639 -0.00915802 0.00505440
v 0.02869103 -0.00894223 0.00508466
v 0.02883623 -0.00882786 0.00522337
v 0.02894410 -0.00887533 0.00494469
v 0.02787791 -0.00880844 0.00637843
v 0.02741327 -0.00917960 0.00591691
v 0.02754602 -0.00923786 0.00562436
v 0.02782813 -0.00917528 0.00549196
v 0.02761655 -0.00884728 0.00654110
v 0.02776590 -0.00890554 0.00626242
v 0.02670801 -0.00924218 0.00647553
v 0.02684906 -0.00929613 0.00619559
v 0.02699426 -0.00934576 0.00591691
v 0.02717680 -0.00883865 0.00694209
v 0.02745475 -0.00879765 0.00678825
v 0.02701501 -0.00856028 0.00762176
v 0.02658355 -0.00875233 0.00759402
v 0.02672460 -0.00882786 0.00734056
v 0.02702330 -0.00877823 0.00719429
v 0.02689470 -0.00889691 0.00706062
v 0.03129219 -0.00794312 0.00382620
v 0.03136687 -0.00798628 0.00350465
v 0.03164067 -0.00771438 0.00381738
v 0.03108476 -0.00807044 0.00382620
v 0.03057449 -0.00843728 0.00362823
v 0.03366933 -0.00651890 0.00088811
v 0.03300970 -0.00710369 0.00172793
v 0.03325447 -0.00691596 0.00130802
v 0.03303460 -0.00712743 0.00130802
v 0.03348264 -0.00672822 0.00088811
v 0.03190203 -0.00764533 0.00340630
v 0.03197256 -0.00769280 0.00298765
v 0.03276079 -0.00725259 0.00214784
v 0.03249943 -0.00746191 0.00214784
v 0.03203894 -0.00780286 0.00214784
v 0.03229200 -0.00762375 0.00214784
v 0.03173194 -0.00794743 0.00256774
v 0.03178172 -0.00798196 0.00214784
v 0.03368177 -0.00652753 0.00046947
v 0.03369422 -0.00651459 0.00044551
v 0.01692981 -0.01246825 0.00044551
v 0.01734881 -0.01242725 0.00046947
v 0.01816608 -0.01234525 0.00044551
v 0.01860998 -0.01229777 0.00046947
v 0.01884645 -0.01221577 0.00115292
v 0.01876348 -0.01220282 0.00143286
v 0.01861828 -0.01219203 0.00175063
v 0.01848138 -0.01222009 0.00162453
v 0.01902899 -0.01213809 0.00172793
v 0.01902899 -0.01209061 0.00214784
v 0.01902899 -0.01198703 0.00298765
v 0.01902899 -0.01192445 0.00340630
v 0.01860998 -0.01190935 0.00382620
v 0.01846893 -0.01180145 0.00450713
v 0.01815364 -0.01181440 0.00465467
v 0.01860998 -0.01175398 0.00465467
v 0.01826980 -0.01177340 0.00478707
v 0.01860998 -0.01165256 0.00508592
v 0.01815364 -0.01172593 0.00504683
v 0.01860998 -0.01154035 0.00550583
v 0.01818683 -0.01148424 0.00592448
v 0.01874274 -0.01136124 0.00609597
v 0.01846478 -0.01138066 0.00616280
v 0.01818683 -0.01140008 0.00622081
v 0.01757284 -0.01137203 0.00656001
v 0.01860998 -0.01114761 0.00676429
v 0.01773463 -0.01128787 0.00672520
v 0.01734881 -0.01130945 0.00681095
v 0.01734881 -0.01116703 0.00718294
v 0.01734881 -0.01051103 0.00861037
v 0.01776782 -0.01048082 0.00855110
v 0.01734881 -0.01037508 0.00886130
v 0.01860998 -0.01092966 0.00733552
v 0.01902899 -0.01074840 0.00760284
v 0.01902899 -0.01059518 0.00793574
v 0.01858924 -0.01043118 0.00840735
v 0.01902899 -0.01048945 0.00814633
v 0.01860998 -0.01020892 0.00882221
v 0.01692981 -0.00989818 0.00970112
v 0.01776782 -0.01015497 0.00913620
v 0.01818683 -0.00977302 0.00961411
v 0.01776782 -0.00966513 0.00987009
v 0.01750231 -0.00968455 0.00989909
v 0.01722021 -0.00970397 0.00992810
v 0.01827395 -0.00925513 0.01030765
v 0.01776782 -0.00911055 0.01056363
v 0.01808726 -0.00887318 0.01077043
v 0.01776782 -0.00889907 0.01079565
v 0.01692981 -0.00868112 0.01105794
v 0.01735711 -0.00860991 0.01105794
v 0.01722021 -0.00844807 0.01117773
v 0.01692981 -0.00822365 0.01133031
v 0.01609179 -0.00822365 0.01141101
v 0.01566864 -0.00822365 0.01144254
v 0.01483477 -0.00823659 0.01148289
v 0.01441577 -0.00825817 0.01149424
v 0.01441577 -0.00804886 0.01160772
v 0.01525378 -0.00738422 0.01187631
v 0.01566864 -0.00738422 0.01185362
v 0.01522059 -0.00783738 0.01166573
v 0.01692981 -0.00765396 0.01161907
v 0.01738615 -0.00777696 0.01151567
v 0.01609179 -0.00773596 0.01165690
v 0.01566864 -0.00797980 0.01157368
v 0.01860998 -0.00807475 0.01120547
v 0.01944799 -0.00822365 0.01099615
v 0.01818683 -0.00834017 0.01111846
v 0.01818683 -0.00813086 0.01123447
v 0.01776782 -0.00818480 0.01126348
v 0.01986700 -0.00822365 0.01092427
v 0.02026941 -0.00824307 0.01083726
v 0.02070501 -0.00813086 0.01081205
v 0.02104520 -0.00806612 0.01077800
v 0.02132730 -0.00801001 0.01074773
v 0.02299503 -0.00800354 0.01032531
v 0.02248890 -0.00754175 0.01072251
v 0.02154718 -0.00796254 0.01071999
v 0.02280420 -0.00746622 0.01068216
v 0.02320661 -0.00735401 0.01063046
v 0.02322320 -0.00773812 0.01041357
v 0.02435162 -0.00721806 0.01035431
v 0.02655866 -0.00852144 0.00801897
v 0.02625996 -0.00881060 0.00772894
v 0.02408611 -0.00830133 0.00968725
v 0.02354264 -0.00765612 0.01036440
v 0.02181683 -0.00845238 0.01034926
v 0.02306141 -0.00844807 0.00992810
v 0.02238519 -0.00875881 0.00978939
v 0.02321076 -0.00856460 0.00972256
v 0.02364636 -0.00852144 0.00960528
v 0.02395750 -0.00846965 0.00953719
v 0.02547588 -0.00883218 0.00819551
v 0.02616455 -0.00849123 0.00832413
v 0.02367125 -0.00875233 0.00927239
v 0.02322320 -0.00879765 0.00940983
v 0.02355094 -0.00888828 0.00912737
v 0.02337670 -0.00925728 0.00862550
v 0.02364636 -0.00921628 0.00856245
v 0.02394091 -0.00930044 0.00827873
v 0.02406536 -0.00894007 0.00879195
v 0.02438481 -0.00888828 0.00870873
v 0.02466276 -0.00884297 0.00863559
v 0.02450926 -0.00899402 0.00847418
v 0.02490338 -0.00893360 0.00836070
v 0.02422301 -0.00925513 0.00819929
v 0.02488263 -0.00914939 0.00799249
v 0.02533068 -0.00897028 0.00804293
v 0.02597786 -0.00886239 0.00782856
v 0.02613551 -0.00870486 0.00798997
v 0.02958298 -0.00877823 0.00424611
v 0.02908930 -0.00890554 0.00462567
v 0.02931332 -0.00885375 0.00445795
v 0.03022186 -0.00846965 0.00416793
v 0.02767878 -0.00928965 0.00534443
v 0.02782813 -0.00932202 0.00505440
v 0.02806460 -0.00927886 0.00489299
v 0.02868273 -0.00907386 0.00466602
v 0.02741327 -0.00933928 0.00549196
v 0.02733859 -0.00890554 0.00666341
v 0.02702330 -0.00897676 0.00678825
v 0.02657526 -0.00916881 0.00674790
v 0.02642591 -0.00929181 0.00659784
v 0.02616455 -0.00948171 0.00634438
v 0.02657526 -0.00934144 0.00633934
v 0.02658355 -0.00949465 0.00592448
v 0.02660015 -0.00963707 0.00552096
v 0.02700256 -0.00949250 0.00550583
v 0.02644665 -0.00887965 0.00744901
v 0.02658355 -0.00895302 0.00719429
v 0.03142080 -0.00802080 0.00322598
v 0.02990657 -0.00873507 0.00379846
v 0.02974062 -0.00885807 0.00363832
v 0.02999784 -0.00877823 0.00340630
v 0.03008495 -0.00881923 0.00298765
v 0.03013474 -0.00884512 0.00272915
v 0.03035876 -0.00867681 0.00298765
v 0.03033802 -0.00876744 0.00258035
v 0.03068650 -0.00850202 0.00298765
v 0.03089808 -0.00837902 0.00298765
v 0.03279813 -0.00728280 0.00172793
v 0.03282302 -0.00730438 0.00130802
v 0.03283961 -0.00731733 0.00088811
v 0.03304704 -0.00714038 0.00088811
v 0.03327107 -0.00692890 0.00088811
v 0.03349094 -0.00673901 0.00046947
v 0.03328351 -0.00693969 0.00046947
v 0.03166556 -0.00790428 0.00298765
v 0.03253677 -0.00749212 0.00172793
v 0.03200160 -0.00788486 0.00171027
v 0.03181076 -0.00800138 0.00183889
v 0.03232519 -0.00765180 0.00172793
v 0.03145814 -0.00804454 0.00298765
v 0.03152036 -0.00808554 0.00256774
v 0.03157015 -0.00812007 0.00214784
v 0.03349094 -0.00673685 0.00044551
v 0.01734881 -0.01242725 0.00044551
v 0.01858509 -0.01229993 0.00044551
v 0.01910781 -0.01223303 0.00044551
v 0.01904973 -0.01223951 0.00047829
v 0.01900410 -0.01218124 0.00129919
v 0.01920738 -0.01220714 0.00062331
v 0.01944799 -0.01211867 0.00130802
v 0.01944799 -0.01207982 0.00172793
v 0.01986700 -0.01196977 0.00214784
v 0.01986700 -0.01186187 0.00298765
v 0.02010347 -0.01179498 0.00321967
v 0.01944799 -0.01180793 0.00370137
v 0.01904973 -0.01184030 0.00385268
v 0.01875103 -0.01178203 0.00440752
v 0.01902899 -0.01168924 0.00466602
v 0.01902899 -0.01158998 0.00508592
v 0.01860583 -0.01142166 0.00594339
v 0.01902899 -0.01123177 0.00634438
v 0.01860583 -0.01130729 0.00632043
v 0.01902899 -0.01147561 0.00550583
v 0.01902899 -0.01133750 0.00601149
v 0.02028601 -0.01115192 0.00592448
v 0.01986700 -0.01108934 0.00634438
v 0.01785079 -0.01135261 0.00650201
v 0.01818683 -0.01132887 0.00643139
v 0.01902899 -0.01107856 0.00676429
v 0.01902899 -0.01089513 0.00724599
v 0.01837351 -0.01010750 0.00906432
v 0.02028601 -0.01057576 0.00748936
v 0.01983796 -0.01059950 0.00761672
v 0.01967617 -0.01053476 0.00781973
v 0.01944799 -0.01055634 0.00786009
v 0.01983796 -0.01042255 0.00798492
v 0.01994997 -0.01009023 0.00860659
v 0.01902899 -0.01033839 0.00844140
v 0.01902899 -0.01017223 0.00875917
v 0.01944799 -0.01013555 0.00869233
v 0.01860998 -0.01008808 0.00903280
v 0.01860998 -0.00974065 0.00956367
v 0.01818683 -0.00963276 0.00982343
v 0.01860998 -0.00939107 0.01006428
v 0.01815364 -0.00939539 0.01014877
v 0.01860998 -0.00922707 0.01027487
v 0.01860998 -0.00901776 0.01050941
v 0.01902899 -0.00897891 0.01046780
v 0.01836521 -0.00884512 0.01074395
v 0.01986700 -0.00847396 0.01078052
v 0.01944799 -0.00852144 0.01081457
v 0.01821172 -0.00868112 0.01088897
v 0.01776782 -0.00864228 0.01098354
v 0.01749816 -0.00842217 0.01116386
v 0.01735711 -0.00825817 0.01126852
v 0.01692981 -0.00786328 0.01151693
v 0.01609179 -0.00794528 0.01155729
v 0.01522059 -0.00818265 0.01149045
v 0.01533260 -0.00799922 0.01158250
v 0.02011592 -0.00844375 0.01075782
v 0.01776782 -0.00839412 0.01114747
v 0.02039387 -0.00839628 0.01072756
v 0.02070501 -0.00834017 0.01069225
v 0.02116136 -0.00821286 0.01066451
v 0.02154718 -0.00822365 0.01056363
v 0.02574139 -0.00905876 0.00760284
v 0.02596956 -0.00927886 0.00698496
v 0.02154718 -0.00848691 0.01038457
v 0.02043121 -0.00883649 0.01031270
v 0.02157622 -0.00872428 0.01010085
v 0.02173386 -0.00884728 0.00990414
v 0.02196618 -0.00881707 0.00986505
v 0.02195789 -0.00858402 0.01014625
v 0.02238519 -0.00854733 0.01004411
v 0.02280420 -0.00848691 0.00997223
v 0.02238519 -0.00891633 0.00957880
v 0.02267974 -0.00887533 0.00952332
v 0.02281249 -0.00871781 0.00967842
v 0.02295769 -0.00883649 0.00946658
v 0.02322320 -0.00893576 0.00919925
v 0.02323150 -0.00916234 0.00884113
v 0.02364636 -0.00934360 0.00835187
v 0.02280420 -0.00933713 0.00875286
v 0.02196618 -0.00966081 0.00859398
v 0.02238519 -0.00960471 0.00849436
v 0.02364636 -0.00951839 0.00802275
v 0.02407366 -0.00938028 0.00804419
v 0.02448437 -0.00932202 0.00790926
v 0.02500709 -0.00924002 0.00774660
v 0.02534313 -0.00919686 0.00760411
v 0.02967010 -0.00882354 0.00391825
v 0.02937140 -0.00888397 0.00424611
v 0.02910174 -0.00900697 0.00424611
v 0.02674950 -0.00967807 0.00524355
v 0.02699841 -0.00962629 0.00509601
v 0.02713531 -0.00966513 0.00477572
v 0.02784057 -0.00942776 0.00466602
v 0.02784057 -0.00954428 0.00424611
v 0.02828032 -0.00936302 0.00425494
v 0.02852509 -0.00929613 0.00412127
v 0.02834670 -0.00922060 0.00466602
v 0.02867029 -0.00919470 0.00425494
v 0.02613136 -0.00932849 0.00674790
v 0.02574139 -0.00945581 0.00676429
v 0.02531824 -0.00960471 0.00675294
v 0.02545514 -0.00966728 0.00648814
v 0.02561693 -0.00972123 0.00620820
v 0.02633049 -0.00967807 0.00567102
v 0.03120092 -0.00819991 0.00298765
v 0.02979041 -0.00888181 0.00340630
v 0.02952490 -0.00892497 0.00379846
v 0.02952075 -0.00901344 0.00340630
v 0.02987338 -0.00892497 0.00298765
v 0.02952075 -0.00909976 0.00298765
v 0.02928843 -0.00926376 0.00271654
v 0.02997294 -0.00895086 0.00258035
v 0.03018037 -0.00886886 0.00244921
v 0.03043344 -0.00878470 0.00214784
v 0.03079851 -0.00852144 0.00253622
v 0.03095201 -0.00841138 0.00265601
v 0.03256581 -0.00751370 0.00130802
v 0.03258655 -0.00752664 0.00088811
v 0.03259899 -0.00753528 0.00046947
v 0.03283546 -0.00733891 0.00044551
v 0.03305949 -0.00714901 0.00046947
v 0.03329181 -0.00692890 0.00044551
v 0.03305949 -0.00714901 0.00044551
v 0.03326692 -0.00695264 0.00044551
v 0.03235838 -0.00767554 0.00130802
v 0.03206383 -0.00788486 0.00130802
v 0.03183566 -0.00801865 0.00155896
v 0.03164897 -0.00812223 0.00171027
v 0.03115944 -0.00830996 0.00253622
v 0.03099349 -0.00843728 0.00237607
v 0.03122996 -0.00832938 0.00214784
v 0.03127975 -0.00835744 0.00172793
v 0.01939821 -0.01219419 0.00044551
v 0.02028601 -0.01206688 0.00046947
v 0.02028601 -0.01199782 0.00130802
v 0.01986700 -0.01201940 0.00172793
v 0.02028601 -0.01190719 0.00214784
v 0.02026112 -0.01180793 0.00294730
v 0.02038143 -0.01177340 0.00306079
v 0.02026112 -0.01174103 0.00337855
v 0.01993753 -0.01176909 0.00349961
v 0.01904973 -0.01176477 0.00425872
v 0.02028601 -0.01165256 0.00382620
v 0.01892527 -0.01180793 0.00412758
v 0.01944799 -0.01170435 0.00424611
v 0.02028601 -0.01157056 0.00424611
v 0.02028601 -0.01148640 0.00466602
v 0.02028601 -0.01140656 0.00500144
v 0.01989604 -0.01143893 0.00511997
v 0.02055152 -0.01138282 0.00491569
v 0.02070501 -0.01107208 0.00592448
v 0.02094978 -0.01095771 0.00615398
v 0.02070501 -0.01098361 0.00622081
v 0.02027356 -0.01101382 0.00636078
v 0.01941895 -0.01100734 0.00677438
v 0.01953926 -0.01093182 0.00691939
v 0.02012421 -0.01095987 0.00657641
v 0.01986700 -0.01077429 0.00718294
v 0.01860998 -0.00992623 0.00928121
v 0.02028601 -0.01069876 0.00718294
v 0.02057641 -0.01054771 0.00742883
v 0.02028601 -0.01047866 0.00769994
v 0.02028601 -0.01031897 0.00802275
v 0.02028601 -0.01016360 0.00833421
v 0.02028601 -0.01005787 0.00854354
v 0.02028601 -0.00987444 0.00886130
v 0.01983381 -0.00998450 0.00882221
v 0.01902899 -0.01005139 0.00896975
v 0.01944799 -0.00980108 0.00923834
v 0.01920738 -0.00968671 0.00948297
v 0.01892527 -0.00971260 0.00952206
v 0.01860998 -0.00960039 0.00977300
v 0.01902899 -0.00935439 0.01001636
v 0.01902899 -0.00918823 0.01022695
v 0.01944799 -0.00893791 0.01042618
v 0.01860998 -0.00881923 0.01071999
v 0.01944799 -0.00873075 0.01063551
v 0.02027356 -0.00864012 0.01053841
v 0.02070501 -0.00859265 0.01048293
v 0.01986700 -0.00868328 0.01059137
v 0.02521867 -0.00930907 0.00746666
v 0.02534313 -0.00939107 0.00720942
v 0.02574139 -0.00931986 0.00706819
v 0.02499880 -0.00965650 0.00688535
v 0.02014910 -0.00886886 0.01034926
v 0.02029016 -0.00899833 0.01015255
v 0.02070501 -0.00897244 0.01006176
v 0.02145591 -0.00888181 0.00994701
v 0.02028601 -0.00923139 0.00985244
v 0.02070501 -0.00918176 0.00978434
v 0.02157622 -0.00900697 0.00973895
v 0.02196618 -0.00897244 0.00965572
v 0.02196618 -0.00918176 0.00935057
v 0.02236859 -0.00914076 0.00925095
v 0.02249720 -0.00924649 0.00903028
v 0.02259677 -0.00969318 0.00823207
v 0.02287472 -0.00965650 0.00815894
v 0.02236859 -0.00937813 0.00887896
v 0.02196618 -0.00977086 0.00838339
v 0.02238519 -0.00971907 0.00828504
v 0.02196618 -0.00949465 0.00886130
v 0.02173801 -0.00968886 0.00864442
v 0.02342233 -0.00968886 0.00780460
v 0.02364636 -0.00976008 0.00753097
v 0.02393676 -0.00971907 0.00744522
v 0.02407366 -0.00960471 0.00759276
v 0.02421886 -0.00967592 0.00735821
v 0.02448437 -0.00947307 0.00760284
v 0.02448437 -0.00963492 0.00727373
v 0.02487849 -0.00957234 0.00715015
v 0.02910174 -0.00911486 0.00382620
v 0.02658355 -0.00989387 0.00466602
v 0.02685736 -0.00971692 0.00496361
v 0.02574139 -0.00992839 0.00550583
v 0.02548003 -0.01009671 0.00523724
v 0.02616455 -0.00991544 0.00508592
v 0.02615210 -0.01004060 0.00465971
v 0.02723903 -0.00970397 0.00449578
v 0.02754188 -0.00965865 0.00424611
v 0.02762070 -0.00968886 0.00401787
v 0.02784057 -0.00963923 0.00385773
v 0.02825958 -0.00947739 0.00382620
v 0.02860806 -0.00933065 0.00382620
v 0.02881549 -0.00924002 0.00382620
v 0.02517718 -0.00971260 0.00660667
v 0.02574969 -0.00977734 0.00593583
v 0.02604839 -0.00972555 0.00580216
v 0.02532238 -0.00992408 0.00592448
v 0.02506517 -0.01009887 0.00566850
v 0.02908930 -0.00920765 0.00343152
v 0.02922620 -0.00923786 0.00298765
v 0.02913078 -0.00935439 0.00257279
v 0.02933821 -0.00928534 0.00243660
v 0.02949586 -0.00918607 0.00257279
v 0.02868273 -0.00947307 0.00298765
v 0.02831766 -0.00962844 0.00298765
v 0.02868273 -0.00954644 0.00256774
v 0.03022601 -0.00889044 0.00214784
v 0.03027994 -0.00891849 0.00172793
v 0.03049152 -0.00881060 0.00172793
v 0.03077777 -0.00859265 0.00214784
v 0.03237497 -0.00769064 0.00088811
v 0.03238742 -0.00770143 0.00046947
v 0.03239986 -0.00769280 0.00044551
v 0.03259899 -0.00753528 0.00044551
v 0.03208457 -0.00789996 0.00088811
v 0.03185225 -0.00803159 0.00130802
v 0.03187714 -0.00804670 0.00088811
v 0.03161993 -0.00818696 0.00130802
v 0.03102253 -0.00845238 0.00214784
v 0.03077777 -0.00864875 0.00172793
v 0.03110966 -0.00850202 0.00130802
v 0.03131708 -0.00837902 0.00130802
v 0.02028601 -0.01206688 0.00044551
v 0.02068427 -0.01200645 0.00044551
v 0.02070501 -0.01200214 0.00046947
v 0.02070501 -0.01192877 0.00130802
v 0.02028601 -0.01195682 0.00172793
v 0.02070501 -0.01188777 0.00172793
v 0.02072576 -0.01183166 0.00215792
v 0.02057641 -0.01180577 0.00256774
v 0.02066768 -0.01173887 0.00294730
v 0.02112817 -0.01164824 0.00298765
v 0.02070501 -0.01165903 0.00340630
v 0.02070501 -0.01157919 0.00382620
v 0.02070501 -0.01149719 0.00424611
v 0.02069672 -0.01141303 0.00466476
v 0.02070501 -0.01118861 0.00550583
v 0.02083362 -0.01135477 0.00480346
v 0.02154718 -0.01124687 0.00466602
v 0.02196618 -0.01116271 0.00466602
v 0.02196618 -0.01105482 0.00508592
v 0.02154718 -0.01113898 0.00508592
v 0.02110328 -0.01099440 0.00592069
v 0.02123188 -0.01092966 0.00605814
v 0.02196618 -0.01067287 0.00634438
v 0.02154718 -0.01076134 0.00634438
v 0.02040217 -0.01093398 0.00651083
v 0.02112817 -0.01069013 0.00676429
v 0.02071331 -0.01060813 0.00720564
v 0.02027356 -0.01087355 0.00673529
v 0.02085436 -0.01051966 0.00735948
v 0.02112817 -0.01034703 0.00760284
v 0.02071331 -0.01044629 0.00758267
v 0.02072161 -0.01021539 0.00805302
v 0.02059300 -0.01013339 0.00827369
v 0.02072161 -0.01002766 0.00842501
v 0.02067597 -0.00978381 0.00887770
v 0.02051418 -0.00969534 0.00907693
v 0.02028601 -0.00971907 0.00911350
v 0.01986700 -0.00976008 0.00917781
v 0.01944799 -0.00966513 0.00944766
v 0.01944799 -0.00949681 0.00970112
v 0.01904973 -0.00958528 0.00967716
v 0.01973425 -0.00928749 0.00992936
v 0.01987115 -0.00913212 0.01009076
v 0.01986700 -0.00889691 0.01038079
v 0.02471669 -0.00969965 0.00698875
v 0.02487849 -0.00974497 0.00675294
v 0.02001220 -0.00925944 0.00989405
v 0.02028601 -0.00937381 0.00964311
v 0.02070501 -0.00932849 0.00957502
v 0.02100786 -0.00929397 0.00952332
v 0.02154718 -0.00923355 0.00942875
v 0.02114062 -0.00915370 0.00967842
v 0.02221925 -0.00928534 0.00908954
v 0.02238519 -0.00985286 0.00802275
v 0.02196618 -0.00995429 0.00802275
v 0.02158451 -0.01004492 0.00801645
v 0.02157622 -0.00980971 0.00847923
v 0.02154718 -0.00936734 0.00921942
v 0.02112817 -0.00962629 0.00896723
v 0.02079213 -0.00966513 0.00902775
v 0.02259262 -0.01011181 0.00739100
v 0.02364636 -0.00992408 0.00718294
v 0.02407366 -0.00979244 0.00720437
v 0.02887772 -0.00926591 0.00358788
v 0.02628485 -0.01008376 0.00433690
v 0.02655036 -0.01002550 0.00421711
v 0.02700256 -0.00985934 0.00424611
v 0.02699841 -0.00975144 0.00464710
v 0.02533483 -0.01005787 0.00551844
v 0.02560449 -0.01013555 0.00495730
v 0.02520208 -0.01013987 0.00538856
v 0.02532238 -0.01030387 0.00466602
v 0.02574139 -0.01017439 0.00465971
v 0.02600275 -0.01012908 0.00451470
v 0.02745890 -0.00978165 0.00385773
v 0.02769952 -0.00971692 0.00373793
v 0.02700256 -0.00995644 0.00382620
v 0.02797748 -0.00966513 0.00348195
v 0.02822224 -0.00958960 0.00336847
v 0.02871592 -0.00936734 0.00343152
v 0.02448437 -0.00985718 0.00676429
v 0.02490338 -0.00989387 0.00634438
v 0.02491582 -0.01004923 0.00592574
v 0.02478722 -0.01013771 0.00578703
v 0.02406536 -0.01029524 0.00592448
v 0.02371688 -0.01049808 0.00559410
v 0.02403218 -0.01044629 0.00547431
v 0.02448437 -0.01031034 0.00550583
v 0.02894410 -0.00929613 0.00330794
v 0.02910174 -0.00942776 0.00214784
v 0.02937970 -0.00930476 0.00214784
v 0.02958712 -0.00920334 0.00214784
v 0.02993976 -0.00903070 0.00214784
v 0.02910174 -0.00948386 0.00172793
v 0.02840478 -0.00966297 0.00256774
v 0.02805215 -0.00969318 0.00320202
v 0.02810608 -0.00971476 0.00298765
v 0.02819320 -0.00975144 0.00256774
v 0.02845041 -0.00968239 0.00229033
v 0.02849605 -0.00970181 0.00201165
v 0.02964521 -0.00923139 0.00172793
v 0.02993976 -0.00908681 0.00172793
v 0.03032557 -0.00894223 0.00130802
v 0.02993976 -0.00913428 0.00130802
v 0.03053300 -0.00883433 0.00130802
v 0.03210117 -0.00791291 0.00046947
v 0.03237082 -0.00771438 0.00044551
v 0.03161993 -0.00821933 0.00088811
v 0.03161993 -0.00824523 0.00046947
v 0.03190618 -0.00805101 0.00044551
v 0.03134612 -0.00839628 0.00088811
v 0.03077777 -0.00869407 0.00130802
v 0.03055789 -0.00884728 0.00101043
v 0.03113869 -0.00851928 0.00088811
v 0.02112817 -0.01192877 0.00046947
v 0.02112817 -0.01192877 0.00044551
v 0.02112817 -0.01185324 0.00130802
v 0.02134804 -0.01179282 0.00153878
v 0.02112402 -0.01181656 0.00169893
v 0.02098297 -0.01180361 0.00202552
v 0.02154718 -0.01168493 0.00214784
v 0.02196618 -0.01149287 0.00298765
v 0.02112817 -0.01158135 0.00340630
v 0.02112817 -0.01149935 0.00382620
v 0.02169653 -0.01136124 0.00398130
v 0.02113232 -0.01141519 0.00425115
v 0.02099541 -0.01138714 0.00452353
v 0.02196618 -0.01125550 0.00424611
v 0.02238519 -0.01116703 0.00424611
v 0.02238519 -0.01107208 0.00466602
v 0.02234370 -0.01097929 0.00505692
v 0.02217776 -0.01095124 0.00529651
v 0.02196618 -0.01091455 0.00558401
v 0.02155962 -0.01101382 0.00552601
v 0.02155962 -0.01090161 0.00592069
v 0.02196618 -0.01081529 0.00592448
v 0.02238519 -0.01072034 0.00592448
v 0.02235615 -0.01058439 0.00633934
v 0.02219435 -0.01053692 0.00656758
v 0.02196618 -0.01056282 0.00663441
v 0.02153473 -0.01059950 0.00677816
v 0.02112817 -0.01057145 0.00707575
v 0.02196618 -0.01048297 0.00684373
v 0.02196618 -0.01034918 0.00718294
v 0.02196618 -0.01018950 0.00754988
v 0.02158451 -0.01022834 0.00764320
v 0.02146835 -0.01014202 0.00787143
v 0.02087096 -0.01010318 0.00821316
v 0.02112817 -0.01007513 0.00815642
v 0.02067597 -0.00955292 0.00924338
v 0.02028601 -0.00958313 0.00932282
v 0.01986700 -0.00962413 0.00938713
v 0.01987115 -0.00939539 0.00973264
v 0.02364636 -0.01006434 0.00685130
v 0.02402803 -0.01000608 0.00672772
v 0.02196618 -0.01008592 0.00775921
v 0.02231052 -0.01014850 0.00746540
v 0.02242668 -0.01022187 0.00722329
v 0.02280420 -0.01017223 0.00711611
v 0.02338500 -0.01009887 0.00693957
v 0.02638857 -0.01011613 0.00405696
v 0.02574139 -0.01028013 0.00424611
v 0.02615210 -0.01015497 0.00421711
v 0.02667067 -0.01007297 0.00382620
v 0.02490338 -0.01031034 0.00508592
v 0.02471254 -0.01053692 0.00447309
v 0.02487019 -0.01044629 0.00463449
v 0.02532238 -0.01041176 0.00424611
v 0.02742157 -0.00988739 0.00340630
v 0.02784057 -0.00981618 0.00298765
v 0.02675779 -0.01010102 0.00355887
v 0.02683662 -0.01012908 0.00327894
v 0.02447193 -0.01002766 0.00632799
v 0.02386623 -0.01011613 0.00656380
v 0.02402803 -0.01015713 0.00632799
v 0.02364636 -0.01025855 0.00634438
v 0.02360487 -0.01043334 0.00588539
v 0.02387453 -0.01053692 0.00531416
v 0.02343893 -0.01053261 0.00571768
v 0.02360487 -0.01056066 0.00547431
v 0.02854168 -0.00972123 0.00172793
v 0.02943778 -0.00933281 0.00172793
v 0.02880719 -0.00965650 0.00130802
v 0.02910174 -0.00953134 0.00130802
v 0.02784057 -0.00988739 0.00256774
v 0.02784057 -0.00994566 0.00214784
v 0.02825958 -0.00983776 0.00172793
v 0.02969499 -0.00925513 0.00130802
v 0.03039610 -0.00894007 0.00087803
v 0.02971988 -0.00926807 0.00102430
v 0.03210117 -0.00791291 0.00044551
v 0.03137101 -0.00840923 0.00046947
v 0.03161993 -0.00824523 0.00044551
v 0.03035876 -0.00898755 0.00046947
v 0.03059108 -0.00886454 0.00046947
v 0.03079851 -0.00874370 0.00046947
v 0.02154718 -0.01185109 0.00046947
v 0.02196618 -0.01170219 0.00130802
v 0.02154718 -0.01185109 0.00044551
v 0.02150984 -0.01174751 0.00169893
v 0.02196618 -0.01166119 0.00172793
v 0.02196618 -0.01160724 0.00214784
v 0.02238519 -0.01152093 0.00214784
v 0.02238934 -0.01140656 0.00296747
v 0.02225244 -0.01138929 0.00328398
v 0.02154718 -0.01150150 0.00340630
v 0.02155132 -0.01133535 0.00425115
v 0.02211968 -0.01136124 0.00356266
v 0.02322320 -0.01114113 0.00340630
v 0.02280420 -0.01106992 0.00424611
v 0.02333521 -0.01092750 0.00434068
v 0.02305311 -0.01095987 0.00449200
v 0.02277930 -0.01098577 0.00464584
v 0.02262166 -0.01095771 0.00489804
v 0.02234370 -0.01086492 0.00546422
v 0.02280420 -0.01074408 0.00550583
v 0.02282079 -0.01060813 0.00594591
v 0.02268804 -0.01055634 0.00619685
v 0.02247646 -0.01050239 0.00647679
v 0.02235615 -0.01043550 0.00673025
v 0.02616455 -0.01023697 0.00382620
v 0.02574139 -0.01037076 0.00382620
v 0.02429354 -0.01053692 0.00489426
v 0.02457149 -0.01049808 0.00475302
v 0.02448437 -0.01064913 0.00424611
v 0.02509836 -0.01052829 0.00401787
v 0.02501124 -0.01050239 0.00424611
v 0.02406536 -0.01066424 0.00466602
v 0.02406536 -0.01076350 0.00424611
v 0.02533068 -0.01049160 0.00385773
v 0.02718925 -0.01010318 0.00271780
v 0.02691544 -0.01015713 0.00298765
v 0.02660430 -0.01017871 0.00341386
v 0.02658355 -0.01026718 0.00298765
v 0.02556715 -0.01054339 0.00325119
v 0.02297014 -0.01051966 0.00610102
v 0.02364636 -0.01077429 0.00466602
v 0.02322320 -0.01076134 0.00508592
v 0.02859561 -0.00974497 0.00130802
v 0.02825958 -0.00988523 0.00130802
v 0.02948341 -0.00935655 0.00130802
v 0.02887772 -0.00968671 0.00059935
v 0.02910174 -0.00956586 0.00088811
v 0.02703160 -0.01018087 0.00257405
v 0.02729711 -0.01014418 0.00214784
v 0.02758751 -0.01009671 0.00172793
v 0.02784057 -0.01000176 0.00172793
v 0.02762900 -0.01011181 0.00150473
v 0.02781983 -0.01005571 0.00134207
v 0.02996880 -0.00918391 0.00046947
v 0.02952075 -0.00940618 0.00046947
v 0.02976137 -0.00928749 0.00046947
v 0.03060353 -0.00885807 0.00044551
v 0.03113869 -0.00854517 0.00044551
v 0.03137101 -0.00840923 0.00044551
v 0.03033802 -0.00899833 0.00044551
v 0.03035876 -0.00898755 0.00044551
v 0.02182513 -0.01179930 0.00044551
v 0.02181269 -0.01180145 0.00046947
v 0.02202011 -0.01176261 0.00046947
v 0.02238519 -0.01169356 0.00046947
v 0.02238519 -0.01161803 0.00130802
v 0.02238519 -0.01157272 0.00172793
v 0.02307385 -0.01138498 0.00202804
v 0.02253039 -0.01135692 0.00309357
v 0.02364636 -0.01111740 0.00298765
v 0.02197448 -0.01141735 0.00341638
v 0.02368370 -0.01102461 0.00344665
v 0.02345552 -0.01095555 0.00406075
v 0.02322320 -0.01105698 0.00382620
v 0.02361317 -0.01088650 0.00421837
v 0.02320661 -0.01088434 0.00464584
v 0.02289961 -0.01092534 0.00477194
v 0.02277930 -0.01087571 0.00505692
v 0.02547588 -0.01051534 0.00353113
v 0.02448437 -0.01073545 0.00382620
v 0.02490338 -0.01070524 0.00340630
v 0.02519378 -0.01055634 0.00373793
v 0.02533068 -0.01058439 0.00339747
v 0.02406536 -0.01084982 0.00382620
v 0.02376252 -0.01092966 0.00382620
v 0.02384964 -0.01095124 0.00361310
v 0.02658355 -0.01033624 0.00256774
v 0.02616455 -0.01040097 0.00298765
v 0.02592393 -0.01052397 0.00271528
v 0.02532238 -0.01066424 0.00298765
v 0.02564183 -0.01056713 0.00298765
v 0.02585340 -0.01050024 0.00298765
v 0.02825958 -0.00995429 0.00046947
v 0.02791110 -0.01006002 0.00088811
v 0.02796088 -0.01007729 0.00046947
v 0.02873667 -0.00975576 0.00044551
v 0.02904366 -0.00962629 0.00044551
v 0.02906440 -0.00961550 0.00046316
v 0.02658355 -0.01039450 0.00214784
v 0.02700256 -0.01030818 0.00172793
v 0.02742157 -0.01024129 0.00088811
v 0.02770367 -0.01013771 0.00088811
v 0.02700256 -0.01035566 0.00130802
v 0.02774930 -0.01015713 0.00046947
v 0.02996880 -0.00918391 0.00044551
v 0.02952075 -0.00940618 0.00044551
v 0.02976137 -0.00928749 0.00044551
v 0.02236445 -0.01169787 0.00044551
v 0.02238519 -0.01169356 0.00044551
v 0.02280420 -0.01160508 0.00046947
v 0.02342648 -0.01136987 0.00149465
v 0.02336840 -0.01135692 0.00172793
v 0.02321905 -0.01133319 0.00216045
v 0.02322320 -0.01127492 0.00256774
v 0.02364636 -0.01123608 0.00214784
v 0.02322320 -0.01121450 0.00298765
v 0.02364636 -0.01117782 0.00256774
v 0.02406536 -0.01107208 0.00256774
v 0.02408196 -0.01100519 0.00298891
v 0.02395335 -0.01097929 0.00333316
v 0.02423546 -0.01094045 0.00313014
v 0.02490338 -0.01078292 0.00298765
v 0.02625996 -0.01049808 0.00214784
v 0.02655036 -0.01046571 0.00171154
v 0.02532238 -0.01072897 0.00256774
v 0.02576628 -0.01059303 0.00257153
v 0.02574139 -0.01065992 0.00214784
v 0.02825958 -0.00995429 0.00044551
v 0.02776175 -0.01015281 0.00044551
v 0.02796088 -0.01007729 0.00044551
v 0.02742157 -0.01027581 0.00046947
v 0.02663749 -0.01048082 0.00130802
v 0.02648399 -0.01057145 0.00088811
v 0.02653792 -0.01058871 0.00046947
v 0.02700256 -0.01042471 0.00046947
v 0.02773271 -0.01016360 0.00044551
v 0.02280420 -0.01160508 0.00044551
v 0.02320246 -0.01151229 0.00044551
v 0.02365466 -0.01140656 0.00044551
v 0.02362562 -0.01133750 0.00133702
v 0.02406536 -0.01123392 0.00130802
v 0.02364636 -0.01129219 0.00172793
v 0.02406536 -0.01113035 0.00214784
v 0.02451341 -0.01100950 0.00216297
v 0.02490338 -0.01084766 0.00256774
v 0.02431843 -0.01096419 0.00285020
v 0.02618114 -0.01058224 0.00171154
v 0.02638857 -0.01053692 0.00156022
v 0.02532238 -0.01084550 0.00172793
v 0.02503198 -0.01092966 0.00172793
v 0.02574139 -0.01071603 0.00172793
v 0.02742157 -0.01027581 0.00044551
v 0.02698597 -0.01043118 0.00044551
v 0.02643006 -0.01054987 0.00130802
v 0.02616455 -0.01067503 0.00088811
v 0.02616455 -0.01071171 0.00046947
v 0.02651303 -0.01059734 0.00044551
v 0.02653792 -0.01058871 0.00044551
v 0.02402803 -0.01131808 0.00044551
v 0.02412759 -0.01129435 0.00044551
v 0.02406536 -0.01118645 0.00172793
v 0.02448437 -0.01120371 0.00046947
v 0.02448437 -0.01116487 0.00088811
v 0.02448437 -0.01112387 0.00130802
v 0.02509421 -0.01094692 0.00145934
v 0.02448437 -0.01107640 0.00172793
v 0.02489093 -0.01090808 0.00216297
v 0.02574139 -0.01076566 0.00130802
v 0.02616455 -0.01063403 0.00130802
v 0.02538876 -0.01091024 0.00088811
v 0.02574139 -0.01083903 0.00046947
v 0.02613965 -0.01072034 0.00044551
v 0.02448437 -0.01120371 0.00044551
v 0.02490338 -0.01108719 0.00046947
v 0.02490338 -0.01105050 0.00088811
v 0.02513985 -0.01095771 0.00118066
v 0.02529749 -0.01089945 0.00131559
v 0.02544684 -0.01092750 0.00046947
v 0.02518133 -0.01097066 0.00088811
v 0.02525186 -0.01098577 0.00044551
v 0.02490338 -0.01108719 0.00044551
f 173 174 98
f 98 174 99
f 367 368 266
f 629 486 623
f 742 743 622
f 622 627 739
f 739 740 622
f 368 367 483
f 484 627 622
f 622 623 484
f 368 486 487
f 371 268 267
f 268 182 267
f 1510 1384 1509
f 1385 1384 1510
f 504 379 502
f 858 988 859
f 987 988 858
f 23 53 54
f 54 55 23
f 23 55 56
f 61 62 23
f 23 60 61
f 61 60 62
f 23 58 59
f 59 60 23
f 123 59 58
f 60 59 123
f 622 740 741
f 741 742 622
f 493 368 492
f 493 494 368
f 625 484 624
f 368 484 485
f 485 484 623
f 485 486 368
f 485 623 486
f 624 484 495
f 368 494 495
f 495 484 368
f 266 368 369
f 369 487 371
f 368 487 369
f 52 53 23
f 108 52 107
f 266 267 181
f 181 267 182
f 182 107 181
f 271 186 185
f 1262 1384 1385
f 1258 1124 1262
f 1665 1509 1664
f 1665 1510 1509
f 1123 995 994
f 1654 1655 1509
f 1657 1658 1509
f 1509 1660 1661
f 1509 1658 1659
f 1659 1660 1509
f 1509 1652 1653
f 1814 1654 1653
f 1653 1654 1509
f 1651 1652 1509
f 1651 1812 1652
f 1798 1644 1643
f 1643 1642 1798
f 1643 1644 1509
f 1508 1384 1507
f 1642 1643 1508
f 1509 1384 1508
f 1508 1643 1509
f 379 503 380
f 380 277 379
f 381 503 506
f 281 380 381
f 381 380 503
f 505 503 379
f 379 504 505
f 506 503 505
f 505 504 502
f 505 381 506
f 502 501 505
f 382 381 505
f 505 632 635
f 276 277 194
f 379 277 276
f 379 275 378
f 378 275 377
f 502 379 378
f 378 377 502
f 373 372 498
f 736 737 622
f 738 623 622
f 622 737 738
f 499 375 374
f 374 373 499
f 499 373 498
f 275 188 274
f 274 272 374
f 374 375 274
f 735 858 859
f 859 860 735
f 622 743 735
f 735 736 622
f 860 736 735
f 281 381 282
f 172 173 98
f 15 17 6
f 17 15 38
f 38 15 37
f 6 19 16
f 16 19 39
f 43 41 98
f 22 21 51
f 23 62 63
f 57 58 23
f 23 56 57
f 57 56 58
f 118 56 55
f 125 126 60
f 492 368 491
f 368 490 491
f 368 483 488
f 627 484 626
f 484 625 626
f 370 267 266
f 266 369 370
f 371 267 370
f 370 369 371
f 183 107 182
f 183 108 107
f 52 108 109
f 109 185 186
f 53 112 113
f 270 269 271
f 271 185 270
f 1254 1257 1123
f 1254 1262 1257
f 1127 995 1123
f 1378 1262 1385
f 1258 1262 1378
f 1378 1379 1258
f 1507 1384 1383
f 1384 1262 1383
f 1128 1124 995
f 1128 1262 1124
f 995 1127 1128
f 1257 1262 1128
f 1123 1257 1128
f 1128 1127 1123
f 646 519 645
f 875 997 998
f 998 999 875
f 376 274 375
f 502 377 376
f 376 501 502
f 377 275 376
f 275 274 376
f 500 499 498
f 375 499 500
f 500 376 375
f 501 376 500
f 871 994 995
f 871 755 872
f 746 870 871
f 751 750 635
f 751 631 750
f 635 750 753
f 753 754 635
f 872 755 873
f 873 750 872
f 873 753 750
f 755 754 873
f 754 753 873
f 865 870 866
f 992 870 865
f 1509 1655 1656
f 1656 1657 1509
f 1509 1661 1662
f 1813 1653 1652
f 1652 1812 1813
f 1814 1653 1813
f 1648 1649 1509
f 1509 1644 1645
f 1645 1646 1509
f 1644 1646 1645
f 1253 1254 1118
f 990 1119 1121
f 1121 992 990
f 1798 1642 1797
f 634 505 501
f 382 505 507
f 278 275 379
f 379 276 278
f 194 275 278
f 278 276 194
f 193 275 194
f 193 192 275
f 190 275 191
f 275 192 191
f 189 275 190
f 189 188 275
f 748 750 749
f 750 631 749
f 749 630 748
f 497 631 632
f 498 372 497
f 748 630 628
f 628 745 746
f 866 870 867
f 867 870 746
f 272 274 273
f 273 274 188
f 2305 2306 2128
f 2128 2306 2307
f 861 735 743
f 862 735 861
f 989 858 864
f 858 735 864
f 1120 1116 989
f 1251 1116 1120
f 1501 1635 1507
f 1507 1635 1638
f 297 298 222
f 401 395 296
f 296 400 401
f 296 297 222
f 40 16 39
f 41 16 40
f 98 99 44
f 44 43 98
f 16 43 44
f 44 20 16
f 21 20 44
f 42 16 41
f 41 43 42
f 42 43 16
f 64 65 23
f 23 63 64
f 24 11 23
f 23 65 24
f 117 118 55
f 55 54 117
f 117 54 53
f 194 277 195
f 277 196 195
f 58 56 119
f 56 118 119
f 280 197 196
f 127 128 62
f 62 60 127
f 60 126 127
f 489 490 368
f 368 488 489
f 111 112 53
f 53 109 111
f 53 52 110
f 110 109 53
f 52 109 110
f 269 270 184
f 268 269 184
f 184 182 268
f 184 270 185
f 184 183 182
f 108 183 184
f 184 109 108
f 185 109 184
f 995 1124 1125
f 1124 1261 1125
f 1126 996 995
f 995 1125 1126
f 1126 1125 1261
f 998 997 1126
f 997 996 1126
f 1131 1261 1268
f 1264 1133 1130
f 1505 1378 1504
f 1379 1378 1505
f 1129 999 998
f 1129 1261 1131
f 998 1126 1129
f 1129 1126 1261
f 877 999 1000
f 876 999 877
f 876 875 999
f 874 871 995
f 755 871 874
f 995 996 874
f 874 996 997
f 997 875 874
f 1123 994 993
f 994 871 993
f 992 1121 993
f 993 870 992
f 993 871 870
f 746 871 869
f 869 750 748
f 872 750 869
f 869 871 872
f 637 755 638
f 637 754 755
f 635 632 752
f 752 751 635
f 632 631 752
f 631 751 752
f 990 992 991
f 992 865 991
f 1824 1659 1658
f 1826 1661 1660
f 1660 1659 1826
f 1647 1646 1649
f 1649 1648 1647
f 1509 1646 1647
f 1647 1648 1509
f 1799 1644 1798
f 1649 1646 1803
f 1119 1118 1122
f 1122 1121 1119
f 1123 993 1122
f 1122 993 1121
f 986 1116 1117
f 986 1117 987
f 987 858 986
f 986 858 989
f 989 1116 986
f 633 634 501
f 501 500 633
f 632 505 633
f 505 634 633
f 633 500 498
f 498 497 633
f 633 497 632
f 510 507 505
f 510 637 638
f 114 115 53
f 53 113 114
f 629 623 744
f 623 738 744
f 1632 1790 1635
f 2304 2128 2307
f 1958 1794 1957
f 2310 2130 2309
f 2130 2308 2309
f 863 735 862
f 863 864 735
f 1788 1630 1629
f 1634 1635 1500
f 1635 1501 1500
f 1251 1120 1256
f 1256 1376 1377
f 1497 1374 1496
f 1507 1383 1497
f 1497 1501 1507
f 1640 1638 1642
f 203 282 204
f 203 202 282
f 281 282 200
f 200 280 281
f 199 280 200
f 396 296 395
f 525 395 401
f 401 400 525
f 399 296 398
f 297 296 399
f 5 15 6
f 1 2 3
f 1 5 6
f 4 5 1
f 133 64 63
f 288 289 214
f 283 381 382
f 283 282 381
f 204 282 283
f 283 284 204
f 204 284 205
f 390 519 391
f 391 289 390
f 53 115 116
f 116 117 53
f 198 280 199
f 197 280 198
f 58 119 120
f 120 121 58
f 122 123 58
f 58 121 122
f 281 280 279
f 279 380 281
f 277 380 279
f 279 196 277
f 279 280 196
f 187 109 186
f 187 111 109
f 1259 1124 1258
f 1258 1379 1259
f 1379 1380 1259
f 1265 1130 1131
f 1265 1266 1130
f 1117 1116 1252
f 1252 1116 1251
f 1251 1373 1252
f 1379 1505 1506
f 1506 1505 1504
f 887 888 1008
f 764 888 887
f 877 879 758
f 1003 1130 1133
f 747 869 748
f 746 869 747
f 748 628 747
f 747 628 746
f 1658 1821 1822
f 1659 1824 1825
f 1825 1826 1659
f 1644 1799 1800
f 1800 1799 1968
f 3137 3136 3247
f 1255 1118 1254
f 1255 1122 1118
f 1255 1254 1123
f 1123 1122 1255
f 1901 2074 2075
f 635 754 636
f 636 505 635
f 636 510 505
f 754 637 636
f 637 510 636
f 746 745 868
f 868 867 746
f 2474 2305 2473
f 2473 2633 2474
f 2476 2308 2307
f 2476 2309 2308
f 2478 2476 2634
f 2475 2633 2635
f 2475 2476 2307
f 2634 2476 2475
f 2475 2474 2633
f 2305 2474 2475
f 2307 2306 2475
f 2475 2306 2305
f 2127 1958 1957
f 2128 1958 2127
f 1956 2124 1953
f 1957 1794 1954
f 1952 1954 1790
f 2122 1954 1952
f 1633 1635 1634
f 1633 1632 1635
f 1796 1797 1642
f 1798 1797 1796
f 1635 1790 1792
f 1792 1638 1635
f 1794 1958 2129
f 2129 2304 2307
f 2128 2304 2129
f 2129 1958 2128
f 2307 2308 2129
f 2129 2308 2130
f 1499 1629 1630
f 1499 1500 1376
f 1634 1500 1499
f 1499 1633 1634
f 1632 1633 1499
f 1372 1256 1377
f 1372 1373 1251
f 1251 1256 1372
f 1495 1497 1496
f 1501 1497 1495
f 1262 1254 1375
f 1375 1383 1262
f 1374 1497 1375
f 1253 1374 1375
f 1375 1254 1253
f 1639 1508 1507
f 1639 1640 1508
f 1507 1638 1639
f 1638 1640 1639
f 1642 1508 1641
f 1641 1640 1642
f 1508 1640 1641
f 60 123 124
f 124 125 60
f 398 296 397
f 397 396 398
f 296 396 397
f 524 396 395
f 398 396 524
f 524 399 398
f 313 312 400
f 171 172 98
f 98 170 171
f 141 217 216
f 216 142 141
f 293 219 292
f 10 2 9
f 2 1 9
f 9 22 10
f 21 22 9
f 6 16 7
f 7 1 6
f 16 20 7
f 222 146 225
f 225 296 222
f 312 313 225
f 225 293 312
f 65 64 135
f 289 288 384
f 206 205 284
f 520 391 519
f 520 646 521
f 520 519 646
f 213 285 214
f 287 288 214
f 214 285 287
f 287 384 288
f 287 285 284
f 382 384 287
f 30 11 29
f 11 24 25
f 1834 1665 1664
f 1510 1665 1666
f 1830 1662 1661
f 1827 1828 1661
f 1661 1826 1827
f 1815 1654 1814
f 1814 1992 1815
f 1509 1649 1650
f 1650 1651 1509
f 3016 3136 3137
f 3015 2881 3007
f 3015 3016 2881
f 3136 3016 3015
f 1381 1259 1380
f 1390 1268 1382
f 1268 1259 1382
f 1382 1381 1390
f 1259 1381 1382
f 1260 1261 1124
f 1124 1259 1260
f 1260 1268 1261
f 1260 1259 1268
f 1134 1133 1264
f 1390 1266 1267
f 1267 1268 1390
f 1266 1265 1267
f 1131 1268 1267
f 1267 1265 1131
f 760 880 761
f 645 760 761
f 761 880 882
f 882 762 761
f 646 645 761
f 761 762 646
f 889 887 1007
f 764 887 765
f 765 887 889
f 518 519 390
f 518 645 519
f 759 760 645
f 879 760 759
f 759 758 879
f 757 874 875
f 755 874 757
f 757 876 877
f 875 876 757
f 881 760 879
f 881 880 760
f 881 1003 880
f 882 880 1002
f 2000 1824 1823
f 1823 1822 2000
f 1823 1824 1658
f 1658 1822 1823
f 2001 1824 2000
f 2001 1825 1824
f 2000 2183 2001
f 1826 1825 2001
f 2002 2183 2003
f 2002 1827 1826
f 2003 1827 2002
f 1826 2001 2002
f 2002 2001 2183
f 2003 2183 2184
f 2182 2183 2000
f 1962 1796 1961
f 1961 2129 2130
f 2420 2421 2244
f 36 85 37
f 37 15 36
f 229 151 227
f 316 321 229
f 316 227 315
f 229 227 316
f 315 429 316
f 229 321 230
f 231 151 230
f 230 151 229
f 230 321 322
f 322 321 435
f 321 316 435
f 1878 2048 1879
f 2220 2399 2227
f 854 983 960
f 2632 2633 2473
f 2632 2803 2633
f 2638 2478 2639
f 2639 2478 2634
f 2639 2475 2638
f 2634 2475 2639
f 2477 2478 2310
f 2476 2478 2477
f 2310 2309 2477
f 2309 2476 2477
f 2638 2475 2637
f 2310 2478 2479
f 3327 3326 3409
f 3214 3326 3327
f 2296 2127 2120
f 2305 2128 2301
f 2128 2127 2301
f 2303 2301 2127
f 1791 1956 1953
f 2120 2298 2299
f 2299 2296 2120
f 2297 2298 2120
f 1957 1954 2126
f 1795 1796 1642
f 1794 1796 1795
f 1642 1638 1795
f 1638 1794 1795
f 1793 1794 1638
f 1638 1792 1793
f 1793 1792 1790
f 1790 1954 1793
f 1793 1954 1794
f 3489 3491 3490
f 3525 3489 3490
f 1498 1497 1383
f 1383 1375 1498
f 1498 1375 1497
f 282 202 201
f 201 200 282
f 656 654 526
f 526 654 525
f 526 525 400
f 649 765 656
f 649 648 764
f 764 765 649
f 646 762 647
f 647 648 521
f 521 646 647
f 395 525 523
f 525 654 523
f 523 524 395
f 250 171 170
f 96 95 170
f 41 95 96
f 170 95 169
f 39 92 93
f 50 106 90
f 39 50 90
f 214 216 215
f 214 289 286
f 286 216 214
f 289 216 286
f 290 216 289
f 289 391 290
f 292 219 218
f 218 216 292
f 219 142 218
f 142 216 218
f 400 312 393
f 312 293 393
f 521 522 393
f 8 20 21
f 21 9 8
f 8 7 20
f 8 9 1
f 1 7 8
f 147 225 148
f 148 225 146
f 226 225 147
f 219 293 226
f 293 225 226
f 296 225 314
f 314 225 313
f 400 296 314
f 314 313 400
f 222 223 145
f 223 224 145
f 963 964 836
f 963 836 835
f 960 983 1089
f 39 19 18
f 18 50 39
f 6 17 18
f 18 19 6
f 88 38 37
f 105 106 50
f 64 133 134
f 134 135 64
f 62 128 129
f 129 130 62
f 211 213 212
f 212 213 136
f 137 66 136
f 136 213 137
f 137 213 214
f 382 287 383
f 383 287 284
f 383 283 382
f 284 283 383
f 131 63 62
f 62 130 131
f 285 209 208
f 284 285 208
f 210 209 285
f 210 213 211
f 285 213 210
f 11 27 28
f 28 29 11
f 916 793 917
f 1867 1693 1865
f 2047 2220 2048
f 1665 1834 1835
f 1835 1834 1837
f 1502 1378 1385
f 1663 1832 1664
f 1662 1832 1663
f 1664 1509 1663
f 1509 1662 1663
f 1828 2007 1829
f 1661 1828 1829
f 1829 1830 1661
f 1662 1830 1829
f 2004 1827 2003
f 1828 1827 2004
f 2003 2184 2004
f 2013 2016 1844
f 1844 2016 2014
f 2026 2196 2027
f 1169 1168 1296
f 1168 1169 1036
f 1814 1813 1990
f 1813 1989 1990
f 1988 1813 1812
f 1988 1989 1813
f 1812 1651 1811
f 2165 1983 2162
f 1983 1981 2162
f 2697 2540 2696
f 2349 2350 2515
f 3007 3128 3131
f 3131 3128 3136
f 2997 3128 3007
f 2842 2997 2998
f 2881 3016 3017
f 2343 2344 2160
f 2677 2510 2676
f 1391 1381 1380
f 1391 1380 1379
f 1379 1506 1391
f 1391 1266 1390
f 1390 1381 1391
f 886 888 764
f 762 885 763
f 764 648 763
f 648 647 763
f 763 647 762
f 763 886 764
f 885 886 763
f 656 765 772
f 772 765 889
f 641 758 642
f 758 643 642
f 517 643 644
f 645 518 644
f 644 518 517
f 644 643 758
f 644 759 645
f 758 759 644
f 877 758 878
f 878 757 877
f 758 757 878
f 638 755 756
f 756 757 638
f 755 757 756
f 1003 881 1001
f 1001 881 879
f 1001 1000 999
f 1131 1130 1001
f 1130 1003 1001
f 1001 879 877
f 877 1000 1001
f 1001 1129 1131
f 999 1129 1001
f 880 1003 1004
f 1004 1002 880
f 1003 1002 1004
f 884 885 762
f 888 886 884
f 884 886 885
f 1134 1135 1006
f 888 884 1006
f 2256 2085 2239
f 2256 2239 2414
f 2071 2239 2072
f 1605 1735 1755
f 1755 1606 1605
f 1756 1606 1755
f 1757 1606 1756
f 1801 1800 1968
f 1801 1646 1644
f 1644 1800 1801
f 1962 1961 1963
f 1963 2133 1964
f 1798 1796 1963
f 1963 1796 1962
f 1963 1799 1798
f 1963 1964 1799
f 1959 1796 1794
f 1794 2129 1959
f 2129 1961 1959
f 3137 3247 3251
f 3409 3413 3333
f 3222 3333 3334
f 3475 3441 3415
f 3290 3384 3382
f 3382 3384 3441
f 81 82 35
f 35 14 33
f 82 73 35
f 81 151 144
f 144 82 81
f 144 73 82
f 85 36 84
f 150 145 224
f 150 151 81
f 150 227 151
f 298 404 405
f 404 532 405
f 223 310 311
f 304 223 222
f 943 812 811
f 1069 943 1068
f 1070 943 1069
f 228 150 224
f 227 150 228
f 228 317 227
f 806 678 803
f 803 678 677
f 677 678 551
f 551 549 677
f 562 434 551
f 807 678 806
f 307 228 224
f 307 224 223
f 419 418 548
f 548 549 419
f 677 549 548
f 558 429 557
f 429 556 557
f 557 687 558
f 231 230 232
f 232 151 231
f 232 233 151
f 563 435 559
f 559 429 558
f 558 687 559
f 559 687 685
f 1743 1907 1901
f 1736 1730 1741
f 1741 1589 1736
f 1901 1737 1744
f 1737 1589 1744
f 1744 1743 1901
f 1589 1743 1744
f 2229 2052 2226
f 2230 2052 2229
f 2228 2052 2230
f 2398 2399 2217
f 2398 2556 2405
f 2405 2399 2398
f 2227 2399 2405
f 2558 2556 2714
f 2050 2220 2227
f 2050 2222 2049
f 2227 2222 2050
f 2049 1879 2050
f 2050 1879 2048
f 2048 2220 2050
f 1493 1626 1627
f 856 854 960
f 856 833 733
f 960 833 856
f 2276 2451 2291
f 2467 2293 2466
f 2466 2293 2465
f 2467 2466 2624
f 2624 2466 2623
f 3072 3074 2941
f 2941 2940 2785
f 2941 2950 2940
f 2118 2119 1949
f 2116 2293 2118
f 2294 2293 2467
f 2294 2118 2293
f 2119 2118 2294
f 1623 1624 1493
f 1784 1624 1623
f 1770 1771 1609
f 1780 1618 1770
f 1770 1933 1780
f 2465 2293 2292
f 2292 2451 2465
f 2291 2451 2292
f 2292 2293 2116
f 3071 3074 3072
f 2939 2941 2785
f 2935 2782 2788
f 3195 3196 3070
f 3196 3071 3070
f 385 509 510
f 385 386 289
f 289 384 385
f 385 384 382
f 382 509 385
f 382 507 508
f 508 509 382
f 507 510 508
f 510 509 508
f 289 386 387
f 387 388 289
f 390 289 389
f 289 388 389
f 389 518 390
f 517 518 389
f 638 757 639
f 511 510 638
f 638 512 511
f 511 385 510
f 511 512 386
f 386 385 511
f 2631 2630 2799
f 2473 2630 2631
f 2631 2632 2473
f 2803 2632 2631
f 3210 3088 3209
f 3409 3326 3408
f 2959 2805 3087
f 3209 3088 3087
f 3087 3088 2959
f 3087 3086 3209
f 2636 2475 2635
f 2635 2637 2636
f 2636 2637 2475
f 2959 3088 2806
f 2806 2805 2959
f 2638 2637 2806
f 2131 1961 2130
f 2479 2642 2480
f 3103 3228 3104
f 3410 3327 3409
f 3329 3327 3410
f 3328 3327 3329
f 3214 3327 3215
f 3215 3327 3216
f 3217 3328 3329
f 3216 3217 3094
f 3094 3215 3216
f 2469 2296 2468
f 2296 2299 2468
f 2472 2469 2629
f 2469 2468 2629
f 2629 2468 2628
f 2127 2296 2302
f 2472 2303 2302
f 2302 2303 2127
f 2302 2469 2472
f 2302 2296 2469
f 2473 2305 2471
f 2305 2301 2471
f 2301 2303 2471
f 1951 1791 1788
f 1631 1630 1788
f 1788 1791 1631
f 1790 1632 1631
f 1631 1499 1630
f 1632 1499 1631
f 2470 2299 2298
f 2626 2468 2470
f 2470 2468 2299
f 2300 2297 2124
f 2298 2297 2300
f 2120 1953 2123
f 2123 2297 2120
f 2121 1954 2122
f 2121 2126 1954
f 2122 1952 2121
f 2121 2127 1957
f 1957 2126 2121
f 2120 2127 2121
f 2121 1952 2120
f 3492 3489 3488
f 3491 3489 3492
f 3524 3523 3547
f 3550 3566 3565
f 3550 3525 3545
f 3550 3545 3567
f 3547 3523 3527
f 3523 3489 3527
f 3575 3574 3565
f 3565 3562 3575
f 3575 3562 3574
f 3573 3562 3560
f 3543 3566 3544
f 3544 3518 3543
f 3544 3550 3567
f 3566 3550 3544
f 3567 3545 3544
f 3545 3518 3544
f 3560 3562 3541
f 3519 3518 3546
f 3546 3518 3545
f 3545 3522 3546
f 3521 3519 3546
f 3546 3522 3521
f 662 532 660
f 655 654 651
f 655 523 654
f 98 41 97
f 41 96 97
f 97 170 98
f 97 96 170
f 168 169 94
f 94 169 95
f 39 93 94
f 94 40 39
f 41 40 94
f 94 95 41
f 248 169 168
f 481 620 594
f 106 105 179
f 458 462 345
f 713 600 599
f 355 356 259
f 91 106 92
f 91 90 106
f 91 92 39
f 39 90 91
f 291 391 292
f 291 290 391
f 292 216 291
f 216 290 291
f 521 393 392
f 392 520 521
f 391 520 392
f 292 391 392
f 392 293 292
f 392 393 293
f 4 14 12
f 15 5 12
f 12 5 4
f 13 14 4
f 33 14 13
f 13 32 33
f 33 32 75
f 1348 1349 1228
f 1228 1227 1348
f 1092 964 1091
f 1091 1228 1092
f 1227 1228 1091
f 961 833 960
f 961 834 833
f 712 834 835
f 713 599 712
f 714 600 712
f 712 600 713
f 45 18 17
f 46 18 45
f 17 38 45
f 50 18 49
f 102 176 103
f 103 176 104
f 104 49 103
f 26 25 24
f 26 27 11
f 11 25 26
f 132 133 63
f 63 131 132
f 207 206 284
f 284 208 207
f 791 917 793
f 793 680 791
f 916 917 791
f 785 781 662
f 1411 1285 1410
f 2727 2728 2574
f 2881 2728 2727
f 3009 2867 3007
f 3007 2881 3009
f 2881 3010 3009
f 2881 2727 2870
f 2713 2558 2714
f 2397 2398 2215
f 2397 2556 2398
f 2396 2397 2215
f 2570 2421 2420
f 2420 2569 2570
f 1865 2034 2035
f 1296 1168 1295
f 2220 2047 2045
f 2045 2047 2046
f 2045 2217 2218
f 1543 1697 1698
f 2200 2377 2378
f 2200 2206 2034
f 2378 2377 2380
f 2379 2378 2384
f 2379 2200 2378
f 2206 2200 2379
f 2385 2206 2384
f 2384 2540 2385
f 2010 1837 2009
f 1833 1834 1664
f 2013 2012 2006
f 2006 2007 1828
f 1836 1666 1665
f 1665 1835 1836
f 1667 1835 1837
f 1667 1836 1835
f 1666 1836 1667
f 1504 1378 1503
f 1378 1502 1503
f 1845 1840 2010
f 2015 2190 2189
f 2011 1844 2015
f 2015 1844 2014
f 2363 2184 2183
f 2183 2182 2363
f 1841 1844 2011
f 1842 2012 2013
f 2013 1844 1842
f 1844 1843 1842
f 2020 1859 1848
f 1865 1693 1695
f 1693 1542 1695
f 1539 1693 1543
f 1539 1542 1693
f 1534 1531 1411
f 1684 1531 1534
f 1289 1165 1292
f 1289 1168 1165
f 1172 1036 1171
f 1032 1036 914
f 1166 1036 1165
f 2170 1988 2169
f 1989 1988 2170
f 2163 2167 2166
f 2163 1983 2165
f 2165 2167 2163
f 2166 2167 1987
f 1987 1988 1812
f 2169 1988 1987
f 1985 1811 1983
f 1649 1803 1804
f 1804 1650 1649
f 1650 1809 1810
f 1651 1650 1810
f 1810 1811 1651
f 2384 2378 2533
f 2378 2532 2533
f 2535 2532 2378
f 2690 2532 2535
f 2701 2857 2864
f 2161 2349 2165
f 2350 2349 2161
f 2165 2162 2161
f 2161 2343 2350
f 2344 2343 2161
f 2161 2162 1981
f 2161 1981 2160
f 2160 2344 2161
f 1995 1994 1996
f 1996 1994 2176
f 2189 2190 2367
f 2367 2190 2368
f 3136 3015 3130
f 3130 3015 3007
f 3136 3128 3248
f 2999 2842 2998
f 2843 2845 2672
f 3128 2997 3127
f 3127 3248 3128
f 3126 3248 3127
f 2160 2346 2347
f 2347 2346 2510
f 2998 2997 2862
f 2672 2845 2844
f 2844 2674 2672
f 2845 2674 2844
f 2676 2510 2509
f 2510 2346 2509
f 2346 2511 2509
f 2672 2674 2509
f 2845 3001 2846
f 2846 2674 2845
f 1515 1506 1504
f 1515 1391 1506
f 766 770 890
f 651 770 766
f 892 887 1008
f 892 1007 887
f 771 654 656
f 656 772 771
f 641 642 515
f 883 762 882
f 883 884 762
f 882 1002 883
f 1002 884 883
f 1132 1002 1003
f 1134 1006 1132
f 1009 1135 1136
f 1009 1006 1135
f 888 1006 1009
f 2538 2536 2537
f 2537 2382 2538
f 2536 2382 2537
f 2374 2530 2528
f 2538 2382 2528
f 2538 2528 2688
f 2688 2528 2530
f 2531 2529 2373
f 2373 2530 2374
f 2373 2529 2530
f 2026 2024 2193
f 2195 2196 2026
f 1848 1859 1854
f 2072 2239 2084
f 2084 2239 2085
f 1760 1606 1759
f 1760 1761 1606
f 2073 2241 2242
f 2253 2414 2413
f 2413 2239 2412
f 2413 2414 2239
f 2257 2085 2256
f 2256 2414 2257
f 1735 1897 1898
f 2412 2239 2240
f 2239 2071 2240
f 2240 2413 2412
f 2253 2413 2240
f 2240 2071 2081
f 1604 1735 1605
f 1747 1897 1735
f 1457 1335 1458
f 1456 1455 1582
f 1458 1335 1456
f 1759 1606 1758
f 1606 1757 1758
f 2086 2085 1917
f 1917 2089 2090
f 2088 2089 1917
f 1973 1972 1975
f 1973 1804 1803
f 2132 1963 1961
f 2133 1963 2132
f 1961 2131 2132
f 1960 1961 1796
f 1796 1959 1960
f 1960 1959 1961
f 3125 3247 3136
f 3136 3248 3125
f 3139 3017 3016
f 3473 3413 3472
f 3473 3475 3415
f 3472 3475 3473
f 3227 3228 3103
f 3099 3098 3101
f 3224 3219 3101
f 3474 3473 3415
f 3413 3473 3474
f 3441 3384 3442
f 3340 3419 3341
f 3341 3227 3340
f 3415 3441 3416
f 3416 3333 3415
f 3416 3334 3333
f 3291 3180 3290
f 3290 3382 3291
f 3441 3475 3433
f 3290 3381 3383
f 3421 3341 3383
f 3383 3384 3290
f 3383 3419 3420
f 3383 3341 3419
f 3420 3442 3383
f 3383 3442 3384
f 3422 3341 3421
f 3170 3169 3271
f 81 35 79
f 79 150 81
f 145 150 79
f 79 75 145
f 79 35 33
f 33 75 79
f 220 144 151
f 2063 2052 2065
f 2065 2052 2228
f 1058 1189 1060
f 1060 936 1058
f 1061 939 1060
f 1056 1189 1058
f 1180 1045 1179
f 1877 2048 1878
f 1877 2047 2048
f 1700 1698 1697
f 1713 1714 1563
f 1563 1562 1713
f 794 674 673
f 795 674 794
f 673 793 794
f 671 543 670
f 1046 1045 1180
f 1046 920 1045
f 1180 1047 1046
f 1046 1047 922
f 918 793 916
f 406 408 407
f 406 405 532
f 406 407 298
f 298 405 406
f 223 311 305
f 417 311 310
f 417 305 311
f 309 310 223
f 552 425 424
f 424 542 552
f 222 300 301
f 410 535 536
f 1321 1320 1450
f 1450 1322 1321
f 1335 1457 1336
f 1450 1453 1331
f 1451 1322 1450
f 1450 1331 1451
f 432 560 431
f 429 317 431
f 431 317 432
f 431 556 429
f 431 560 556
f 318 429 315
f 318 317 429
f 315 227 318
f 227 317 318
f 432 317 320
f 317 228 320
f 433 434 562
f 433 560 432
f 806 803 932
f 549 551 421
f 421 551 434
f 809 810 681
f 556 560 683
f 683 681 556
f 420 421 307
f 811 810 940
f 940 810 939
f 940 939 1061
f 685 687 686
f 686 557 685
f 687 557 686
f 233 232 323
f 322 437 323
f 323 230 322
f 323 232 230
f 436 437 322
f 322 435 436
f 436 435 563
f 1070 1069 944
f 944 814 813
f 813 812 944
f 812 943 944
f 944 943 1070
f 429 559 430
f 430 559 435
f 430 316 429
f 430 435 316
f 563 559 564
f 564 436 563
f 437 436 564
f 564 559 685
f 1729 1730 1582
f 1741 1730 1729
f 1895 1743 1729
f 1742 1589 1741
f 1742 1743 1589
f 1741 1729 1742
f 1742 1729 1743
f 1591 1589 1740
f 1589 1739 1740
f 1738 1589 1737
f 1738 1739 1589
f 1582 1730 1731
f 1730 1736 1731
f 2232 2228 2406
f 2406 2230 2229
f 2228 2230 2406
f 2225 2226 2049
f 2229 2226 2225
f 2049 2224 2225
f 2225 2224 2229
f 2223 2222 2400
f 2400 2224 2223
f 2049 2222 2223
f 2223 2224 2049
f 2559 2713 2715
f 2558 2713 2559
f 1493 1595 1494
f 1595 1469 1494
f 1628 1596 1595
f 1628 1627 1626
f 1628 1595 1493
f 1493 1627 1628
f 1493 1370 1492
f 1370 1491 1492
f 1348 1227 1226
f 617 730 618
f 618 730 731
f 853 734 731
f 855 856 733
f 854 856 855
f 620 481 619
f 1249 1250 1113
f 1113 1250 1225
f 983 854 982
f 2456 2612 2453
f 2453 2454 2279
f 2100 2278 2279
f 2279 2276 2100
f 2103 2278 2100
f 2785 2940 2794
f 2794 2624 2785
f 2785 2624 2781
f 2781 2624 2623
f 2781 2614 2785
f 2467 2624 2625
f 2950 2941 3073
f 2613 2614 2453
f 2453 2612 2613
f 2613 2612 2782
f 2611 2466 2465
f 2623 2466 2611
f 2611 2781 2623
f 2614 2781 2611
f 2611 2451 2454
f 2465 2451 2611
f 2611 2454 2453
f 2453 2614 2611
f 2116 2118 2117
f 2117 2118 1949
f 2295 2294 2467
f 2119 2294 2295
f 1248 1368 1249
f 1243 1242 1359
f 1366 1488 1490
f 1490 1488 1618
f 1490 1489 1366
f 1619 1489 1490
f 1622 1623 1493
f 1493 1619 1622
f 1622 1619 1623
f 1782 1783 1623
f 1933 1768 1932
f 1609 1768 1769
f 1769 1768 1933
f 1769 1770 1609
f 1933 1770 1769
f 2100 1932 2101
f 2277 2291 2114
f 2114 2113 2277
f 2277 2276 2291
f 2100 2276 2277
f 1910 2083 1935
f 2109 2275 2288
f 2937 3071 3072
f 2937 3070 3071
f 3313 3314 3199
f 3312 3313 3199
f 2614 2613 2783
f 2785 2614 2783
f 2946 3076 2943
f 2943 3068 2935
f 2943 3076 3068
f 2782 2612 2620
f 2620 2788 2782
f 2620 2612 2455
f 2283 2458 2284
f 2284 2104 2283
f 2290 2109 2289
f 2289 2109 2288
f 3068 3076 3069
f 3195 3070 3069
f 3070 2937 3069
f 3199 3314 3310
f 3399 3318 3317
f 2780 2609 2750
f 2799 2952 2953
f 2798 2952 2799
f 2798 2629 2628
f 2630 2629 2798
f 2799 2630 2798
f 3085 3086 2957
f 2803 2631 2802
f 2633 2803 2802
f 2635 2633 2802
f 2800 2631 2799
f 3211 3210 3324
f 3088 3210 3211
f 3470 3518 3519
f 3470 3413 3409
f 3472 3413 3470
f 2957 3086 2958
f 3086 3087 2958
f 2958 3087 2805
f 2311 2131 2130
f 2311 2130 2310
f 2310 2479 2311
f 2643 2480 2642
f 2640 2479 2478
f 2640 2642 2479
f 3329 3410 3412
f 3409 3333 3412
f 2964 2965 2811
f 2811 2809 2964
f 2642 2809 2811
f 2966 3098 3099
f 2966 2965 3098
f 3099 3100 2966
f 3093 2965 2964
f 3097 3217 3098
f 3097 3094 3217
f 3098 2965 3097
f 2965 3094 3097
f 3091 3094 3092
f 3215 3094 3091
f 1956 1791 1955
f 1791 1951 1955
f 1789 1791 1953
f 1789 1631 1791
f 1789 1952 1790
f 1790 1631 1789
f 2124 2297 2125
f 2297 2123 2125
f 1953 2124 2125
f 2125 2123 1953
f 3548 3524 3547
f 3548 3568 3569
f 3435 3448 3389
f 3436 3448 3435
f 3389 3448 3449
f 3449 3448 3500
f 3523 3524 3487
f 3487 3489 3523
f 3487 3448 3436
f 3500 3524 3503
f 3547 3527 3551
f 3489 3525 3526
f 3526 3527 3489
f 3525 3527 3526
f 3525 3550 3549
f 3549 3527 3525
f 3549 3550 3565
f 3549 3551 3527
f 3565 3568 3549
f 3568 3548 3549
f 3549 3548 3547
f 3547 3551 3549
f 3303 3188 3299
f 3577 3568 3565
f 3581 3580 3574
f 3574 3580 3578
f 3580 3572 3578
f 3563 3562 3565
f 3563 3541 3562
f 3561 3566 3543
f 3565 3566 3561
f 3561 3541 3565
f 780 1022 900
f 298 297 403
f 403 404 298
f 404 403 530
f 524 523 528
f 651 523 650
f 650 655 651
f 523 655 650
f 250 347 251
f 171 250 251
f 249 248 345
f 249 250 170
f 247 248 168
f 343 248 247
f 106 179 180
f 180 247 168
f 255 176 254
f 254 259 255
f 345 462 459
f 459 460 345
f 346 249 345
f 346 347 250
f 250 249 346
f 463 600 601
f 463 599 600
f 344 458 345
f 345 248 344
f 344 248 343
f 457 344 343
f 458 344 457
f 597 712 599
f 597 595 594
f 597 457 595
f 597 459 462
f 460 459 597
f 356 355 476
f 138 139 66
f 66 137 138
f 138 137 214
f 14 35 31
f 31 12 14
f 15 12 31
f 31 36 15
f 74 36 31
f 31 73 74
f 31 35 73
f 76 77 32
f 147 148 76
f 76 148 146
f 146 77 76
f 76 80 143
f 76 143 147
f 149 77 146
f 145 77 149
f 149 146 222
f 222 145 149
f 32 77 78
f 78 75 32
f 78 77 145
f 145 75 78
f 964 1089 1090
f 1090 1091 964
f 1225 1226 1090
f 1227 1091 1090
f 1090 1226 1227
f 834 961 962
f 962 963 835
f 835 834 962
f 962 961 960
f 960 1089 962
f 964 963 962
f 962 1089 964
f 47 18 46
f 47 46 102
f 102 46 101
f 101 176 102
f 38 88 89
f 89 45 38
f 339 246 243
f 67 26 24
f 1298 1178 1172
f 1172 1171 1298
f 1161 1035 1034
f 1034 1040 1161
f 913 912 1034
f 1034 1035 913
f 913 792 789
f 913 1035 916
f 916 791 913
f 913 791 792
f 781 790 786
f 536 535 537
f 666 537 664
f 1412 1410 1286
f 1409 1285 1411
f 1411 1531 1409
f 1531 1408 1409
f 2883 2728 2882
f 2882 3022 2883
f 2882 2728 2881
f 2881 3022 2882
f 2245 2244 2421
f 2421 2422 2245
f 2073 2244 2245
f 2726 2727 2574
f 2726 2870 2727
f 2873 2870 2726
f 2868 3009 3010
f 3010 2869 2868
f 2867 3009 2868
f 2881 2870 3012
f 1901 2075 2076
f 2247 2078 2076
f 2076 2238 2235
f 2075 2238 2076
f 2235 2236 2076
f 2236 2247 2076
f 2713 2712 2711
f 2574 2723 2725
f 2725 2726 2574
f 2714 2556 2554
f 2710 2711 2554
f 2554 2711 2712
f 2554 2713 2714
f 2554 2712 2713
f 2551 2710 2552
f 2552 2396 2551
f 2397 2396 2552
f 2710 2554 2552
f 2216 2043 2213
f 2393 2216 2213
f 2720 2570 2569
f 2569 2567 2720
f 2720 2567 2717
f 2037 1867 1865
f 2037 2035 1867
f 2034 2206 2207
f 2207 2035 2034
f 2208 2035 2207
f 2206 2385 2207
f 2213 2040 2212
f 2212 2210 2213
f 2038 2035 2208
f 1867 2035 2038
f 2208 2209 2038
f 2209 2210 2038
f 1422 1295 1421
f 1421 1295 1417
f 1417 1295 1294
f 1294 1168 1292
f 1294 1295 1168
f 2219 2045 2218
f 2220 2045 2219
f 2218 2217 2219
f 2221 2045 2215
f 2217 2045 2221
f 2215 2398 2221
f 2398 2217 2221
f 1543 1693 1696
f 1696 1697 1543
f 1696 1870 1697
f 2041 2040 2213
f 2033 2034 1865
f 1865 2029 2033
f 2033 2200 2034
f 2029 2200 2033
f 2377 2200 2199
f 2199 2200 2029
f 2381 2382 2536
f 2536 2380 2381
f 2032 2027 2196
f 2384 2206 2383
f 2383 2379 2384
f 2206 2379 2383
f 2543 2385 2540
f 2540 2544 2543
f 2010 2009 2017
f 2017 2009 2007
f 2007 2006 2017
f 2017 1845 2010
f 2012 1845 2017
f 2017 2006 2012
f 1834 1833 2008
f 1837 1834 2008
f 2008 2009 1837
f 2007 1833 1831
f 1831 1829 2007
f 1831 1832 1662
f 1662 1829 1831
f 1664 1832 1831
f 1831 1833 1664
f 1511 1502 1385
f 1385 1510 1511
f 1510 1666 1511
f 1666 1667 1511
f 1636 1667 1668
f 1502 1511 1636
f 1636 1511 1667
f 1512 1513 1386
f 1389 1515 1504
f 1266 1391 1389
f 1391 1515 1389
f 1673 1519 1674
f 1674 1842 1673
f 1673 1842 1843
f 1844 1841 1673
f 1673 1843 1844
f 1840 1845 1675
f 1669 1512 1668
f 1840 1671 1838
f 2010 1840 1838
f 1838 1837 2010
f 1838 1667 1837
f 2187 2015 2014
f 2190 2015 2187
f 2011 2015 2186
f 2186 2015 2189
f 2185 2004 2184
f 2184 2363 2185
f 2188 2363 2182
f 2190 2187 2188
f 2016 2185 2188
f 2188 2185 2363
f 2014 2016 2188
f 2188 2187 2014
f 1861 2029 1865
f 1863 2029 1861
f 1694 1695 1542
f 1542 1541 1692
f 1692 1694 1542
f 1542 1539 1418
f 1422 1541 1418
f 1418 1541 1542
f 1418 1295 1422
f 1683 1531 1684
f 1292 1413 1415
f 1415 1413 1408
f 1292 1415 1416
f 1416 1415 1536
f 1533 1534 1411
f 1412 1535 1533
f 1292 1168 1293
f 1293 1289 1292
f 1168 1289 1293
f 914 1036 1037
f 1034 912 915
f 915 1040 1034
f 912 911 915
f 915 790 914
f 915 911 790
f 1170 1036 1169
f 1169 1171 1170
f 1170 1171 1036
f 909 1032 914
f 914 790 909
f 909 790 781
f 1168 1036 1167
f 1036 1166 1167
f 1165 1168 1167
f 1167 1166 1165
f 2168 2170 2169
f 2169 1987 2168
f 2168 1987 2167
f 1983 2163 2164
f 2164 2163 2166
f 2164 1985 1983
f 2166 1985 2164
f 2166 1987 1986
f 1986 1985 2166
f 1811 1985 1986
f 1812 1811 1986
f 1986 1987 1812
f 1655 1654 1816
f 1816 1817 1655
f 1654 1815 1816
f 1815 1817 1816
f 2173 1990 1989
f 1650 1804 1805
f 1811 1810 1984
f 1984 1810 1809
f 1983 1811 1984
f 1984 1809 1983
f 1982 1981 1983
f 1982 1807 1981
f 2539 2540 2384
f 2539 2696 2540
f 2690 2701 2541
f 2541 2532 2690
f 2541 2533 2532
f 2384 2533 2541
f 2534 2535 2378
f 2378 2380 2534
f 2534 2380 2536
f 2691 2534 2536
f 2535 2534 2691
f 2848 2677 2676
f 1655 1817 1818
f 1817 1994 1818
f 1818 1656 1655
f 1994 1995 1818
f 2174 2173 2353
f 1820 1995 1996
f 1657 1656 1820
f 1658 1657 1820
f 1820 1821 1658
f 2514 2349 2515
f 2354 2176 2175
f 2175 2176 1994
f 1994 2174 2175
f 2175 2353 2354
f 2175 2174 2353
f 2356 2518 2519
f 2177 2178 1996
f 1996 2176 2177
f 2181 2182 2000
f 2182 2181 2362
f 2362 2181 2361
f 2362 2188 2182
f 2190 2188 2362
f 2524 2367 2368
f 2526 2367 2524
f 2527 2367 2526
f 2189 2367 2364
f 2364 2186 2189
f 3129 3131 3136
f 3136 3130 3129
f 3007 3131 3129
f 3129 3130 3007
f 3000 3001 2845
f 2842 2999 3000
f 2845 2843 3000
f 3000 2843 2842
f 3000 2999 2998
f 2997 2842 2996
f 2996 3127 2997
f 3126 3127 2996
f 3021 3022 2881
f 2881 3020 3021
f 2348 2343 2160
f 2160 2347 2348
f 2350 2343 2348
f 2515 2350 2516
f 2681 2851 2852
f 2519 2518 2681
f 2863 2862 2860
f 2672 2509 2673
f 2673 2509 2511
f 2673 2507 2672
f 2511 2507 2673
f 2675 2509 2674
f 2674 2846 2675
f 2676 2509 2675
f 2675 2848 2676
f 900 1022 1023
f 1023 1022 1149
f 1023 1024 900
f 1149 1024 1023
f 658 528 659
f 657 527 658
f 527 528 658
f 1022 780 897
f 662 660 779
f 767 659 651
f 651 766 767
f 767 766 659
f 770 894 895
f 651 654 768
f 654 771 768
f 889 1007 891
f 1007 892 891
f 517 389 516
f 516 389 388
f 516 515 642
f 388 387 516
f 387 515 516
f 516 643 517
f 516 642 643
f 514 515 387
f 641 515 514
f 1002 1132 1005
f 1005 1132 1006
f 1005 884 1002
f 1005 1006 884
f 1011 892 1008
f 1008 888 1011
f 888 1009 1011
f 2382 2372 2371
f 2371 2372 2196
f 2196 2195 2371
f 2374 2528 2370
f 2370 2371 2195
f 2370 2528 2382
f 2382 2371 2370
f 2025 2193 2024
f 2025 1856 1859
f 2024 1856 2025
f 2026 2193 2025
f 2025 2195 2026
f 1684 1534 1686
f 1849 1678 1848
f 1848 1854 1849
f 1855 1686 1687
f 1687 1854 1859
f 1859 1856 1687
f 1687 1686 1534
f 2073 2242 2080
f 2080 2240 2081
f 2081 2071 2069
f 1735 1898 1899
f 1756 1755 1899
f 1899 1755 1735
f 1899 2071 2072
f 1898 2069 1899
f 1899 1757 1756
f 1735 1604 1587
f 1902 1903 1737
f 1902 1901 2073
f 1902 1737 1901
f 1746 1593 1591
f 1746 1747 1593
f 1748 1747 1735
f 1593 1747 1748
f 1590 1589 1591
f 1591 1466 1590
f 1590 1466 1589
f 1588 1736 1589
f 1589 1466 1588
f 1588 1731 1736
f 2263 2257 2414
f 1922 2093 2094
f 2097 2096 2272
f 2271 2094 2270
f 2272 2096 2271
f 2271 2447 2272
f 1922 1760 1921
f 1921 2093 1922
f 2437 2445 2269
f 2269 2445 2270
f 2270 2094 2269
f 2269 2094 2093
f 2593 2592 2753
f 2438 2592 2593
f 2259 2088 2258
f 2259 2089 2088
f 2258 2267 2259
f 2262 2093 2090
f 1913 1758 1757
f 1913 1899 2072
f 1757 1899 1913
f 1916 1917 1759
f 2087 1917 1916
f 1759 1758 1916
f 1758 1915 1916
f 1918 1760 1759
f 1759 1917 1918
f 1760 1918 1919
f 1919 1918 1917
f 1970 2144 2145
f 1975 1804 1974
f 1974 1973 1975
f 1804 1973 1974
f 1802 1973 1803
f 1802 1803 1646
f 1646 1801 1802
f 1802 1801 1970
f 1972 1973 1802
f 1968 1799 1967
f 1967 2139 1968
f 1967 2140 2139
f 2138 2140 1967
f 2318 2137 2317
f 2317 2135 2314
f 2995 2842 2994
f 3126 2996 2995
f 2995 2996 2842
f 3232 3105 3229
f 3229 3105 3104
f 3230 3104 3228
f 3137 3251 3140
f 2324 2138 2323
f 2324 2140 2138
f 1969 1801 1968
f 1970 1801 1969
f 3102 3101 3219
f 3336 3419 3340
f 3340 3337 3336
f 3415 3333 3414
f 3414 3474 3415
f 3441 3442 3477
f 3168 3163 3041
f 3165 3166 3041
f 3275 3166 3180
f 3271 3163 3270
f 3365 3368 3270
f 2922 3041 2909
f 3366 3372 3426
f 3426 3372 3434
f 3441 3433 3432
f 3432 3433 3370
f 3370 3427 3432
f 3432 3382 3441
f 3432 3427 3382
f 3343 3227 3342
f 3227 3341 3342
f 3341 3422 3342
f 3271 3270 3281
f 3281 3270 3368
f 3173 3174 3047
f 3271 3169 3272
f 1570 1444 1569
f 1192 1194 1061
f 1192 1060 1189
f 1189 1056 1191
f 1450 1320 1449
f 2063 2065 2064
f 2231 2228 2232
f 1890 1725 1893
f 937 1060 939
f 937 807 806
f 806 936 937
f 936 1060 937
f 547 548 418
f 677 548 547
f 547 676 677
f 547 543 671
f 418 543 547
f 671 670 675
f 675 547 671
f 676 547 675
f 922 1047 923
f 793 922 923
f 1047 1183 1048
f 1879 1880 1707
f 1557 1434 1433
f 1433 1434 1303
f 1551 1427 1549
f 1706 1877 1878
f 1878 1879 1706
f 1879 1707 1706
f 2047 1877 1876
f 1873 1700 1697
f 1697 1872 1873
f 1873 2045 2046
f 1873 1872 2045
f 1874 1873 2046
f 1700 1873 1874
f 1562 1437 1561
f 1436 1437 1307
f 921 922 793
f 921 1046 922
f 793 920 921
f 920 1046 921
f 1045 920 1044
f 1044 1042 1045
f 920 1042 1044
f 1175 1179 1045
f 1045 1042 1175
f 919 918 916
f 919 1042 920
f 919 920 793
f 793 918 919
f 534 537 535
f 416 543 418
f 544 543 416
f 416 417 544
f 305 417 416
f 427 555 428
f 428 417 310
f 310 309 428
f 428 309 427
f 673 674 546
f 674 675 546
f 546 675 670
f 546 543 544
f 546 670 543
f 544 417 546
f 552 542 669
f 669 791 680
f 789 792 669
f 792 791 669
f 414 413 540
f 540 424 414
f 413 542 540
f 542 424 540
f 414 424 423
f 425 309 308
f 308 424 425
f 308 423 424
f 308 309 223
f 223 304 308
f 222 301 302
f 302 413 414
f 302 301 413
f 535 410 409
f 409 534 535
f 408 406 409
f 406 534 409
f 1197 1316 1198
f 1198 1065 1197
f 1317 1198 1316
f 1315 1316 1197
f 1444 1317 1315
f 1315 1317 1316
f 1199 1321 1322
f 1199 1198 1319
f 1065 1198 1199
f 1320 1321 1199
f 1066 1065 1200
f 1201 1066 1200
f 1200 1322 1201
f 1200 1199 1322
f 1065 1199 1200
f 1061 1194 1195
f 1197 1196 1195
f 1194 1315 1195
f 1195 1315 1197
f 942 943 811
f 1068 943 942
f 942 1065 1066
f 1343 1336 1457
f 1343 1218 1327
f 1455 1456 1334
f 1334 1332 1455
f 1334 1456 1335
f 1582 1455 1454
f 1455 1332 1454
f 1332 1331 1454
f 1454 1453 1582
f 1454 1331 1453
f 1201 1202 1067
f 1067 1066 1201
f 1068 942 1067
f 1067 942 1066
f 814 944 946
f 946 1069 1068
f 946 944 1069
f 1201 1322 1323
f 1322 1451 1323
f 319 320 228
f 228 307 319
f 432 320 319
f 319 433 432
f 434 433 319
f 682 557 556
f 556 681 682
f 682 681 810
f 811 812 682
f 682 810 811
f 561 683 560
f 561 433 562
f 560 433 561
f 550 420 419
f 421 420 550
f 419 549 550
f 549 421 550
f 1062 940 1061
f 1061 1195 1062
f 1062 1195 1196
f 1058 936 1054
f 1054 935 1058
f 1057 1056 1058
f 1058 935 1057
f 1057 935 1056
f 1055 935 934
f 1055 1187 1188
f 235 151 234
f 151 233 234
f 813 814 688
f 688 812 813
f 688 685 812
f 688 564 685
f 1739 1738 1905
f 1897 1906 1905
f 1905 1740 1739
f 1905 1906 1740
f 2404 2406 2229
f 2229 2224 2404
f 2404 2224 2403
f 2568 2569 2420
f 2568 2567 2569
f 1893 1725 1892
f 2063 2064 1892
f 1714 1882 1715
f 2716 2559 2715
f 2401 2557 2400
f 2556 2558 2401
f 2558 2559 2401
f 2400 2222 2401
f 2401 2222 2227
f 2227 2405 2401
f 2401 2405 2556
f 2053 1882 2052
f 2054 1882 2053
f 2053 2055 2054
f 2053 2052 2063
f 2063 2055 2053
f 2051 2226 2052
f 2052 1882 2051
f 2049 2226 2051
f 1371 1469 1348
f 1371 1494 1469
f 1371 1250 1370
f 1371 1370 1493
f 1493 1494 1371
f 1620 1619 1493
f 1620 1489 1619
f 1491 1489 1620
f 1493 1492 1620
f 1620 1492 1491
f 1369 1368 1491
f 1369 1491 1370
f 1370 1250 1369
f 1249 1368 1369
f 1369 1250 1249
f 1348 1226 1347
f 1347 1371 1348
f 1250 1371 1347
f 853 852 980
f 980 852 851
f 1111 980 979
f 979 980 851
f 850 979 851
f 850 851 727
f 727 725 850
f 976 1106 977
f 482 619 481
f 732 855 733
f 733 620 732
f 620 619 732
f 854 855 732
f 732 734 854
f 1114 1113 1225
f 1225 1090 1114
f 983 982 1114
f 1114 982 1113
f 985 1113 1112
f 1112 982 985
f 1113 982 1112
f 985 984 1115
f 1249 1113 1115
f 1115 1113 985
f 1110 984 1111
f 1111 979 1110
f 1111 984 981
f 853 980 981
f 981 980 1111
f 857 984 985
f 985 982 857
f 857 981 984
f 857 734 853
f 853 981 857
f 1360 1359 1244
f 1244 1359 1242
f 1360 1244 1241
f 2452 2456 2453
f 2453 2279 2452
f 2452 2279 2278
f 1930 2104 2102
f 2278 2103 2102
f 1767 1929 1930
f 1767 1927 1929
f 1766 1927 1767
f 1609 1766 1767
f 1767 1768 1609
f 1775 1613 1774
f 1613 1775 1615
f 1774 1778 1615
f 1615 1775 1774
f 1483 1612 1609
f 1483 1359 1480
f 1483 1609 1484
f 1484 1359 1483
f 1765 1766 1609
f 1609 1612 1765
f 2624 2794 2795
f 2795 2625 2624
f 2795 2794 2940
f 2940 2950 2795
f 3075 2941 3074
f 3075 3073 2941
f 1786 1787 1625
f 1625 1626 1493
f 1493 1624 1625
f 1784 1786 1625
f 1625 1624 1784
f 1949 1787 1948
f 1948 1786 1784
f 1948 1787 1786
f 2115 2292 2116
f 1771 1770 1617
f 1617 1488 1487
f 1617 1770 1618
f 1618 1488 1617
f 1367 1248 1366
f 1366 1489 1367
f 1367 1489 1491
f 1491 1368 1367
f 1368 1248 1367
f 1482 1359 1484
f 1484 1609 1482
f 1487 1363 1482
f 1482 1363 1359
f 1480 1359 1481
f 1246 1108 1107
f 1107 1108 978
f 978 977 1107
f 1107 977 1106
f 1245 1106 1243
f 1243 1359 1245
f 1245 1107 1106
f 1246 1107 1245
f 1245 1363 1246
f 1623 1619 1781
f 1781 1782 1623
f 2105 2277 2113
f 1933 1932 2105
f 2105 1932 2100
f 2100 2277 2105
f 1943 2113 2114
f 1943 2105 2113
f 1933 2105 1943
f 1780 1933 1943
f 1943 1782 1780
f 1606 1761 1762
f 1762 1763 1606
f 2776 2777 2607
f 2751 2609 2608
f 2750 2609 2751
f 2608 2609 2448
f 2272 2447 2448
f 2448 2449 2272
f 1764 1763 1925
f 1606 1763 1764
f 2082 1910 1912
f 2099 2275 2106
f 2106 1935 2099
f 2099 1935 2083
f 1911 1935 1774
f 1910 1935 1911
f 2106 2275 2287
f 2275 2109 2287
f 2281 2109 2290
f 2290 2283 2281
f 2110 2109 2281
f 1776 1938 1939
f 1930 1929 1940
f 1940 2104 1930
f 1940 1939 1938
f 1776 1939 1940
f 1937 1938 1776
f 1937 2109 2110
f 2110 1938 1937
f 3314 3313 3397
f 3317 3318 3203
f 3203 3315 3204
f 3318 3315 3203
f 3201 3202 3083
f 3083 3203 3204
f 3202 3203 3083
f 3192 3202 3201
f 2784 2939 2785
f 2785 2783 2784
f 2784 2782 2935
f 2784 2613 2782
f 2784 2783 2613
f 2788 2620 2617
f 2458 2283 2457
f 2457 2283 2290
f 2290 2289 2457
f 3193 3069 3076
f 3395 3310 3314
f 3398 3399 3317
f 3461 3457 3398
f 3398 3457 3399
f 3318 3399 3400
f 3399 3457 3400
f 2931 2780 2930
f 2928 2780 2927
f 3206 3085 3205
f 3205 3085 3084
f 3207 3085 3206
f 3086 3085 3207
f 3207 3208 3086
f 2957 2800 2956
f 2956 3085 2957
f 3084 3085 2956
f 2955 2800 2957
f 2801 2802 2631
f 2631 2800 2801
f 2800 2955 2801
f 2957 2958 2801
f 2801 2955 2957
f 3518 3470 3517
f 3409 3408 3469
f 3469 3470 3409
f 3465 3508 3509
f 3560 3541 3540
f 3325 3326 3214
f 3325 3406 3326
f 3325 3214 3213
f 3407 3408 3326
f 3326 3406 3407
f 2804 2805 2635
f 2804 2958 2805
f 2635 2802 2804
f 2802 2801 2804
f 2804 2801 2958
f 2960 2806 3088
f 3088 3089 2960
f 3212 3211 3324
f 3088 3211 3212
f 3212 3089 3088
f 3212 3325 3213
f 3324 3325 3212
f 2131 2311 2312
f 2312 2132 2131
f 2479 2480 2312
f 2312 2311 2479
f 2133 2132 2312
f 2312 2313 2133
f 2133 2313 2134
f 2314 2135 2134
f 2315 2314 2134
f 2134 2313 2315
f 1964 2133 2134
f 2134 2135 1964
f 2480 2643 2644
f 2644 2643 2642
f 2641 2478 2638
f 2641 2640 2478
f 2810 2809 2642
f 2642 2640 2810
f 2810 2640 2809
f 3471 3410 3409
f 3409 3412 3471
f 3471 3412 3410
f 2642 2811 2812
f 2812 2811 2965
f 2964 2963 3095
f 3095 3093 2964
f 2963 3093 3095
f 2962 3093 2963
f 3092 3094 2962
f 3094 3093 2962
f 3096 3094 2965
f 2965 3093 3096
f 3096 3093 3094
f 2807 2962 2963
f 2638 2806 2807
f 2961 2960 3089
f 2961 3091 3092
f 2806 2960 2961
f 2961 2807 2806
f 3092 2962 2961
f 2962 2807 2961
f 2628 2468 2627
f 1950 1951 1788
f 1950 1955 1951
f 3569 3568 3555
f 3436 3435 3374
f 3389 3301 3374
f 3374 3435 3389
f 3499 3524 3500
f 3499 3487 3524
f 3500 3448 3499
f 3448 3487 3499
f 3500 3503 3452
f 3184 3062 3183
f 3183 3062 3188
f 3183 3294 3184
f 3183 3188 3294
f 3302 3301 3389
f 3303 3299 3302
f 3506 3455 3497
f 3497 3455 3498
f 3184 3294 3298
f 3565 3574 3576
f 3574 3579 3576
f 3570 3579 3574
f 3574 3578 3570
f 3570 3576 3579
f 3570 3577 3565
f 3565 3576 3570
f 3556 3555 3570
f 3568 3577 3570
f 3570 3555 3568
f 3571 3572 3556
f 3571 3578 3572
f 3556 3570 3571
f 3571 3570 3578
f 3565 3541 3564
f 3564 3563 3565
f 3541 3563 3564
f 773 897 780
f 527 403 402
f 524 528 402
f 402 528 527
f 399 524 402
f 297 399 402
f 402 403 297
f 531 532 404
f 404 530 531
f 531 660 532
f 531 530 660
f 529 403 527
f 529 530 403
f 529 527 657
f 660 530 661
f 657 773 661
f 661 773 780
f 653 528 523
f 92 106 166
f 106 180 166
f 166 93 92
f 178 261 179
f 178 255 259
f 178 179 105
f 176 255 178
f 178 105 104
f 104 176 178
f 259 356 357
f 179 261 262
f 345 460 461
f 461 346 345
f 460 463 461
f 461 463 346
f 347 346 464
f 346 463 464
f 833 834 710
f 733 833 710
f 710 620 733
f 599 463 598
f 598 597 599
f 598 463 460
f 460 597 598
f 462 458 596
f 596 597 462
f 458 457 596
f 457 597 596
f 354 355 259
f 354 353 355
f 471 353 468
f 468 353 352
f 615 729 616
f 611 724 725
f 1104 973 1103
f 1104 1242 1243
f 1104 1244 1242
f 1103 1241 1104
f 1104 1241 1244
f 472 471 468
f 355 353 472
f 353 471 472
f 140 217 141
f 140 216 217
f 141 71 140
f 140 71 70
f 140 215 216
f 214 215 140
f 140 138 214
f 69 140 70
f 138 140 69
f 80 76 34
f 32 13 34
f 34 76 32
f 48 103 49
f 48 49 18
f 18 47 48
f 102 103 48
f 48 47 102
f 706 707 592
f 177 101 175
f 176 101 177
f 100 101 46
f 175 101 100
f 46 45 100
f 45 89 100
f 87 88 37
f 243 246 165
f 165 246 244
f 452 451 592
f 452 339 451
f 244 246 340
f 246 339 340
f 244 340 341
f 604 717 605
f 470 472 468
f 468 352 470
f 470 352 469
f 605 602 466
f 466 604 605
f 466 454 593
f 593 604 466
f 338 339 241
f 335 240 238
f 74 73 83
f 73 144 83
f 83 36 74
f 83 84 36
f 1425 1298 1296
f 1296 1424 1425
f 1425 1424 1549
f 1297 1169 1296
f 1296 1298 1297
f 1423 1424 1296
f 1173 1036 1172
f 1172 1161 1173
f 788 913 789
f 912 913 788
f 788 911 912
f 790 911 788
f 789 667 788
f 667 790 788
f 536 537 411
f 411 410 536
f 300 410 411
f 541 542 413
f 541 669 542
f 539 669 541
f 667 539 538
f 538 664 667
f 666 664 538
f 538 537 666
f 539 411 538
f 538 411 537
f 533 532 662
f 533 406 532
f 533 534 406
f 537 534 533
f 663 533 662
f 664 533 663
f 1165 1036 1164
f 1164 1163 1165
f 1036 1163 1164
f 1285 1409 1284
f 1284 1409 1408
f 1284 1154 1285
f 2875 2710 2873
f 2873 2726 2875
f 2875 2725 2880
f 2726 2725 2875
f 2708 2707 2869
f 3011 2869 3010
f 3011 3012 2869
f 3011 3010 2881
f 2881 3012 3011
f 2243 2244 2073
f 2243 2078 2244
f 2248 2247 2236
f 2248 2078 2247
f 2077 2078 1901
f 1901 2076 2077
f 2077 2076 2078
f 2713 2711 2876
f 2880 2725 2876
f 2876 2725 2723
f 2723 2722 2876
f 2573 2723 2574
f 2573 2722 2723
f 2574 2421 2573
f 2421 2572 2573
f 2571 2717 2715
f 2571 2720 2717
f 2570 2720 2571
f 2571 2572 2421
f 2421 2570 2571
f 2556 2397 2555
f 2555 2554 2556
f 2397 2554 2555
f 2553 2554 2397
f 2397 2552 2553
f 2553 2552 2554
f 2043 2216 2044
f 2044 1872 2043
f 2215 2045 2044
f 2045 1872 2044
f 2551 2396 2395
f 2395 2393 2551
f 2395 2396 2215
f 2216 2393 2395
f 1865 2035 2036
f 2036 2037 1865
f 2035 2037 2036
f 1867 2038 1868
f 1693 1867 1868
f 2211 2212 2040
f 2040 2038 2211
f 2210 2212 2211
f 2211 2038 2210
f 1414 1294 1292
f 1417 1294 1414
f 1292 1416 1414
f 1414 1416 1417
f 2043 1872 2042
f 2213 2043 2042
f 2042 2041 2213
f 2205 2372 2382
f 2382 2381 2205
f 2196 2372 2205
f 2205 2032 2196
f 2385 2543 2386
f 2208 2207 2386
f 2386 2207 2385
f 2388 2210 2209
f 2209 2386 2388
f 2388 2386 2543
f 2388 2543 2544
f 1637 1636 1668
f 1637 1503 1502
f 1502 1636 1637
f 1668 1512 1514
f 1512 1386 1514
f 1514 1637 1668
f 1503 1637 1514
f 1270 1134 1264
f 1264 1130 1263
f 1130 1266 1263
f 1387 1386 1513
f 1513 1392 1387
f 1387 1263 1386
f 1392 1270 1387
f 1387 1270 1264
f 1264 1263 1387
f 1519 1673 1522
f 1398 1519 1522
f 1522 1523 1398
f 1677 1523 1522
f 1846 1841 2011
f 1674 1519 1521
f 1667 1838 1839
f 1668 1667 1839
f 1839 1669 1668
f 1671 1669 1839
f 1839 1838 1671
f 1670 1513 1512
f 1670 1516 1513
f 1512 1669 1670
f 1670 1669 1671
f 1671 1516 1670
f 2365 2364 2375
f 2186 2364 2365
f 2192 2020 2191
f 2005 2185 2016
f 2005 2006 1828
f 1828 2004 2005
f 2004 2185 2005
f 2005 2016 2013
f 2013 2006 2005
f 1851 1680 1681
f 1524 1680 1678
f 1848 1678 1850
f 1678 1680 1850
f 1850 1680 1851
f 1850 2020 1848
f 1850 1851 2019
f 1864 1861 1865
f 1690 1861 1864
f 1866 1692 1865
f 1694 1692 1866
f 1865 1695 1866
f 1695 1694 1866
f 1538 1692 1541
f 1538 1421 1417
f 1538 1541 1422
f 1422 1421 1538
f 1295 1418 1419
f 1543 1544 1419
f 1419 1544 1545
f 2022 2023 2027
f 1863 1861 1689
f 1689 1861 1690
f 1530 1415 1408
f 1536 1415 1530
f 1531 1683 1530
f 1530 1683 1536
f 1036 1040 1039
f 1039 1037 1036
f 1040 915 1039
f 2170 2168 2352
f 2352 2168 2167
f 1989 2170 2352
f 1990 2173 1991
f 1991 1992 1814
f 1814 1990 1991
f 1991 1815 1992
f 1991 1817 1815
f 1976 1804 1975
f 2160 2153 2337
f 2503 2505 2341
f 2341 2340 2503
f 1981 1807 1980
f 1979 1980 1807
f 2153 1980 1979
f 2160 1981 2158
f 1981 1980 2158
f 1807 1982 1808
f 1808 1809 1650
f 1650 1807 1808
f 1983 1809 1808
f 1808 1982 1983
f 3007 2867 2866
f 2703 2702 2544
f 2696 2541 2700
f 2700 2541 2701
f 2700 2701 2864
f 2864 2863 2700
f 2860 2696 2700
f 2700 2863 2860
f 2696 2539 2542
f 2542 2541 2696
f 2542 2539 2384
f 2384 2541 2542
f 2693 2536 2538
f 2693 2691 2536
f 2692 2701 2690
f 2857 2701 2692
f 2690 2535 2692
f 2535 2691 2692
f 2677 2848 2849
f 2849 2848 2859
f 2859 3005 2849
f 2847 2675 2846
f 2848 2675 2847
f 1656 1818 1819
f 1819 1818 1995
f 1819 1820 1656
f 1995 1820 1819
f 1993 1994 1817
f 1993 2174 1994
f 1817 1991 1993
f 2173 2174 1993
f 1993 1991 2173
f 1996 2178 1997
f 1997 1820 1996
f 1821 1820 1997
f 2000 1822 1999
f 1999 2181 2000
f 2354 2353 2517
f 2517 2514 2518
f 2353 2352 2517
f 2519 2520 2358
f 2358 2356 2519
f 1998 2177 2179
f 2179 1999 1998
f 2178 2177 1998
f 1998 1822 1821
f 1998 1999 1822
f 1821 1997 1998
f 1998 1997 2178
f 2369 2524 2368
f 2368 2190 2369
f 2190 2362 2369
f 2852 2683 2682
f 2682 2681 2852
f 2682 2520 2519
f 2519 2681 2682
f 2526 2524 2684
f 2684 2527 2526
f 2367 2527 2525
f 2525 2364 2367
f 2375 2364 2525
f 2531 2373 2525
f 2525 2373 2375
f 2685 2529 2531
f 2531 2525 2685
f 2685 2525 2527
f 2530 2529 2685
f 2686 2683 2852
f 2686 2684 2683
f 2527 2684 2686
f 3001 3000 3008
f 2864 3001 3008
f 2998 2862 3008
f 3008 3000 2998
f 2842 2843 2670
f 2992 2838 2991
f 2515 2516 2679
f 2851 2681 2679
f 2679 2514 2515
f 2513 2348 2512
f 2513 2679 2516
f 2350 2348 2513
f 2513 2516 2350
f 657 658 774
f 776 658 659
f 776 766 890
f 659 766 776
f 1021 897 899
f 1149 1022 1021
f 1022 897 1021
f 660 661 777
f 777 780 900
f 777 661 780
f 1145 1277 1278
f 1278 1275 1145
f 1278 1277 1403
f 1018 895 1013
f 1013 895 894
f 1147 1019 1281
f 1147 1151 1149
f 1017 1019 896
f 890 770 896
f 770 895 896
f 896 895 1017
f 769 768 771
f 769 770 651
f 651 768 769
f 769 891 892
f 769 771 772
f 769 772 889
f 889 891 769
f 513 512 638
f 638 639 513
f 513 514 387
f 386 512 513
f 513 387 386
f 892 1011 893
f 770 769 893
f 893 769 892
f 893 894 770
f 894 893 1012
f 1012 893 1011
f 2197 2373 2374
f 2375 2373 2197
f 2197 2365 2375
f 1855 2023 1853
f 1853 1686 1855
f 1684 1686 1853
f 2023 2022 1853
f 1855 1687 1858
f 1858 2023 1855
f 2026 2027 1858
f 2027 2023 1858
f 1685 1687 1534
f 1685 1849 1854
f 1854 1687 1685
f 1685 1533 1535
f 1534 1533 1685
f 2253 2080 2252
f 2253 2240 2254
f 2254 2080 2253
f 2240 2080 2254
f 1904 1898 1897
f 1904 2069 1898
f 2081 2069 1904
f 1904 2080 2081
f 2073 2080 1904
f 1904 1902 2073
f 1903 1902 1904
f 1737 1903 1904
f 2070 2069 2071
f 2071 1899 2070
f 2070 1899 2069
f 1327 1218 1215
f 1328 1343 1327
f 1336 1343 1328
f 1734 1587 1593
f 1593 1748 1734
f 1735 1587 1734
f 1734 1748 1735
f 1344 1345 1218
f 1218 1343 1344
f 1584 1466 1464
f 1345 1344 1464
f 1464 1456 1584
f 1464 1343 1457
f 1464 1344 1343
f 1464 1457 1458
f 1458 1456 1464
f 1218 1345 1342
f 1731 1588 1585
f 1585 1456 1582
f 1582 1731 1585
f 1583 1466 1584
f 1583 1588 1466
f 1584 1456 1583
f 1456 1585 1583
f 1583 1585 1588
f 2257 2263 2091
f 2085 2257 2091
f 2091 1917 2085
f 2433 2414 2253
f 2433 2263 2414
f 2442 2438 2439
f 2442 2592 2438
f 2450 2448 2288
f 2449 2448 2450
f 2095 2271 2096
f 2094 2271 2095
f 1922 2094 2095
f 2447 2271 2446
f 2446 2271 2270
f 2270 2445 2446
f 2093 2262 2260
f 2090 2089 2260
f 2260 2262 2090
f 2438 2434 2260
f 2587 2434 2438
f 2755 2911 2756
f 2756 2593 2755
f 3047 2911 3046
f 3046 2911 3045
f 3046 3173 3047
f 3045 3173 3046
f 3048 2911 3047
f 2911 3048 2912
f 2912 3048 3047
f 3044 3170 3045
f 3045 2911 3044
f 2911 3043 3044
f 3169 3170 3044
f 3044 3043 3169
f 2596 2587 2438
f 2756 2911 2759
f 2911 2912 2759
f 2261 2267 2439
f 2261 2259 2267
f 2439 2438 2261
f 2438 2260 2261
f 2089 2259 2261
f 2261 2260 2089
f 1914 1917 2087
f 1914 1913 2072
f 2087 1916 1914
f 1914 1916 1915
f 2086 1917 1914
f 1914 1915 1758
f 1758 1913 1914
f 2072 2084 1914
f 1914 2085 2086
f 1914 2084 2085
f 2093 1921 1920
f 2090 2093 1920
f 1920 1921 1760
f 1760 1919 1920
f 1920 1917 2090
f 1920 1919 1917
f 1972 2145 2146
f 2146 2145 2144
f 2147 1972 2146
f 2146 2144 2147
f 1971 1802 1970
f 1972 1802 1971
f 1970 2145 1971
f 1971 2145 1972
f 2136 2137 1966
f 1966 2137 2138
f 2138 1967 1966
f 1966 1967 1799
f 2319 2137 2318
f 2318 2317 2319
f 2482 2314 2315
f 2482 2317 2314
f 2316 2137 2136
f 2316 2317 2137
f 2136 2135 2316
f 2135 2317 2316
f 3123 3124 2991
f 3232 3107 3108
f 3108 3105 3232
f 2649 2653 2490
f 2824 2653 2649
f 2334 2335 2147
f 2502 2666 2504
f 2834 2664 2838
f 2659 2833 2826
f 3347 3233 3346
f 3348 3233 3347
f 2884 2728 2883
f 3137 3140 3138
f 3138 3140 3139
f 3138 3016 3137
f 3138 3139 3016
f 2138 2137 2321
f 2486 2649 2489
f 2140 2324 2325
f 2325 2326 2140
f 2324 2489 2325
f 2325 2489 2490
f 2147 2144 2331
f 3225 3219 3224
f 3225 3102 3219
f 3104 3105 2972
f 2972 3100 3099
f 3103 3104 2972
f 2972 3102 3103
f 3099 3101 2972
f 3101 3102 2972
f 3332 3333 3222
f 3332 3331 3411
f 3332 3412 3333
f 3329 3412 3332
f 3332 3411 3329
f 3218 3101 3098
f 3098 3217 3218
f 3217 3331 3218
f 3330 3217 3329
f 3330 3331 3217
f 3329 3411 3330
f 3411 3331 3330
f 3478 3442 3420
f 3223 3336 3337
f 3223 3101 3222
f 3224 3101 3223
f 3222 3334 3223
f 3476 3416 3441
f 3441 3477 3476
f 3476 3477 3416
f 3334 3416 3417
f 3416 3477 3417
f 3041 3166 3167
f 3167 3168 3041
f 3166 3274 3167
f 3167 3274 3168
f 3180 3166 3273
f 3273 3165 3180
f 3166 3165 3273
f 3055 3165 3041
f 3180 3165 3055
f 3370 3275 3369
f 3382 3427 3369
f 2763 2762 2909
f 2909 2755 2763
f 2909 2762 2913
f 2913 2922 2909
f 3367 3366 3365
f 3277 3366 3278
f 3372 3366 3277
f 3278 3168 3277
f 3168 3274 3277
f 3166 3275 3276
f 3276 3274 3166
f 3276 3277 3274
f 3370 3372 3276
f 3372 3277 3276
f 3481 3522 3490
f 3521 3522 3481
f 3431 3372 3370
f 3485 3475 3472
f 3472 3486 3485
f 3485 3433 3475
f 3485 3486 3433
f 3375 3281 3368
f 3375 3368 3365
f 3438 3487 3436
f 3438 3375 3437
f 3488 3489 3438
f 3489 3487 3438
f 3283 3173 3282
f 3174 3173 3283
f 3283 3284 3174
f 1061 1060 1193
f 1193 1192 1061
f 1060 1192 1193
f 1311 1191 1188
f 1188 1187 1311
f 1311 1187 1310
f 1312 1192 1189
f 1189 1191 1312
f 1056 935 1059
f 1059 1055 1188
f 935 1055 1059
f 1578 1728 1579
f 1579 1728 1582
f 1307 1437 1438
f 1438 1439 1307
f 1438 1437 1562
f 1438 1562 1563
f 1563 1439 1438
f 1184 1183 1307
f 2062 2065 1893
f 2062 2064 2065
f 1893 1892 2062
f 2062 1892 2064
f 2237 2065 2228
f 2228 2231 2237
f 2237 2231 2065
f 1893 2065 2058
f 2058 1890 1893
f 808 937 939
f 808 810 809
f 939 810 808
f 807 937 808
f 809 681 808
f 808 683 807
f 681 683 808
f 677 676 802
f 802 804 677
f 934 929 1053
f 1053 1055 934
f 1187 1055 1053
f 935 1054 933
f 806 932 933
f 933 932 803
f 796 674 795
f 795 675 796
f 795 929 930
f 676 675 798
f 798 675 795
f 795 794 925
f 925 923 795
f 794 923 925
f 924 794 793
f 793 923 924
f 924 923 794
f 1181 1047 1180
f 1182 1183 1047
f 1182 1305 1183
f 1047 1181 1182
f 1182 1181 1305
f 1307 1183 1306
f 1183 1305 1306
f 1306 1436 1307
f 1303 1179 1302
f 1179 1300 1302
f 1178 1298 1301
f 1301 1300 1178
f 1298 1427 1301
f 1301 1427 1300
f 1562 1561 1556
f 1558 1706 1556
f 1556 1706 1707
f 1556 1561 1557
f 1557 1433 1556
f 1556 1433 1558
f 1549 1427 1426
f 1426 1427 1298
f 1298 1425 1426
f 1303 1302 1431
f 1554 1706 1558
f 1877 1706 1704
f 1704 1876 1877
f 1557 1561 1559
f 1559 1561 1437
f 1303 1434 1435
f 1435 1559 1436
f 1435 1434 1557
f 1557 1559 1435
f 1299 1300 1179
f 1179 1175 1299
f 1178 1300 1177
f 1177 1175 1042
f 1300 1299 1177
f 1177 1299 1175
f 916 1035 1041
f 1041 919 916
f 306 416 418
f 306 418 419
f 419 420 306
f 306 307 223
f 306 420 307
f 223 305 306
f 305 416 306
f 555 554 672
f 672 793 673
f 672 680 793
f 673 546 672
f 553 425 552
f 552 669 553
f 553 669 680
f 680 672 553
f 553 672 554
f 426 555 427
f 426 554 555
f 426 553 554
f 425 553 426
f 427 309 426
f 426 309 425
f 417 428 545
f 545 428 555
f 545 546 417
f 555 672 545
f 545 672 546
f 668 539 667
f 668 669 539
f 668 667 789
f 789 669 668
f 303 304 222
f 222 302 303
f 415 302 414
f 414 423 415
f 304 303 415
f 415 303 302
f 415 308 304
f 423 308 415
f 299 409 410
f 299 300 222
f 299 410 300
f 408 409 299
f 407 408 299
f 222 298 299
f 298 407 299
f 1445 1317 1444
f 1445 1573 1574
f 1574 1446 1445
f 1445 1446 1317
f 1198 1317 1318
f 1319 1198 1318
f 1318 1446 1320
f 1317 1446 1318
f 1318 1199 1319
f 1320 1199 1318
f 1194 1192 1314
f 1314 1315 1194
f 1444 1315 1314
f 1314 1443 1444
f 1192 1312 1314
f 1314 1312 1191
f 1442 1443 1314
f 1063 1062 1196
f 1332 1334 1333
f 1203 1067 1202
f 1201 1204 1203
f 1203 1202 1201
f 1206 1326 1211
f 1211 1329 1330
f 1326 1329 1211
f 1324 1323 1451
f 1324 1204 1201
f 1201 1323 1324
f 1452 1451 1331
f 1331 1329 1452
f 1325 1326 1204
f 1325 1329 1326
f 1204 1324 1325
f 1325 1452 1329
f 1325 1324 1451
f 1451 1452 1325
f 422 421 434
f 434 319 422
f 307 421 422
f 422 319 307
f 812 685 684
f 684 682 812
f 685 557 684
f 557 682 684
f 807 683 679
f 683 561 679
f 678 807 679
f 679 561 562
f 562 551 679
f 679 551 678
f 811 940 941
f 940 1062 941
f 1062 1063 941
f 941 942 811
f 941 1063 942
f 324 323 437
f 233 323 324
f 324 234 233
f 437 564 565
f 1897 1747 1908
f 1908 1906 1897
f 1591 1740 1745
f 1740 1906 1745
f 1745 1746 1591
f 1747 1746 1745
f 1745 1908 1747
f 1906 1908 1745
f 1897 1905 1900
f 1737 1904 1900
f 1900 1904 1897
f 1900 1738 1737
f 1900 1905 1738
f 2406 2404 2408
f 2402 2404 2403
f 2400 2557 2402
f 2402 2224 2400
f 2403 2224 2402
f 2557 2401 2402
f 2567 2568 2419
f 2417 2561 2419
f 2561 2567 2419
f 2420 2244 2419
f 2419 2568 2420
f 1563 1714 1564
f 1714 1715 1564
f 1564 1439 1563
f 1564 1565 1439
f 1885 1882 2054
f 1885 1715 1882
f 2054 2055 1885
f 1885 1892 1725
f 1725 1720 1885
f 1721 1720 1725
f 1721 1577 1576
f 1725 1577 1721
f 1720 1721 1568
f 1568 1721 1576
f 1576 1573 1568
f 1718 1720 1719
f 1720 1568 1719
f 1310 1439 1441
f 1439 1565 1441
f 1441 1311 1310
f 1441 1568 1569
f 1569 1444 1441
f 1444 1443 1441
f 1441 1443 1442
f 2717 2567 2560
f 2715 2717 2560
f 2560 2716 2715
f 2560 2567 2561
f 2559 2716 2560
f 2560 2401 2559
f 2561 2402 2560
f 2560 2402 2401
f 2049 2051 1884
f 1884 2051 1882
f 1882 1881 1884
f 730 729 728
f 728 852 730
f 851 852 728
f 727 851 728
f 728 615 727
f 729 615 728
f 846 848 847
f 847 848 725
f 725 724 847
f 849 850 725
f 849 848 976
f 725 848 849
f 976 977 849
f 979 850 849
f 978 979 849
f 849 977 978
f 621 731 734
f 734 732 621
f 621 732 619
f 619 482 621
f 618 731 621
f 621 482 618
f 1109 979 978
f 1109 1110 979
f 978 1108 1109
f 1249 1115 1109
f 1109 1248 1249
f 1109 1108 1248
f 1109 1115 984
f 984 1110 1109
f 2278 2102 2280
f 2280 2102 2104
f 2455 2612 2280
f 2612 2456 2280
f 1941 1927 1776
f 1929 1927 1941
f 1776 1940 1941
f 1941 1940 1929
f 1931 1767 1930
f 1930 2102 1931
f 2100 2101 1928
f 1767 1931 1928
f 1928 2101 1932
f 1928 2103 2100
f 1928 1932 1768
f 1768 1767 1928
f 1928 2102 2103
f 1928 1931 2102
f 1485 1613 1614
f 1614 1615 1485
f 1613 1615 1614
f 1608 1483 1480
f 1776 1772 1616
f 1485 1615 1616
f 1776 1927 1934
f 1934 1772 1776
f 1626 1625 1785
f 1785 1625 1787
f 1945 1948 1784
f 1784 1623 1945
f 1623 1783 1945
f 1949 1948 1945
f 1946 2115 2116
f 2114 2115 1946
f 1771 1617 1610
f 1610 1617 1487
f 1609 1771 1610
f 1610 1482 1609
f 1487 1482 1610
f 1246 1363 1247
f 1247 1363 1248
f 1247 1108 1246
f 1248 1108 1247
f 1248 1363 1365
f 1365 1488 1366
f 1366 1248 1365
f 1487 1488 1365
f 1365 1363 1487
f 1486 1608 1480
f 1359 1363 1364
f 1364 1245 1359
f 1363 1245 1364
f 1780 1782 1621
f 1782 1781 1621
f 1621 1618 1780
f 1621 1490 1618
f 1619 1490 1621
f 1621 1781 1619
f 1944 1943 2114
f 2114 1946 1944
f 1944 1946 1783
f 1783 1782 1944
f 1782 1943 1944
f 1763 1762 1923
f 1923 1762 1761
f 1923 1760 1922
f 1761 1760 1923
f 1922 2095 1923
f 1923 2095 2096
f 2610 2776 2607
f 2607 2448 2610
f 2610 2448 2609
f 2609 2780 2779
f 2779 2610 2609
f 2776 2610 2779
f 2779 2780 2777
f 2777 2776 2779
f 2437 2590 2591
f 2591 2445 2437
f 2591 2751 2608
f 2749 2780 2750
f 2606 2448 2447
f 2447 2446 2606
f 2606 2446 2445
f 2445 2591 2606
f 2608 2448 2606
f 2606 2591 2608
f 2463 2448 2607
f 1926 2099 2083
f 1926 1764 1925
f 1926 2083 1910
f 1910 2082 1926
f 1912 1764 1926
f 1926 2082 1912
f 2274 2450 2288
f 2288 2275 2274
f 2275 2099 2274
f 2282 2283 2104
f 2104 2281 2282
f 2282 2281 2283
f 2110 2281 2112
f 2112 2281 2104
f 2112 1938 2110
f 2104 1938 2112
f 2111 1938 2104
f 2104 1940 2111
f 2111 1940 1938
f 1776 1615 1779
f 1779 1937 1776
f 1779 1615 1778
f 1936 1778 1774
f 1774 1935 1936
f 2107 2287 2109
f 2107 1936 1935
f 2107 1935 2106
f 2106 2287 2107
f 3396 3315 3318
f 3318 3400 3396
f 3312 3315 3396
f 3396 3400 3457
f 3313 3312 3396
f 3081 3066 3065
f 3065 3192 3081
f 3081 3192 3201
f 2945 3078 2944
f 2944 3076 2946
f 3076 2944 3077
f 3077 2944 3078
f 3204 3315 3200
f 3200 3315 3312
f 3200 3083 3204
f 3079 3078 2945
f 3083 3200 3079
f 3079 3200 3078
f 2938 2937 3072
f 2938 2784 2937
f 3072 2941 2938
f 2941 2939 2938
f 2939 2784 2938
f 2935 3068 2936
f 2936 2784 2935
f 3068 3069 2936
f 2936 3069 2937
f 2937 2784 2936
f 2285 2104 2284
f 2459 2285 2284
f 3194 3193 3310
f 3195 3069 3194
f 3069 3193 3194
f 3199 3310 3197
f 3310 3193 3197
f 3197 3193 3076
f 3197 3077 3199
f 3076 3077 3197
f 3310 3395 3311
f 3195 3194 3311
f 3311 3194 3310
f 3189 3064 3184
f 3065 3064 3189
f 3184 3064 3063
f 2930 3062 3063
f 3063 3064 2930
f 2930 3064 2932
f 2932 3066 2933
f 3065 3066 2932
f 2932 3064 3065
f 2932 2931 2930
f 2933 2780 2932
f 2780 2931 2932
f 2777 2780 2925
f 2930 2780 2929
f 2780 2928 2929
f 2954 2953 3084
f 3084 2956 2954
f 2799 2953 2954
f 2954 2800 2799
f 2954 2956 2800
f 3210 3208 3322
f 3467 3407 3405
f 3405 3407 3406
f 3405 3322 3402
f 3406 3325 3405
f 3405 3325 3324
f 3466 3402 3465
f 3467 3405 3466
f 3466 3405 3402
f 3470 3469 3516
f 3319 3401 3402
f 3208 3207 3319
f 3206 3320 3319
f 3319 3207 3206
f 3510 3466 3465
f 3541 3561 3542
f 3542 3561 3543
f 3514 3516 3469
f 3514 3517 3470
f 3470 3516 3514
f 3090 3212 3213
f 3089 3212 3090
f 3090 2961 3089
f 3213 3214 3090
f 3214 3215 3090
f 3215 3091 3090
f 3091 2961 3090
f 2808 2641 2638
f 2964 2809 2808
f 2809 2640 2808
f 2640 2641 2808
f 2808 2963 2964
f 2638 2807 2808
f 2808 2807 2963
f 2965 2966 2813
f 2813 2812 2965
f 2642 2812 2813
f 2951 2798 2797
f 2797 2798 2628
f 2628 2627 2797
f 3524 3548 3532
f 3532 3503 3524
f 3446 3496 3497
f 3389 3449 3450
f 3450 3449 3500
f 3500 3452 3450
f 3186 3062 3182
f 3174 3284 3268
f 3390 3302 3389
f 3389 3450 3390
f 3390 3450 3452
f 3302 3390 3391
f 3445 3392 3386
f 3386 3392 3305
f 3386 3388 3445
f 3386 3298 3388
f 651 659 652
f 652 523 651
f 652 653 523
f 659 528 652
f 528 653 652
f 93 166 167
f 167 180 168
f 167 166 180
f 260 178 259
f 261 178 260
f 259 357 260
f 260 357 261
f 261 357 358
f 358 476 477
f 356 476 358
f 358 357 356
f 263 180 179
f 179 262 263
f 247 180 265
f 465 463 601
f 465 464 463
f 465 348 347
f 347 464 465
f 834 712 711
f 711 710 834
f 597 710 711
f 712 597 711
f 258 177 257
f 258 259 254
f 258 352 353
f 258 354 259
f 353 354 258
f 475 615 616
f 616 477 475
f 477 476 475
f 475 476 355
f 726 725 727
f 727 615 726
f 726 611 725
f 724 611 723
f 846 847 723
f 723 847 724
f 1485 1486 1362
f 976 848 975
f 975 848 846
f 846 974 975
f 1105 1106 976
f 976 975 1105
f 1105 975 974
f 1243 1106 1105
f 1105 1104 1243
f 1105 974 973
f 973 1104 1105
f 846 723 845
f 845 974 846
f 973 974 845
f 139 138 68
f 138 69 68
f 592 707 708
f 707 717 708
f 605 717 718
f 718 717 707
f 707 832 718
f 1093 971 965
f 965 969 1093
f 1093 969 971
f 841 969 965
f 1098 1237 1099
f 1099 969 1098
f 971 969 1099
f 254 176 253
f 176 177 253
f 253 258 254
f 177 258 253
f 163 89 88
f 88 87 163
f 163 165 89
f 89 165 164
f 175 100 164
f 164 100 89
f 164 165 244
f 592 593 590
f 590 452 592
f 257 177 256
f 244 341 256
f 450 341 340
f 452 590 450
f 339 452 450
f 450 340 339
f 609 611 610
f 610 470 609
f 611 470 610
f 715 716 609
f 606 470 469
f 606 607 470
f 349 341 454
f 454 466 349
f 349 256 341
f 338 241 337
f 337 241 240
f 242 339 243
f 242 241 339
f 243 161 242
f 242 161 241
f 85 155 158
f 155 238 158
f 84 83 156
f 156 83 155
f 144 220 221
f 1296 1295 1420
f 1420 1423 1296
f 1295 1419 1420
f 1545 1423 1420
f 1420 1419 1545
f 1546 1547 1424
f 1546 1423 1545
f 1424 1423 1546
f 1545 1544 1546
f 1549 1424 1548
f 1424 1547 1548
f 1548 1551 1549
f 1547 1546 1548
f 1548 1546 1544
f 1174 1161 1040
f 1174 1173 1161
f 1174 1040 1036
f 1036 1173 1174
f 412 411 539
f 412 541 413
f 539 541 412
f 300 411 412
f 413 301 412
f 412 301 300
f 665 664 537
f 537 533 665
f 665 533 664
f 662 781 782
f 781 786 782
f 786 663 782
f 787 663 786
f 787 790 667
f 787 786 790
f 667 664 787
f 664 663 787
f 1292 1165 1291
f 1291 1288 1292
f 1036 1032 1160
f 1160 1159 1036
f 1032 1159 1160
f 1158 1163 1036
f 1036 1159 1158
f 1165 1163 1158
f 1158 1288 1165
f 2874 2875 2880
f 2710 2875 2874
f 2874 2711 2710
f 2880 2876 2874
f 2874 2876 2711
f 2871 2870 2873
f 2871 2708 2870
f 2709 2710 2551
f 2708 2871 2709
f 2873 2710 2709
f 2709 2871 2873
f 2870 2708 2872
f 2872 2708 2869
f 2872 3012 2870
f 2869 3012 2872
f 2551 2393 2550
f 2550 2709 2551
f 2869 2707 2706
f 2390 2550 2393
f 2544 2702 2545
f 2545 2388 2544
f 2079 2243 2073
f 2078 2243 2079
f 2073 1901 2079
f 1901 2078 2079
f 2244 2078 2251
f 2251 2416 2244
f 2234 2409 2411
f 2078 2248 2249
f 2249 2248 2236
f 2236 2411 2249
f 2713 2876 2721
f 2721 2876 2722
f 2715 2713 2721
f 2721 2571 2715
f 2722 2573 2721
f 2721 2573 2572
f 2572 2571 2721
f 2214 2395 2215
f 2215 2044 2214
f 2214 2044 2216
f 2039 2038 2040
f 2040 1868 2039
f 2039 1868 2038
f 1870 1696 1869
f 2041 2042 1869
f 2040 2041 1869
f 1869 1868 2040
f 1869 1696 1693
f 1693 1868 1869
f 2032 2205 2203
f 2198 2199 2029
f 2377 2199 2198
f 2387 2209 2208
f 2208 2386 2387
f 2387 2386 2209
f 1503 1514 1388
f 1388 1514 1386
f 1504 1503 1388
f 1388 1389 1504
f 1266 1389 1388
f 1388 1263 1266
f 1386 1263 1388
f 1269 1135 1134
f 1269 1271 1135
f 1392 1271 1269
f 1134 1270 1269
f 1269 1270 1392
f 1136 1135 1272
f 1135 1271 1272
f 2019 1851 1847
f 1847 1846 2019
f 1847 1681 1677
f 1851 1681 1847
f 1675 1521 1520
f 1518 1516 1671
f 2186 2191 2018
f 2011 2186 2018
f 2018 1846 2011
f 2019 1846 2018
f 2018 1850 2019
f 1680 1524 1528
f 1528 1681 1680
f 2021 2191 2020
f 2020 1850 2021
f 2021 2018 2191
f 1850 2018 2021
f 1690 1864 1691
f 1691 1538 1690
f 1691 1864 1865
f 1865 1692 1691
f 1692 1538 1691
f 1540 1539 1543
f 1543 1419 1540
f 1540 1418 1539
f 1540 1419 1418
f 1852 1683 1684
f 1684 1853 1852
f 1852 1853 2022
f 1536 1683 1688
f 1683 1852 1688
f 1862 2022 2027
f 1863 1689 1862
f 2027 2032 1862
f 1532 1408 1531
f 1531 1530 1532
f 1532 1530 1408
f 1038 915 914
f 1038 1039 915
f 914 1037 1038
f 1037 1039 1038
f 2171 2352 2353
f 1989 2352 2171
f 2351 2167 2165
f 2351 2352 2167
f 2351 2517 2352
f 2514 2517 2351
f 2165 2349 2351
f 2349 2514 2351
f 1806 1807 1650
f 1650 1805 1806
f 1806 1976 1975
f 1806 1805 1804
f 1804 1976 1806
f 2157 2340 2341
f 2157 2337 2153
f 2156 2340 2157
f 2157 1979 2156
f 2153 1979 2157
f 2160 2337 2345
f 2345 2346 2160
f 2501 2345 2337
f 2501 2511 2346
f 2346 2345 2501
f 2339 2503 2340
f 2339 2340 2156
f 2156 2338 2339
f 2339 2502 2504
f 2338 2502 2339
f 2155 2338 2156
f 2156 1979 2155
f 2159 2153 2160
f 2160 2158 2159
f 2159 1980 2153
f 2159 2158 1980
f 2699 2544 2540
f 2699 2703 2544
f 2702 2703 2865
f 3007 2866 2865
f 2865 2866 2702
f 2538 2688 2694
f 2859 2848 3004
f 2848 2847 3004
f 2850 2849 3005
f 2852 2851 2850
f 2850 3005 2852
f 2677 2849 2850
f 3002 3001 2864
f 2864 2857 3002
f 2857 2847 3002
f 3002 2846 3001
f 3002 2847 2846
f 2354 2517 2355
f 2355 2517 2518
f 2355 2176 2354
f 2518 2356 2355
f 2355 2356 2176
f 2357 2177 2176
f 2176 2356 2357
f 2356 2358 2357
f 2521 2358 2520
f 2520 2682 2521
f 2521 2682 2683
f 2683 2684 2521
f 2524 2369 2522
f 2522 2362 2361
f 2522 2369 2362
f 2687 2685 2527
f 2527 2686 2687
f 2687 2853 2685
f 2686 2853 2687
f 2852 3005 3006
f 3006 3005 2859
f 2842 2670 2841
f 2841 2670 2669
f 2506 2507 2341
f 2669 2670 2506
f 2341 2505 2506
f 2506 2505 2668
f 2668 2669 2506
f 2851 2679 2678
f 2677 2850 2678
f 2678 2850 2851
f 2678 2513 2512
f 2679 2513 2678
f 2514 2679 2680
f 2680 2679 2681
f 2518 2514 2680
f 2680 2681 2518
f 657 774 775
f 899 897 775
f 898 776 890
f 899 775 898
f 898 775 774
f 907 906 908
f 908 906 1031
f 1281 1019 1146
f 1146 1276 1279
f 1275 1276 1142
f 890 896 1010
f 1010 898 890
f 640 513 639
f 640 639 757
f 641 514 640
f 514 513 640
f 640 758 641
f 640 757 758
f 1137 1012 1011
f 1137 1009 1136
f 1137 1011 1009
f 2192 2197 2028
f 2028 2020 2192
f 1859 2020 2028
f 2028 2025 1859
f 2186 2365 2366
f 2365 2197 2366
f 2366 2197 2192
f 2192 2191 2366
f 2366 2191 2186
f 2194 2370 2195
f 2195 2025 2194
f 2025 2028 2194
f 2194 2028 2197
f 1857 1687 1856
f 1857 1858 1687
f 2026 1858 1857
f 1857 2024 2026
f 1857 1856 2024
f 2255 2080 2242
f 2255 2252 2080
f 2253 2252 2255
f 2255 2429 2253
f 1082 1215 1218
f 1083 954 1082
f 1082 1217 1083
f 1466 1345 1465
f 1465 1464 1466
f 1345 1464 1465
f 1593 1587 1594
f 1594 1468 1593
f 1587 1468 1594
f 1593 1468 1467
f 1467 1345 1466
f 1467 1468 1345
f 1345 1468 1459
f 1459 1342 1345
f 2265 2442 2266
f 2439 2267 2266
f 2266 2442 2439
f 2268 2269 2093
f 2093 2260 2268
f 2437 2269 2268
f 2268 2260 2437
f 2436 2590 2437
f 2437 2260 2436
f 2927 2780 2926
f 2926 3038 2927
f 3162 3268 3181
f 2911 2755 2910
f 2909 3041 2910
f 2910 2755 2909
f 2754 2593 2753
f 2754 2755 2593
f 2753 2763 2754
f 2754 2763 2755
f 3042 3043 2911
f 3042 2910 3041
f 2911 2910 3042
f 3271 3272 3164
f 3164 3042 3041
f 3043 3042 3164
f 3164 3272 3169
f 3169 3043 3164
f 3164 3163 3271
f 3041 3163 3164
f 3049 2912 3047
f 2757 2593 2756
f 2756 2759 2757
f 2906 2759 2912
f 2438 2593 2594
f 2594 2757 2759
f 1965 2135 2136
f 2136 1966 1965
f 1964 2135 1965
f 1799 1964 1965
f 1965 1966 1799
f 3124 3123 3246
f 3246 3251 3247
f 3247 3125 3246
f 3125 3124 3246
f 2835 2989 2836
f 2836 2664 2835
f 2989 3123 2836
f 3105 3108 2976
f 2822 2647 2821
f 2485 2319 2317
f 2485 2482 2315
f 2317 2482 2485
f 2333 2334 2147
f 2334 2333 2498
f 2666 2502 2498
f 2504 2666 2667
f 2666 2834 2667
f 2667 2505 2504
f 2668 2505 2667
f 2495 2664 2662
f 2664 2834 2662
f 2662 2496 2495
f 2833 2988 2978
f 2978 2989 2835
f 3122 3123 2989
f 3122 3245 3123
f 3120 2988 3119
f 2658 2659 2490
f 2490 2657 2658
f 3232 3229 3231
f 3231 3229 3104
f 3104 3230 3231
f 3231 3230 3346
f 3346 3233 3231
f 2835 2664 2663
f 2663 2664 2495
f 2825 2826 2833
f 3344 3227 3343
f 3343 3347 3344
f 3264 3239 3153
f 3025 2884 2883
f 3024 3025 2883
f 2889 2890 2736
f 2323 2138 2322
f 2138 2321 2322
f 2322 2324 2323
f 2322 2321 2324
f 2137 2319 2320
f 2320 2321 2137
f 2319 2485 2320
f 2320 2485 2486
f 2650 2649 2490
f 2490 2489 2650
f 2650 2489 2649
f 2487 2489 2324
f 2321 2320 2487
f 2486 2489 2487
f 2487 2320 2486
f 2140 2326 2327
f 2326 2329 2327
f 2147 2331 2143
f 2143 2327 2329
f 2143 2331 2144
f 2143 2144 1970
f 1970 2142 2143
f 2652 2661 2492
f 2493 2325 2492
f 2332 2325 2493
f 2493 2492 2332
f 2326 2325 2332
f 2147 2329 2332
f 2332 2329 2326
f 2495 2496 2332
f 2332 2333 2147
f 3103 3102 3226
f 3102 3225 3226
f 3226 3227 3103
f 3340 3227 3226
f 3221 3332 3222
f 3331 3332 3221
f 3222 3101 3221
f 3418 3477 3442
f 3442 3478 3418
f 3334 3417 3418
f 3418 3417 3477
f 3418 3478 3420
f 3338 3223 3337
f 3337 3226 3338
f 3338 3226 3225
f 3338 3225 3224
f 3224 3223 3338
f 2920 3055 2921
f 3041 2922 2921
f 2921 3055 3041
f 3180 3055 3179
f 3428 3427 3370
f 3370 3369 3428
f 3428 3369 3427
f 3382 3369 3292
f 3292 3369 3275
f 3292 3275 3180
f 3180 3291 3292
f 3292 3291 3382
f 2920 2921 2768
f 2768 2921 2922
f 2768 2913 2762
f 2922 2913 2768
f 2753 2592 2601
f 2592 2442 2601
f 2601 2763 2753
f 2762 2763 2601
f 3269 3168 3278
f 3278 3366 3269
f 3366 3367 3269
f 3365 3270 3269
f 3269 3367 3365
f 3163 3168 3269
f 3269 3270 3163
f 3371 3275 3370
f 3370 3276 3371
f 3371 3276 3275
f 3483 3481 3490
f 3521 3481 3520
f 3520 3486 3472
f 3472 3470 3520
f 3520 3519 3521
f 3520 3470 3519
f 3480 3520 3481
f 3425 3375 3365
f 3425 3366 3426
f 3365 3366 3425
f 3172 3173 3045
f 3282 3173 3172
f 3280 3374 3282
f 3282 3172 3280
f 3376 3438 3436
f 3375 3438 3376
f 3436 3374 3376
f 3281 3375 3376
f 3300 3283 3282
f 3282 3374 3300
f 3300 3374 3301
f 3284 3283 3187
f 3187 3300 3301
f 3283 3300 3187
f 3187 3299 3188
f 3301 3302 3187
f 3187 3302 3299
f 3187 3062 3186
f 3188 3062 3187
f 1320 1446 1447
f 1447 1573 1576
f 1574 1573 1447
f 1447 1446 1574
f 1576 1577 1447
f 1447 1577 1575
f 1190 1191 1056
f 1056 1059 1190
f 1188 1191 1190
f 1190 1059 1188
f 1895 1729 1896
f 1729 1894 1896
f 1896 1743 1895
f 1907 1743 1896
f 1896 1894 1907
f 1733 1729 1582
f 1733 1894 1729
f 1728 1894 1733
f 2066 2074 1901
f 1901 1907 2066
f 1907 1894 2066
f 2066 2075 2074
f 1727 1728 1578
f 1727 1894 1728
f 1448 1449 1320
f 1448 1575 1578
f 1578 1579 1448
f 1320 1447 1448
f 1448 1447 1575
f 1450 1449 1581
f 1449 1579 1581
f 1581 1453 1450
f 1582 1453 1581
f 1581 1579 1582
f 1575 1577 1723
f 1310 1187 1309
f 1049 1048 1183
f 1183 1184 1049
f 676 800 801
f 801 800 804
f 801 802 676
f 804 802 801
f 804 800 805
f 805 933 803
f 805 929 934
f 805 803 677
f 677 804 805
f 934 935 805
f 935 933 805
f 938 1054 936
f 938 933 1054
f 938 936 806
f 806 933 938
f 797 675 674
f 674 796 797
f 797 796 675
f 799 800 676
f 676 798 799
f 929 805 799
f 799 805 800
f 799 930 929
f 799 798 930
f 795 930 931
f 931 798 795
f 930 798 931
f 1305 1181 1304
f 1304 1306 1305
f 1436 1306 1304
f 1304 1181 1180
f 1180 1179 1304
f 1304 1435 1436
f 1304 1179 1303
f 1303 1435 1304
f 1427 1551 1429
f 1708 1556 1707
f 1708 1882 1714
f 1708 1881 1882
f 1708 1707 1880
f 1708 1884 1881
f 1550 1425 1549
f 1549 1426 1550
f 1550 1426 1425
f 1558 1433 1555
f 1433 1431 1555
f 1555 1554 1558
f 1431 1554 1555
f 1432 1433 1303
f 1303 1431 1432
f 1432 1431 1433
f 1551 1431 1430
f 1430 1431 1302
f 1430 1429 1551
f 1302 1429 1430
f 1553 1554 1431
f 1702 1704 1553
f 1700 1874 1703
f 1437 1436 1560
f 1560 1559 1437
f 1436 1559 1560
f 1178 1177 1043
f 1042 919 1043
f 919 1041 1043
f 1573 1445 1572
f 1572 1568 1573
f 1572 1570 1569
f 1569 1568 1572
f 1064 1196 1197
f 1064 1063 1196
f 942 1063 1064
f 1197 1065 1064
f 1065 942 1064
f 1072 946 1068
f 1068 1067 1072
f 1213 1211 1330
f 1332 1333 1213
f 1213 1334 1335
f 1213 1333 1334
f 1335 1336 1213
f 1336 1328 1213
f 1213 1331 1332
f 1330 1329 1213
f 1213 1329 1331
f 1327 1215 1209
f 1209 1328 1327
f 335 238 334
f 334 240 335
f 589 449 585
f 585 442 584
f 447 337 449
f 338 337 447
f 447 339 338
f 451 339 447
f 588 449 589
f 589 700 588
f 588 447 449
f 583 700 589
f 584 442 583
f 2059 2231 2232
f 2065 2231 2059
f 2059 2058 2065
f 1890 2058 2059
f 2059 2057 1890
f 1894 1727 1889
f 2563 2408 2561
f 2409 2408 2563
f 2563 2561 2417
f 2417 2409 2563
f 2233 2409 2234
f 2233 2408 2409
f 2233 2059 2232
f 2234 2059 2233
f 2562 2408 2404
f 2404 2402 2562
f 2561 2408 2562
f 2562 2402 2561
f 2418 2244 2417
f 2417 2419 2418
f 2418 2419 2244
f 1565 1564 1716
f 1716 1715 1718
f 1716 1564 1715
f 1718 1715 1886
f 1715 1885 1886
f 2056 1885 2055
f 1892 1885 2056
f 2056 2055 2063
f 2063 1892 2056
f 1313 1441 1442
f 1311 1441 1313
f 1191 1311 1313
f 1313 1314 1191
f 1442 1314 1313
f 1883 1879 2049
f 2049 1884 1883
f 1883 1880 1879
f 1883 1708 1880
f 1884 1708 1883
f 480 617 618
f 618 482 480
f 360 361 261
f 362 262 261
f 261 361 362
f 1600 1613 1485
f 1750 1911 1774
f 1910 1911 1750
f 1605 1606 1475
f 1475 1604 1605
f 1475 1587 1604
f 1483 1608 1611
f 1612 1483 1611
f 1611 1486 1485
f 1608 1486 1611
f 1611 1772 1612
f 1485 1616 1611
f 1611 1616 1772
f 1777 1615 1776
f 1776 1616 1777
f 1777 1616 1615
f 1773 1927 1766
f 1773 1934 1927
f 1772 1934 1773
f 1766 1765 1773
f 1773 1765 1612
f 1612 1772 1773
f 1947 1945 1783
f 1783 1946 1947
f 1947 1946 2116
f 2116 2117 1947
f 1947 2117 1949
f 1949 1945 1947
f 1924 1923 2096
f 1924 2097 1925
f 2096 2097 1924
f 1925 1763 1924
f 1763 1923 1924
f 2750 2751 2589
f 2589 2749 2750
f 2589 2591 2590
f 2751 2591 2589
f 2780 2749 2752
f 2288 2448 2462
f 2448 2463 2462
f 2462 2289 2288
f 2462 2463 2289
f 2097 2274 2098
f 2098 2274 2099
f 2099 1926 2098
f 1925 2097 2098
f 2098 1926 1925
f 2273 2274 2097
f 2450 2274 2273
f 2273 2097 2272
f 2272 2449 2273
f 2449 2450 2273
f 1937 1779 1942
f 1942 2107 1937
f 1936 2107 1942
f 1942 1779 1778
f 1778 1936 1942
f 2109 1937 2108
f 2108 2107 2109
f 1937 2107 2108
f 3459 3396 3458
f 3458 3396 3457
f 3316 3203 3202
f 3202 3309 3316
f 3317 3203 3316
f 3316 3309 3317
f 3083 3079 2949
f 2945 2793 2949
f 2949 3079 2945
f 2933 3066 3067
f 3066 3081 3067
f 3198 3312 3199
f 3198 3200 3312
f 3199 3077 3198
f 3198 3077 3078
f 3078 3200 3198
f 2104 2285 2286
f 2455 2280 2286
f 2286 2280 2104
f 2788 2617 2789
f 2935 2788 2789
f 2789 2943 2935
f 2619 2789 2617
f 2458 2457 2615
f 2607 2777 2778
f 2778 2622 2607
f 2777 2622 2778
f 2621 2463 2607
f 2607 2622 2621
f 2464 2457 2289
f 2464 2621 2622
f 2464 2615 2457
f 2622 2615 2464
f 2289 2463 2464
f 2463 2621 2464
f 3065 3189 3190
f 3185 3062 3184
f 3184 3063 3185
f 3185 3063 3062
f 3061 3062 2930
f 3061 3182 3062
f 3322 3405 3404
f 3404 3405 3324
f 3403 3462 3401
f 3464 3462 3508
f 3464 3508 3465
f 3465 3402 3464
f 3402 3322 3321
f 3321 3319 3402
f 3321 3322 3208
f 3208 3319 3321
f 3540 3510 3539
f 3511 3510 3540
f 3466 3510 3511
f 3511 3540 3541
f 3541 3542 3511
f 3467 3466 3511
f 3408 3407 3468
f 3468 3407 3467
f 3468 3469 3408
f 3468 3514 3469
f 2645 2644 2642
f 2970 2966 3100
f 2970 2817 2966
f 2973 2972 3105
f 2973 2817 2972
f 3105 2976 2973
f 3554 3532 3548
f 3554 3548 3569
f 3569 3555 3554
f 3503 3532 3533
f 3532 3554 3533
f 3533 3555 3556
f 3533 3554 3555
f 3529 3530 3495
f 3536 3529 3504
f 3504 3529 3495
f 3493 3528 3496
f 3496 3446 3493
f 3447 3446 3497
f 3388 3446 3447
f 3497 3498 3447
f 3447 3498 3455
f 3447 3455 3445
f 3445 3388 3447
f 3293 3268 3284
f 3293 3187 3186
f 3284 3187 3293
f 3181 3268 3293
f 3186 3182 3293
f 3293 3182 3181
f 3303 3302 3304
f 3302 3391 3304
f 3304 3188 3303
f 3294 3188 3304
f 3451 3390 3452
f 3452 3391 3451
f 3451 3391 3390
f 3388 3298 3387
f 3387 3446 3388
f 3308 3392 3394
f 3445 3455 3394
f 3394 3392 3445
f 3393 3454 3398
f 3393 3398 3317
f 3393 3394 3454
f 3184 3298 3295
f 3298 3386 3295
f 456 455 366
f 343 455 456
f 456 457 343
f 595 457 456
f 456 481 594
f 594 595 456
f 342 455 343
f 342 262 366
f 366 455 342
f 343 247 342
f 247 265 342
f 351 258 257
f 352 258 351
f 615 475 613
f 613 726 615
f 355 472 473
f 614 613 473
f 472 470 473
f 611 726 612
f 614 473 612
f 612 613 614
f 726 613 612
f 612 470 611
f 612 473 470
f 1358 1481 1359
f 1480 1481 1358
f 1479 1486 1480
f 1479 1362 1486
f 1480 1358 1479
f 1479 1358 1362
f 609 716 720
f 837 841 965
f 716 841 837
f 965 971 970
f 970 842 965
f 722 723 611
f 722 845 723
f 592 708 709
f 709 708 717
f 709 593 592
f 709 604 593
f 717 604 709
f 719 716 605
f 605 718 719
f 719 718 716
f 832 959 839
f 839 718 832
f 716 718 839
f 1086 969 968
f 969 841 968
f 1100 1099 1237
f 87 161 162
f 162 163 87
f 165 163 162
f 243 165 162
f 162 161 243
f 86 161 87
f 37 85 86
f 86 87 37
f 85 158 159
f 159 238 240
f 159 158 238
f 244 256 245
f 245 256 177
f 245 177 175
f 245 164 244
f 175 164 245
f 593 454 453
f 454 341 453
f 341 450 453
f 608 715 609
f 609 470 608
f 470 607 608
f 607 606 608
f 608 606 715
f 603 606 469
f 603 466 602
f 603 602 605
f 605 716 603
f 716 715 603
f 715 606 603
f 441 442 331
f 332 237 331
f 331 237 330
f 85 84 157
f 84 156 157
f 157 155 85
f 157 156 155
f 236 329 294
f 294 221 236
f 236 221 220
f 328 329 236
f 236 151 235
f 236 220 151
f 327 328 236
f 235 234 236
f 236 234 327
f 152 83 144
f 144 221 152
f 330 237 239
f 154 238 155
f 155 83 154
f 1700 1548 1699
f 1699 1548 1544
f 1698 1700 1699
f 1543 1698 1699
f 1699 1544 1543
f 783 663 662
f 662 782 783
f 783 782 663
f 1165 1288 1290
f 1290 1291 1165
f 1288 1291 1290
f 1154 1284 1157
f 2246 2241 2073
f 2073 2245 2246
f 2245 2426 2246
f 2432 2433 2253
f 2263 2433 2432
f 2869 2706 2705
f 2705 2706 2547
f 2705 2868 2869
f 2867 2868 2705
f 2210 2390 2391
f 2391 2390 2393
f 2213 2210 2391
f 2547 2390 2389
f 2210 2388 2389
f 2389 2390 2210
f 2547 2706 2548
f 2548 2390 2547
f 2548 2706 2707
f 2707 2708 2548
f 2388 2545 2546
f 2547 2389 2546
f 2546 2389 2388
f 2236 2234 2410
f 2410 2411 2236
f 2234 2411 2410
f 2250 2409 2417
f 2250 2411 2409
f 2250 2249 2411
f 2417 2244 2250
f 2244 2416 2250
f 2416 2251 2250
f 2250 2251 2078
f 2078 2249 2250
f 2216 2395 2394
f 2394 2214 2216
f 2395 2214 2394
f 1870 1869 1871
f 1697 1870 1871
f 1871 1872 1697
f 1871 2042 1872
f 1871 1869 2042
f 2031 2198 2029
f 2031 2029 1863
f 1863 1862 2031
f 2376 2380 2377
f 2377 2198 2376
f 1846 1847 1676
f 1676 1522 1673
f 1677 1522 1676
f 1676 1847 1677
f 1397 1521 1519
f 1397 1520 1521
f 1397 1519 1398
f 1517 1520 1397
f 1672 1518 1671
f 1672 1671 1840
f 1672 1520 1517
f 1517 1518 1672
f 1840 1675 1672
f 1675 1520 1672
f 1278 1403 1404
f 1403 1528 1404
f 1404 1528 1524
f 1527 1403 1523
f 1527 1528 1403
f 1527 1523 1677
f 1677 1681 1527
f 1681 1528 1527
f 1679 1524 1678
f 1679 1526 1524
f 1400 1404 1524
f 1400 1275 1278
f 1278 1404 1400
f 1537 1689 1690
f 1537 1688 1689
f 1417 1416 1537
f 1537 1416 1536
f 1536 1688 1537
f 2022 1862 1860
f 1860 1862 1689
f 1860 1852 2022
f 1689 1688 1860
f 1860 1688 1852
f 2353 2173 2172
f 2172 2171 2353
f 2172 2173 1989
f 1989 2171 2172
f 2342 2157 2341
f 2337 2157 2342
f 2341 2501 2342
f 2342 2501 2337
f 2508 2507 2511
f 2511 2501 2508
f 2341 2507 2508
f 2508 2501 2341
f 2335 2155 2154
f 2154 2155 1979
f 1977 1806 1975
f 2703 2699 2698
f 2698 2540 2697
f 2698 2699 2540
f 2697 2696 2698
f 2698 2696 2860
f 2860 2862 2698
f 2695 2693 2538
f 2538 2694 2695
f 2691 2693 2695
f 3003 2847 2857
f 2857 3004 3003
f 3003 3004 2847
f 2180 1999 2179
f 2181 1999 2180
f 2180 2357 2358
f 2523 2684 2524
f 2523 2521 2684
f 2689 2688 2530
f 2530 2685 2689
f 2854 2694 2688
f 2688 2689 2854
f 2859 2694 2854
f 2685 2853 2854
f 2854 2689 2685
f 2855 2853 2686
f 2855 2686 2852
f 2852 3006 2855
f 2855 3006 2859
f 2859 2854 2855
f 2855 2854 2853
f 2994 2842 2840
f 2842 2841 2840
f 2840 2841 2669
f 2840 2992 2991
f 2840 2669 2668
f 2838 2992 2840
f 2507 2506 2671
f 2671 2506 2670
f 2672 2507 2671
f 2671 2843 2672
f 2671 2670 2843
f 784 785 662
f 1159 1031 1030
f 1030 1031 906
f 1030 1158 1159
f 1030 1157 1158
f 1032 909 1033
f 909 1031 1033
f 1033 1159 1032
f 1033 1031 1159
f 908 1031 910
f 910 1031 909
f 910 781 908
f 910 909 781
f 1281 1282 1152
f 1152 1147 1281
f 1151 1147 1152
f 1412 1286 1405
f 1286 1282 1405
f 1406 1282 1281
f 1017 895 1143
f 1143 1019 1017
f 1143 1142 1276
f 1020 896 1019
f 1020 1010 896
f 1019 1147 1020
f 1020 1147 1149
f 1149 1021 1020
f 1020 1021 899
f 899 898 1020
f 898 1010 1020
f 2253 2429 2430
f 2565 2430 2566
f 2566 2430 2429
f 1219 1082 1218
f 1206 1077 1207
f 1220 1087 1084
f 1083 1217 1084
f 1217 1220 1084
f 1084 954 1083
f 1084 955 954
f 958 957 1080
f 1080 1087 958
f 1086 968 958
f 958 959 832
f 832 957 958
f 958 968 841
f 1591 1593 1592
f 1593 1467 1592
f 1592 1466 1591
f 1592 1467 1466
f 1586 1468 1587
f 1586 1459 1468
f 2265 2266 2092
f 2092 2266 2267
f 2092 2091 2265
f 1917 2091 2092
f 2092 2267 2258
f 2258 2088 2092
f 2088 1917 2092
f 2442 2441 2597
f 2598 2597 2440
f 2440 2597 2441
f 2927 3038 3058
f 3174 3268 3175
f 3268 3162 3175
f 3047 3174 3175
f 3175 3162 3047
f 3047 3162 3040
f 3040 3049 3047
f 2912 3049 3040
f 2907 2906 3040
f 3040 2906 2912
f 2746 2906 2907
f 2759 2906 2746
f 2746 2594 2759
f 2596 2594 2746
f 2595 2596 2438
f 2438 2594 2595
f 2595 2594 2596
f 2593 2757 2758
f 2758 2594 2593
f 2757 2594 2758
f 2990 2836 3123
f 2990 3123 2991
f 3106 3108 3107
f 3107 2976 3106
f 3106 2976 3108
f 2824 2649 2823
f 2823 2649 2647
f 2484 2485 2315
f 2654 2653 2824
f 2490 2653 2654
f 2824 2823 2654
f 2654 2822 2821
f 2821 2828 2654
f 2647 2822 2654
f 2654 2823 2647
f 2821 2976 2977
f 2977 2828 2821
f 2977 2976 3107
f 2499 2496 2666
f 2666 2498 2499
f 2499 2498 2333
f 2334 2498 2500
f 2335 2334 2500
f 2338 2155 2500
f 2500 2155 2335
f 2839 2834 2838
f 2839 2667 2834
f 2668 2667 2839
f 2839 2840 2668
f 2838 2840 2839
f 2665 2834 2666
f 2665 2662 2834
f 2666 2496 2665
f 2496 2662 2665
f 3252 3140 3251
f 3241 3119 3117
f 2833 2978 2827
f 2827 2661 2652
f 2827 2978 2835
f 2827 2825 2833
f 2652 2825 2827
f 2835 2663 2827
f 2827 2663 2661
f 3110 3122 2989
f 2988 3122 3110
f 2989 2978 3110
f 3110 2978 2988
f 3121 2988 3120
f 3121 3122 2988
f 2987 3119 2986
f 2986 2985 2987
f 3117 3119 3118
f 2832 2657 2830
f 2987 2985 2832
f 3234 3350 3236
f 2660 2663 2495
f 2661 2663 2660
f 2660 2492 2661
f 2826 2825 2651
f 2490 2659 2651
f 2659 2826 2651
f 2651 2652 2490
f 2651 2825 2652
f 3346 3230 3345
f 3345 3347 3346
f 3345 3344 3347
f 3345 3230 3228
f 3228 3227 3345
f 3227 3344 3345
f 3289 3381 3290
f 3290 3180 3289
f 3180 3288 3289
f 3440 3383 3381
f 3421 3383 3440
f 3440 3422 3421
f 2423 2245 2422
f 2427 2423 2577
f 2427 2246 2426
f 2732 2577 2579
f 2766 2601 2765
f 3263 3264 3153
f 3255 3264 3263
f 3031 3152 3153
f 3149 3030 3146
f 3149 3031 3030
f 3152 3031 3149
f 3017 3139 3018
f 3018 3141 3142
f 3139 3140 3018
f 3140 3141 3018
f 2881 3017 3018
f 3257 3149 3146
f 3152 3149 3257
f 3023 3024 2883
f 3265 3364 3266
f 3026 3027 2890
f 2884 3025 3026
f 3025 3024 3026
f 2736 2890 2891
f 2890 3027 2891
f 2324 2321 2488
f 2488 2487 2324
f 2321 2487 2488
f 2330 2329 2147
f 2147 2143 2330
f 2330 2143 2329
f 2141 2143 2142
f 2141 1969 1968
f 2141 2142 1970
f 1970 1969 2141
f 1968 2139 2141
f 2139 2140 2141
f 2491 2325 2490
f 2491 2492 2325
f 2490 2652 2491
f 2652 2492 2491
f 3339 3337 3340
f 3340 3226 3339
f 3339 3226 3337
f 3220 3218 3331
f 3331 3221 3220
f 3101 3218 3220
f 3220 3221 3101
f 3419 3336 3335
f 3420 3419 3335
f 3335 3418 3420
f 3336 3223 3335
f 3335 3223 3334
f 3334 3418 3335
f 2761 2768 2762
f 2762 2601 2761
f 2761 2601 2768
f 3481 3483 3482
f 3490 3491 3439
f 3439 3483 3490
f 3491 3492 3439
f 3439 3492 3488
f 3437 3375 3439
f 3375 3425 3439
f 3488 3438 3439
f 3439 3438 3437
f 3433 3486 3484
f 3486 3520 3484
f 3520 3480 3484
f 3430 3431 3370
f 3430 3480 3481
f 3481 3482 3430
f 3430 3434 3372
f 3372 3431 3430
f 3430 3482 3483
f 3279 3280 3171
f 3171 3280 3172
f 3171 3170 3271
f 3045 3170 3171
f 3171 3172 3045
f 3271 3281 3171
f 3281 3279 3171
f 3374 3280 3373
f 3373 3376 3374
f 3373 3280 3279
f 3373 3279 3281
f 3281 3376 3373
f 1582 1728 1732
f 1732 1733 1582
f 1728 1733 1732
f 2068 2238 2075
f 2075 2066 2068
f 2068 2066 1894
f 2235 2238 2068
f 2068 2060 2235
f 1580 1579 1449
f 1449 1448 1580
f 1580 1448 1579
f 1725 1890 1726
f 1890 1723 1726
f 1726 1577 1725
f 1726 1723 1577
f 1308 1309 1184
f 1307 1439 1308
f 1308 1184 1307
f 1440 1439 1310
f 1310 1309 1440
f 1440 1308 1439
f 1309 1308 1440
f 1184 1309 1185
f 1185 1309 1187
f 1048 1049 927
f 1300 1427 1428
f 1427 1429 1428
f 1428 1302 1300
f 1428 1429 1302
f 1711 1708 1714
f 1714 1713 1711
f 1562 1556 1709
f 1556 1708 1709
f 1706 1554 1705
f 1554 1553 1705
f 1705 1704 1706
f 1705 1553 1704
f 1876 1704 1701
f 1701 1704 1702
f 1552 1548 1700
f 1700 1703 1552
f 1551 1548 1552
f 1552 1701 1702
f 1703 1701 1552
f 1702 1553 1552
f 1552 1431 1551
f 1552 1553 1431
f 1176 1177 1042
f 1042 1043 1176
f 1176 1043 1177
f 1162 1041 1035
f 1162 1043 1041
f 1178 1043 1162
f 1035 1161 1162
f 1172 1178 1162
f 1162 1161 1172
f 1444 1570 1571
f 1570 1572 1571
f 1571 1445 1444
f 1571 1572 1445
f 1214 1213 1328
f 1328 1209 1214
f 1214 1079 1213
f 1209 1079 1214
f 1215 1082 1081
f 1081 1209 1215
f 1081 1082 954
f 954 1079 1081
f 1081 1079 1209
f 445 334 332
f 334 445 446
f 238 237 333
f 333 334 238
f 333 237 332
f 332 334 333
f 332 442 444
f 442 585 444
f 444 445 332
f 449 445 444
f 705 588 700
f 589 585 704
f 704 583 589
f 704 585 584
f 584 583 704
f 700 583 580
f 2061 2059 2234
f 2057 2059 2061
f 2061 2234 2236
f 2061 2236 2235
f 2235 2060 2061
f 1891 2060 1894
f 2057 2061 1891
f 1891 2061 2060
f 1890 2057 1891
f 1722 1727 1578
f 1722 1889 1727
f 1578 1575 1722
f 2406 2408 2407
f 2408 2233 2407
f 2232 2406 2407
f 2407 2233 2232
f 1717 1716 1718
f 1566 1441 1565
f 1565 1716 1566
f 1716 1717 1566
f 1887 1885 1720
f 1887 1886 1885
f 1887 1720 1718
f 1718 1886 1887
f 363 480 482
f 363 482 481
f 262 362 363
f 361 480 363
f 363 362 361
f 478 358 477
f 477 360 478
f 261 358 359
f 359 360 261
f 358 478 359
f 359 478 360
f 479 480 361
f 361 360 479
f 479 360 477
f 479 477 616
f 616 617 479
f 617 480 479
f 1613 1600 1599
f 1599 1600 1473
f 1088 1221 1086
f 1086 958 1088
f 1088 958 1087
f 1217 1221 1088
f 1351 1473 1353
f 1752 1764 1912
f 1606 1764 1752
f 1912 1910 1752
f 2435 2589 2590
f 2590 2436 2435
f 2434 2587 2435
f 2435 2260 2434
f 2435 2436 2260
f 2780 2752 2908
f 2905 2908 2752
f 3038 2926 2905
f 2905 2926 2780
f 2780 2908 2905
f 2749 2589 2748
f 2748 2752 2749
f 2589 2752 2748
f 3083 2949 3082
f 3201 3083 3082
f 3082 3081 3201
f 3080 3067 3081
f 2933 3067 2934
f 2934 2780 2933
f 2934 2925 2780
f 2285 2459 2461
f 2461 2286 2285
f 2461 2617 2620
f 2461 2459 2617
f 2461 2620 2455
f 2455 2286 2461
f 2793 2619 2792
f 2792 2925 2947
f 2791 2944 2946
f 2946 2943 2791
f 2943 2789 2791
f 2789 2619 2791
f 2458 2615 2616
f 3306 3189 3305
f 3306 3190 3189
f 3305 3392 3306
f 3306 3392 3308
f 3308 3190 3306
f 3065 3190 3191
f 3191 3309 3202
f 3191 3192 3065
f 3202 3192 3191
f 2930 2929 3060
f 3060 3061 2930
f 3060 2929 2928
f 2927 3058 3059
f 3181 3182 3059
f 3182 3061 3059
f 3059 3162 3181
f 3059 3058 3162
f 3324 3210 3323
f 3323 3404 3324
f 3210 3322 3323
f 3322 3404 3323
f 3401 3462 3463
f 3462 3464 3463
f 3402 3401 3463
f 3463 3464 3402
f 3538 3510 3537
f 3538 3539 3510
f 3560 3540 3559
f 3540 3539 3559
f 3515 3542 3543
f 3467 3511 3512
f 3512 3468 3467
f 3512 3511 3542
f 3542 3515 3512
f 3512 3515 3468
f 2966 2817 2815
f 2815 2813 2966
f 2644 2645 2481
f 2480 2644 2481
f 2315 2313 2481
f 2971 2970 3100
f 2817 2970 2971
f 3100 2972 2971
f 2972 2817 2971
f 2975 2969 2821
f 2968 2973 2976
f 2968 2976 2821
f 2821 2969 2968
f 2968 2969 2817
f 2817 2973 2968
f 3534 3535 3503
f 3503 3533 3534
f 3534 3553 3535
f 3534 3533 3556
f 3552 3536 3531
f 3536 3504 3531
f 3531 3553 3552
f 3535 3553 3531
f 3503 3535 3531
f 3385 3298 3294
f 3294 3304 3385
f 3385 3304 3391
f 3385 3387 3298
f 3444 3494 3495
f 3444 3385 3391
f 3495 3493 3444
f 3444 3493 3446
f 3461 3398 3460
f 3398 3454 3460
f 3454 3505 3460
f 3456 3394 3455
f 3454 3394 3456
f 3307 3393 3317
f 3317 3309 3307
f 3308 3394 3307
f 3394 3393 3307
f 3307 3190 3308
f 3309 3191 3307
f 3307 3191 3190
f 3297 3189 3184
f 3305 3189 3297
f 3296 3386 3305
f 3296 3295 3386
f 3305 3297 3296
f 3184 3295 3296
f 3296 3297 3184
f 264 263 262
f 262 342 264
f 264 342 265
f 180 263 264
f 264 265 180
f 256 349 350
f 257 256 350
f 350 351 257
f 350 349 466
f 474 475 355
f 355 473 474
f 474 613 475
f 474 473 613
f 1478 1600 1485
f 1473 1600 1478
f 1353 1473 1355
f 1473 1354 1355
f 1097 1231 1232
f 1230 1231 1097
f 1097 1096 1230
f 1098 969 1097
f 969 1096 1097
f 1103 973 1102
f 973 1101 1102
f 1362 1358 1240
f 1240 1102 1239
f 1360 1241 1240
f 1240 1241 1103
f 1103 1102 1240
f 1240 1359 1360
f 1240 1358 1359
f 842 720 838
f 965 842 838
f 838 837 965
f 838 720 716
f 716 837 838
f 843 720 842
f 842 970 843
f 721 722 611
f 721 611 609
f 609 720 721
f 1101 1100 1238
f 1238 1102 1101
f 1239 1102 1238
f 1238 1100 1237
f 971 1099 972
f 1099 1100 972
f 973 845 972
f 972 1101 973
f 972 1100 1101
f 160 86 85
f 161 86 160
f 85 159 160
f 241 161 160
f 240 241 160
f 160 159 240
f 591 590 593
f 593 453 591
f 591 450 590
f 591 453 450
f 394 331 330
f 443 442 332
f 332 331 443
f 443 331 442
f 295 221 294
f 295 239 221
f 330 239 295
f 295 394 330
f 153 152 221
f 221 239 153
f 83 152 153
f 153 154 83
f 153 239 237
f 153 237 238
f 238 154 153
f 1158 1157 1287
f 1288 1158 1287
f 1287 1157 1284
f 1287 1413 1292
f 1292 1288 1287
f 2565 2566 2415
f 2241 2246 2415
f 2429 2255 2415
f 2415 2566 2429
f 2415 2242 2241
f 2415 2255 2242
f 2264 2091 2263
f 2263 2432 2264
f 2265 2091 2264
f 2264 2440 2441
f 2264 2442 2265
f 2264 2441 2442
f 2392 2393 2213
f 2213 2391 2392
f 2392 2391 2393
f 2549 2548 2708
f 2708 2709 2549
f 2709 2550 2549
f 2550 2390 2549
f 2390 2548 2549
f 2704 2545 2702
f 2704 2546 2545
f 2702 2866 2704
f 2704 2866 2867
f 2547 2546 2704
f 2867 2705 2704
f 2704 2705 2547
f 2030 2031 1862
f 2032 2201 2030
f 2030 1862 2032
f 2380 2376 2204
f 2204 2203 2380
f 2204 2201 2032
f 2032 2203 2204
f 1144 1145 1018
f 1277 1145 1144
f 1398 1523 1399
f 1523 1403 1399
f 1399 1403 1277
f 1513 1516 1394
f 1516 1393 1394
f 1394 1393 1271
f 1273 1139 1272
f 1140 1139 1273
f 1526 1679 1682
f 1682 1685 1535
f 1849 1685 1682
f 1678 1849 1682
f 1682 1679 1678
f 1529 1535 1412
f 1412 1405 1529
f 1529 1405 1407
f 1529 1407 1526
f 1529 1682 1535
f 1526 1682 1529
f 1402 1276 1275
f 1279 1276 1402
f 1524 1526 1525
f 1525 1400 1524
f 2148 1972 2147
f 2148 2149 1972
f 2147 2151 2148
f 2151 2149 2148
f 2336 2151 2147
f 2336 2154 2151
f 2147 2335 2336
f 2335 2154 2336
f 1806 1977 1978
f 1978 1979 1807
f 1807 1806 1978
f 2152 2154 1979
f 1979 1978 2152
f 2152 1978 1977
f 2151 2154 2152
f 2152 1977 2151
f 2150 2149 2151
f 2151 1977 2150
f 2150 1977 1975
f 1975 1972 2150
f 1972 2149 2150
f 2861 2865 2703
f 2703 2698 2861
f 3007 2865 2861
f 2861 2997 3007
f 2861 2862 2997
f 2861 2698 2862
f 2858 2695 2694
f 2858 2694 2859
f 2859 3004 2858
f 2691 2695 2856
f 2856 3004 2857
f 2856 2858 3004
f 2695 2858 2856
f 2857 2692 2856
f 2856 2692 2691
f 2358 2521 2359
f 2359 2180 2358
f 2993 2995 2994
f 2994 2840 2993
f 3126 2995 2993
f 2993 2840 2991
f 2993 3248 3126
f 2993 3125 3248
f 2991 3124 2993
f 2993 3124 3125
f 1155 1282 1286
f 1154 1157 1029
f 1029 1028 1154
f 1157 1030 1029
f 1029 1030 906
f 1016 1143 895
f 1142 1143 1016
f 1018 1142 1016
f 1016 895 1018
f 1019 1143 1148
f 1148 1143 1276
f 1148 1146 1019
f 1276 1146 1148
f 1012 1137 1014
f 894 1012 1014
f 1136 1272 1138
f 1272 1139 1138
f 1139 1014 1138
f 1015 1139 1140
f 1015 1014 1139
f 1018 1013 1015
f 1015 1013 894
f 894 1014 1015
f 946 1072 1073
f 1073 1071 946
f 1073 1072 1067
f 814 946 945
f 946 1071 945
f 1074 1207 1077
f 1071 1073 1074
f 1067 1203 1074
f 1074 1073 1067
f 1074 1203 1204
f 1206 1207 1074
f 703 825 826
f 826 950 954
f 830 823 831
f 831 707 830
f 831 832 707
f 831 957 832
f 828 823 703
f 437 565 566
f 438 324 437
f 1080 955 1085
f 955 1084 1085
f 1085 1087 1080
f 1085 1084 1087
f 840 841 716
f 716 839 840
f 840 839 959
f 1218 1342 1337
f 1337 1219 1218
f 2600 2601 2442
f 2600 2597 2598
f 2600 2760 2601
f 2907 3040 3039
f 3039 3058 3038
f 3162 3058 3039
f 3039 3040 3162
f 3039 2905 2907
f 3038 2905 3039
f 2596 2746 2588
f 2587 2596 2588
f 2588 2435 2587
f 2589 2435 2588
f 2664 2836 2837
f 2836 2990 2837
f 2838 2664 2837
f 2991 2838 2837
f 2837 2990 2991
f 2485 2484 2648
f 2648 2649 2486
f 2486 2485 2648
f 2647 2649 2648
f 2648 2484 2647
f 2656 2657 2490
f 2830 2657 2656
f 3232 3231 3111
f 2496 2499 2497
f 2497 2499 2333
f 2497 2332 2496
f 2333 2332 2497
f 3242 3241 3355
f 3120 3119 3242
f 3119 3241 3242
f 3140 3252 3253
f 3253 3141 3140
f 3240 3117 3239
f 3240 3241 3117
f 3239 3264 3240
f 3355 3241 3240
f 3243 3121 3120
f 2657 2832 2831
f 2831 2832 2985
f 2659 2658 2831
f 2831 2658 2657
f 2831 2833 2659
f 2831 2986 2833
f 2985 2986 2831
f 2984 2832 2830
f 2987 2832 2984
f 3117 3118 2984
f 2984 3119 2987
f 2984 3118 3119
f 3112 3233 3234
f 3112 3231 3233
f 3112 3111 3231
f 3234 3236 3235
f 3235 3236 3113
f 3235 3112 3234
f 3113 3112 3235
f 3351 3236 3350
f 3260 3236 3351
f 2494 2332 2492
f 2492 2660 2494
f 2495 2332 2494
f 2494 2660 2495
f 3261 3260 3153
f 3261 3353 3260
f 3153 3238 3261
f 3238 3353 3261
f 3352 3353 3238
f 3352 3236 3260
f 3260 3353 3352
f 3381 3289 3380
f 3380 3289 3378
f 3380 3440 3381
f 3422 3440 3380
f 3380 3364 3422
f 3379 3289 3288
f 3378 3289 3379
f 3343 3342 3424
f 3424 3362 3348
f 3424 3347 3343
f 3348 3347 3424
f 3266 3364 3358
f 3358 3380 3378
f 3364 3380 3358
f 2574 2728 2729
f 2729 2724 2574
f 2736 2579 2735
f 2735 2889 2736
f 2579 2734 2735
f 2735 2734 2886
f 2890 2889 2885
f 2889 2735 2885
f 2885 2735 2886
f 2884 3026 2885
f 2885 3026 2890
f 2728 2884 2885
f 2885 2729 2728
f 2886 2729 2885
f 2575 2421 2574
f 2574 2724 2575
f 2579 2577 2580
f 2580 2423 2579
f 2577 2423 2580
f 2425 2426 2245
f 2425 2427 2426
f 2245 2423 2424
f 2423 2427 2424
f 2424 2425 2245
f 2427 2425 2424
f 2740 2739 2899
f 2579 2739 2740
f 2920 2768 2767
f 2767 2766 2920
f 2768 2601 2767
f 2601 2766 2767
f 3153 3255 3262
f 3262 3263 3153
f 3255 3263 3262
f 3151 3031 3150
f 3153 3260 3150
f 3150 3031 3153
f 3255 3142 3256
f 3256 3141 3255
f 3142 3141 3256
f 3152 3257 3144
f 3024 3023 3144
f 3144 3255 3153
f 3153 3152 3144
f 3019 3023 2883
f 3019 3021 3020
f 3019 3020 2881
f 2881 3018 3019
f 2883 3022 3019
f 3022 3021 3019
f 3349 3233 3348
f 3234 3233 3349
f 3349 3350 3234
f 3349 3351 3350
f 3260 3351 3349
f 3027 3026 3145
f 3146 3027 3145
f 3145 3257 3146
f 3145 3026 3024
f 3024 3144 3145
f 3145 3144 3257
f 2140 2327 2328
f 2328 2141 2140
f 2327 2143 2328
f 2143 2141 2328
f 3287 3379 3288
f 3378 3379 3287
f 3287 3288 3180
f 3180 3179 3287
f 2764 2766 2765
f 2765 2601 2764
f 2601 2760 2764
f 3479 3425 3426
f 3479 3439 3425
f 3426 3434 3479
f 3483 3439 3479
f 3434 3430 3479
f 3479 3430 3483
f 3480 3430 3429
f 3370 3433 3429
f 3429 3430 3370
f 1894 2060 2067
f 2067 2068 1894
f 2060 2068 2067
f 928 927 1049
f 928 929 795
f 795 927 928
f 1187 1053 1186
f 1186 1185 1187
f 1053 1185 1186
f 926 927 795
f 1048 927 926
f 1047 1048 926
f 795 923 926
f 926 923 1047
f 1712 1713 1562
f 1562 1711 1712
f 1712 1711 1713
f 1710 1711 1562
f 1562 1709 1710
f 1708 1711 1710
f 1710 1709 1708
f 1876 1701 1875
f 1875 1701 1703
f 1875 1703 1874
f 1875 1874 2046
f 2046 2047 1875
f 2047 1876 1875
f 954 950 1076
f 1076 1079 954
f 1208 1077 1206
f 1208 1078 1077
f 1079 1078 1208
f 1211 1213 1212
f 1212 1079 1211
f 1213 1079 1212
f 336 446 337
f 334 446 336
f 336 337 240
f 240 334 336
f 448 445 449
f 448 446 445
f 449 337 448
f 337 446 448
f 586 585 449
f 449 444 586
f 586 444 585
f 706 705 829
f 830 707 829
f 707 706 829
f 829 823 830
f 829 705 823
f 447 588 587
f 588 705 587
f 587 705 706
f 451 447 587
f 592 451 587
f 587 706 592
f 582 583 442
f 824 705 700
f 823 705 824
f 1894 1889 1888
f 1888 1891 1894
f 1889 1722 1888
f 1567 1717 1718
f 1718 1719 1567
f 1441 1566 1567
f 1567 1566 1717
f 1567 1719 1568
f 1568 1441 1567
f 364 363 481
f 262 363 364
f 1613 1599 1751
f 1751 1599 1750
f 1774 1613 1751
f 1751 1750 1774
f 1224 1087 1220
f 1224 1088 1087
f 1224 1220 1217
f 1217 1088 1224
f 1094 969 1086
f 1086 1223 1094
f 1232 1231 1350
f 1350 1351 1232
f 1222 1231 1230
f 1086 1221 1222
f 1222 1223 1086
f 1353 1232 1352
f 1352 1351 1353
f 1232 1351 1352
f 1601 1475 1606
f 1606 1752 1601
f 2925 2934 3056
f 3056 2934 3067
f 2947 2925 3056
f 3056 3080 2947
f 3067 3080 3056
f 2947 3080 2948
f 2948 2792 2947
f 2948 3082 2949
f 3081 3082 2948
f 2948 3080 3081
f 2944 2791 2790
f 2790 2793 2945
f 2945 2944 2790
f 2790 2619 2793
f 2790 2791 2619
f 2460 2616 2619
f 2460 2459 2284
f 2284 2458 2460
f 2458 2616 2460
f 2786 2616 2615
f 2786 2615 2622
f 2786 2622 2777
f 2777 2925 2786
f 2787 2786 2925
f 2616 2786 2787
f 2787 2792 2619
f 2619 2616 2787
f 3057 3060 2928
f 3061 3060 3057
f 3057 2928 2927
f 2927 3059 3057
f 3057 3059 3061
f 3513 3515 3517
f 3468 3515 3513
f 3517 3514 3513
f 3514 3468 3513
f 2814 2645 2642
f 2814 2815 2645
f 2642 2813 2814
f 2813 2815 2814
f 2817 2645 2816
f 2645 2815 2816
f 2818 2645 2817
f 2817 2969 2818
f 2483 2646 2647
f 2483 2484 2315
f 2647 2484 2483
f 2315 2481 2483
f 2483 2481 2645
f 2645 2646 2483
f 3558 3534 3557
f 3553 3534 3558
f 3503 3531 3501
f 3501 3531 3504
f 3501 3452 3503
f 3501 3502 3452
f 3504 3502 3501
f 3494 3444 3453
f 3452 3502 3453
f 3453 3391 3452
f 3453 3444 3391
f 3453 3502 3504
f 3495 3494 3453
f 3453 3504 3495
f 3387 3385 3443
f 3385 3444 3443
f 3446 3387 3443
f 3443 3444 3446
f 467 350 466
f 351 350 467
f 352 351 467
f 466 603 467
f 469 352 467
f 467 603 469
f 1477 1354 1473
f 1473 1478 1477
f 1477 1478 1354
f 1233 1232 1353
f 1233 1097 1232
f 1353 1355 1234
f 1234 1233 1353
f 1097 1233 1234
f 1234 1355 1354
f 1356 1238 1237
f 1239 1238 1356
f 1354 1239 1235
f 1235 1234 1354
f 1097 1234 1235
f 1239 1356 1235
f 1357 1239 1354
f 1357 1240 1239
f 720 843 844
f 844 721 720
f 722 721 844
f 845 722 844
f 844 970 971
f 844 843 970
f 971 972 844
f 844 972 845
f 331 394 326
f 294 329 326
f 326 295 294
f 394 295 326
f 326 329 328
f 326 328 327
f 327 234 326
f 2565 2415 2564
f 2564 2430 2565
f 2246 2427 2428
f 2428 2415 2246
f 2428 2564 2415
f 2431 2264 2432
f 2431 2432 2253
f 2253 2430 2431
f 2431 2430 2586
f 2201 2204 2202
f 2202 2030 2201
f 2202 2376 2198
f 2202 2204 2376
f 2198 2031 2202
f 2031 2030 2202
f 1277 1144 1274
f 1274 1399 1277
f 1274 1397 1398
f 1398 1399 1274
f 1516 1518 1396
f 1396 1518 1517
f 1396 1273 1393
f 1396 1393 1516
f 1407 1402 1401
f 1526 1407 1401
f 1275 1400 1401
f 1401 1402 1275
f 1401 1525 1526
f 1400 1525 1401
f 1280 1146 1279
f 1279 1402 1280
f 1281 1146 1280
f 1280 1406 1281
f 1282 1406 1280
f 1280 1405 1282
f 1407 1405 1280
f 1280 1402 1407
f 2180 2359 2360
f 2361 2181 2360
f 2181 2180 2360
f 2360 2522 2361
f 2360 2359 2521
f 2521 2523 2360
f 2524 2522 2360
f 2360 2523 2524
f 1151 1152 1025
f 1025 1024 1149
f 1149 1151 1025
f 778 779 660
f 660 777 778
f 662 779 778
f 778 784 662
f 778 907 908
f 906 907 778
f 785 784 778
f 908 781 778
f 781 785 778
f 900 1024 901
f 901 777 900
f 1024 1025 901
f 901 1025 903
f 1156 1155 1286
f 1028 1155 1156
f 1154 1028 1156
f 1285 1154 1156
f 1283 1152 1282
f 1282 1155 1283
f 1141 1015 1140
f 1140 1274 1141
f 1141 1274 1144
f 1141 1144 1018
f 1018 1015 1141
f 1204 1326 1205
f 1205 1074 1204
f 1205 1326 1206
f 1206 1074 1205
f 576 577 442
f 950 826 822
f 822 826 825
f 957 831 953
f 953 831 823
f 1080 957 953
f 823 828 953
f 827 828 703
f 954 955 827
f 827 826 954
f 703 826 827
f 690 566 565
f 967 958 841
f 841 840 967
f 1341 1221 1217
f 2442 2597 2599
f 2599 2600 2442
f 2597 2600 2599
f 2744 2905 2752
f 2655 2654 2828
f 2828 2656 2655
f 2490 2654 2655
f 2655 2656 2490
f 2830 2656 2829
f 2828 2977 2829
f 2829 2656 2828
f 3255 3141 3254
f 3141 3253 3254
f 3354 3253 3252
f 3354 3252 3355
f 3355 3240 3354
f 3354 3240 3264
f 3354 3254 3253
f 3354 3264 3255
f 3255 3254 3354
f 3355 3252 3356
f 3356 3242 3355
f 3357 3252 3251
f 3243 3356 3357
f 3357 3356 3252
f 2983 2984 2830
f 3237 3352 3238
f 3236 3352 3237
f 3113 3236 3237
f 3113 2980 2979
f 2979 3112 3113
f 2980 2829 2979
f 2979 2829 2977
f 3111 3112 2979
f 3362 3424 3363
f 3363 3424 3364
f 3363 3265 3362
f 3364 3265 3363
f 3423 3342 3422
f 3423 3424 3342
f 3422 3364 3423
f 3364 3424 3423
f 3359 3358 3378
f 2730 2734 2579
f 2724 2734 2730
f 2579 2575 2730
f 2730 2575 2724
f 2879 2729 2886
f 2886 2734 2879
f 2724 2729 2879
f 2879 2734 2724
f 2731 2575 2579
f 2576 2423 2422
f 2576 2575 2423
f 2576 2422 2421
f 2421 2575 2576
f 2737 2579 2736
f 2897 2739 2737
f 2736 2891 2892
f 3030 3031 2892
f 3032 2892 3031
f 2902 2740 2901
f 2899 2894 2900
f 2900 2740 2899
f 2900 2901 2740
f 2920 2766 2919
f 2766 2918 2919
f 2919 3055 2920
f 2919 2918 3055
f 3055 2918 3054
f 3143 3018 3142
f 3143 3019 3018
f 3023 3019 3143
f 3143 3142 3255
f 3255 3144 3143
f 3143 3144 3023
f 3361 3349 3348
f 3348 3362 3361
f 3362 3265 3361
f 3259 3150 3260
f 2605 2764 2760
f 2605 2600 2598
f 2760 2600 2605
f 1051 1185 1053
f 1210 1208 1206
f 1079 1208 1210
f 1206 1211 1210
f 1211 1079 1210
f 581 580 583
f 583 582 581
f 442 580 581
f 581 582 442
f 698 580 703
f 703 823 698
f 1891 1888 1724
f 1724 1888 1722
f 1890 1891 1724
f 1724 1723 1890
f 1575 1723 1724
f 1724 1722 1575
f 481 456 365
f 365 364 481
f 365 456 366
f 366 262 365
f 262 364 365
f 1229 1094 1223
f 1229 1222 1230
f 1223 1222 1229
f 1095 1096 969
f 969 1094 1095
f 1094 1229 1095
f 1230 1096 1095
f 1095 1229 1230
f 1221 1341 1346
f 1346 1341 1463
f 1346 1350 1231
f 1463 1462 1346
f 1346 1462 1350
f 1346 1222 1221
f 1231 1222 1346
f 1476 1351 1475
f 1475 1603 1476
f 1475 1351 1474
f 1351 1462 1474
f 1351 1350 1471
f 1471 1462 1351
f 1350 1462 1471
f 1602 1603 1475
f 1475 1601 1602
f 1602 1601 1752
f 2459 2460 2618
f 2618 2460 2619
f 2617 2459 2618
f 2618 2619 2617
f 2925 2792 2942
f 2942 2787 2925
f 2792 2787 2942
f 2967 2815 2817
f 2817 2816 2967
f 2967 2816 2815
f 2819 2646 2645
f 2645 2818 2819
f 2647 2646 2819
f 2974 2975 2821
f 2969 2975 2974
f 2974 2818 2969
f 1236 1356 1237
f 1236 1237 1098
f 1098 1097 1236
f 1097 1235 1236
f 1236 1235 1356
f 1354 1478 1361
f 1361 1357 1354
f 1361 1478 1485
f 1240 1357 1361
f 1485 1362 1361
f 1362 1240 1361
f 441 331 439
f 331 326 439
f 2582 2564 2427
f 2718 2564 2582
f 2427 2564 2583
f 2583 2428 2427
f 2564 2428 2583
f 1397 1274 1395
f 1517 1397 1395
f 1395 1396 1517
f 1273 1396 1395
f 902 778 777
f 903 778 902
f 777 901 902
f 902 901 903
f 905 1029 906
f 906 778 905
f 1028 1029 905
f 905 1026 1028
f 1153 1155 1028
f 1028 1026 1153
f 1152 1283 1153
f 1153 1283 1155
f 903 1025 1027
f 1027 1026 903
f 1152 1153 1027
f 1027 1153 1026
f 703 580 702
f 702 825 703
f 702 822 825
f 442 577 578
f 951 1074 1077
f 951 1075 1074
f 956 953 828
f 828 827 956
f 956 827 955
f 956 955 1080
f 1080 953 956
f 815 688 814
f 814 945 815
f 569 438 437
f 437 568 569
f 569 568 438
f 567 566 692
f 437 566 567
f 567 568 437
f 958 967 966
f 966 967 840
f 959 958 966
f 966 840 959
f 1339 1462 1463
f 2907 2905 2747
f 2905 2744 2747
f 2747 2746 2907
f 2747 2588 2746
f 2747 2744 2588
f 2589 2588 2745
f 2588 2744 2745
f 2745 2752 2589
f 2745 2744 2752
f 3121 3243 3244
f 3243 3357 3244
f 3245 3122 3244
f 3122 3121 3244
f 3123 3245 3244
f 3244 3246 3123
f 3251 3246 3244
f 3244 3357 3251
f 3113 2983 2981
f 2981 2980 3113
f 2981 2829 2980
f 3116 3237 3238
f 3116 3238 3153
f 3153 3239 3116
f 3239 3117 3116
f 3117 2984 3116
f 3109 2979 2977
f 3111 2979 3109
f 3109 2977 3107
f 3109 3107 3232
f 3232 3111 3109
f 3176 3135 3250
f 3176 3287 3179
f 3179 3054 3176
f 3250 3135 3249
f 3266 3358 3249
f 3358 3359 3249
f 2423 2575 2578
f 2575 2731 2578
f 2579 2423 2578
f 2578 2731 2579
f 2586 2430 2585
f 2585 2603 2586
f 2719 2564 2718
f 2718 2603 2719
f 2586 2603 2602
f 2581 2427 2577
f 2581 2582 2427
f 2904 2888 2887
f 2887 2888 2732
f 2897 2737 2896
f 2896 2737 2736
f 2738 2739 2579
f 2579 2737 2738
f 2738 2737 2739
f 2893 2894 2736
f 2736 2892 2893
f 3030 2892 3028
f 3146 3030 3028
f 3028 3027 3146
f 3028 2891 3027
f 3028 2892 2891
f 3147 3031 3151
f 3147 3032 3031
f 2892 3032 3029
f 2894 2893 3029
f 3029 2893 2892
f 3032 3147 3029
f 3177 3054 3179
f 3151 3150 3258
f 3150 3259 3258
f 3258 3147 3151
f 3258 3361 3265
f 3265 3154 3258
f 3154 3147 3258
f 3349 3361 3360
f 3260 3349 3360
f 3360 3259 3260
f 3361 3258 3360
f 3360 3258 3259
f 1052 1051 1053
f 928 1051 1052
f 1052 1053 929
f 929 928 1052
f 1184 1185 1050
f 1185 1051 1050
f 1050 1051 928
f 1050 1049 1184
f 1050 928 1049
f 823 824 699
f 699 698 823
f 699 824 700
f 700 580 699
f 580 698 699
f 1473 1351 1472
f 1351 1476 1472
f 1598 1599 1473
f 1750 1599 1598
f 1910 1750 1909
f 1909 1754 1910
f 1750 1754 1909
f 1753 1754 1603
f 1603 1602 1753
f 1753 1602 1752
f 1753 1752 1910
f 1910 1754 1753
f 2821 2647 2820
f 2820 2974 2821
f 2647 2819 2820
f 2820 2819 2818
f 2818 2974 2820
f 572 442 441
f 441 439 572
f 440 439 326
f 904 778 903
f 904 905 778
f 903 1026 904
f 1026 905 904
f 1150 1025 1152
f 1152 1027 1150
f 1150 1027 1025
f 1077 1078 952
f 952 951 1077
f 952 1078 1079
f 950 822 952
f 822 951 952
f 952 1076 950
f 1079 1076 952
f 689 565 564
f 689 690 565
f 564 688 689
f 688 815 689
f 819 815 945
f 1219 1337 1216
f 1216 1341 1217
f 1217 1082 1216
f 1082 1219 1216
f 1460 1586 1587
f 1587 1475 1460
f 1459 1586 1460
f 2830 2829 2982
f 2829 2981 2982
f 2982 2983 2830
f 2982 2981 2983
f 3113 3237 3114
f 3114 2983 3113
f 3378 3287 3377
f 3377 3359 3378
f 3053 3054 2918
f 3053 3176 3054
f 3250 3249 3285
f 3285 3249 3359
f 3285 3176 3250
f 2603 2585 2584
f 2564 2719 2584
f 2584 2719 2603
f 2430 2564 2584
f 2584 2585 2430
f 2264 2431 2443
f 2443 2431 2586
f 2586 2602 2443
f 2598 2440 2444
f 2444 2605 2598
f 2444 2443 2602
f 2444 2602 2603
f 2440 2264 2444
f 2264 2443 2444
f 2766 2764 2914
f 2732 2888 2733
f 2577 2732 2733
f 2733 2581 2577
f 2742 2888 2904
f 2581 2733 2742
f 2742 2733 2888
f 2741 2887 2732
f 2740 2887 2741
f 2741 2732 2579
f 2579 2740 2741
f 2897 2896 2898
f 2898 2896 2894
f 2898 2739 2897
f 2898 2894 2899
f 2899 2739 2898
f 2736 2894 2895
f 2895 2896 2736
f 2894 2896 2895
f 3148 3147 3154
f 3148 3029 3147
f 3134 3135 3014
f 3135 3134 3133
f 3013 3134 3014
f 3013 3133 3134
f 3034 2900 2894
f 3266 3249 3267
f 3132 3013 3037
f 3133 3013 3132
f 3178 3179 3055
f 3178 3177 3179
f 3055 3054 3178
f 3054 3177 3178
f 1750 1598 1749
f 1749 1754 1750
f 1603 1754 1749
f 1607 1476 1603
f 1603 1749 1607
f 1607 1749 1598
f 571 439 438
f 571 572 439
f 324 438 325
f 325 440 326
f 438 439 325
f 439 440 325
f 234 324 325
f 325 326 234
f 822 702 701
f 701 702 580
f 580 697 701
f 442 578 579
f 579 580 442
f 579 697 580
f 817 820 818
f 817 949 947
f 947 820 817
f 947 949 1071
f 1071 1074 947
f 1074 1075 947
f 1075 951 947
f 947 951 822
f 690 689 816
f 816 689 815
f 948 819 945
f 948 945 1071
f 1071 949 948
f 948 949 817
f 817 819 948
f 691 819 817
f 691 818 692
f 817 818 691
f 692 566 691
f 566 690 691
f 690 816 691
f 815 819 691
f 691 816 815
f 1341 1216 1340
f 1340 1216 1339
f 1463 1341 1340
f 1340 1339 1463
f 1339 1460 1461
f 1461 1474 1462
f 1462 1339 1461
f 1475 1474 1461
f 1461 1460 1475
f 1342 1459 1338
f 1459 1460 1338
f 1338 1337 1342
f 1338 1216 1337
f 1339 1216 1338
f 1338 1460 1339
f 3237 3116 3115
f 3115 3114 3237
f 3115 3116 2984
f 2984 2983 3115
f 2983 3114 3115
f 3135 3176 3052
f 3176 3053 3052
f 3176 3285 3286
f 3287 3176 3286
f 3286 3377 3287
f 3359 3377 3286
f 3286 3285 3359
f 2603 2605 2604
f 2604 2444 2603
f 2605 2444 2604
f 2764 2605 2770
f 2770 2914 2764
f 2770 2605 2603
f 2603 2769 2770
f 2775 2769 2603
f 2603 2774 2775
f 2581 2742 2743
f 2718 2582 2743
f 2582 2581 2743
f 3033 3034 2894
f 3033 3148 3154
f 2894 3029 3033
f 3029 3148 3033
f 3158 3267 3249
f 3155 3265 3266
f 3155 3154 3265
f 3155 3033 3154
f 1597 1472 1476
f 1476 1607 1597
f 1473 1472 1597
f 1597 1598 1473
f 1597 1607 1598
f 442 572 573
f 573 574 442
f 575 576 442
f 442 574 575
f 575 574 692
f 693 567 692
f 692 574 693
f 568 567 693
f 572 571 570
f 438 568 570
f 570 571 438
f 696 579 578
f 697 579 696
f 822 701 696
f 696 701 697
f 2917 3052 3053
f 2917 2918 2766
f 2917 3053 2918
f 3014 2924 2923
f 2766 2914 2915
f 2769 2775 2915
f 2915 2770 2769
f 2914 2770 2915
f 2718 2743 2877
f 2877 2743 2742
f 2877 2742 2904
f 3133 3132 3161
f 3161 3249 3135
f 3135 3133 3161
f 3035 3034 3157
f 3157 3158 3035
f 2900 3034 3035
f 3267 3158 3156
f 3266 3267 3156
f 3156 3155 3266
f 3156 3158 3157
f 3033 3155 3156
f 3157 3034 3156
f 3034 3033 3156
f 694 573 572
f 574 573 694
f 572 570 694
f 694 570 568
f 568 693 694
f 694 693 574
f 695 578 577
f 692 818 695
f 695 575 692
f 695 818 820
f 695 696 578
f 820 947 821
f 821 695 820
f 696 695 821
f 821 947 822
f 822 696 821
f 2916 2924 3014
f 3014 2917 2916
f 2916 2775 2924
f 2916 2915 2775
f 2916 2917 2766
f 2766 2915 2916
f 3014 3135 3051
f 3135 3052 3051
f 3052 2917 3051
f 2904 2887 2903
f 3037 3013 2903
f 2903 2740 2902
f 2903 2887 2740
f 2771 2603 2718
f 2924 2775 2773
f 2773 2923 2924
f 2773 2775 2774
f 2773 2774 2603
f 3036 3161 3132
f 3036 3132 3037
f 2901 2900 3036
f 2900 3035 3036
f 2902 2901 3036
f 3036 2903 2902
f 3037 2903 3036
f 3050 2917 3014
f 3014 3051 3050
f 3050 3051 2917
f 2878 2903 3013
f 2878 3013 3014
f 3014 2923 2878
f 2923 2773 2878
f 2718 2877 2878
f 2878 2877 2904
f 2904 2903 2878
f 3160 3036 3158
f 3161 3036 3160
f 3160 3158 3249
f 3249 3161 3160
f 3159 3035 3158
f 3158 3036 3159
f 3159 3036 3035
f 2772 2878 2773
f 2603 2771 2772
f 2772 2773 2603
f 2772 2771 2718
f 2718 2878 2772
f 374 272 186
f 186 271 374
f 1119 990 859
f 859 988 1119
f 374 271 373
f 271 269 373
f 373 269 268
f 268 372 373
f 496 372 268
f 496 268 371
f 371 487 496
f 487 630 496
f 737 736 865
f 866 737 865
f 1118 1119 988
f 1118 988 987
f 1117 1118 987
f 1253 1118 1117
f 189 113 112
f 190 113 189
f 749 496 630
f 631 496 749
f 372 496 497
f 497 496 631
f 628 630 487
f 628 487 486
f 628 486 629
f 629 745 628
f 867 737 866
f 867 738 737
f 44 99 51
f 51 21 44
f 118 117 195
f 195 117 194
f 118 195 119
f 119 195 196
f 111 189 112
f 188 189 111
f 859 990 991
f 991 860 859
f 991 865 736
f 991 736 860
f 114 191 192
f 192 115 114
f 114 113 190
f 190 191 114
f 1500 1501 1377
f 1377 1376 1500
f 203 127 126
f 204 127 203
f 126 125 203
f 125 202 203
f 205 127 204
f 128 127 205
f 116 115 192
f 192 193 116
f 194 117 116
f 116 193 194
f 120 119 196
f 196 197 120
f 197 198 120
f 120 198 121
f 122 200 123
f 199 200 122
f 121 198 122
f 122 198 199
f 187 186 272
f 272 273 187
f 188 111 187
f 187 273 188
f 1253 1117 1252
f 1252 1374 1253
f 1252 1373 1496
f 1496 1374 1252
f 868 745 629
f 629 744 868
f 738 867 868
f 868 744 738
f 1496 1373 1495
f 1373 1372 1495
f 1377 1501 1495
f 1495 1372 1377
f 65 136 66
f 66 24 65
f 3545 3525 3522
f 3522 3525 3490
f 201 202 125
f 125 124 201
f 123 200 201
f 201 124 123
f 649 526 522
f 656 526 649
f 649 522 521
f 521 648 649
f 147 143 72
f 72 142 147
f 522 526 393
f 393 526 400
f 147 142 226
f 226 142 219
f 128 205 129
f 205 206 129
f 135 134 212
f 212 134 211
f 212 136 65
f 65 135 212
f 211 134 210
f 210 134 133
f 2806 2637 2635
f 2635 2805 2806
f 3327 3328 3217
f 3216 3327 3217
f 2471 2629 2630
f 2471 2630 2473
f 2471 2303 2472
f 2472 2629 2471
f 836 714 712
f 835 836 712
f 104 105 49
f 49 105 50
f 132 210 133
f 209 210 132
f 132 208 209
f 131 208 132
f 207 129 206
f 130 129 207
f 207 208 131
f 207 131 130
f 1674 1845 1842
f 1842 1845 2012
f 1133 1134 1132
f 1132 1003 1133
f 1470 1349 1348
f 1348 1469 1470
f 1470 1469 1595
f 1595 1596 1470
f 730 617 729
f 729 617 616
f 2451 2276 2279
f 2454 2451 2279
f 3208 3210 3209
f 3209 3086 3208
f 2120 1952 1789
f 1789 1953 2120
f 3574 3562 3581
f 3562 3573 3581
f 251 348 252
f 347 348 251
f 252 172 251
f 172 171 251
f 169 248 249
f 170 169 249
f 142 72 71
f 141 142 71
f 71 72 30
f 30 29 71
f 29 28 71
f 28 70 71
f 24 66 67
f 66 139 67
f 2219 2217 2399
f 2399 2220 2219
f 2008 1833 2007
f 2007 2009 2008
f 1411 1410 1533
f 1533 1410 1412
f 2510 2512 2348
f 2348 2347 2510
f 3413 3474 3414
f 3414 3333 3413
f 1347 1226 1225
f 1225 1250 1347
f 852 731 730
f 853 731 852
f 1114 1090 1089
f 1114 1089 983
f 857 982 854
f 854 734 857
f 2291 2292 2115
f 2114 2291 2115
f 2626 2796 2627
f 2627 2468 2626
f 530 529 661
f 661 529 657
f 710 597 594
f 594 620 710
f 69 70 28
f 69 28 27
f 3 11 34
f 34 11 30
f 34 1 3
f 4 1 34
f 30 72 34
f 143 80 34
f 34 72 143
f 34 13 4
f 1297 1298 1171
f 1297 1171 1169
f 1521 1845 1674
f 1521 1675 1845
f 2862 2863 3008
f 3008 2863 2864
f 2456 2452 2280
f 2280 2452 2278
f 3459 3397 3396
f 3396 3397 3313
f 3510 3509 3537
f 3465 3509 3510
f 2797 2796 2951
f 2797 2627 2796
f 167 94 93
f 168 94 167
f 68 67 139
f 26 67 68
f 68 69 27
f 27 26 68
f 2203 2205 2381
f 2203 2381 2380
f 2505 2503 2339
f 2504 2505 2339
f 2678 2512 2510
f 2510 2677 2678
f 897 773 775
f 775 773 657
f 658 776 898
f 898 774 658
f 1142 1145 1275
f 1018 1145 1142
f 2194 2197 2374
f 2374 2370 2194
f 3403 3319 3320
f 3401 3319 3403
f 3530 3528 3493
f 3495 3530 3493
f 1841 1846 1676
f 1676 1673 1841
f 1690 1538 1537
f 1537 1538 1417
f 2177 2357 2180
f 2179 2177 2180
f 2500 2498 2502
f 2500 2502 2338
f 2986 3119 2988
f 2986 2988 2833
f 3518 3517 3515
f 3543 3518 3515
f 2313 2312 2481
f 2481 2312 2480
f 3534 3572 3557
f 3556 3572 3534
f 1287 1284 1408
f 1408 1413 1287
f 1394 1271 1392
f 1394 1392 1513
f 1271 1393 1273
f 1273 1272 1271
f 1138 1014 1137
f 1138 1137 1136
f 3429 3484 3480
f 3433 3484 3429
f 2793 2792 2948
f 2948 2949 2793
f 3507 739 627
f 624 495 3507
f 23 11 3507
f 174 173 3507
f 3507 741 740
f 3507 99 174
f 3 2 3507
f 627 626 3507
f 51 99 3507
f 1626 1785 3507
f 3507 1499 1376
f 490 489 3507
f 743 742 3507
f 3507 367 266
f 3507 493 492
f 266 181 3507
f 3507 861 743
f 1376 1256 3507
f 3507 863 862
f 173 172 3507
f 740 739 3507
f 3507 483 367
f 3507 488 483
f 3507 52 23
f 3557 3572 3507
f 3507 22 51
f 742 741 3507
f 492 491 3507
f 494 493 3507
f 3507 625 624
f 3507 495 494
f 107 52 3507
f 3507 181 107
f 1092 1228 3507
f 3507 3509 3508
f 989 864 3507
f 3507 172 252
f 10 22 3507
f 3507 2 10
f 3507 11 3
f 3507 491 490
f 3507 1120 989
f 3507 626 625
f 1349 1470 3507
f 3507 3403 3320
f 862 861 3507
f 3074 3071 3507
f 1788 1629 3507
f 3507 489 488
f 3507 964 1092
f 601 600 3507
f 3507 3075 3074
f 3507 2796 2626
f 864 863 3507
f 2952 2798 3507
f 3507 1256 1120
f 3580 3581 3507
f 3507 2295 2467
f 3507 2795 2950
f 2124 1956 3507
f 2626 2470 3507
f 1629 1499 3507
f 836 964 3507
f 3507 3573 3560
f 1949 2119 3507
f 3507 3196 3195
f 3507 465 601
f 3507 2300 2124
f 3507 714 836
f 3507 1628 1626
f 2467 2625 3507
f 3507 3071 3196
f 3507 3397 3459
f 3497 3496 3507
f 3507 3506 3497
f 3507 2953 2952
f 3507 3320 3206
f 3507 2470 2298
f 2298 2300 3507
f 3507 1950 1788
f 3507 600 714
f 3507 1228 1349
f 1596 1628 3507
f 3507 1470 1596
f 3507 3528 3530
f 2950 3073 3507
f 2119 2295 3507
f 3507 1787 1949
f 3084 2953 3507
f 3507 2798 2951
f 3195 3311 3507
f 3206 3205 3507
f 2951 2796 3507
f 1956 1955 3507
f 3530 3529 3507
f 3507 3581 3573
f 3507 3572 3580
f 252 348 3507
f 2625 2795 3507
f 3073 3075 3507
f 3314 3397 3507
f 3507 3395 3314
f 3507 3457 3461
f 3507 3205 3084
f 3537 3509 3507
f 1955 1950 3507
f 3508 3462 3507
f 3507 3538 3537
f 3461 3460 3507
f 3507 1785 1787
f 3507 3311 3395
f 3459 3458 3507
f 3507 3536 3552
f 3496 3528 3507
f 348 465 3507
f 3507 3458 3457
f 3462 3403 3507
f 3560 3559 3507
f 3507 3529 3536
f 3552 3553 3507
f 3507 3558 3557
f 3539 3538 3507
f 3507 3559 3539
f 3507 3460 3505
f 3553 3558 3507
f 3455 3506 3507
f 3507 3456 3455
f 3507 3505 3454
f 3454 3456 3507
f 1156 1286 1410
f 1156 1410 1285
f 3356 3243 3120
f 3120 3242 3356
f 1395 1274 1140
f 1140 1273 1395
f 576 575 695
f 577 576 695

