# https://github.com/mikedh/trimesh
v 0.03203680 0.00931365 -0.00766435
v 0.03245681 0.00930356 -0.00766435
v 0.03203680 0.00931365 -0.00792607
v 0.00853920 0.00931365 -0.00766435
v 0.03245681 0.00928741 -0.00792607
v 0.03203680 0.00931163 -0.00834583
v 0.03274967 0.00924301 -0.00766435
v 0.03162064 0.00931365 -0.00876559
v 0.00601913 0.00931365 -0.00834583
v 0.00560297 0.00929750 -0.00834583
v 0.00518295 0.00922889 -0.00807757
v 0.00449321 0.00919660 -0.00812589
v 0.00818470 0.00925714 -0.00766435
v 0.03245296 0.00924301 -0.00831010
v 0.03230653 0.00923292 -0.00867047
v 0.03206377 0.00926521 -0.00879227
v 0.03271499 0.00922687 -0.00792607
v 0.03283829 0.00907349 -0.00766435
v 0.03164761 0.00926521 -0.00921203
v 0.03120063 0.00931365 -0.00918535
v 0.00601913 0.00931365 -0.01002437
v 0.00560297 0.00929750 -0.01002437
v 0.00518295 0.00926521 -0.00834583
v 0.00446238 0.00920063 -0.00834583
v 0.00425045 0.00917843 -0.00834583
v 0.00392292 0.00912798 -0.00834583
v 0.00350290 0.00903515 -0.00834583
v 0.00275921 0.00880306 -0.00808915
v 0.00308289 0.00884746 -0.00804133
v 0.00350290 0.00890195 -0.00801013
v 0.00808451 0.00917440 -0.00766435
v 0.00308289 0.00856291 -0.00790795
v 0.00224286 0.00814314 -0.00787272
v 0.00140284 0.00772337 -0.00787121
v 0.00056281 0.00730359 -0.00787574
v -0.00153340 0.00226635 -0.00766939
v 0.03222947 0.00898268 -0.00895584
v 0.03194432 0.00923292 -0.00909023
v 0.03267260 0.00919660 -0.00814652
v 0.03286912 0.00898268 -0.00766435
v 0.03152431 0.00923292 -0.00950949
v 0.03122375 0.00926319 -0.00963129
v 0.03078061 0.00931163 -0.00960511
v 0.03036060 0.00931365 -0.00960511
v 0.00601913 0.00925311 -0.01038575
v 0.00560297 0.00924503 -0.01037316
v 0.02952058 0.00931365 -0.01002437
v 0.00518295 0.00922889 -0.01033995
v 0.00449321 0.00919660 -0.01025287
v 0.00518295 0.00926521 -0.01002437
v 0.00446238 0.00920063 -0.01002437
v 0.00425045 0.00918045 -0.00876559
v 0.00392292 0.00913404 -0.00876559
v 0.00350290 0.00903918 -0.00876559
v 0.00308289 0.00892415 -0.00834583
v 0.00270141 0.00881921 -0.00834583
v 0.00249333 0.00875866 -0.00834583
v 0.00224286 0.00867794 -0.00834583
v 0.00157238 0.00837118 -0.00810626
v 0.00182285 0.00843173 -0.00805039
v 0.00224286 0.00851447 -0.00800610
v 0.00781478 0.00887572 -0.00766435
v 0.00182285 0.00814314 -0.00791752
v 0.00098283 0.00772337 -0.00790946
v -0.00027336 0.00688382 -0.00791148
v -0.00069337 0.00646405 -0.00788581
v -0.00111339 0.00604428 -0.00787776
v 0.00014665 0.00688382 -0.00786920
v -0.00194185 0.00225626 -0.00768801
v -0.00195341 0.00184658 -0.00766989
v -0.00279344 0.00016952 -0.00766989
v 0.00768762 0.00857300 -0.00766435
v 0.03235663 0.00898268 -0.00874596
v 0.03363978 0.00226635 -0.00766435
v 0.03224873 0.00856291 -0.00897396
v 0.03160137 0.00898268 -0.00958498
v 0.03279205 0.00898268 -0.00792607
v 0.03362437 0.00241569 -0.00766435
v 0.03268416 0.00898268 -0.00816766
v 0.03138944 0.00898268 -0.00979486
v 0.03110429 0.00923091 -0.00986683
v 0.03078061 0.00925109 -0.00994686
v 0.02994059 0.00931163 -0.01002437
v 0.00601913 0.00898268 -0.01058405
v 0.00560297 0.00898268 -0.01057197
v 0.02868055 0.00925311 -0.01038575
v 0.00518295 0.00898268 -0.01053825
v 0.00350290 0.00890599 -0.01042500
v 0.00476294 0.00920871 -0.01029062
v 0.00392292 0.00913404 -0.01002437
v 0.00425045 0.00918045 -0.01002437
v 0.00308289 0.00884746 -0.01039028
v 0.00275921 0.00880306 -0.01031830
v 0.00350290 0.00903918 -0.01002437
v 0.00308289 0.00892415 -0.01002437
v 0.00270141 0.00881921 -0.01002437
v 0.00249333 0.00876068 -0.00876559
v 0.00224286 0.00867996 -0.00876559
v 0.00182285 0.00851043 -0.00834583
v 0.00098283 0.00810883 -0.00834583
v 0.00070153 0.00797159 -0.00834583
v 0.00072851 0.00795747 -0.00809871
v 0.00098283 0.00802003 -0.00804284
v 0.00057823 0.00773346 -0.00801214
v 0.00011583 0.00733588 -0.00798093
v -0.00067411 0.00687979 -0.00802271
v -0.00111724 0.00647213 -0.00799603
v -0.00237342 0.00520474 -0.00793211
v -0.00279344 0.00478497 -0.00791349
v -0.00321345 0.00436520 -0.00789839
v -0.00153340 0.00562451 -0.00787222
v -0.00235801 0.00182842 -0.00768902
v -0.00237342 0.00142681 -0.00767140
v -0.00195341 0.00520474 -0.00786920
v -0.00405347 0.00310589 -0.00786920
v -0.00447349 0.00268612 -0.00787021
v -0.00279344 -0.00025025 -0.00767241
v -0.00111339 -0.00234709 -0.00766939
v 0.00942547 -0.00838128 -0.00766435
v 0.00937538 -0.00822387 -0.00766435
v 0.00925207 -0.00780410 -0.00766435
v 0.00854691 -0.00511999 -0.00766435
v 0.00852764 -0.00486974 -0.00766435
v 0.00764523 0.00772337 -0.00766435
v 0.00764138 0.00814314 -0.00766435
v -0.00279344 0.00058727 -0.00767744
v -0.00488965 0.00184658 -0.00787323
v -0.00530966 0.00016952 -0.00788430
v 0.03182872 0.00856291 -0.00939423
v 0.03363208 0.00184658 -0.00766435
v 0.03140485 0.00436520 -0.00981348
v 0.03140485 0.00856291 -0.00981348
v 0.03117751 0.00898268 -0.00990811
v 0.03055327 0.00911184 -0.01021865
v 0.03027197 0.00923091 -0.01028106
v 0.02994059 0.00925109 -0.01031377
v 0.02952058 0.00925311 -0.01033542
v 0.02910056 0.00925311 -0.01036662
v 0.02868055 0.00898268 -0.01058405
v 0.01525170 0.00253880 -0.01277949
v 0.01483169 0.00253274 -0.01277596
v 0.01441168 0.00252064 -0.01277043
v 0.01357550 0.00249440 -0.01275885
v 0.01329806 0.00248431 -0.01275482
v 0.00350290 0.00856291 -0.01062331
v 0.00308289 0.00856291 -0.01058858
v 0.00224286 0.00851649 -0.01042853
v 0.00182285 0.00843173 -0.01037065
v 0.00157238 0.00837118 -0.01028861
v 0.00224286 0.00867996 -0.01002437
v 0.00249333 0.00876068 -0.01002437
v 0.00182285 0.00851043 -0.01002437
v 0.00098283 0.00810883 -0.01002437
v 0.00070153 0.00797159 -0.01002437
v 0.00049345 0.00785051 -0.00834583
v 0.00017748 0.00764062 -0.00834583
v -0.00051612 0.00711793 -0.00810324
v 0.00023528 0.00759824 -0.00805542
v -0.00097852 0.00673650 -0.00806901
v -0.00142165 0.00633893 -0.00805844
v -0.00318648 0.00476883 -0.00803479
v -0.00362190 0.00435511 -0.00802019
v -0.00155266 0.00606447 -0.00798496
v -0.00363346 0.00394543 -0.00789537
v -0.00405347 0.00352566 -0.00790745
v -0.00447349 0.00310589 -0.00792356
v -0.00488965 0.00226635 -0.00791701
v -0.00237342 -0.00150755 -0.00767996
v -0.00488965 -0.00150755 -0.00786920
v -0.00195341 -0.00192732 -0.00767895
v 0.01076643 -0.01102301 -0.00766435
v 0.01048128 -0.01071626 -0.00766435
v 0.01039651 -0.01058508 -0.00766435
v 0.01025393 -0.01032272 -0.00766435
v 0.01014219 -0.01010476 -0.00766435
v 0.01007668 -0.00997359 -0.00766435
v 0.00997264 -0.00976370 -0.00766435
v 0.00989172 -0.00958812 -0.00766435
v 0.00984548 -0.00948318 -0.00766435
v 0.00966823 -0.00906543 -0.00766435
v 0.00958731 -0.00885554 -0.00766435
v 0.00954107 -0.00872235 -0.00766435
v 0.00951409 -0.00864364 -0.00766435
v -0.00530966 0.00142681 -0.00797188
v -0.00530966 0.00100704 -0.00792960
v -0.00530966 0.00058727 -0.00789990
v -0.00562178 0.00016952 -0.00801768
v -0.00530966 -0.00025025 -0.00788984
v 0.03362052 0.00168109 -0.00766435
v 0.03354345 0.00184658 -0.00774790
v 0.03137403 -0.00067002 -0.00895434
v 0.03110044 -0.00108778 -0.00903637
v 0.03057639 0.00414725 -0.01023828
v 0.03119677 0.00436520 -0.00992371
v 0.03308876 0.00162257 -0.00813746
v 0.03306949 0.00134407 -0.00812136
v 0.03282673 0.00100704 -0.00825474
v 0.03233736 0.00100704 -0.00862014
v 0.03226029 0.00033702 -0.00856276
v 0.03184413 0.00116849 -0.00898403
v 0.03119677 0.00856291 -0.00992371
v 0.03057639 0.00883132 -0.01023828
v 0.03039143 0.00897662 -0.01030522
v 0.02994059 0.00898268 -0.01043205
v 0.02910056 0.00898268 -0.01054983
v 0.01944798 0.00226635 -0.01266020
v 0.01763306 0.00248633 -0.01275583
v 0.01734791 0.00250247 -0.01276237
v 0.01692790 0.00252265 -0.01277194
v 0.01650789 0.00253274 -0.01277697
v 0.01609173 0.00253678 -0.01277798
v 0.01567171 0.00253880 -0.01277949
v 0.01525170 0.00226635 -0.01280566
v 0.01483169 0.00226635 -0.01280062
v 0.01441168 0.00226635 -0.01279006
v 0.01399166 0.00226635 -0.01277898
v 0.01357550 0.00226635 -0.01276741
v 0.01325568 0.00226635 -0.01275684
v 0.01304760 0.00226635 -0.01274778
v 0.01273548 0.00226635 -0.01272966
v 0.01189545 0.00226635 -0.01267882
v 0.01147544 0.00226635 -0.01265265
v -0.00363346 0.00352566 -0.01162892
v -0.00279344 0.00394543 -0.01159721
v -0.00279344 0.00418761 -0.01152826
v 0.00182285 0.00814314 -0.01056895
v -0.00306702 0.00417146 -0.01151064
v -0.00363346 0.00385462 -0.01156148
v 0.00098283 0.00802003 -0.01038122
v 0.00072851 0.00795747 -0.01030270
v 0.00049345 0.00785051 -0.01002437
v 0.00017748 0.00764062 -0.01002437
v -0.00003445 0.00748926 -0.00834583
v -0.00053539 0.00713004 -0.00834583
v -0.00074346 0.00697666 -0.00834583
v -0.00101705 0.00676677 -0.00834583
v -0.00258921 0.00541866 -0.00813042
v -0.00302849 0.00501908 -0.00810576
v -0.00347162 0.00461747 -0.00808613
v -0.00389163 0.00420981 -0.00808160
v -0.00403806 0.00392525 -0.00802724
v -0.00444651 0.00349337 -0.00804938
v -0.00476249 0.00310589 -0.00805693
v -0.00490506 0.00266998 -0.00801164
v -0.00517865 0.00226635 -0.00805039
v -0.00532122 0.00180824 -0.00802976
v -0.00447349 -0.00276686 -0.00788430
v -0.00405347 -0.00318663 -0.00787725
v -0.00363346 -0.00360640 -0.00787222
v -0.00488965 -0.00192732 -0.00788883
v -0.00156422 -0.00237736 -0.00768801
v -0.00321345 -0.00402617 -0.00787524
v 0.01093597 -0.01114006 -0.00766435
v -0.00557169 0.00100704 -0.00806297
v -0.00559866 0.00058727 -0.00803328
v -0.00561407 -0.00025025 -0.00802321
v -0.00572582 0.00016952 -0.00834583
v -0.00530966 -0.00067002 -0.00791450
v 0.03360125 0.00142681 -0.00766435
v 0.03352804 0.00142681 -0.00773280
v 0.03162064 -0.00067002 -0.00879881
v 0.03165917 -0.00112208 -0.00869161
v 0.03130852 -0.00108778 -0.00891709
v 0.03103879 -0.00142682 -0.00900366
v 0.03078061 -0.00108778 -0.00921354
v 0.03036060 0.00436520 -0.01034145
v 0.03058024 0.00436520 -0.01024029
v 0.03079217 0.00436520 -0.01013359
v 0.03055327 -0.00082340 -0.00938517
v 0.03051088 -0.00108778 -0.00936252
v 0.03029895 -0.00108778 -0.00947476
v 0.02994059 -0.00108778 -0.00965393
v 0.02966700 -0.00108778 -0.00978379
v 0.02945507 -0.00108778 -0.00988294
v 0.02910056 -0.00108778 -0.01004501
v 0.02922387 0.00016952 -0.01019550
v 0.02912368 0.00059938 -0.01030874
v 0.02910056 0.00100704 -0.01038373
v 0.02864587 0.00102924 -0.01057247
v 0.02848403 0.00118464 -0.01065854
v 0.02784052 0.00100704 -0.01087849
v 0.03325830 0.00146112 -0.00797288
v 0.03351262 0.00120078 -0.00771921
v 0.03303481 0.00100704 -0.00809569
v 0.03278049 0.00058727 -0.00821900
v 0.03249920 0.00058727 -0.00842888
v 0.03263407 -0.00067002 -0.00810978
v 0.03237204 -0.00108778 -0.00822403
v 0.03212157 -0.00067002 -0.00847267
v 0.03191349 -0.00067002 -0.00861007
v 0.03079217 0.00856291 -0.01013359
v 0.03058024 0.00856291 -0.01024029
v 0.03036060 0.00856291 -0.01034145
v 0.02994059 0.00856291 -0.01046980
v 0.02221081 0.00249238 -0.01233808
v 0.01986799 0.00226635 -0.01261893
v 0.01986799 0.00184658 -0.01262346
v 0.01944798 0.00184658 -0.01266121
v 0.01902796 0.00226635 -0.01269040
v 0.01860795 0.00226635 -0.01271355
v 0.01818794 0.00226635 -0.01273570
v 0.01792591 0.00226635 -0.01274929
v 0.01771783 0.00226635 -0.01275935
v 0.01734791 0.00226635 -0.01277546
v 0.01692790 0.00226635 -0.01279207
v 0.01650789 0.00226635 -0.01280113
v 0.01567171 0.00226635 -0.01280465
v 0.01525170 0.00184658 -0.01280465
v 0.01483169 0.00184658 -0.01280264
v 0.01441168 0.00184658 -0.01279408
v 0.01399166 0.00184658 -0.01278301
v 0.01357550 0.00184658 -0.01277043
v 0.01325182 0.00184658 -0.01275784
v 0.01303989 0.00184658 -0.01274727
v 0.01273548 0.00184658 -0.01273066
v 0.01189545 0.00184658 -0.01268235
v 0.01147544 0.00184658 -0.01265517
v -0.00405347 0.00310589 -0.01162489
v -0.00405347 0.00352566 -0.01157154
v -0.00391475 0.00379205 -0.01153832
v 0.00098283 0.00772337 -0.01057952
v 0.00057823 0.00773346 -0.01042953
v 0.00023528 0.00759824 -0.01035907
v -0.00051612 0.00711793 -0.01029414
v -0.00003445 0.00748926 -0.01002437
v -0.00053539 0.00713004 -0.01002437
v -0.00074346 0.00697666 -0.01002437
v -0.00101705 0.00676677 -0.01002437
v -0.00122899 0.00659120 -0.00834583
v -0.00168368 0.00620170 -0.00834583
v -0.00349860 0.00463967 -0.00834583
v -0.00370667 0.00444593 -0.00834583
v -0.00391475 0.00423604 -0.00834583
v -0.00429238 0.00377187 -0.00809821
v -0.00469313 0.00332990 -0.00811884
v -0.00512085 0.00251862 -0.00810576
v -0.00552159 0.00164275 -0.00813142
v -0.00554086 0.00142681 -0.00810525
v -0.00481643 -0.00276686 -0.00801717
v -0.00448119 -0.00319268 -0.00799402
v -0.00407274 -0.00362456 -0.00798446
v -0.00366043 -0.00405644 -0.00798295
v -0.00530966 -0.00108778 -0.00795023
v -0.00522103 -0.00192732 -0.00802221
v -0.00279344 -0.00444594 -0.00790242
v -0.00195341 -0.00486571 -0.00788430
v 0.01105543 -0.01119859 -0.00766435
v -0.00195341 -0.00520677 -0.00801717
v -0.00227324 -0.00513412 -0.00806650
v -0.00570655 -0.00025025 -0.00834583
v -0.00558325 -0.00067002 -0.00804788
v -0.00572582 0.00016952 -0.01002437
v -0.00567958 0.00058727 -0.00834583
v 0.03355886 0.00116244 -0.00766435
v 0.03186725 -0.00100301 -0.00857937
v 0.03182487 -0.00128353 -0.00855269
v 0.03157440 -0.00150755 -0.00866443
v 0.03118907 -0.00154387 -0.00889293
v 0.03065345 -0.00234709 -0.00902178
v 0.03081915 -0.00154387 -0.00910180
v 0.02994059 0.00436520 -0.01046980
v 0.02726638 0.00109584 -0.01109088
v 0.02731262 0.00142681 -0.01110850
v 0.02700050 0.00142681 -0.01121017
v 0.02658434 0.00142681 -0.01134153
v 0.03043381 -0.00150755 -0.00932175
v 0.03022573 -0.00150755 -0.00943500
v 0.02994059 -0.00150755 -0.00957492
v 0.02937415 -0.00150755 -0.00984419
v 0.02910056 -0.00150755 -0.00996850
v 0.02877303 -0.00108778 -0.01018644
v 0.02889634 -0.00047225 -0.01023576
v 0.02906203 -0.00063571 -0.01013611
v 0.02868055 0.00058727 -0.01049044
v 0.02843008 0.00090412 -0.01063740
v 0.02815650 0.00058727 -0.01069377
v 0.02809484 0.00027446 -0.01066961
v 0.02777887 -0.00025025 -0.01070938
v 0.02769410 -0.00067002 -0.01067716
v 0.02764401 -0.00091220 -0.01065854
v 0.02741281 0.00097677 -0.01102596
v 0.03323904 0.00058727 -0.00784806
v 0.03332381 0.00103933 -0.00785360
v 0.03351648 0.00094044 -0.00766435
v 0.03344712 0.00058727 -0.00766435
v 0.03311188 -0.00067002 -0.00773633
v 0.03294233 0.00016952 -0.00802070
v 0.03308876 -0.00088394 -0.00771670
v 0.03258012 -0.00108778 -0.00807052
v 0.03231038 -0.00150755 -0.00818024
v 0.03201753 -0.00112208 -0.00845656
v 0.02574431 0.00184658 -0.01159822
v 0.02532430 0.00184658 -0.01170895
v 0.02532430 0.00226635 -0.01170593
v 0.02490429 0.00226635 -0.01181313
v 0.02458832 0.00226635 -0.01188913
v 0.02438024 0.00226635 -0.01193594
v 0.02406426 0.00226635 -0.01200087
v 0.02364425 0.00226635 -0.01208341
v 0.02322424 0.00226635 -0.01216344
v 0.02243816 0.00226635 -0.01230587
v 0.02223008 0.00226635 -0.01234110
v 0.02196420 0.00226635 -0.01237986
v 0.02154419 0.00226635 -0.01243623
v 0.02112803 0.00226635 -0.01248455
v 0.02280422 0.00226635 -0.01224094
v 0.01986799 0.00142681 -0.01261641
v 0.02028800 0.00184658 -0.01257716
v 0.02028800 0.00142681 -0.01257212
v 0.01944798 0.00142681 -0.01265114
v 0.01902796 0.00184658 -0.01269040
v 0.01860795 0.00184658 -0.01271758
v 0.01815711 0.00187887 -0.01274375
v 0.01797600 0.00203830 -0.01275180
v 0.01781031 0.00187887 -0.01275986
v 0.01734791 0.00184658 -0.01277798
v 0.01692790 0.00184658 -0.01279257
v 0.01650789 0.00184658 -0.01280113
v 0.01525170 0.00142681 -0.01280113
v 0.01483169 0.00142681 -0.01280012
v 0.01441168 0.00142681 -0.01279358
v 0.01399166 0.00142681 -0.01278251
v 0.01357550 0.00142681 -0.01276791
v 0.01329036 0.00142681 -0.01275583
v 0.01308228 0.00142681 -0.01274476
v 0.01189545 0.00142681 -0.01267631
v -0.00363346 -0.00318663 -0.01162842
v -0.00405347 0.00016952 -0.01162942
v -0.00405347 0.00058727 -0.01163043
v -0.00405347 0.00100704 -0.01163043
v -0.00444266 0.00226635 -0.01156198
v -0.00441954 0.00268612 -0.01156198
v -0.00436945 0.00310589 -0.01155745
v -0.00431550 0.00338439 -0.01153279
v -0.00417678 0.00364070 -0.01128315
v -0.00396870 0.00383444 -0.01128315
v -0.00347162 0.00461747 -0.01032283
v -0.00302849 0.00501908 -0.01029012
v -0.00258921 0.00541866 -0.01024381
v -0.00097852 0.00673650 -0.01034649
v -0.00122899 0.00659120 -0.01002437
v -0.00168368 0.00620170 -0.01002437
v -0.00349860 0.00463967 -0.01002437
v -0.00370667 0.00444593 -0.01002437
v -0.00391475 0.00423604 -0.01002437
v -0.00430779 0.00378802 -0.00834583
v -0.00470083 0.00333798 -0.00834583
v -0.00484341 0.00310589 -0.00834583
v -0.00503607 0.00275070 -0.00834583
v -0.00513241 0.00254082 -0.00834583
v -0.00543682 0.00185667 -0.00834583
v -0.00552545 0.00164679 -0.00834583
v -0.00525571 0.00226635 -0.00834583
v -0.00473937 -0.00305747 -0.00806650
v -0.00515167 -0.00224618 -0.00807304
v -0.00435018 -0.00349742 -0.00805744
v -0.00394943 -0.00393737 -0.00805089
v -0.00354098 -0.00432081 -0.00805492
v -0.00320189 -0.00445401 -0.00800711
v -0.00555242 -0.00108778 -0.00808361
v -0.00533663 -0.00149342 -0.00801667
v -0.00553315 -0.00134408 -0.00811481
v -0.00239654 -0.00489598 -0.00798798
v 0.01102460 -0.01107145 -0.00795829
v 0.01141379 -0.01129142 -0.00766435
v -0.00142165 -0.00553976 -0.00807757
v 0.00031620 -0.00635105 -0.00810928
v 0.00118705 -0.00675871 -0.00813042
v 0.00140284 -0.00685962 -0.00834583
v 0.00140284 -0.00685962 -0.01002437
v 0.00118705 -0.00675871 -0.01024482
v 0.00140284 -0.00680715 -0.01033290
v -0.00279344 -0.00477086 -0.00803580
v -0.00305546 -0.00469013 -0.00809116
v -0.00253912 -0.00504734 -0.00834583
v -0.00232718 -0.00516237 -0.00834583
v -0.00195341 -0.00533997 -0.00834583
v -0.00564875 -0.00067002 -0.00834583
v -0.00570655 -0.00025025 -0.01002437
v -0.00567958 0.00058727 -0.01002437
v -0.00554086 0.00142681 -0.01029062
v -0.00557169 0.00100704 -0.01036259
v -0.00559866 0.00058727 -0.01040387
v -0.00562178 0.00016952 -0.01042048
v -0.00561407 -0.00025025 -0.01041443
v 0.03178633 -0.00150755 -0.00852753
v 0.03150504 -0.00192732 -0.00861712
v 0.03226800 -0.00177797 -0.00814954
v 0.03222176 -0.00205849 -0.00811733
v 0.03144724 -0.00224618 -0.00858088
v 0.03139715 -0.00252670 -0.00854816
v 0.03123531 -0.00237130 -0.00868003
v 0.03086153 -0.00234709 -0.00890249
v 0.03059951 -0.00261348 -0.00899158
v 0.03036060 -0.00234709 -0.00918233
v 0.02622598 0.00142681 -0.01144974
v 0.02601790 0.00142681 -0.01151165
v 0.02625295 0.00184658 -0.01145880
v 0.02604102 0.00184658 -0.01151769
v 0.02720472 0.00081532 -0.01107075
v 0.02703903 0.00097677 -0.01114625
v 0.02658434 0.00100704 -0.01129472
v 0.02597937 0.00116244 -0.01150108
v 0.03017179 -0.00177394 -0.00940681
v 0.03011399 -0.00205446 -0.00937711
v 0.02952058 -0.00234709 -0.00960159
v 0.02926240 -0.00202419 -0.00979184
v 0.02898111 -0.00234709 -0.00985476
v 0.02865743 -0.00150553 -0.01015724
v 0.02850330 -0.00136426 -0.01024683
v 0.02826054 -0.00108778 -0.01038977
v 0.02826054 -0.00067002 -0.01045671
v 0.02868055 -0.00025025 -0.01035706
v 0.02868055 0.00016952 -0.01042400
v 0.02826054 -0.00025025 -0.01052315
v 0.02824512 0.00014732 -0.01059210
v 0.02790218 -0.00067002 -0.01059663
v 0.02758235 -0.00119070 -0.01063690
v 0.02742051 0.00016952 -0.01090013
v 0.02742051 0.00058727 -0.01096405
v 0.02780584 -0.00106558 -0.01057147
v 0.02715078 0.00058727 -0.01105414
v 0.03313500 -0.00092027 -0.00766435
v 0.03306564 -0.00118868 -0.00766435
v 0.03305022 -0.00116043 -0.00768398
v 0.03279205 -0.00150755 -0.00781535
v 0.03251847 -0.00150755 -0.00802523
v 0.03242984 -0.00192328 -0.00799704
v 0.02574431 0.00142681 -0.01158513
v 0.02532430 0.00142681 -0.01169385
v 0.02490429 0.00184658 -0.01181514
v 0.02458832 0.00184658 -0.01188964
v 0.02438024 0.00184658 -0.01193594
v 0.02406426 0.00184658 -0.01200288
v 0.02364425 0.00184658 -0.01208844
v 0.02322424 0.00184658 -0.01216947
v 0.02280422 0.00184658 -0.01224447
v 0.02243045 0.00184658 -0.01230637
v 0.02221852 0.00184658 -0.01233959
v 0.02196420 0.00184658 -0.01237835
v 0.02154419 0.00184658 -0.01243422
v 0.01986799 0.00100704 -0.01258571
v 0.01944798 0.00100704 -0.01262195
v 0.02028800 0.00100704 -0.01254192
v 0.02112803 0.00142681 -0.01247700
v 0.02070801 0.00100704 -0.01249612
v 0.02112803 0.00100704 -0.01244881
v 0.01902796 0.00100704 -0.01265215
v 0.01860795 0.00100704 -0.01268134
v 0.01860795 0.00142681 -0.01270852
v 0.01799527 0.00161651 -0.01275281
v 0.01799527 0.00175980 -0.01275281
v 0.01692790 0.00142681 -0.01278351
v 0.01650789 0.00142681 -0.01279307
v 0.01609173 0.00142681 -0.01279660
v 0.01567171 0.00142681 -0.01279912
v 0.01525170 0.00100704 -0.01278301
v 0.01483169 0.00100704 -0.01278251
v 0.01441168 0.00100704 -0.01277697
v 0.01357550 0.00112611 -0.01275835
v 0.01334045 0.00119674 -0.01275382
v 0.00937923 -0.00192732 -0.01239395
v -0.00279344 -0.00402617 -0.01162993
v -0.00363346 -0.00360640 -0.01159923
v -0.00394173 -0.00318663 -0.01155997
v -0.00405347 -0.00067002 -0.01161432
v -0.00405347 -0.00025025 -0.01162489
v -0.00434633 0.00016952 -0.01156097
v -0.00552159 0.00164275 -0.01024230
v -0.00512085 0.00251862 -0.01029012
v -0.00469313 0.00332990 -0.01026697
v -0.00435403 0.00343081 -0.01128315
v -0.00389163 0.00420981 -0.01033944
v -0.00429238 0.00377187 -0.01030924
v -0.00430779 0.00378802 -0.01002437
v -0.00470083 0.00333798 -0.01002437
v -0.00484341 0.00310589 -0.01002437
v -0.00503607 0.00275070 -0.01002437
v -0.00513241 0.00254082 -0.01002437
v -0.00543682 0.00185667 -0.01002437
v -0.00552545 0.00164679 -0.01002437
v -0.00525571 0.00226635 -0.01002437
v -0.00495515 -0.00276686 -0.00834583
v -0.00477019 -0.00309581 -0.00834583
v -0.00460450 -0.00330570 -0.00834583
v -0.00421146 -0.00375776 -0.00834583
v -0.00534434 -0.00192732 -0.00834583
v -0.00517479 -0.00230067 -0.00834583
v -0.00507846 -0.00251055 -0.00834583
v -0.00399953 -0.00399791 -0.00834583
v -0.00381071 -0.00420780 -0.00834583
v -0.00360263 -0.00436319 -0.00834583
v -0.00558710 -0.00108778 -0.00834583
v -0.00553701 -0.00136829 -0.00834583
v -0.00547921 -0.00157818 -0.00834583
v 0.01086661 -0.01094632 -0.00811934
v 0.01114405 -0.01098870 -0.00819786
v 0.01147544 -0.01130353 -0.00766435
v -0.00147174 -0.00556196 -0.00834583
v -0.00147174 -0.00556196 -0.01002437
v -0.00167982 -0.00546711 -0.01002437
v -0.00195341 -0.00534199 -0.01002437
v 0.00031620 -0.00635105 -0.01028357
v -0.00341382 -0.00422798 -0.01142256
v -0.00313253 -0.00429861 -0.01153883
v 0.00182285 -0.00689191 -0.01042349
v 0.01072789 -0.01061131 -0.00869412
v -0.00329052 -0.00457308 -0.00834583
v -0.00308244 -0.00470628 -0.00834583
v -0.00279344 -0.00488791 -0.00834583
v -0.00253912 -0.00504936 -0.00876559
v -0.00232718 -0.00516237 -0.01002437
v -0.00195341 -0.00534199 -0.00876559
v -0.00564875 -0.00067002 -0.01002437
v -0.00558325 -0.00067002 -0.01038524
v -0.00555242 -0.00108778 -0.01032887
v -0.00553315 -0.00134408 -0.01027351
v -0.00433091 -0.00025025 -0.01155594
v -0.00431550 -0.00067002 -0.01154587
v -0.00429623 -0.00108778 -0.01153077
v -0.00427697 -0.00150755 -0.01151165
v -0.00426541 -0.00176183 -0.01149806
v 0.03269187 -0.00220380 -0.00773381
v 0.03248379 -0.00234507 -0.00785007
v 0.03216781 -0.00234709 -0.00808009
v 0.03165532 -0.00280116 -0.00829248
v 0.03155899 -0.00318663 -0.00823813
v 0.03133935 -0.00276686 -0.00851193
v 0.03112741 -0.00276686 -0.00863775
v 0.03188652 -0.00268209 -0.00817521
v 0.03081529 -0.00321286 -0.00868959
v 0.03045308 -0.00318663 -0.00890753
v 0.03017564 -0.00344696 -0.00898957
v 0.03024115 -0.00318663 -0.00902681
v 0.03037601 -0.00275878 -0.00907261
v 0.03004848 -0.00234709 -0.00934591
v 0.02684637 0.00016952 -0.01109038
v 0.02658434 0.00016952 -0.01117343
v 0.02638782 -0.00091220 -0.01107830
v 0.02616433 0.00058727 -0.01136317
v 0.02613735 0.00101713 -0.01143263
v 0.02616433 -0.00067002 -0.01117997
v 0.02590615 0.00088192 -0.01148095
v 0.02555550 0.00033904 -0.01149856
v 0.02562101 0.00058727 -0.01151568
v 0.02532430 0.00100704 -0.01164905
v 0.02490429 0.00100704 -0.01175676
v 0.02984040 -0.00234709 -0.00944758
v 0.02918919 -0.00234709 -0.00975913
v 0.02977490 -0.00263568 -0.00941587
v 0.02891946 -0.00260944 -0.00982758
v 0.02868055 -0.00234709 -0.00998058
v 0.02802163 -0.00249441 -0.01022267
v 0.02786750 -0.00235314 -0.01031126
v 0.02784052 -0.00150755 -0.01048188
v 0.02750143 -0.00150755 -0.01060922
v 0.02658434 -0.00150755 -0.01091774
v 0.02654966 -0.00106558 -0.01100129
v 0.02700050 -0.00067002 -0.01091171
v 0.02742051 -0.00067002 -0.01077128
v 0.02696197 -0.00021393 -0.01099475
v 0.02665370 -0.00067002 -0.01102747
v 0.03285371 -0.00192732 -0.00766435
v 0.02490429 0.00142681 -0.01179954
v 0.02455749 0.00142681 -0.01188259
v 0.02434941 0.00142681 -0.01192889
v 0.02406426 0.00142681 -0.01198879
v 0.02364425 0.00142681 -0.01207485
v 0.02322424 0.00142681 -0.01215840
v 0.02280422 0.00142681 -0.01223289
v 0.02219925 0.00156808 -0.01233607
v 0.02154419 0.00142681 -0.01242566
v 0.01986799 0.00058727 -0.01254243
v 0.01944798 0.00016952 -0.01253840
v 0.01944798 0.00058727 -0.01258068
v 0.01902796 0.00016952 -0.01257212
v 0.01902796 0.00058727 -0.01261239
v 0.02028800 0.00058727 -0.01249763
v 0.01986799 -0.00025025 -0.01245485
v 0.02028800 0.00016952 -0.01245334
v 0.02028800 -0.00025025 -0.01240804
v 0.02154419 0.00100704 -0.01239294
v 0.02137849 0.00032088 -0.01233909
v 0.02112803 0.00058727 -0.01240200
v 0.02016084 -0.00097274 -0.01234312
v 0.01860795 0.00016952 -0.01260282
v 0.01860795 0.00058727 -0.01264208
v 0.01818794 -0.00025025 -0.01259276
v 0.01818794 0.00016952 -0.01263151
v 0.01818794 0.00058727 -0.01266976
v 0.01818794 0.00100704 -0.01270751
v 0.01815711 0.00145708 -0.01273771
v 0.01776792 0.00130774 -0.01274828
v 0.01776792 0.00151763 -0.01275734
v 0.01739030 0.00138645 -0.01276539
v 0.01755984 0.00121693 -0.01275231
v 0.01692790 0.00108575 -0.01276338
v 0.01650789 0.00097879 -0.01276640
v 0.01609173 0.00100704 -0.01277496
v 0.01525170 0.00069423 -0.01275986
v 0.01483169 -0.00025025 -0.01269342
v 0.01483169 0.00016952 -0.01272362
v 0.01483169 0.00047627 -0.01274526
v 0.01441168 -0.00025025 -0.01269342
v 0.01441168 0.00016952 -0.01272211
v 0.01441168 0.00071441 -0.01275784
v 0.01413038 0.00075881 -0.01275482
v 0.01399166 0.00098888 -0.01276439
v 0.01231546 -0.00150755 -0.01256155
v 0.01189545 -0.00150755 -0.01254394
v 0.01105543 -0.00150755 -0.01250116
v 0.00937923 -0.00234709 -0.01237130
v -0.00279344 -0.00434099 -0.01156198
v -0.00324813 -0.00406249 -0.01157557
v 0.00940235 -0.00277695 -0.01234463
v 0.00927904 -0.00292225 -0.01232751
v 0.00979924 -0.00360640 -0.01228826
v 0.00979924 -0.00402617 -0.01224195
v 0.00979924 -0.00444594 -0.01218256
v 0.00979924 -0.00486571 -0.01211864
v 0.00979924 -0.00528548 -0.01204415
v 0.00967208 -0.00590908 -0.01191128
v -0.00363346 -0.00392122 -0.01153229
v -0.00384925 -0.00382435 -0.01149957
v -0.00388393 -0.00360640 -0.01153077
v -0.00495901 -0.00276686 -0.00876559
v -0.00477019 -0.00309581 -0.01002437
v -0.00460450 -0.00330570 -0.01002437
v -0.00421146 -0.00375776 -0.01002437
v -0.00534434 -0.00192732 -0.01002437
v -0.00548306 -0.00157818 -0.00876559
v -0.00517479 -0.00230067 -0.01002437
v -0.00507846 -0.00251055 -0.01002437
v -0.00399953 -0.00399791 -0.01002437
v -0.00381071 -0.00420780 -0.01002437
v -0.00360263 -0.00436319 -0.01002437
v -0.00558710 -0.00108778 -0.01002437
v -0.00553701 -0.00136829 -0.01002437
v 0.01102460 -0.01088174 -0.00834080
v 0.01147544 -0.01100283 -0.00821850
v 0.01147544 -0.01116832 -0.00792607
v 0.01105543 -0.01065975 -0.00875704
v 0.01181068 -0.01128133 -0.00766435
v -0.00167982 -0.00546711 -0.00876559
v -0.00227324 -0.00513412 -0.01034900
v -0.00142165 -0.00553976 -0.01033491
v -0.00055080 -0.00594541 -0.01031327
v -0.00305546 -0.00469013 -0.01032183
v -0.00375677 -0.00416340 -0.01044363
v 0.01021925 -0.00830056 -0.01099878
v 0.01021925 -0.00862951 -0.01078940
v 0.01021925 -0.00883940 -0.01063891
v 0.01035412 -0.00930760 -0.01026445
v 0.01037339 -0.00973343 -0.00985778
v 0.01047357 -0.01009871 -0.00937108
v 0.01062385 -0.01024805 -0.00921304
v 0.01105543 -0.01052655 -0.00896692
v -0.00329052 -0.00457308 -0.01002437
v -0.00308244 -0.00470628 -0.01002437
v -0.00279344 -0.00488993 -0.00876559
v -0.00253912 -0.00504936 -0.01002437
v -0.00515167 -0.00224618 -0.01034145
v -0.00548306 -0.00157818 -0.01002437
v 0.03275352 -0.00225627 -0.00766435
v 0.03268416 -0.00246414 -0.00766435
v 0.03264177 -0.00248230 -0.00769556
v 0.03237204 -0.00276686 -0.00780931
v 0.03203295 -0.00280116 -0.00803932
v 0.03177092 -0.00318663 -0.00809619
v 0.03147807 -0.00352567 -0.00818226
v 0.03119292 -0.00321286 -0.00846462
v 0.03097713 -0.00337028 -0.00854766
v 0.03104649 -0.00309177 -0.00858944
v 0.03033363 -0.00359429 -0.00885418
v 0.03009857 -0.00372748 -0.00894830
v 0.02995215 -0.00359429 -0.00906104
v 0.02926240 -0.00373152 -0.00937158
v 0.02994059 -0.00318663 -0.00918183
v 0.02992518 -0.00277291 -0.00930464
v 0.02631846 -0.00119070 -0.01105716
v 0.02617203 -0.00106558 -0.01111907
v 0.02574431 -0.00108778 -0.01123835
v 0.02574431 -0.00067002 -0.01129976
v 0.02574431 -0.00025025 -0.01136116
v 0.02571349 0.00018566 -0.01143313
v 0.02512778 -0.00048637 -0.01149655
v 0.02532430 0.00058727 -0.01159218
v 0.02490429 0.00058727 -0.01169989
v 0.02470006 -0.00130775 -0.01149454
v 0.02448428 0.00058727 -0.01180206
v 0.02446116 0.00101713 -0.01186497
v 0.02430317 0.00116445 -0.01191933
v 0.02954370 -0.00277291 -0.00949237
v 0.02907744 -0.00275677 -0.00971886
v 0.02941268 -0.00318663 -0.00944506
v 0.02883854 -0.00288996 -0.00979335
v 0.02869211 -0.00275677 -0.00988646
v 0.02794842 -0.00276686 -0.01019197
v 0.02774034 -0.00276686 -0.01027653
v 0.02742051 -0.00234709 -0.01047735
v 0.02738969 -0.00190108 -0.01057298
v 0.02679242 -0.00256101 -0.01065401
v 0.02658434 -0.00234709 -0.01076625
v 0.02658434 -0.00192732 -0.01084225
v 0.02623369 -0.00150755 -0.01103099
v 0.02322424 0.00100704 -0.01211914
v 0.02280422 0.00100704 -0.01219665
v 0.02215301 0.00128958 -0.01232852
v 0.02235724 0.00142883 -0.01230386
v 0.02199117 0.00142883 -0.01236073
v 0.01944798 -0.00067002 -0.01245183
v 0.01902796 -0.00108778 -0.01244378
v 0.01860795 -0.00108778 -0.01247851
v 0.01902796 -0.00025025 -0.01252984
v 0.01818794 -0.00108778 -0.01251223
v 0.01818794 -0.00067002 -0.01255300
v 0.01986799 -0.00067002 -0.01241006
v 0.01944798 -0.00108778 -0.01240804
v 0.01988340 -0.00110190 -0.01236124
v 0.02184860 0.00100704 -0.01234714
v 0.02176768 0.00078505 -0.01233406
v 0.02152877 0.00062158 -0.01235117
v 0.02112803 -0.00108778 -0.01220924
v 0.02125904 0.00004036 -0.01232298
v 0.02165979 0.00050453 -0.01231795
v 0.02154419 -0.00067002 -0.01219867
v 0.02112417 0.00017557 -0.01235570
v 0.02002983 -0.00124923 -0.01232701
v 0.01975239 -0.00139251 -0.01234412
v 0.02112803 -0.00067002 -0.01225755
v 0.02070801 -0.00108778 -0.01226158
v 0.01776792 -0.00108778 -0.01253991
v 0.01776792 -0.00067002 -0.01257766
v 0.01776792 0.00016952 -0.01265316
v 0.01776792 0.00058727 -0.01268990
v 0.01776792 0.00100704 -0.01272664
v 0.01609173 -0.00108778 -0.01261339
v 0.01664661 0.00081935 -0.01275029
v 0.01636917 0.00077496 -0.01275382
v 0.01609173 0.00054085 -0.01274023
v 0.01525170 0.00048435 -0.01274425
v 0.01483169 -0.00067002 -0.01266221
v 0.01441168 -0.00108778 -0.01263403
v 0.01441168 -0.00067002 -0.01266372
v 0.01399166 -0.00150755 -0.01259930
v 0.01399166 -0.00108778 -0.01262849
v 0.01399166 -0.00067002 -0.01265668
v 0.01273548 -0.00150755 -0.01257212
v 0.01231546 -0.00192732 -0.01253186
v 0.01189545 -0.00192732 -0.01251626
v 0.00979924 -0.00654479 -0.01173260
v 0.00979924 -0.00696456 -0.01159570
v 0.00957575 -0.00719059 -0.01150108
v 0.00993411 -0.00806444 -0.01110045
v 0.00955648 -0.00299087 -0.01233355
v 0.00979924 -0.00325726 -0.01231997
v 0.01014219 -0.00333597 -0.01232701
v 0.01041963 -0.00340055 -0.01233255
v 0.01063927 -0.00343687 -0.01233708
v 0.01105543 -0.00349944 -0.01234563
v 0.01147544 -0.00354989 -0.01235268
v 0.01021925 -0.00402617 -0.01225453
v 0.01021925 -0.00444594 -0.01219514
v 0.01147544 -0.00444594 -0.01223088
v 0.01021925 -0.00486571 -0.01212921
v 0.01063927 -0.00486571 -0.01213928
v 0.01105543 -0.00486571 -0.01214884
v 0.01147544 -0.00486571 -0.01215840
v 0.01189545 -0.00486571 -0.01216696
v 0.01021925 -0.00528548 -0.01205170
v 0.00980695 -0.00574359 -0.01194903
v 0.00995337 -0.00591917 -0.01191379
v 0.00980695 -0.00608466 -0.01186548
v -0.00396099 -0.00395351 -0.01044363
v -0.00473937 -0.00305747 -0.01034900
v -0.00495901 -0.00276686 -0.01002437
v 0.01147544 -0.01087165 -0.00842838
v 0.01189545 -0.01085954 -0.00840673
v 0.01315549 -0.01061131 -0.00868003
v 0.01189545 -0.01098870 -0.00819685
v 0.01189545 -0.01113603 -0.00792607
v 0.01259290 -0.01121675 -0.00766435
v 0.01231546 -0.01110172 -0.00792607
v 0.01274318 -0.01104723 -0.00796282
v 0.01357550 -0.01103108 -0.00786366
v -0.00279344 -0.00488993 -0.01002437
v 0.01021925 -0.00809067 -0.01111504
v 0.01063927 -0.00830258 -0.01100029
v 0.01189545 -0.00864364 -0.01080249
v 0.01147544 -0.00864364 -0.01079896
v 0.01105543 -0.00864364 -0.01079494
v 0.01064697 -0.00868400 -0.01076373
v 0.01051211 -0.00885151 -0.01065200
v 0.01063927 -0.00932577 -0.01028156
v 0.01063927 -0.00953565 -0.01008930
v 0.01063927 -0.00975361 -0.00987942
v 0.01075101 -0.01013907 -0.00942493
v 0.01147544 -0.01051646 -0.00895383
v 0.01147544 -0.01066177 -0.00874395
v 0.01105543 -0.01035098 -0.00918535
v 0.01357550 -0.00991910 -0.00960511
v 0.01357550 -0.01009871 -0.00937812
v 0.03266489 -0.00251661 -0.00766435
v 0.03259939 -0.00268613 -0.00766435
v 0.03230268 -0.00310187 -0.00775596
v 0.03224103 -0.00338238 -0.00771116
v 0.03140100 -0.00380417 -0.00813142
v 0.03123531 -0.00364071 -0.00829500
v 0.03091163 -0.00360640 -0.00850941
v 0.03070355 -0.00360640 -0.00863423
v 0.03015637 -0.00466390 -0.00855873
v 0.02995215 -0.00405442 -0.00890451
v 0.02982114 -0.00393535 -0.00902027
v 0.03061877 -0.00389095 -0.00858591
v 0.03037601 -0.00402819 -0.00867651
v 0.02911598 -0.00406048 -0.00933333
v 0.02898496 -0.00394342 -0.00943852
v 0.02911598 -0.00359631 -0.00947828
v 0.02602175 -0.00150755 -0.01109340
v 0.02574431 -0.00150755 -0.01117242
v 0.02532430 -0.00108778 -0.01135462
v 0.02528962 -0.00064379 -0.01142911
v 0.02486576 -0.00147122 -0.01142256
v 0.02490429 -0.00192732 -0.01133599
v 0.02460373 -0.00158827 -0.01147289
v 0.02447272 -0.00147122 -0.01152071
v 0.02406426 -0.00150755 -0.01160728
v 0.02364425 -0.00150755 -0.01170140
v 0.02364425 -0.00108778 -0.01176230
v 0.02406426 -0.00108778 -0.01166818
v 0.02448428 -0.00108778 -0.01157356
v 0.02448428 0.00016952 -0.01174519
v 0.02422225 0.00088393 -0.01190171
v 0.02407582 0.00101713 -0.01194852
v 0.02910056 -0.00318663 -0.00959454
v 0.02868055 -0.00360640 -0.00967054
v 0.02819888 -0.00360640 -0.00987740
v 0.02856110 -0.00311599 -0.00985174
v 0.02781740 -0.00317654 -0.01014617
v 0.02766327 -0.00302921 -0.01024683
v 0.02742051 -0.00276686 -0.01039229
v 0.02657663 -0.00272649 -0.01069629
v 0.02616433 -0.00276686 -0.01082262
v 0.02616433 -0.00234709 -0.01090164
v 0.02612579 -0.00189099 -0.01099576
v 0.02596010 -0.00172752 -0.01107478
v 0.02303542 -0.00091220 -0.01191681
v 0.02280422 0.00058727 -0.01214532
v 0.02238421 0.00016952 -0.01216394
v 0.02238421 0.00058727 -0.01221477
v 0.02238421 0.00100704 -0.01226410
v 0.02206053 0.00100704 -0.01231443
v 0.01902796 -0.00150755 -0.01239848
v 0.01818794 -0.00150755 -0.01246794
v 0.01776792 -0.00150755 -0.01249864
v 0.01945568 -0.00152369 -0.01235872
v 0.02192952 0.00062158 -0.01228977
v 0.02112803 -0.00150755 -0.01215790
v 0.02070801 -0.00150755 -0.01221075
v 0.02154419 -0.00108778 -0.01214834
v 0.01988340 -0.00152369 -0.01231191
v 0.01960211 -0.00167303 -0.01232701
v 0.01734791 -0.00150755 -0.01252179
v 0.01734791 -0.00108778 -0.01256004
v 0.01650789 -0.00108778 -0.01259678
v 0.01609173 -0.00150755 -0.01257766
v 0.01567171 -0.00150755 -0.01258923
v 0.01609173 -0.00067002 -0.01264661
v 0.01609173 -0.00025025 -0.01267983
v 0.01609173 0.00016952 -0.01271255
v 0.01525170 -0.00067002 -0.01265819
v 0.01483169 -0.00108778 -0.01263051
v 0.01441168 -0.00150755 -0.01260131
v 0.01399166 -0.00192732 -0.01256407
v 0.01357550 -0.00192732 -0.01255803
v 0.01231546 -0.00276686 -0.01246039
v 0.01189545 -0.00276686 -0.01244629
v 0.01105543 -0.00318663 -0.01237785
v 0.01147544 -0.00595953 -0.01192638
v 0.01189545 -0.00596962 -0.01192940
v 0.01189545 -0.00617951 -0.01186397
v 0.01189545 -0.00654479 -0.01174971
v 0.01021925 -0.00696456 -0.01160074
v 0.00979924 -0.00720875 -0.01150813
v 0.01021925 -0.00721884 -0.01151165
v 0.01021925 -0.00780410 -0.01125597
v 0.01025393 -0.00319268 -0.01234463
v 0.01147544 -0.00318663 -0.01239294
v 0.01189545 -0.00318663 -0.01240704
v 0.01231546 -0.00318663 -0.01241811
v 0.01192242 -0.00363465 -0.01235369
v 0.01147544 -0.00375977 -0.01232500
v 0.01147544 -0.00402617 -0.01228926
v 0.01192242 -0.00398782 -0.01230637
v 0.01189545 -0.00444594 -0.01224145
v 0.01231546 -0.00444594 -0.01224799
v 0.01231546 -0.00486571 -0.01217199
v 0.01189545 -0.00528548 -0.01207989
v 0.01105543 -0.00528548 -0.01206579
v 0.01147544 -0.00570525 -0.01198476
v 0.01021925 -0.00592724 -0.01191581
v 0.01105543 -0.00594944 -0.01192285
v 0.01189545 -0.01064966 -0.00872986
v 0.01231546 -0.01063755 -0.00871526
v 0.01273548 -0.01062544 -0.00869815
v 0.01315549 -0.01047408 -0.00888991
v 0.01357550 -0.01059719 -0.00865839
v 0.01231546 -0.01097054 -0.00816968
v 0.01315549 -0.01080707 -0.00834583
v 0.01260832 -0.01095843 -0.00814854
v 0.01273933 -0.01120464 -0.00766435
v 0.01315549 -0.01093623 -0.00810626
v 0.01357550 -0.01113401 -0.00766435
v 0.01506674 -0.01053463 -0.00855974
v 0.01483169 -0.01097458 -0.00775898
v 0.01105543 -0.00809471 -0.01111705
v 0.01147544 -0.00830661 -0.01100280
v 0.01189545 -0.00830863 -0.01100381
v 0.01231546 -0.00864364 -0.01080148
v 0.01231546 -0.00886563 -0.01066257
v 0.01189545 -0.00886563 -0.01066206
v 0.01105543 -0.00885756 -0.01065703
v 0.01079340 -0.00885554 -0.01065451
v 0.01105543 -0.00906745 -0.01049496
v 0.01064697 -0.00902103 -0.01052265
v 0.01105543 -0.00932980 -0.01028508
v 0.01147544 -0.00932980 -0.01028760
v 0.01105543 -0.00953969 -0.01008779
v 0.01105543 -0.00975159 -0.00987791
v 0.01105543 -0.00996148 -0.00964437
v 0.01105543 -0.01014714 -0.00943449
v 0.01189545 -0.01050637 -0.00893974
v 0.01231546 -0.01049628 -0.00892514
v 0.01315549 -0.00972939 -0.00985576
v 0.01357550 -0.00972132 -0.00984721
v 0.01399166 -0.00970921 -0.00983261
v 0.01399166 -0.00989084 -0.00960511
v 0.01399166 -0.01008458 -0.00935799
v 0.01357550 -0.01025007 -0.00916824
v 0.01273548 -0.01048619 -0.00890803
v 0.03257627 -0.00274062 -0.00766435
v 0.03239131 -0.00317452 -0.00766435
v 0.03233351 -0.00330771 -0.00766435
v 0.03228341 -0.00342073 -0.00766435
v 0.03217937 -0.00360640 -0.00766435
v 0.03196744 -0.00360640 -0.00781333
v 0.03133164 -0.00402617 -0.00808311
v 0.03103108 -0.00430265 -0.00816313
v 0.03111971 -0.00402617 -0.00822101
v 0.03076905 -0.00402819 -0.00843945
v 0.03188267 -0.00390104 -0.00775394
v 0.03023344 -0.00528548 -0.00819182
v 0.03003692 -0.00494240 -0.00848978
v 0.02975563 -0.00510385 -0.00857031
v 0.02894643 -0.00513614 -0.00900467
v 0.02922387 -0.00496661 -0.00892867
v 0.02933562 -0.00468609 -0.00898806
v 0.03079217 -0.00444392 -0.00825373
v 0.03093860 -0.00458115 -0.00810374
v 0.03066116 -0.00476480 -0.00819232
v 0.02910056 -0.00444594 -0.00919794
v 0.02888092 -0.00422394 -0.00939070
v 0.02800622 -0.00417349 -0.00979385
v 0.02810640 -0.00389297 -0.00983865
v 0.02490429 -0.00234709 -0.01126452
v 0.02448428 -0.00276686 -0.01130127
v 0.02448428 -0.00234709 -0.01137274
v 0.02447272 -0.00192732 -0.01144672
v 0.02346700 -0.00301105 -0.01150058
v 0.02432629 -0.00178605 -0.01150460
v 0.02322424 -0.00192732 -0.01173059
v 0.02322424 -0.00150755 -0.01179501
v 0.02406426 -0.00025025 -0.01178293
v 0.02406426 -0.00067002 -0.01172556
v 0.02319341 -0.00106558 -0.01186296
v 0.02332057 -0.00067002 -0.01188913
v 0.02364425 -0.00067002 -0.01181867
v 0.02385618 0.00037940 -0.01191279
v 0.02784052 -0.00360640 -0.01002689
v 0.02756694 -0.00330771 -0.01021160
v 0.02658434 -0.00360640 -0.01048943
v 0.02643021 -0.00306554 -0.01067465
v 0.02671150 -0.00283951 -0.01062532
v 0.02617974 -0.00319672 -0.01072347
v 0.02574431 -0.00318663 -0.01085785
v 0.02513549 -0.00300500 -0.01107981
v 0.02574431 -0.00276686 -0.01094744
v 0.02550541 -0.00250652 -0.01106471
v 0.02490429 -0.00276686 -0.01119154
v 0.02293524 -0.00119070 -0.01189920
v 0.02238421 -0.00025025 -0.01211210
v 0.02196420 -0.00067002 -0.01213072
v 0.01932082 -0.00177999 -0.01234060
v 0.01786811 -0.00291014 -0.01232449
v 0.01818794 -0.00192732 -0.01241710
v 0.01776792 -0.00192732 -0.01245133
v 0.01734791 -0.00192732 -0.01247649
v 0.02154419 -0.00150755 -0.01209499
v 0.02112803 -0.00192732 -0.01210002
v 0.01986799 -0.00276686 -0.01214733
v 0.01986799 -0.00192732 -0.01226007
v 0.02196420 -0.00108778 -0.01207838
v 0.01945568 -0.00192328 -0.01230839
v 0.01944798 -0.00276686 -0.01219665
v 0.01609173 -0.00192732 -0.01253538
v 0.01650789 -0.00150755 -0.01255954
v 0.01567171 -0.00192732 -0.01254847
v 0.01567171 -0.00108778 -0.01262245
v 0.01441168 -0.00192732 -0.01256206
v 0.01399166 -0.00276686 -0.01248304
v 0.01357550 -0.00276686 -0.01247851
v 0.01273548 -0.00276686 -0.01246794
v 0.01189545 -0.00570525 -0.01199080
v 0.01231546 -0.00570525 -0.01199382
v 0.01231546 -0.00597164 -0.01193040
v 0.01231546 -0.00618153 -0.01186447
v 0.01231546 -0.00654479 -0.01175022
v 0.01189545 -0.00696456 -0.01161332
v 0.01147544 -0.00696456 -0.01161030
v 0.01063927 -0.00722288 -0.01151366
v 0.01021925 -0.00742873 -0.01142407
v 0.01063927 -0.00743276 -0.01142458
v 0.01063927 -0.00780410 -0.01125748
v 0.01273548 -0.00318663 -0.01242365
v 0.01231546 -0.00360640 -0.01236526
v 0.01208041 -0.00382234 -0.01233305
v 0.01231546 -0.00404231 -0.01230637
v 0.01273548 -0.00405240 -0.01230788
v 0.01273548 -0.00444594 -0.01225000
v 0.01231546 -0.00528548 -0.01208391
v 0.01357550 -0.00444594 -0.01225202
v 0.01357550 -0.00486571 -0.01217249
v 0.01357550 -0.01045995 -0.00886827
v 0.01399166 -0.01044381 -0.00884210
v 0.01441168 -0.01056288 -0.00860403
v 0.01483169 -0.01054472 -0.00857585
v 0.01357550 -0.01077276 -0.00834583
v 0.01399166 -0.01073846 -0.00834583
v 0.01483169 -0.01102301 -0.00766435
v 0.01513225 -0.01096045 -0.00773331
v 0.01483169 -0.01040345 -0.00878573
v 0.01525170 -0.01017338 -0.00906255
v 0.01522473 -0.01040547 -0.00872583
v 0.01567171 -0.01032878 -0.00876559
v 0.01534418 -0.01052050 -0.00853407
v 0.01526326 -0.01086358 -0.00789437
v 0.01147544 -0.00809673 -0.01111756
v 0.01189545 -0.00809875 -0.01111705
v 0.01231546 -0.00830460 -0.01100230
v 0.01273548 -0.00864364 -0.01079393
v 0.01273548 -0.00886160 -0.01065955
v 0.01273548 -0.00907148 -0.01049446
v 0.01231546 -0.00907552 -0.01049597
v 0.01189545 -0.00907552 -0.01049748
v 0.01147544 -0.00907148 -0.01049748
v 0.01189545 -0.00932980 -0.01028760
v 0.01315549 -0.00932375 -0.01028307
v 0.01231546 -0.00973747 -0.00986583
v 0.01315549 -0.00953363 -0.01006564
v 0.01357550 -0.00952758 -0.01005709
v 0.01504747 -0.00927330 -0.01023475
v 0.01455810 -0.00968701 -0.00980946
v 0.01483169 -0.00967692 -0.00979687
v 0.01525170 -0.00966078 -0.00977423
v 0.01483169 -0.00983837 -0.00958699
v 0.01441168 -0.01006642 -0.00933131
v 0.01399166 -0.01023392 -0.00914811
v 0.03195973 -0.00397168 -0.00766435
v 0.03163991 -0.00403424 -0.00786467
v 0.03149733 -0.00444594 -0.00777961
v 0.03118136 -0.00444392 -0.00799956
v 0.03179404 -0.00418156 -0.00769103
v 0.03014867 -0.00549536 -0.00813595
v 0.02991362 -0.00526126 -0.00839767
v 0.02935103 -0.00553976 -0.00857836
v 0.02909286 -0.00568910 -0.00864832
v 0.02909286 -0.00527942 -0.00885317
v 0.02909286 -0.00484149 -0.00905047
v 0.02881156 -0.00541666 -0.00893622
v 0.02782896 -0.00569112 -0.00927645
v 0.02809870 -0.00511999 -0.00941587
v 0.02837614 -0.00495451 -0.00935044
v 0.02864587 -0.00483544 -0.00926840
v 0.03142412 -0.00467399 -0.00772626
v 0.03118521 -0.00483342 -0.00780578
v 0.03079217 -0.00488791 -0.00804083
v 0.02878844 -0.00444594 -0.00934994
v 0.02784052 -0.00486571 -0.00962374
v 0.02785594 -0.00447419 -0.00975510
v 0.02772493 -0.00435310 -0.00985526
v 0.02785594 -0.00403020 -0.00990257
v 0.02448428 -0.00318663 -0.01121822
v 0.02322424 -0.00402617 -0.01134052
v 0.02305854 -0.00344696 -0.01150360
v 0.02320882 -0.00316645 -0.01152776
v 0.02322424 -0.00276686 -0.01159772
v 0.02280422 -0.00276686 -0.01168328
v 0.02280422 -0.00192732 -0.01181514
v 0.02280037 -0.00151158 -0.01187856
v 0.02742051 -0.00402617 -0.01007470
v 0.02742437 -0.00363061 -0.01018140
v 0.02718931 -0.00378601 -0.01022670
v 0.02658434 -0.00402617 -0.01038273
v 0.02616433 -0.00402617 -0.01052667
v 0.02633387 -0.00334404 -0.01064092
v 0.02594469 -0.00380619 -0.01065099
v 0.02490429 -0.00402617 -0.01091372
v 0.02474630 -0.00346715 -0.01108937
v 0.02489273 -0.00316241 -0.01111504
v 0.02265394 -0.00137233 -0.01192336
v 0.02238421 -0.00067002 -0.01205925
v 0.01902796 -0.00276686 -0.01223642
v 0.01820335 -0.00276887 -0.01231242
v 0.01902796 -0.00318663 -0.01217451
v 0.01818794 -0.00318663 -0.01225353
v 0.01774480 -0.00315434 -0.01229732
v 0.01759067 -0.00299289 -0.01233456
v 0.01774480 -0.00276887 -0.01235067
v 0.01734791 -0.00276686 -0.01237533
v 0.01609173 -0.00276686 -0.01244328
v 0.02154419 -0.00192732 -0.01203560
v 0.02135152 -0.00299087 -0.01191530
v 0.02239577 -0.00151158 -0.01194852
v 0.02112803 -0.00276686 -0.01197872
v 0.01986799 -0.00318663 -0.01208140
v 0.01944798 -0.00318663 -0.01213273
v 0.01567171 -0.00276686 -0.01245737
v 0.01441168 -0.00276686 -0.01248002
v 0.01399166 -0.00318663 -0.01243573
v 0.01357550 -0.00318663 -0.01243321
v 0.01273548 -0.00570525 -0.01199281
v 0.01273548 -0.00596760 -0.01192940
v 0.01315549 -0.00596357 -0.01192789
v 0.01357550 -0.00595751 -0.01192638
v 0.01273548 -0.00654479 -0.01174670
v 0.01231546 -0.00696456 -0.01161281
v 0.01189545 -0.00723095 -0.01151769
v 0.01147544 -0.00722893 -0.01151668
v 0.01105543 -0.00722692 -0.01151517
v 0.01105543 -0.00743680 -0.01142407
v 0.01105543 -0.00780410 -0.01125849
v 0.01357550 -0.00360640 -0.01237583
v 0.01399166 -0.00360640 -0.01237785
v 0.01357550 -0.00407057 -0.01230889
v 0.01399166 -0.00407662 -0.01230889
v 0.01399166 -0.00444594 -0.01225101
v 0.01399166 -0.00486571 -0.01217048
v 0.01441168 -0.01021374 -0.00912143
v 0.01537501 -0.01097256 -0.00766435
v 0.01483169 -0.01019356 -0.00909275
v 0.01483169 -0.01004826 -0.00930263
v 0.01525170 -0.01002606 -0.00927243
v 0.01609173 -0.00976976 -0.00950395
v 0.01650789 -0.00974554 -0.00947174
v 0.01567171 -0.01014916 -0.00902832
v 0.01650789 -0.01024200 -0.00874747
v 0.01650789 -0.01010073 -0.00895735
v 0.01692790 -0.01021576 -0.00871124
v 0.01567171 -0.01050234 -0.00849985
v 0.01567171 -0.01080304 -0.00792607
v 0.01189545 -0.00780410 -0.01125697
v 0.01231546 -0.00780410 -0.01125396
v 0.01231546 -0.00809471 -0.01111555
v 0.01147544 -0.00780410 -0.01125798
v 0.01315549 -0.00808260 -0.01110951
v 0.01273548 -0.00829854 -0.01099827
v 0.01315549 -0.00829249 -0.01099374
v 0.01357550 -0.00828441 -0.01098972
v 0.01357550 -0.00863557 -0.01077984
v 0.01303604 -0.00885756 -0.01065602
v 0.01316705 -0.00902305 -0.01052416
v 0.01357550 -0.00906341 -0.01048289
v 0.01357550 -0.00931769 -0.01027753
v 0.01399166 -0.00930559 -0.01026697
v 0.01441168 -0.00929348 -0.01025388
v 0.01521317 -0.00941457 -0.01005910
v 0.01399166 -0.00906341 -0.01046527
v 0.01441168 -0.00906341 -0.01044111
v 0.01483169 -0.00906341 -0.01041595
v 0.01521317 -0.00909772 -0.01036410
v 0.01567171 -0.00903314 -0.01038373
v 0.01532491 -0.00926119 -0.01022167
v 0.01567171 -0.00942869 -0.00999266
v 0.01650789 -0.00938227 -0.00994132
v 0.01567171 -0.00963858 -0.00974554
v 0.01525170 -0.00981617 -0.00956435
v 0.03181716 -0.00420174 -0.00766435
v 0.03175936 -0.00429054 -0.00766435
v 0.03001380 -0.00577588 -0.00804788
v 0.02973636 -0.00591917 -0.00813897
v 0.02894643 -0.00596760 -0.00858642
v 0.02922387 -0.00582028 -0.00850438
v 0.03078061 -0.00527741 -0.00783648
v 0.03091933 -0.00541262 -0.00766435
v 0.03063804 -0.00556600 -0.00776300
v 0.02867284 -0.00569919 -0.00886324
v 0.02839155 -0.00583441 -0.00893622
v 0.02811411 -0.00596962 -0.00900567
v 0.02767869 -0.00554380 -0.00941688
v 0.02752841 -0.00582230 -0.00935245
v 0.02782896 -0.00527135 -0.00946972
v 0.02745134 -0.00490203 -0.00977322
v 0.03165532 -0.00444594 -0.00766435
v 0.03147036 -0.00471838 -0.00766435
v 0.03129696 -0.00493836 -0.00766435
v 0.03109659 -0.00519063 -0.00766435
v 0.03103108 -0.00513210 -0.00774740
v 0.02760933 -0.00463161 -0.00980644
v 0.02745134 -0.00447419 -0.00992069
v 0.02680398 -0.00425018 -0.01023828
v 0.02462685 -0.00374767 -0.01105767
v 0.02422610 -0.00417954 -0.01106068
v 0.02364425 -0.00402617 -0.01123785
v 0.02394481 -0.00431274 -0.01109592
v 0.02322424 -0.00444594 -0.01123684
v 0.02280422 -0.00444594 -0.01133096
v 0.02278496 -0.00400397 -0.01143917
v 0.02291212 -0.00372547 -0.01147390
v 0.02280422 -0.00318663 -0.01160728
v 0.02254220 -0.00165285 -0.01190322
v 0.02710069 -0.00402617 -0.01019298
v 0.02655737 -0.00441163 -0.01027703
v 0.02616433 -0.00444594 -0.01040387
v 0.02617974 -0.00364272 -0.01061677
v 0.02555165 -0.00425422 -0.01065955
v 0.02585606 -0.00402617 -0.01062331
v 0.02564798 -0.00402617 -0.01068773
v 0.02532430 -0.00402617 -0.01078638
v 0.02490429 -0.00444594 -0.01079947
v 0.02448428 -0.00444594 -0.01091825
v 0.02448813 -0.00403424 -0.01102747
v 0.01818794 -0.00402617 -0.01210958
v 0.01818794 -0.00360640 -0.01218206
v 0.01776792 -0.00360640 -0.01222081
v 0.01734791 -0.00360640 -0.01225051
v 0.01734791 -0.00324717 -0.01230939
v 0.01609173 -0.00347925 -0.01234563
v 0.01734791 -0.00303729 -0.01234161
v 0.01609173 -0.00318663 -0.01238942
v 0.01567171 -0.00318663 -0.01240553
v 0.02151336 -0.00315434 -0.01185340
v 0.02154419 -0.00402617 -0.01167472
v 0.02112803 -0.00402617 -0.01174519
v 0.02112803 -0.00360640 -0.01182773
v 0.02112803 -0.00328350 -0.01189115
v 0.01967147 -0.00424614 -0.01191480
v 0.02112803 -0.00307361 -0.01193091
v 0.01944798 -0.00360640 -0.01205774
v 0.01441168 -0.00318663 -0.01243120
v 0.01357550 -0.00528548 -0.01208039
v 0.01399166 -0.00528548 -0.01207787
v 0.01357550 -0.00570525 -0.01198728
v 0.01357550 -0.00654479 -0.01173814
v 0.01399166 -0.00570525 -0.01198325
v 0.01399166 -0.00594944 -0.01192386
v 0.01273548 -0.00696456 -0.01160879
v 0.01273548 -0.00722288 -0.01151467
v 0.01231546 -0.00722692 -0.01151719
v 0.01189545 -0.00744084 -0.01142307
v 0.01441168 -0.00360640 -0.01237130
v 0.01441168 -0.00405240 -0.01230587
v 0.01441168 -0.00444594 -0.01224346
v 0.01441168 -0.00486571 -0.01216042
v 0.01567171 -0.01093220 -0.00767845
v 0.01569098 -0.01093623 -0.00766435
v 0.01567171 -0.00979195 -0.00953566
v 0.01650789 -0.00959216 -0.00968162
v 0.01692790 -0.00972132 -0.00943751
v 0.01692790 -0.00989488 -0.00918535
v 0.01692790 -0.01007449 -0.00892112
v 0.01734791 -0.01018751 -0.00866846
v 0.01650789 -0.01045188 -0.00840724
v 0.01682771 -0.01054472 -0.00816162
v 0.01231546 -0.00743680 -0.01142156
v 0.01273548 -0.00743276 -0.01141854
v 0.01273548 -0.00780410 -0.01124842
v 0.01357550 -0.00780410 -0.01123483
v 0.01357550 -0.00807453 -0.01110598
v 0.01399166 -0.00806646 -0.01110095
v 0.01399166 -0.00827634 -0.01098317
v 0.01357550 -0.00884545 -0.01064898
v 0.01399166 -0.00862548 -0.01077330
v 0.01399166 -0.00883536 -0.01064193
v 0.01441168 -0.00881720 -0.01063086
v 0.01525170 -0.00877886 -0.01060620
v 0.01567171 -0.00875867 -0.01059361
v 0.01609173 -0.00900892 -0.01036763
v 0.01567171 -0.00924302 -0.01020254
v 0.01609173 -0.00921881 -0.01017738
v 0.01650789 -0.00919459 -0.01015120
v 0.01692790 -0.00935604 -0.00991264
v 0.03022188 -0.00599182 -0.00776854
v 0.02991362 -0.00609677 -0.00790795
v 0.02980958 -0.00640756 -0.00776803
v 0.02952058 -0.00623198 -0.00806901
v 0.02914295 -0.00658313 -0.00807556
v 0.02888092 -0.00674660 -0.00813142
v 0.02902735 -0.00646810 -0.00822101
v 0.02912754 -0.00615125 -0.00836244
v 0.02878844 -0.00624812 -0.00850085
v 0.02806787 -0.00676880 -0.00856427
v 0.02866128 -0.00611493 -0.00864631
v 0.02767869 -0.00637527 -0.00899863
v 0.03050317 -0.00584652 -0.00766737
v 0.03010628 -0.00626629 -0.00766435
v 0.02782511 -0.00611695 -0.00906557
v 0.02634158 -0.00589092 -0.00980392
v 0.02649571 -0.00561040 -0.00986482
v 0.02742051 -0.00528548 -0.00963380
v 0.02740125 -0.00610080 -0.00926639
v 0.02680398 -0.00634298 -0.00939976
v 0.02658434 -0.00612502 -0.00959756
v 0.02720472 -0.00506752 -0.00981147
v 0.02655737 -0.00484351 -0.01013409
v 0.02306240 -0.00511797 -0.01108535
v 0.02321268 -0.00485764 -0.01112259
v 0.02280422 -0.00486571 -0.01121268
v 0.02154419 -0.00528548 -0.01135361
v 0.02146327 -0.00475067 -0.01151920
v 0.02220696 -0.00425825 -0.01149907
v 0.02639938 -0.00468811 -0.01024432
v 0.02626451 -0.00496863 -0.01019902
v 0.02614121 -0.00484351 -0.01028106
v 0.02574431 -0.00486571 -0.01040185
v 0.02471162 -0.00509577 -0.01065955
v 0.02571349 -0.00441567 -0.01055738
v 0.02448428 -0.00486571 -0.01078990
v 0.02321268 -0.00526933 -0.01100180
v 0.01818794 -0.00444594 -0.01203056
v 0.01776792 -0.00444594 -0.01207133
v 0.01776792 -0.00402617 -0.01214884
v 0.01902796 -0.00402617 -0.01202402
v 0.01734791 -0.00402617 -0.01217904
v 0.01609173 -0.00402617 -0.01225806
v 0.01567171 -0.00402617 -0.01227618
v 0.01567171 -0.00374363 -0.01232097
v 0.01567171 -0.00353374 -0.01235419
v 0.02112803 -0.00444594 -0.01165308
v 0.02157887 -0.00448025 -0.01156450
v 0.01983331 -0.00440961 -0.01185390
v 0.01944798 -0.00451455 -0.01188158
v 0.01944798 -0.00430467 -0.01192738
v 0.01944798 -0.00402617 -0.01198023
v 0.01441168 -0.00528548 -0.01206730
v 0.01357550 -0.00696456 -0.01159772
v 0.01399166 -0.00654479 -0.01173160
v 0.01441168 -0.00570525 -0.01197167
v 0.01441168 -0.00592926 -0.01191732
v 0.01357550 -0.00720875 -0.01150863
v 0.01567171 -0.00444594 -0.01220622
v 0.01567171 -0.00486571 -0.01212015
v 0.01609173 -0.01088982 -0.00766435
v 0.01692790 -0.00956592 -0.00964739
v 0.01721304 -0.00970316 -0.00941084
v 0.01734791 -0.01004624 -0.00887834
v 0.01860795 -0.00960023 -0.00925531
v 0.01776792 -0.01015522 -0.00861963
v 0.01837290 -0.01010880 -0.00854917
v 0.01734791 -0.01037519 -0.00834583
v 0.01695102 -0.01044381 -0.00831916
v 0.01710901 -0.01052857 -0.00812840
v 0.01357550 -0.00741864 -0.01141250
v 0.01399166 -0.00780410 -0.01122577
v 0.01441168 -0.00804829 -0.01109239
v 0.01441168 -0.00825818 -0.01097311
v 0.01441168 -0.00860731 -0.01076323
v 0.01525170 -0.00856897 -0.01073806
v 0.01567171 -0.00854879 -0.01072598
v 0.01609173 -0.00873446 -0.01057751
v 0.01650789 -0.00898470 -0.01034649
v 0.01692790 -0.00895847 -0.01032233
v 0.01734791 -0.00892820 -0.01029817
v 0.01776792 -0.00889792 -0.01027351
v 0.01692790 -0.00916835 -0.01012252
v 0.01734791 -0.00932577 -0.00987841
v 0.02965930 -0.00668808 -0.00766888
v 0.02937800 -0.00681724 -0.00776149
v 0.02988279 -0.00648223 -0.00766435
v 0.02908900 -0.00696052 -0.00784303
v 0.02871908 -0.00698676 -0.00805291
v 0.02843008 -0.00714215 -0.00811129
v 0.02860348 -0.00686164 -0.00820893
v 0.02834916 -0.00664570 -0.00848877
v 0.02869596 -0.00655690 -0.00835489
v 0.02824898 -0.00695447 -0.00833979
v 0.02784052 -0.00706950 -0.00848475
v 0.02761318 -0.00716032 -0.00854665
v 0.02784052 -0.00685962 -0.00862316
v 0.02750143 -0.00665579 -0.00891709
v 0.02738583 -0.00652663 -0.00904241
v 0.02618745 -0.00613915 -0.00975057
v 0.02589459 -0.00628849 -0.00979385
v 0.02606414 -0.00600797 -0.00985425
v 0.02618745 -0.00573148 -0.00992824
v 0.02614121 -0.00526126 -0.01013510
v 0.02661517 -0.00531777 -0.00993780
v 0.02658434 -0.00663762 -0.00932930
v 0.02658434 -0.00642774 -0.00944707
v 0.02287744 -0.00539648 -0.01104408
v 0.02276569 -0.00526933 -0.01110498
v 0.02154419 -0.00570525 -0.01122225
v 0.02112803 -0.00570525 -0.01130177
v 0.02112032 -0.00526328 -0.01143716
v 0.02125519 -0.00503119 -0.01148044
v 0.02260000 -0.00549738 -0.01107377
v 0.02112032 -0.00487983 -0.01154185
v 0.02598707 -0.00510586 -0.01024482
v 0.02487346 -0.00525521 -0.01055436
v 0.02448428 -0.00540253 -0.01062230
v 0.02426849 -0.00549133 -0.01065200
v 0.02448428 -0.00519264 -0.01068975
v 0.02322424 -0.00570525 -0.01084980
v 0.01900099 -0.00445401 -0.01194349
v 0.01883915 -0.00466591 -0.01191530
v 0.01818794 -0.00480516 -0.01195003
v 0.01779490 -0.00490203 -0.01196614
v 0.01734791 -0.00486571 -0.01201194
v 0.01734791 -0.00444594 -0.01210354
v 0.01609173 -0.00444594 -0.01218659
v 0.02028800 -0.00444594 -0.01177790
v 0.01986799 -0.00486571 -0.01173764
v 0.01944798 -0.00486571 -0.01179552
v 0.01912044 -0.00459730 -0.01190020
v 0.01399166 -0.00696456 -0.01158966
v 0.01441168 -0.00654479 -0.01171750
v 0.01462746 -0.00591513 -0.01191279
v 0.01567171 -0.00528548 -0.01202251
v 0.01567171 -0.00562251 -0.01194349
v 0.01567171 -0.00612502 -0.01180105
v 0.01399166 -0.00719866 -0.01150410
v 0.01609173 -0.00486571 -0.01209901
v 0.01693561 -0.01078891 -0.00766435
v 0.01800298 -0.00927733 -0.00981902
v 0.01735176 -0.00956189 -0.00957240
v 0.01860795 -0.00939035 -0.00954975
v 0.01749048 -0.00968298 -0.00937963
v 0.01735176 -0.00981415 -0.00921807
v 0.01902796 -0.00935402 -0.00950244
v 0.01973312 -0.00928742 -0.00941436
v 0.01892392 -0.00971325 -0.00900618
v 0.01860795 -0.00992717 -0.00876559
v 0.01860795 -0.01009064 -0.00851797
v 0.01860795 -0.01020769 -0.00830809
v 0.01734791 -0.01061939 -0.00788380
v 0.01732864 -0.01073442 -0.00766435
v 0.01818794 -0.01044785 -0.00797137
v 0.01869658 -0.01053059 -0.00766435
v 0.01431149 -0.00718655 -0.01149856
v 0.01441168 -0.00780410 -0.01120815
v 0.01483169 -0.00802811 -0.01108132
v 0.01535189 -0.00800188 -0.01106723
v 0.01567171 -0.00822387 -0.01092076
v 0.01609173 -0.00852457 -0.01070988
v 0.01650789 -0.00849026 -0.01068924
v 0.01650789 -0.00870015 -0.01055637
v 0.01776792 -0.00864364 -0.01045067
v 0.01809546 -0.00887371 -0.01025187
v 0.01692790 -0.00866584 -0.01053221
v 0.01734791 -0.00913808 -0.01008829
v 0.01776792 -0.00910781 -0.01005004
v 0.02966315 -0.00669009 -0.00766435
v 0.02920460 -0.00708161 -0.00766435
v 0.02893872 -0.00720270 -0.00774690
v 0.02715078 -0.00754780 -0.00851696
v 0.02733574 -0.00726930 -0.00861460
v 0.02700821 -0.00739846 -0.00868607
v 0.02675389 -0.00714619 -0.00895836
v 0.02660361 -0.00698878 -0.00911791
v 0.02575202 -0.00653470 -0.00971534
v 0.02561715 -0.00638939 -0.00984318
v 0.02464226 -0.00629858 -0.01021915
v 0.02575202 -0.00613915 -0.00990710
v 0.02618359 -0.00657304 -0.00953062
v 0.02571349 -0.00567296 -0.01011799
v 0.02583294 -0.00538638 -0.01019449
v 0.02634158 -0.00673046 -0.00938164
v 0.02276569 -0.00566489 -0.01097563
v 0.02154419 -0.00601604 -0.01111152
v 0.02127060 -0.00630463 -0.01106219
v 0.02045369 -0.00546913 -0.01148598
v 0.02112803 -0.00614924 -0.01114423
v 0.01986799 -0.00612502 -0.01136569
v 0.01961752 -0.00589899 -0.01148749
v 0.01986799 -0.00583441 -0.01146736
v 0.02017240 -0.00554582 -0.01150863
v 0.01986799 -0.00528548 -0.01162791
v 0.02532430 -0.00528548 -0.01039682
v 0.02555165 -0.00551151 -0.01024029
v 0.02532430 -0.00560232 -0.01027905
v 0.02493511 -0.00573956 -0.01035102
v 0.02448428 -0.00570525 -0.01050503
v 0.02302772 -0.00634298 -0.01065703
v 0.01900099 -0.00482938 -0.01185541
v 0.01818794 -0.00528548 -0.01182974
v 0.01795288 -0.00506550 -0.01191027
v 0.01779490 -0.00527135 -0.01187554
v 0.01767544 -0.00512201 -0.01192386
v 0.01734791 -0.00538235 -0.01188511
v 0.01609173 -0.00557407 -0.01193242
v 0.01609173 -0.00528548 -0.01200087
v 0.01944798 -0.00528548 -0.01168630
v 0.01902796 -0.00528548 -0.01173512
v 0.01443480 -0.00700492 -0.01155896
v 0.01567171 -0.00654479 -0.01166113
v 0.01490875 -0.00589293 -0.01190725
v 0.01567171 -0.00583239 -0.01189165
v 0.01609173 -0.00612502 -0.01177538
v 0.01818794 -0.00906341 -0.01002487
v 0.01860795 -0.00901901 -0.00999770
v 0.01828042 -0.00925513 -0.00979184
v 0.01816096 -0.00939438 -0.00963330
v 0.01860795 -0.00922688 -0.00975963
v 0.01902796 -0.00919055 -0.00971232
v 0.01987184 -0.00913203 -0.00957441
v 0.02028800 -0.00899681 -0.00963733
v 0.02001441 -0.00925917 -0.00937661
v 0.01904723 -0.00982626 -0.00880133
v 0.01902796 -0.01005229 -0.00845455
v 0.01902796 -0.01017136 -0.00824467
v 0.01902796 -0.01033887 -0.00792607
v 0.01897402 -0.01048215 -0.00766435
v 0.01458893 -0.00717041 -0.01149152
v 0.01567171 -0.00738433 -0.01133750
v 0.01443480 -0.00735002 -0.01141703
v 0.01525170 -0.00738433 -0.01135915
v 0.01567171 -0.00798170 -0.01105867
v 0.01609173 -0.00822387 -0.01088855
v 0.01650789 -0.00822387 -0.01084728
v 0.01692790 -0.00822387 -0.01080500
v 0.01692790 -0.00845595 -0.01066710
v 0.01715525 -0.00843577 -0.01065552
v 0.01731708 -0.00860328 -0.01052869
v 0.01743268 -0.00841156 -0.01063992
v 0.01776792 -0.00837927 -0.01062079
v 0.01818794 -0.00833285 -0.01059361
v 0.01821491 -0.00868198 -0.01036461
v 0.01837675 -0.00884747 -0.01023022
v 0.02898882 -0.00723297 -0.00766435
v 0.02841467 -0.00756192 -0.00766788
v 0.02813338 -0.00763660 -0.00777558
v 0.02792915 -0.00751954 -0.00805542
v 0.02686949 -0.00763256 -0.00859095
v 0.02764786 -0.00760229 -0.00814652
v 0.02626837 -0.00752560 -0.00893068
v 0.02660361 -0.00738433 -0.00887582
v 0.02647645 -0.00724508 -0.00902127
v 0.02618359 -0.00696860 -0.00930967
v 0.02606029 -0.00683136 -0.00943701
v 0.02585991 -0.00711188 -0.00935950
v 0.02572890 -0.00696860 -0.00948633
v 0.02490429 -0.00704730 -0.00974705
v 0.02490429 -0.00683742 -0.00985878
v 0.02490429 -0.00654479 -0.01000927
v 0.02449584 -0.00653470 -0.01014919
v 0.02406426 -0.00668808 -0.01020254
v 0.02385233 -0.00675266 -0.01023375
v 0.02318956 -0.00650846 -0.01053875
v 0.02481952 -0.00601806 -0.01027602
v 0.02280422 -0.00612502 -0.01079141
v 0.02154419 -0.00622593 -0.01103300
v 0.02154419 -0.00654479 -0.01091019
v 0.02112803 -0.00652259 -0.01100331
v 0.02070801 -0.00664570 -0.01103250
v 0.02041516 -0.00671431 -0.01105867
v 0.01986799 -0.00654479 -0.01121470
v 0.01946724 -0.00573754 -0.01155695
v 0.01986799 -0.00562452 -0.01153329
v 0.01944798 -0.00654479 -0.01128013
v 0.01934008 -0.00595348 -0.01150662
v 0.02280422 -0.00661341 -0.01059311
v 0.02249596 -0.00669817 -0.01063036
v 0.02221852 -0.00677284 -0.01066307
v 0.01818794 -0.00570525 -0.01171901
v 0.01776792 -0.00570525 -0.01176481
v 0.01734791 -0.00570525 -0.01180206
v 0.01609173 -0.00578396 -0.01187906
v 0.01902796 -0.00570525 -0.01161986
v 0.01860795 -0.00570525 -0.01166969
v 0.01567171 -0.00688989 -0.01154235
v 0.01609173 -0.00654479 -0.01163496
v 0.01734791 -0.00612502 -0.01167372
v 0.01902796 -0.00898067 -0.00995491
v 0.01944798 -0.00893829 -0.00991062
v 0.01986799 -0.00889591 -0.00986482
v 0.02015313 -0.00886765 -0.00983211
v 0.02043057 -0.00883940 -0.00979838
v 0.02028800 -0.00923293 -0.00933735
v 0.02028800 -0.00937218 -0.00912747
v 0.02028800 -0.00958207 -0.00880687
v 0.02028800 -0.00971930 -0.00859699
v 0.02051535 -0.00969710 -0.00856276
v 0.02028800 -0.00987470 -0.00834583
v 0.01994506 -0.01008862 -0.00808764
v 0.01944798 -0.01013302 -0.00817421
v 0.01932467 -0.01041757 -0.00766435
v 0.01483169 -0.00715426 -0.01148548
v 0.01567171 -0.00709977 -0.01146384
v 0.01609173 -0.00738433 -0.01130680
v 0.01609173 -0.00773952 -0.01114121
v 0.01609173 -0.00794941 -0.01104257
v 0.01731708 -0.00825212 -0.01074863
v 0.01776792 -0.00816938 -0.01074712
v 0.01818794 -0.00812296 -0.01071843
v 0.01860795 -0.00807251 -0.01068824
v 0.01890851 -0.00803618 -0.01066659
v 0.01860795 -0.00828240 -0.01056241
v 0.01860795 -0.00861135 -0.01035253
v 0.01902796 -0.00856090 -0.01032132
v 0.01944798 -0.00851246 -0.01028861
v 0.01860795 -0.00882124 -0.01020758
v 0.02841467 -0.00756394 -0.00766435
v 0.02841082 -0.00756596 -0.00766435
v 0.02819118 -0.00767898 -0.00766435
v 0.02756309 -0.00798170 -0.00766486
v 0.02680783 -0.00802004 -0.00814552
v 0.02742051 -0.00765879 -0.00821950
v 0.02697738 -0.00779199 -0.00833124
v 0.02658434 -0.00790702 -0.00841881
v 0.02627993 -0.00797362 -0.00850337
v 0.02545917 -0.00797564 -0.00893873
v 0.02598707 -0.00761641 -0.00899057
v 0.02614121 -0.00738433 -0.00907463
v 0.02572890 -0.00736011 -0.00925682
v 0.02557862 -0.00720270 -0.00941235
v 0.02463070 -0.00713812 -0.00979536
v 0.02448813 -0.00698474 -0.00992019
v 0.02406426 -0.00696456 -0.01006011
v 0.02368664 -0.00697061 -0.01017134
v 0.02305469 -0.00719664 -0.01024532
v 0.02320497 -0.00697061 -0.01031528
v 0.02196420 -0.00683338 -0.01069226
v 0.02152107 -0.00697263 -0.01072749
v 0.02112803 -0.00696456 -0.01081406
v 0.02013387 -0.00677687 -0.01108333
v 0.01986799 -0.00682934 -0.01110649
v 0.01944798 -0.00690402 -0.01113920
v 0.01902796 -0.00654479 -0.01133499
v 0.01821876 -0.00652864 -0.01144169
v 0.01902796 -0.00600797 -0.01152574
v 0.02280422 -0.00696456 -0.01042601
v 0.02152107 -0.00735002 -0.01054077
v 0.02136308 -0.00718655 -0.01066005
v 0.01776792 -0.00612502 -0.01163496
v 0.01609173 -0.00685154 -0.01152927
v 0.01734791 -0.00649434 -0.01154738
v 0.01734791 -0.00670422 -0.01147541
v 0.01678918 -0.00677082 -0.01149907
v 0.01944798 -0.00872235 -0.01012050
v 0.02070801 -0.00859319 -0.00995542
v 0.02154419 -0.00848623 -0.00986230
v 0.02181777 -0.00844990 -0.00983060
v 0.02070801 -0.00880307 -0.00975711
v 0.02070801 -0.00897461 -0.00954723
v 0.02070801 -0.00918450 -0.00926890
v 0.02070801 -0.00932779 -0.00905953
v 0.02067719 -0.00955180 -0.00872785
v 0.02079664 -0.00966481 -0.00851243
v 0.02145941 -0.00972132 -0.00818125
v 0.02112803 -0.00975765 -0.00824266
v 0.02067719 -0.00978388 -0.00836194
v 0.02028800 -0.01005633 -0.00802573
v 0.02028800 -0.01016329 -0.00781585
v 0.02028800 -0.01023998 -0.00766435
v 0.01609173 -0.00706143 -0.01144874
v 0.01692790 -0.00738433 -0.01122879
v 0.01738644 -0.00742469 -0.01116739
v 0.01755599 -0.00759220 -0.01107276
v 0.01738644 -0.00777786 -0.01099928
v 0.01692790 -0.00786464 -0.01100129
v 0.01776792 -0.00780410 -0.01094341
v 0.01818794 -0.00780410 -0.01088704
v 0.01918980 -0.00799986 -0.01064646
v 0.01903952 -0.00819562 -0.01055134
v 0.01944798 -0.00822387 -0.01046980
v 0.01978321 -0.00847008 -0.01025891
v 0.02756309 -0.00798170 -0.00766435
v 0.02725482 -0.00812095 -0.00766435
v 0.02696967 -0.00809269 -0.00791349
v 0.02699665 -0.00823598 -0.00766435
v 0.02666526 -0.00837927 -0.00766435
v 0.02655351 -0.00828038 -0.00789286
v 0.02616433 -0.00835908 -0.00801415
v 0.02561330 -0.00846605 -0.00818578
v 0.02658434 -0.00806646 -0.00820893
v 0.02599863 -0.00803417 -0.00858138
v 0.02574431 -0.00768705 -0.00903889
v 0.02574431 -0.00808664 -0.00865235
v 0.02532045 -0.00815525 -0.00878522
v 0.02517787 -0.00803820 -0.00900114
v 0.02426849 -0.00800995 -0.00939221
v 0.02507383 -0.00757000 -0.00937963
v 0.02532430 -0.00728141 -0.00945966
v 0.02491970 -0.00741057 -0.00953163
v 0.02479254 -0.00765274 -0.00943298
v 0.02448813 -0.00736818 -0.00970880
v 0.02406426 -0.00750744 -0.00976567
v 0.02382150 -0.00757605 -0.00980442
v 0.02435326 -0.00721683 -0.00983815
v 0.02320497 -0.00735608 -0.01011446
v 0.02280422 -0.00746707 -0.01016781
v 0.02249211 -0.00754376 -0.01020808
v 0.02112803 -0.00723297 -0.01068320
v 0.02070801 -0.00731370 -0.01072246
v 0.01986799 -0.00738433 -0.01084376
v 0.01986799 -0.00703923 -0.01100935
v 0.02070801 -0.00696456 -0.01089107
v 0.01944798 -0.00711390 -0.01104508
v 0.01917824 -0.00715628 -0.01106521
v 0.01860795 -0.00696456 -0.01122426
v 0.01818794 -0.00696456 -0.01127912
v 0.01776792 -0.00664570 -0.01145528
v 0.01860795 -0.00654479 -0.01138733
v 0.01809931 -0.00637930 -0.01150863
v 0.01821876 -0.00616336 -0.01156903
v 0.02154419 -0.00775163 -0.01032334
v 0.02112803 -0.00744286 -0.01057902
v 0.02221081 -0.00760834 -0.01024281
v 0.01776792 -0.00643581 -0.01152776
v 0.01734791 -0.00696456 -0.01137374
v 0.01776792 -0.00696456 -0.01133147
v 0.02006451 -0.00842972 -0.01023224
v 0.01990267 -0.00862346 -0.01010490
v 0.02238421 -0.00854475 -0.00952660
v 0.02196035 -0.00858108 -0.00963078
v 0.02028800 -0.00839339 -0.01020909
v 0.02070801 -0.00832276 -0.01016530
v 0.02115885 -0.00820773 -0.01014013
v 0.02132069 -0.00800793 -0.01023123
v 0.02196035 -0.00824607 -0.00992371
v 0.02270404 -0.00806040 -0.00984368
v 0.02209521 -0.00839945 -0.00978782
v 0.02305469 -0.00844586 -0.00940832
v 0.02144785 -0.00888178 -0.00942996
v 0.02112803 -0.00892214 -0.00948080
v 0.02157116 -0.00872235 -0.00958397
v 0.02172915 -0.00884545 -0.00938567
v 0.02196420 -0.00897058 -0.00913704
v 0.02196420 -0.00918046 -0.00883203
v 0.02196420 -0.00949529 -0.00834583
v 0.02174071 -0.00968903 -0.00812840
v 0.02071957 -0.01002808 -0.00790846
v 0.02059241 -0.01013302 -0.00775747
v 0.02064636 -0.01016733 -0.00766435
v 0.01776792 -0.00735608 -0.01115933
v 0.01776792 -0.00756596 -0.01105968
v 0.01818794 -0.00750744 -0.01103200
v 0.01860795 -0.00780410 -0.01082816
v 0.01903952 -0.00783841 -0.01075014
v 0.01903182 -0.00735608 -0.01098921
v 0.01944798 -0.00775163 -0.01073404
v 0.01944798 -0.00796151 -0.01062532
v 0.01990267 -0.00826221 -0.01036360
v 0.02553238 -0.00882124 -0.00766435
v 0.02547458 -0.00883334 -0.00768197
v 0.02532430 -0.00851852 -0.00827084
v 0.02532430 -0.00838330 -0.00848072
v 0.02509310 -0.00842568 -0.00854565
v 0.02493511 -0.00832074 -0.00875754
v 0.02448428 -0.00837523 -0.00889947
v 0.02395637 -0.00847008 -0.00902127
v 0.02364425 -0.00834496 -0.00929608
v 0.02398720 -0.00806847 -0.00943953
v 0.02298533 -0.00799986 -0.00980644
v 0.02322424 -0.00793931 -0.00976970
v 0.02366737 -0.00779401 -0.00972037
v 0.02410280 -0.00784244 -0.00955025
v 0.02448428 -0.00773952 -0.00948684
v 0.02322424 -0.00773145 -0.00989804
v 0.02282734 -0.00783841 -0.00994686
v 0.02236495 -0.00777181 -0.01010691
v 0.02070801 -0.00752358 -0.01061928
v 0.02016469 -0.00762650 -0.01067012
v 0.01986799 -0.00768099 -0.01069780
v 0.01944798 -0.00738433 -0.01091573
v 0.01818794 -0.00729755 -0.01113215
v 0.02115885 -0.00784244 -0.01035806
v 0.02070801 -0.00780410 -0.01046930
v 0.02154419 -0.00796151 -0.01020254
v 0.02028800 -0.00818351 -0.01033542
v 0.02070801 -0.00811287 -0.01029364
v 0.02238421 -0.00875464 -0.00927293
v 0.02196420 -0.00881518 -0.00934692
v 0.02103940 -0.00805637 -0.01025992
v 0.02333213 -0.00839945 -0.00935698
v 0.02364425 -0.00852054 -0.00908620
v 0.02320497 -0.00856292 -0.00920448
v 0.02238421 -0.00891811 -0.00906305
v 0.02221852 -0.00928540 -0.00857484
v 0.02236880 -0.00938026 -0.00836244
v 0.02196420 -0.00966078 -0.00807858
v 0.02231485 -0.00972939 -0.00778716
v 0.02196420 -0.00976976 -0.00786870
v 0.02183319 -0.00990295 -0.00766435
v 0.02112803 -0.00992919 -0.00792607
v 0.02086985 -0.01010275 -0.00769657
v 0.02084288 -0.01012495 -0.00766435
v 0.01986799 -0.00789088 -0.01058707
v 0.02548999 -0.00883738 -0.00766435
v 0.02533201 -0.00874051 -0.00791148
v 0.02422225 -0.00925715 -0.00768449
v 0.02519714 -0.00888178 -0.00776200
v 0.02481566 -0.00847412 -0.00861208
v 0.02493511 -0.00858310 -0.00838157
v 0.02406426 -0.00880913 -0.00848525
v 0.02383306 -0.00884747 -0.00854665
v 0.02367508 -0.00875262 -0.00875502
v 0.02322424 -0.00879500 -0.00889142
v 0.02295836 -0.00883536 -0.00895031
v 0.02408353 -0.00858713 -0.00879680
v 0.02267706 -0.00887573 -0.00900718
v 0.02281193 -0.00871428 -0.00916220
v 0.02236880 -0.00914010 -0.00873489
v 0.02280422 -0.00933788 -0.00823561
v 0.02281193 -0.00897865 -0.00879227
v 0.02242660 -0.00962445 -0.00792658
v 0.02259229 -0.00969307 -0.00771569
v 0.02237265 -0.00977581 -0.00766435
v 0.02196420 -0.00987268 -0.00766435
v 0.02101628 -0.01008660 -0.00766435
v 0.02424152 -0.00926119 -0.00766435
v 0.02394481 -0.00930155 -0.00776401
v 0.02490429 -0.00893223 -0.00784101
v 0.02407582 -0.00916634 -0.00791248
v 0.02406426 -0.00894232 -0.00827587
v 0.02364425 -0.00921679 -0.00804536
v 0.02367508 -0.00899681 -0.00838207
v 0.02278496 -0.00966683 -0.00766435
v 0.02263468 -0.00970719 -0.00766435
v 0.02399876 -0.00933384 -0.00766435
v 0.02364425 -0.00943273 -0.00766435
f 118 71 117
f 606 472 605
f 606 607 472
f 168 118 117
f 30 32 13
f 29 32 30
f 13 12 30
f 30 12 29
f 4 12 13
f 604 724 605
f 752 606 605
f 605 751 752
f 605 563 713
f 71 122 123
f 123 124 71
f 118 168 170
f 118 170 171
f 72 36 71
f 26 27 12
f 61 32 29
f 12 23 24
f 605 472 471
f 471 604 605
f 470 600 471
f 471 600 601
f 466 349 477
f 876 875 727
f 430 318 317
f 317 318 222
f 605 724 723
f 565 427 564
f 564 723 724
f 427 563 564
f 226 229 148
f 226 228 320
f 146 228 226
f 472 607 596
f 596 464 472
f 464 596 597
f 607 606 756
f 750 751 605
f 605 713 750
f 750 713 854
f 606 752 753
f 562 563 427
f 852 713 851
f 854 713 853
f 853 852 984
f 713 852 853
f 251 170 252
f 252 171 251
f 251 171 170
f 477 599 468
f 468 466 477
f 467 466 468
f 121 122 71
f 71 120 121
f 71 118 119
f 119 120 71
f 36 72 62
f 71 124 125
f 125 72 71
f 71 113 126
f 71 36 70
f 70 113 71
f 127 126 113
f 71 126 127
f 107 108 66
f 237 159 236
f 27 26 53
f 64 34 33
f 13 32 33
f 33 34 13
f 63 61 60
f 60 103 63
f 63 103 64
f 64 33 63
f 32 61 63
f 63 33 32
f 59 103 60
f 25 26 12
f 12 24 25
f 25 24 52
f 52 53 25
f 25 53 26
f 10 23 12
f 4 9 10
f 222 318 223
f 320 228 223
f 223 228 224
f 213 214 141
f 74 37 73
f 37 39 73
f 75 37 74
f 74 129 75
f 76 129 80
f 76 38 37
f 37 75 76
f 76 75 129
f 80 129 132
f 74 131 132
f 132 129 74
f 80 132 133
f 204 135 203
f 203 294 204
f 293 294 203
f 83 86 47
f 86 83 138
f 205 135 204
f 604 471 603
f 465 597 598
f 464 597 465
f 746 603 602
f 602 471 601
f 602 603 471
f 477 349 476
f 745 604 746
f 746 602 745
f 745 602 612
f 474 458 592
f 186 255 187
f 187 255 257
f 169 188 250
f 169 168 117
f 462 350 478
f 461 462 344
f 734 874 735
f 735 874 724
f 604 736 735
f 430 317 429
f 566 427 565
f 725 616 565
f 565 564 725
f 725 564 724
f 724 875 762
f 762 875 876
f 426 427 316
f 427 317 316
f 316 317 222
f 714 563 605
f 714 564 563
f 605 723 714
f 723 564 714
f 441 440 439
f 439 440 320
f 320 323 322
f 322 229 320
f 147 226 148
f 146 226 147
f 148 92 147
f 147 92 146
f 320 229 321
f 321 226 320
f 229 226 321
f 1862 1863 1790
f 1031 897 896
f 757 902 898
f 607 756 757
f 757 756 897
f 739 596 607
f 739 597 596
f 755 756 606
f 897 756 755
f 606 753 754
f 896 897 754
f 754 755 606
f 897 755 754
f 561 427 426
f 561 562 427
f 984 852 985
f 118 173 174
f 118 171 172
f 172 173 118
f 253 171 252
f 252 346 253
f 342 457 458
f 345 346 252
f 252 342 345
f 469 468 599
f 13 36 31
f 36 62 31
f 116 127 113
f 163 108 107
f 158 105 104
f 64 103 104
f 106 105 158
f 158 159 106
f 106 159 107
f 36 68 67
f 161 107 160
f 107 159 160
f 236 159 157
f 157 159 158
f 87 145 146
f 103 59 102
f 102 157 158
f 158 104 102
f 102 104 103
f 58 99 59
f 98 99 58
f 155 102 101
f 101 102 59
f 328 440 441
f 94 90 93
f 93 92 148
f 148 149 93
f 54 55 27
f 27 53 54
f 57 58 28
f 27 55 28
f 28 58 59
f 29 12 28
f 12 27 28
f 28 59 60
f 28 61 29
f 60 61 28
f 94 93 95
f 5 2 7
f 6 2 5
f 1 2 3
f 3 2 6
f 6 8 3
f 12 4 11
f 11 10 12
f 4 10 11
f 222 223 144
f 144 223 224
f 224 145 144
f 84 143 144
f 144 143 214
f 146 145 225
f 224 228 225
f 225 145 224
f 140 141 84
f 140 212 213
f 213 141 140
f 142 143 84
f 84 141 142
f 214 143 142
f 142 141 214
f 39 40 77
f 17 5 7
f 74 73 79
f 79 73 39
f 43 44 20
f 15 39 37
f 37 38 15
f 15 17 39
f 266 193 281
f 293 203 202
f 202 133 132
f 136 83 135
f 135 205 136
f 139 206 207
f 205 206 139
f 86 138 139
f 138 136 139
f 139 136 205
f 298 297 407
f 206 297 298
f 728 727 875
f 728 875 724
f 724 874 728
f 746 604 747
f 747 603 746
f 604 603 747
f 477 476 613
f 613 744 599
f 613 599 477
f 475 474 610
f 475 476 349
f 349 474 475
f 608 474 592
f 585 586 454
f 186 187 128
f 128 187 188
f 128 127 186
f 71 127 128
f 117 71 128
f 128 169 117
f 188 169 128
f 188 187 256
f 256 350 351
f 257 350 256
f 256 187 257
f 351 350 460
f 350 462 460
f 462 461 460
f 250 188 258
f 188 256 258
f 343 344 250
f 343 461 344
f 250 258 343
f 351 460 343
f 343 460 461
f 343 256 351
f 343 258 256
f 592 458 591
f 458 457 591
f 724 604 749
f 749 735 724
f 604 735 749
f 485 622 615
f 565 616 615
f 615 622 565
f 427 566 567
f 431 568 485
f 431 567 568
f 430 429 431
f 431 318 430
f 431 432 318
f 724 762 617
f 617 725 724
f 616 725 617
f 481 352 480
f 437 573 444
f 230 322 323
f 229 322 230
f 154 149 230
f 148 229 230
f 230 149 148
f 1687 1686 1753
f 1752 1753 1686
f 1824 1752 1751
f 1751 1752 1686
f 1854 1898 1900
f 1687 1753 1754
f 1184 1304 1305
f 1571 1656 1657
f 897 1031 900
f 900 757 897
f 1031 1034 900
f 597 739 742
f 742 740 597
f 607 757 742
f 742 739 607
f 410 298 407
f 1352 1351 1354
f 851 713 722
f 722 713 563
f 563 721 722
f 1354 1351 1444
f 1435 1362 1361
f 1225 1100 1222
f 854 853 887
f 887 750 854
f 1122 1123 986
f 986 853 984
f 986 887 853
f 309 214 213
f 426 316 425
f 425 561 426
f 983 852 851
f 851 982 983
f 983 985 852
f 1120 985 983
f 118 174 175
f 349 253 348
f 348 253 346
f 349 466 347
f 347 253 349
f 347 466 467
f 467 468 347
f 468 469 347
f 347 469 470
f 470 471 347
f 347 471 472
f 472 464 347
f 464 465 347
f 459 342 458
f 459 345 342
f 179 180 118
f 118 180 181
f 113 70 69
f 69 70 36
f 69 67 111
f 36 67 69
f 111 67 110
f 110 67 66
f 127 116 167
f 334 335 242
f 245 167 244
f 246 167 245
f 127 167 184
f 184 167 246
f 105 106 65
f 107 66 65
f 65 106 107
f 64 104 65
f 65 104 105
f 35 67 68
f 66 67 35
f 13 34 35
f 35 34 64
f 35 36 13
f 35 68 36
f 64 65 35
f 35 65 66
f 329 237 236
f 329 330 237
f 441 439 442
f 161 160 239
f 239 160 159
f 237 330 331
f 331 239 237
f 332 239 331
f 146 92 88
f 88 87 146
f 59 99 100
f 100 101 59
f 236 157 235
f 157 234 235
f 233 234 157
f 154 230 231
f 231 230 232
f 324 323 320
f 320 440 324
f 324 230 323
f 232 230 324
f 440 328 324
f 57 28 56
f 56 28 55
f 56 97 57
f 217 144 216
f 84 144 85
f 85 144 145
f 145 87 85
f 215 144 214
f 216 144 215
f 227 228 146
f 146 225 227
f 227 225 228
f 78 77 40
f 39 77 78
f 74 79 78
f 78 79 39
f 18 17 7
f 18 40 39
f 39 17 18
f 5 17 14
f 14 15 5
f 17 15 14
f 6 5 16
f 5 15 16
f 16 15 38
f 16 8 6
f 80 81 41
f 41 76 80
f 38 76 41
f 133 202 134
f 134 202 203
f 80 133 134
f 134 81 80
f 134 203 135
f 135 81 134
f 82 83 43
f 135 83 82
f 82 81 135
f 195 196 131
f 131 190 195
f 388 525 526
f 526 525 623
f 770 907 908
f 192 193 131
f 362 266 281
f 363 266 362
f 940 796 939
f 274 275 193
f 361 266 365
f 201 202 132
f 131 193 194
f 193 268 194
f 267 268 193
f 193 266 267
f 137 138 83
f 83 136 137
f 137 136 138
f 296 297 206
f 296 206 205
f 698 697 838
f 213 212 307
f 306 209 305
f 729 874 734
f 729 728 874
f 748 759 758
f 748 758 736
f 748 736 604
f 886 759 748
f 604 745 748
f 476 475 611
f 610 474 609
f 474 608 609
f 609 760 610
f 249 342 252
f 249 248 342
f 168 248 249
f 252 170 249
f 249 170 168
f 584 454 583
f 585 454 584
f 583 726 584
f 250 344 339
f 590 591 456
f 456 591 457
f 456 586 590
f 456 454 586
f 731 587 595
f 595 587 462
f 462 587 455
f 344 462 455
f 587 588 455
f 455 339 344
f 454 339 455
f 583 454 455
f 988 977 976
f 1110 1228 1229
f 1229 1228 1349
f 1349 1228 1227
f 1349 1227 1340
f 1349 1243 1229
f 485 619 620
f 620 619 565
f 618 566 565
f 565 619 618
f 568 567 618
f 618 567 566
f 485 568 618
f 618 619 485
f 479 352 485
f 485 615 479
f 479 615 616
f 479 617 614
f 616 617 479
f 428 431 429
f 567 431 428
f 428 429 317
f 428 317 427
f 427 567 428
f 482 352 481
f 482 483 352
f 432 431 484
f 484 483 432
f 484 431 485
f 485 352 484
f 352 483 484
f 319 434 320
f 320 223 319
f 319 223 318
f 730 617 762
f 438 439 320
f 320 437 438
f 436 437 320
f 1861 1862 1790
f 1861 1884 1862
f 1835 1752 1824
f 1834 1752 1833
f 1753 1752 1834
f 1833 1754 1834
f 1834 1754 1753
f 1884 1885 1832
f 1862 1884 1831
f 1863 1862 1831
f 1884 1832 1831
f 1831 1832 1751
f 893 752 751
f 896 754 895
f 895 754 753
f 1799 1798 1797
f 1863 1831 1830
f 1830 1831 1751
f 1920 1900 1898
f 1921 1920 1929
f 1900 1920 1921
f 1921 1922 1900
f 1786 1720 1790
f 1715 1640 1714
f 1643 1640 1715
f 1781 1715 1780
f 1837 1882 1887
f 743 881 883
f 884 743 883
f 883 881 884
f 881 1010 884
f 1461 1532 1452
f 1260 1364 1249
f 1545 1532 1461
f 1543 1458 1542
f 1453 1367 1391
f 1286 1164 1285
f 1687 1688 1617
f 1454 1535 1536
f 1303 1304 1184
f 204 294 295
f 295 205 204
f 295 296 205
f 294 394 395
f 1101 1100 962
f 1222 1100 1224
f 789 924 925
f 1090 1091 948
f 1797 1865 1868
f 1868 1799 1797
f 1800 1799 1868
f 1797 1798 1725
f 1570 1571 1492
f 1492 1569 1570
f 1294 1307 1306
f 1184 1305 1306
f 1306 1307 1184
f 1294 1173 1293
f 1293 1307 1294
f 1184 1059 1171
f 1184 1307 1185
f 1185 1059 1184
f 1368 1453 1454
f 1367 1453 1368
f 1454 1536 1537
f 1141 1142 1014
f 1251 1252 1142
f 1286 1252 1251
f 1030 1034 1031
f 896 1029 1030
f 1030 1031 896
f 901 1034 1035
f 901 900 1034
f 1035 1036 901
f 902 757 901
f 757 900 901
f 898 902 1032
f 598 597 741
f 597 740 741
f 741 743 598
f 881 743 741
f 880 881 741
f 741 740 880
f 878 740 877
f 877 742 757
f 740 742 877
f 1008 881 880
f 1008 1010 881
f 880 1009 1008
f 1008 1009 1010
f 829 818 817
f 407 544 542
f 409 544 407
f 407 297 409
f 545 541 672
f 1232 1233 1117
f 980 1115 981
f 981 1115 982
f 851 980 981
f 981 982 851
f 851 722 873
f 871 722 721
f 716 717 563
f 563 715 716
f 990 976 1112
f 720 721 563
f 563 719 720
f 563 717 718
f 718 719 563
f 1360 1361 1245
f 1245 1243 1360
f 1243 1349 1360
f 1340 1361 1360
f 1360 1349 1340
f 1244 1243 1245
f 1451 1444 1363
f 1363 1444 1351
f 1437 1361 1340
f 1599 1600 1517
f 1362 1435 1450
f 1451 1363 1450
f 1450 1363 1362
f 1347 1225 1222
f 956 829 962
f 818 829 956
f 984 985 1121
f 1121 986 984
f 1122 986 1121
f 1121 985 1120
f 846 847 705
f 308 309 213
f 213 307 308
f 708 709 560
f 560 709 561
f 560 559 708
f 176 177 118
f 118 175 176
f 473 474 349
f 458 474 473
f 473 459 458
f 118 177 178
f 178 179 118
f 183 119 118
f 112 116 113
f 113 69 112
f 112 69 116
f 114 69 111
f 111 110 114
f 109 66 108
f 109 110 66
f 244 167 166
f 166 167 116
f 186 127 185
f 127 184 185
f 185 255 186
f 185 184 255
f 257 255 254
f 255 184 254
f 254 184 246
f 337 245 336
f 246 245 337
f 452 353 337
f 240 239 332
f 334 242 240
f 159 237 238
f 238 239 159
f 237 239 238
f 443 442 439
f 439 438 443
f 443 437 444
f 443 438 437
f 153 149 154
f 153 152 149
f 149 152 150
f 151 93 150
f 150 93 149
f 156 233 157
f 156 102 155
f 157 102 156
f 325 324 326
f 232 324 325
f 326 324 327
f 327 324 328
f 96 93 151
f 96 95 93
f 222 144 221
f 144 220 221
f 221 316 222
f 221 220 316
f 216 215 310
f 214 309 310
f 310 215 214
f 19 20 8
f 8 16 19
f 43 20 19
f 19 16 38
f 38 41 19
f 130 131 74
f 130 190 131
f 385 523 388
f 196 195 282
f 197 285 198
f 131 196 197
f 197 198 131
f 198 285 286
f 388 523 524
f 524 525 388
f 623 525 524
f 524 663 623
f 764 765 623
f 623 663 764
f 1182 1062 1187
f 789 782 920
f 503 365 502
f 502 365 362
f 381 362 281
f 500 362 381
f 636 650 648
f 939 796 938
f 796 937 938
f 944 945 805
f 805 804 944
f 803 804 656
f 803 944 804
f 275 274 369
f 796 940 797
f 940 798 797
f 363 362 364
f 362 365 364
f 364 266 363
f 364 365 266
f 202 201 291
f 139 209 210
f 210 209 306
f 210 307 212
f 306 307 210
f 208 139 207
f 208 209 139
f 207 305 208
f 208 305 209
f 298 410 411
f 299 414 300
f 207 206 299
f 299 300 207
f 299 411 412
f 206 298 299
f 298 411 299
f 300 414 301
f 414 302 301
f 207 300 301
f 301 302 207
f 415 414 552
f 207 302 303
f 303 302 414
f 886 748 761
f 761 745 612
f 761 748 745
f 340 339 454
f 454 456 340
f 340 456 457
f 589 726 583
f 583 455 589
f 589 455 588
f 698 838 839
f 838 969 839
f 839 699 698
f 1112 976 975
f 1105 1227 1107
f 1227 1228 1107
f 972 967 973
f 1105 1107 966
f 966 1107 967
f 565 622 621
f 621 620 565
f 621 622 485
f 485 620 621
f 318 432 433
f 432 483 433
f 483 482 433
f 433 482 481
f 433 319 318
f 434 319 433
f 732 730 762
f 731 595 594
f 594 595 462
f 617 730 763
f 763 738 617
f 614 617 737
f 617 738 737
f 444 573 445
f 573 437 435
f 437 436 435
f 320 434 435
f 435 436 320
f 336 335 449
f 1906 1907 1860
f 1860 1885 1884
f 1884 1861 1860
f 1790 1720 1789
f 1789 1861 1790
f 1789 1860 1861
f 1748 1710 1775
f 1823 1882 1824
f 1824 1751 1823
f 1751 1832 1823
f 1887 1882 1881
f 1882 1823 1881
f 1881 1823 1832
f 1016 986 1123
f 887 986 1016
f 1598 1517 1597
f 1599 1517 1598
f 1597 1596 1598
f 1596 1675 1598
f 1811 1812 1737
f 1854 1900 1901
f 1900 1922 1901
f 1721 1642 1720
f 1720 1786 1721
f 1573 1569 1492
f 1641 1640 1643
f 1718 1642 1717
f 1717 1715 1718
f 1785 1787 1720
f 1713 1776 1714
f 1714 1640 1713
f 1638 1711 1639
f 1639 1713 1640
f 1779 1780 1715
f 1853 1898 1854
f 1854 1780 1853
f 1882 1837 1836
f 1836 1754 1833
f 1836 1837 1754
f 1833 1752 1836
f 1752 1835 1836
f 1824 1882 1836
f 1836 1835 1824
f 1754 1837 1838
f 1838 1837 1887
f 1918 1891 1917
f 1930 1921 1929
f 1928 1917 1916
f 1916 1917 1891
f 1137 1009 1014
f 1010 1009 1137
f 743 884 885
f 1014 1015 885
f 885 1015 1013
f 1013 1015 1139
f 1249 1364 1365
f 1364 1452 1365
f 1364 1260 1373
f 1461 1452 1373
f 1373 1452 1364
f 1547 1545 1544
f 1461 1547 1544
f 1544 1545 1461
f 1546 1547 1461
f 1461 1543 1546
f 1546 1543 1547
f 1619 1543 1542
f 1284 1285 1164
f 1391 1367 1284
f 1367 1285 1284
f 1035 1034 1160
f 1614 1613 1686
f 1613 1614 1539
f 1456 1536 1535
f 1456 1537 1536
f 1688 1691 1689
f 1689 1617 1688
f 1690 1689 1691
f 1617 1689 1690
f 1915 1916 1891
f 1921 1916 1915
f 1892 1891 1918
f 1892 1840 1891
f 1288 1303 1184
f 400 295 294
f 396 532 397
f 396 397 294
f 294 395 396
f 532 396 531
f 531 396 395
f 807 669 806
f 806 948 807
f 664 647 792
f 806 669 792
f 535 669 536
f 404 541 405
f 297 296 405
f 405 295 404
f 296 295 405
f 1199 1198 1222
f 1222 1198 1197
f 789 928 929
f 1196 1197 1071
f 1071 1197 1198
f 927 928 789
f 927 1071 928
f 1092 948 1091
f 1092 960 950
f 1222 1224 1099
f 1099 1224 1100
f 1329 1325 1425
f 1325 1329 1207
f 1428 1512 1499
f 1499 1415 1428
f 1499 1512 1577
f 1315 1415 1316
f 1316 1415 1417
f 1863 1868 1864
f 1864 1868 1865
f 1790 1863 1864
f 1864 1865 1790
f 1869 1868 1863
f 1800 1868 1869
f 1863 1830 1869
f 1866 1867 1790
f 1797 1867 1866
f 1790 1865 1866
f 1866 1865 1797
f 1651 1570 1569
f 1651 1725 1652
f 1652 1570 1651
f 1791 1721 1786
f 1791 1723 1721
f 1653 1570 1652
f 1571 1570 1653
f 1653 1654 1571
f 1652 1725 1653
f 1725 1654 1653
f 1394 1405 1478
f 1295 1173 1294
f 1393 1405 1394
f 1394 1290 1393
f 907 1051 1047
f 1047 1171 1059
f 1307 1293 1186
f 1186 1185 1307
f 1186 1173 1060
f 1186 1293 1173
f 1060 1059 1186
f 1059 1185 1186
f 1059 1058 1048
f 907 1047 1048
f 1048 1047 1059
f 1369 1368 1454
f 1257 1368 1369
f 1254 1368 1142
f 1367 1368 1254
f 1014 1142 1143
f 1143 1144 1014
f 1142 1144 1143
f 1255 1144 1142
f 1257 1144 1255
f 1142 1368 1255
f 1255 1368 1257
f 1142 1141 1250
f 1250 1141 1248
f 1250 1251 1142
f 1248 1251 1250
f 1038 1163 1164
f 1158 1030 1029
f 1034 1030 1158
f 1134 1141 1014
f 1248 1141 1134
f 1133 1134 1007
f 1007 1009 880
f 880 740 1007
f 899 757 898
f 899 877 757
f 898 1032 899
f 833 832 964
f 964 832 963
f 1105 963 1097
f 543 410 407
f 407 542 543
f 543 542 675
f 675 676 543
f 817 818 679
f 409 545 547
f 547 672 682
f 547 545 672
f 823 828 831
f 697 553 696
f 1116 1232 1117
f 1115 1232 1116
f 1117 982 1116
f 982 1115 1116
f 1351 1352 1231
f 1231 1232 1115
f 1231 1352 1233
f 1233 1232 1231
f 858 859 717
f 978 850 977
f 978 977 988
f 859 858 978
f 1230 1110 1229
f 861 990 991
f 988 976 989
f 976 990 989
f 989 990 861
f 995 720 864
f 717 859 860
f 860 718 717
f 861 718 860
f 988 989 860
f 860 989 861
f 860 978 988
f 859 978 860
f 1436 1435 1361
f 1361 1437 1436
f 1436 1337 1435
f 1436 1437 1337
f 1430 1517 1518
f 1518 1431 1430
f 1531 1517 1600
f 1527 1451 1531
f 1531 1600 1527
f 1518 1517 1531
f 1435 1337 1434
f 1434 1450 1435
f 1441 1523 1442
f 962 1103 1093
f 1093 956 962
f 1100 1225 1226
f 1226 1225 1348
f 1215 1214 1333
f 1333 1334 1215
f 1431 1334 1333
f 1522 1521 1601
f 1441 1521 1522
f 1522 1523 1441
f 1514 1523 1522
f 1586 1667 1601
f 1601 1521 1586
f 704 844 845
f 845 846 704
f 704 846 705
f 847 846 848
f 848 846 845
f 703 704 558
f 558 704 705
f 558 557 703
f 970 839 969
f 845 844 843
f 843 973 845
f 843 842 972
f 972 973 843
f 849 976 977
f 977 850 849
f 849 850 709
f 709 848 849
f 849 975 976
f 845 975 849
f 849 848 845
f 709 850 710
f 561 709 710
f 710 850 715
f 561 425 424
f 219 220 144
f 316 220 219
f 315 425 316
f 316 219 315
f 345 459 463
f 459 473 463
f 346 345 463
f 463 348 346
f 349 348 463
f 463 473 349
f 118 181 182
f 182 183 118
f 116 69 115
f 69 114 115
f 244 166 243
f 243 335 336
f 243 242 335
f 243 166 242
f 243 245 244
f 336 245 243
f 338 254 246
f 246 337 338
f 257 254 338
f 338 353 257
f 338 337 353
f 110 109 162
f 161 239 162
f 239 240 162
f 162 109 108
f 108 163 162
f 162 107 161
f 162 163 107
f 91 51 49
f 49 90 91
f 49 51 50
f 49 50 22
f 22 48 49
f 92 93 49
f 49 93 90
f 49 88 92
f 87 88 46
f 88 48 46
f 46 85 87
f 46 22 21
f 46 48 22
f 312 217 311
f 311 217 216
f 216 310 311
f 420 558 559
f 309 308 420
f 43 19 42
f 42 82 43
f 81 82 42
f 42 41 81
f 42 19 41
f 190 130 189
f 284 197 196
f 284 387 285
f 285 197 284
f 909 770 908
f 908 907 909
f 625 767 768
f 489 625 491
f 388 526 389
f 1300 1411 1412
f 1180 1298 1300
f 1179 1298 1180
f 1179 1180 1055
f 1055 1176 1179
f 923 924 789
f 789 920 923
f 923 920 924
f 945 944 946
f 805 945 946
f 924 920 946
f 530 529 503
f 503 647 530
f 530 647 664
f 664 531 530
f 498 361 497
f 503 529 497
f 790 647 789
f 640 502 639
f 640 642 503
f 639 642 640
f 638 502 500
f 639 502 638
f 501 362 500
f 500 502 501
f 501 502 362
f 919 920 782
f 919 780 805
f 805 946 919
f 919 946 920
f 781 642 639
f 639 780 781
f 782 642 781
f 781 919 782
f 780 919 781
f 653 798 799
f 799 798 940
f 936 937 796
f 796 918 936
f 936 918 917
f 1080 940 1079
f 1079 940 939
f 939 938 1079
f 1079 938 937
f 1310 1203 1321
f 1321 1200 1310
f 1203 1202 1321
f 1321 1202 1200
f 1206 1084 1205
f 1086 1209 1089
f 943 803 942
f 944 803 943
f 802 803 656
f 802 800 942
f 942 803 802
f 193 271 272
f 270 271 193
f 193 269 270
f 648 650 506
f 650 649 506
f 650 793 794
f 275 369 370
f 508 509 370
f 653 509 652
f 652 509 508
f 275 370 371
f 371 370 509
f 655 521 511
f 518 521 655
f 656 518 655
f 657 804 805
f 805 780 657
f 656 804 657
f 657 518 656
f 193 275 276
f 281 193 280
f 202 291 292
f 293 202 292
f 212 139 211
f 211 210 212
f 139 210 211
f 414 299 413
f 413 299 412
f 552 414 413
f 414 415 304
f 304 415 305
f 304 303 414
f 304 305 207
f 207 303 304
f 306 305 417
f 699 557 554
f 554 417 553
f 698 699 554
f 554 697 698
f 554 553 697
f 247 169 250
f 250 339 247
f 339 340 247
f 168 169 247
f 247 248 168
f 1110 1230 1111
f 845 973 974
f 974 975 845
f 1110 1111 974
f 1112 975 974
f 974 1111 1112
f 837 966 967
f 837 838 697
f 697 696 837
f 733 762 876
f 733 732 762
f 593 462 478
f 593 594 462
f 434 570 571
f 333 335 334
f 334 240 333
f 333 240 332
f 481 480 569
f 569 570 434
f 569 433 481
f 434 433 569
f 448 449 335
f 1860 1789 1859
f 1720 1787 1788
f 1788 1789 1720
f 1788 1856 1857
f 1787 1856 1788
f 1710 1684 1637
f 1750 1751 1686
f 1829 1830 1751
f 1751 1828 1829
f 1829 1869 1830
f 1380 1269 1268
f 896 895 1028
f 1028 1029 896
f 1028 1157 1029
f 1674 1675 1596
f 1668 1737 1669
f 1729 1799 1800
f 1656 1728 1729
f 1798 1799 1729
f 1729 1725 1798
f 1854 1901 1899
f 1857 1905 1902
f 1902 1859 1857
f 1860 1859 1902
f 1640 1641 1563
f 1638 1639 1563
f 1563 1639 1640
f 1566 1642 1644
f 1642 1721 1644
f 1300 1298 1406
f 1291 1176 1292
f 1179 1176 1291
f 1291 1296 1179
f 1292 1173 1291
f 1173 1290 1291
f 1649 1569 1648
f 1569 1573 1648
f 1643 1715 1716
f 1715 1717 1716
f 1716 1642 1643
f 1716 1717 1642
f 1719 1642 1718
f 1718 1715 1719
f 1715 1785 1719
f 1720 1642 1719
f 1719 1785 1720
f 1784 1856 1787
f 1787 1785 1784
f 1784 1785 1715
f 1782 1780 1854
f 1781 1780 1782
f 1782 1715 1781
f 1712 1639 1711
f 1713 1639 1712
f 1714 1776 1777
f 1777 1715 1714
f 1754 1838 1755
f 1687 1754 1755
f 1755 1688 1687
f 1755 1691 1688
f 1921 1930 1927
f 1927 1916 1921
f 1928 1916 1927
f 1138 1137 1014
f 1012 884 1010
f 1010 1137 1012
f 1137 1138 1012
f 1012 1138 1014
f 1014 885 1012
f 1012 885 884
f 1011 885 1013
f 1249 1139 1140
f 1140 1139 1015
f 1140 1146 1249
f 1140 1015 1014
f 1014 1146 1140
f 1695 1762 1763
f 1695 1621 1693
f 1693 1762 1695
f 1761 1762 1693
f 1843 1763 1842
f 1763 1762 1842
f 1842 1761 1841
f 1762 1761 1842
f 1841 1840 1894
f 1894 1842 1841
f 1618 1619 1542
f 1618 1690 1691
f 1542 1617 1618
f 1617 1690 1618
f 1621 1547 1620
f 1693 1621 1620
f 1547 1543 1620
f 1543 1619 1620
f 1475 1453 1391
f 1475 1533 1453
f 1682 1613 1612
f 1534 1535 1454
f 1454 1453 1534
f 1453 1533 1534
f 902 901 1037
f 1037 901 1036
f 1037 1038 902
f 1163 1038 1037
f 1276 1282 1164
f 1164 1163 1276
f 1164 1282 1283
f 1283 1284 1164
f 1613 1539 1538
f 1535 1612 1538
f 1538 1612 1613
f 1538 1456 1535
f 1539 1456 1538
f 1687 1617 1616
f 1615 1614 1686
f 1615 1539 1614
f 1615 1616 1539
f 1615 1686 1687
f 1687 1616 1615
f 1683 1613 1682
f 1683 1684 1613
f 1682 1637 1683
f 1683 1637 1684
f 1685 1684 1710
f 1685 1748 1686
f 1710 1748 1685
f 1686 1613 1685
f 1613 1684 1685
f 1540 1456 1539
f 1540 1616 1617
f 1539 1616 1540
f 1540 1617 1542
f 1542 1458 1541
f 1458 1456 1541
f 1541 1540 1542
f 1456 1540 1541
f 1891 1840 1890
f 1890 1915 1891
f 1893 1892 1918
f 1840 1892 1893
f 1893 1894 1840
f 1919 1894 1893
f 1758 1840 1841
f 1841 1761 1758
f 1051 1045 1168
f 1046 1051 907
f 1046 1045 1051
f 406 400 536
f 295 400 406
f 294 397 398
f 397 534 398
f 534 535 398
f 392 294 361
f 392 497 529
f 536 669 537
f 537 406 536
f 682 672 808
f 951 807 950
f 951 808 807
f 806 792 934
f 934 792 933
f 933 1078 934
f 297 405 408
f 408 405 541
f 408 409 297
f 541 545 408
f 408 545 409
f 1320 1199 1222
f 1316 1420 1317
f 1317 1420 1318
f 1419 1420 1316
f 1068 1069 925
f 1193 1317 1318
f 1193 1315 1316
f 1316 1317 1193
f 1319 1197 1196
f 1318 1420 1319
f 1222 1197 1319
f 1319 1341 1222
f 1208 1209 1086
f 1076 1078 933
f 1072 929 928
f 928 1071 1072
f 1072 1199 1090
f 1198 1199 1072
f 1072 1071 1198
f 789 925 926
f 926 927 789
f 925 927 926
f 1070 927 925
f 1071 927 1070
f 1196 1071 1070
f 1070 1069 1196
f 925 1069 1070
f 1211 1091 1090
f 950 807 949
f 949 1092 950
f 949 807 948
f 948 1092 949
f 1222 1099 1098
f 1315 1193 1314
f 1206 1326 1327
f 1327 1326 1325
f 1086 943 1085
f 1085 943 1084
f 1085 1208 1086
f 1207 1208 1085
f 1085 1084 1206
f 1206 1207 1085
f 1425 1325 1426
f 1585 1584 1667
f 1585 1586 1580
f 1667 1586 1585
f 1502 1581 1582
f 1502 1585 1580
f 1584 1585 1502
f 1650 1569 1649
f 1649 1651 1650
f 1650 1651 1569
f 1726 1654 1725
f 1725 1729 1726
f 1649 1723 1724
f 1723 1791 1724
f 1791 1792 1724
f 1724 1651 1649
f 1725 1651 1724
f 1724 1792 1725
f 1797 1725 1796
f 1725 1795 1796
f 1796 1867 1797
f 1796 1795 1867
f 1794 1795 1725
f 1867 1795 1794
f 1790 1867 1794
f 1794 1786 1790
f 1794 1791 1786
f 1511 1428 1425
f 1591 1658 1571
f 1294 1405 1404
f 1404 1295 1294
f 1405 1295 1404
f 1395 1290 1394
f 1394 1396 1395
f 1395 1396 1290
f 1397 1481 1482
f 1290 1396 1397
f 1397 1398 1290
f 1397 1483 1484
f 1397 1396 1394
f 1397 1482 1401
f 1401 1483 1397
f 1392 1295 1405
f 1405 1393 1392
f 1173 1295 1289
f 1289 1290 1173
f 1289 1393 1290
f 1295 1392 1289
f 1289 1392 1393
f 1184 1171 1170
f 1171 1047 1170
f 917 918 777
f 913 777 775
f 1142 1252 1253
f 1253 1254 1142
f 1253 1285 1367
f 1367 1254 1253
f 1459 1371 1458
f 1459 1543 1461
f 1458 1543 1459
f 1457 1456 1458
f 1458 1371 1457
f 1457 1371 1456
f 1537 1456 1455
f 1456 1371 1455
f 1454 1537 1455
f 1286 1251 1166
f 902 1038 1039
f 1034 1158 1159
f 1159 1160 1034
f 1029 1157 1159
f 1159 1158 1029
f 1167 1134 1133
f 1133 1039 1167
f 1167 1039 1038
f 1248 1134 1167
f 1038 1166 1167
f 1167 1251 1248
f 1167 1166 1251
f 1009 1007 1135
f 1135 1007 1134
f 879 740 878
f 879 1007 740
f 878 877 879
f 675 542 674
f 816 676 815
f 815 832 816
f 816 832 688
f 690 832 833
f 1106 964 963
f 1106 963 1105
f 1105 966 1106
f 1106 966 965
f 965 964 1106
f 1220 1227 1105
f 1105 1097 1220
f 1340 1227 1220
f 1216 1334 1335
f 1215 1334 1216
f 963 832 955
f 955 1097 963
f 955 832 815
f 549 690 691
f 673 674 542
f 673 542 544
f 544 679 673
f 544 409 546
f 409 547 546
f 685 547 684
f 685 828 829
f 685 681 547
f 831 828 685
f 685 823 831
f 960 823 826
f 950 960 826
f 826 951 950
f 826 957 951
f 828 823 959
f 1100 1101 959
f 552 413 551
f 551 413 412
f 412 411 551
f 553 417 551
f 1114 1115 980
f 1114 1231 1115
f 1130 1132 1114
f 1114 1132 1231
f 997 1132 1130
f 1130 998 997
f 1131 1244 1245
f 1132 997 1131
f 1362 1363 1247
f 1247 1363 1351
f 1231 1132 1247
f 870 871 721
f 871 998 1000
f 1229 1243 1242
f 1242 1230 1229
f 1125 991 990
f 861 991 992
f 865 720 995
f 995 866 865
f 721 720 865
f 865 866 721
f 863 720 719
f 863 864 720
f 719 718 863
f 1514 1595 1515
f 1451 1450 1519
f 1519 1531 1451
f 1518 1531 1519
f 1450 1434 1519
f 1443 1432 1348
f 1442 1432 1443
f 1222 1344 1345
f 1441 1442 1346
f 1346 1345 1344
f 1442 1443 1346
f 1225 1347 1346
f 1346 1347 1222
f 1222 1345 1346
f 1348 1225 1346
f 1346 1443 1348
f 1513 1523 1514
f 1513 1442 1523
f 1100 1226 1104
f 962 1100 1104
f 1104 1103 962
f 1104 1226 1214
f 1104 1093 1103
f 1332 1333 1214
f 1431 1333 1332
f 1332 1226 1348
f 1214 1226 1332
f 1348 1432 1332
f 1332 1430 1431
f 1594 1674 1596
f 1673 1674 1594
f 1596 1595 1594
f 1594 1595 1514
f 1240 1123 1122
f 1122 1237 1240
f 1122 1121 1238
f 1238 1237 1122
f 1118 982 1117
f 1237 1238 1118
f 1548 1463 1530
f 1446 1353 1355
f 1355 1448 1446
f 1354 1448 1355
f 1527 1600 1528
f 1528 1600 1599
f 1354 1444 1447
f 1447 1448 1354
f 1447 1451 1527
f 1447 1444 1451
f 1527 1528 1447
f 1675 1607 1676
f 1599 1598 1676
f 1676 1598 1675
f 1743 1674 1673
f 1604 1607 1680
f 706 558 705
f 559 558 706
f 707 848 709
f 707 709 708
f 708 559 707
f 559 706 707
f 707 706 705
f 705 847 707
f 847 848 707
f 700 841 842
f 700 557 699
f 699 841 700
f 699 839 840
f 839 970 840
f 840 841 699
f 840 970 841
f 842 841 971
f 841 970 971
f 1108 970 969
f 1108 971 970
f 1108 967 972
f 972 842 1108
f 842 971 1108
f 842 843 701
f 557 700 701
f 701 700 842
f 703 557 702
f 702 843 844
f 557 701 702
f 702 701 843
f 702 704 703
f 844 704 702
f 562 561 711
f 711 710 562
f 561 710 711
f 562 710 712
f 712 710 715
f 563 562 712
f 712 715 563
f 144 217 218
f 218 219 144
f 218 217 312
f 312 313 218
f 313 219 218
f 314 219 313
f 314 315 219
f 313 424 314
f 314 424 425
f 425 315 314
f 116 115 164
f 164 114 110
f 164 115 114
f 110 162 164
f 241 240 242
f 241 162 240
f 242 166 241
f 241 164 162
f 89 48 88
f 88 49 89
f 89 49 48
f 84 85 45
f 85 46 45
f 45 46 21
f 559 560 422
f 422 560 561
f 312 311 422
f 557 558 419
f 558 420 419
f 556 557 419
f 419 420 308
f 196 282 283
f 259 354 283
f 283 284 196
f 388 387 386
f 387 284 386
f 386 284 382
f 382 283 386
f 386 385 388
f 386 283 385
f 914 909 907
f 910 914 775
f 909 914 910
f 772 628 771
f 909 910 772
f 772 771 770
f 770 909 772
f 767 904 905
f 905 768 767
f 623 765 766
f 766 904 767
f 766 767 625
f 491 625 630
f 625 768 630
f 623 489 528
f 287 286 285
f 285 387 287
f 287 387 388
f 388 389 287
f 191 192 131
f 131 200 191
f 1182 1187 1183
f 1183 1055 1182
f 1181 1055 1180
f 1182 1055 1181
f 1181 1062 1182
f 1292 1176 1175
f 1176 1054 1175
f 1176 1055 1177
f 1177 1054 1176
f 1055 1054 1177
f 911 1059 1060
f 911 1058 1059
f 911 1054 1055
f 785 786 643
f 643 784 785
f 503 642 643
f 646 647 503
f 789 647 788
f 921 782 789
f 361 365 496
f 496 497 361
f 496 365 503
f 503 497 496
f 791 792 647
f 647 790 791
f 933 792 791
f 791 790 933
f 503 502 641
f 641 640 503
f 502 640 641
f 500 639 637
f 637 638 500
f 639 638 637
f 522 639 500
f 500 381 522
f 658 780 639
f 658 657 780
f 518 657 658
f 654 800 656
f 654 799 800
f 656 655 654
f 653 799 654
f 942 800 941
f 800 799 941
f 941 799 940
f 491 494 492
f 650 636 779
f 779 777 650
f 495 494 636
f 359 494 495
f 1080 1079 1201
f 1201 1079 1200
f 1201 1202 1080
f 1200 1202 1201
f 1200 1079 1191
f 1206 1205 1324
f 1081 940 1080
f 1080 1202 1081
f 1081 1202 1203
f 924 946 1065
f 946 1089 1065
f 1065 925 924
f 1066 925 1065
f 1065 1089 1066
f 1088 1089 946
f 1087 943 1086
f 944 943 1087
f 1086 1089 1087
f 1089 1088 1087
f 1087 946 944
f 1087 1088 946
f 1082 943 942
f 1082 1205 1084
f 1084 943 1082
f 1082 941 940
f 940 1081 1082
f 1082 1081 1205
f 656 800 801
f 801 802 656
f 800 802 801
f 273 369 274
f 273 272 369
f 273 274 193
f 193 272 273
f 369 272 368
f 192 264 265
f 265 270 269
f 193 192 265
f 265 269 193
f 651 794 796
f 796 797 651
f 508 649 651
f 651 652 508
f 651 649 650
f 650 794 651
f 653 652 651
f 651 798 653
f 651 797 798
f 935 793 918
f 935 794 793
f 935 918 796
f 796 794 935
f 380 521 518
f 380 381 281
f 510 371 509
f 510 654 655
f 511 371 510
f 510 655 511
f 510 509 653
f 653 654 510
f 373 276 275
f 193 278 279
f 279 280 193
f 281 280 375
f 280 279 375
f 555 557 556
f 555 554 557
f 341 247 340
f 457 342 341
f 341 340 457
f 342 248 341
f 248 247 341
f 1124 1111 1230
f 1124 1125 990
f 1230 1125 1124
f 1124 990 1112
f 1112 1111 1124
f 1109 974 973
f 1109 973 967
f 1228 1110 1109
f 1110 974 1109
f 1109 1107 1228
f 967 1107 1109
f 968 969 838
f 838 837 968
f 968 837 967
f 575 571 576
f 445 571 575
f 573 435 574
f 435 571 574
f 574 445 573
f 574 571 445
f 572 435 434
f 434 571 572
f 572 571 435
f 576 571 577
f 447 448 335
f 581 569 480
f 1858 1859 1789
f 1789 1788 1858
f 1857 1859 1858
f 1858 1788 1857
f 1686 1748 1749
f 1749 1750 1686
f 1582 1581 1665
f 1672 1742 1732
f 1733 1732 1742
f 1733 1662 1661
f 1661 1732 1733
f 1736 1737 1668
f 1805 1733 1804
f 1827 1828 1751
f 1751 1826 1827
f 1827 1826 1828
f 1869 1829 1870
f 1887 1881 1910
f 1881 1911 1910
f 1886 1881 1832
f 1886 1911 1881
f 1886 1832 1885
f 1022 1023 892
f 751 750 892
f 892 893 751
f 892 1023 893
f 1383 1272 1381
f 1123 1240 1241
f 1359 1237 1358
f 1359 1240 1237
f 1359 1241 1240
f 1018 1149 1019
f 889 890 750
f 1018 1019 889
f 889 1021 890
f 1020 1021 889
f 889 1019 1020
f 1157 1153 1152
f 1152 1153 1020
f 1738 1737 1812
f 1738 1669 1737
f 1738 1812 1811
f 1667 1584 1583
f 1583 1502 1582
f 1584 1502 1583
f 1668 1669 1583
f 1583 1665 1668
f 1582 1665 1583
f 1678 1673 1601
f 1678 1669 1673
f 1671 1740 1672
f 1671 1670 1740
f 1670 1671 1592
f 1592 1577 1512
f 1592 1672 1661
f 1592 1671 1672
f 1657 1670 1592
f 1592 1571 1657
f 1592 1591 1571
f 1657 1656 1730
f 1656 1729 1730
f 1730 1729 1740
f 1730 1670 1657
f 1740 1670 1730
f 1783 1782 1854
f 1856 1784 1783
f 1783 1784 1715
f 1715 1782 1783
f 1906 1860 1909
f 1860 1902 1909
f 1909 1905 1906
f 1909 1902 1905
f 1857 1901 1903
f 1903 1901 1922
f 1922 1921 1923
f 1923 1903 1922
f 1924 1903 1923
f 1921 1905 1923
f 1905 1924 1923
f 1888 1838 1887
f 1638 1563 1562
f 1481 1563 1564
f 1564 1487 1481
f 1564 1563 1641
f 1564 1642 1566
f 1643 1642 1564
f 1564 1641 1643
f 1486 1487 1401
f 1481 1487 1486
f 1401 1487 1488
f 1410 1411 1300
f 1300 1406 1410
f 1297 1291 1298
f 1296 1291 1297
f 1297 1298 1179
f 1179 1296 1297
f 1402 1291 1401
f 1576 1648 1573
f 1649 1648 1576
f 1778 1777 1779
f 1778 1779 1715
f 1715 1777 1778
f 1757 1755 1838
f 1757 1758 1691
f 1840 1758 1757
f 743 885 882
f 885 1011 882
f 1843 1842 1896
f 1694 1618 1693
f 1619 1618 1694
f 1693 1620 1694
f 1694 1620 1619
f 1691 1760 1692
f 1692 1618 1691
f 1693 1618 1692
f 1692 1761 1693
f 1533 1475 1560
f 1535 1533 1610
f 1610 1612 1535
f 1611 1533 1535
f 1535 1534 1611
f 1611 1534 1533
f 1162 1037 1036
f 1163 1037 1162
f 1281 1387 1282
f 1557 1474 1473
f 1387 1469 1470
f 1470 1469 1471
f 1471 1389 1470
f 1284 1389 1390
f 1391 1284 1390
f 1390 1474 1391
f 1390 1389 1471
f 1390 1473 1474
f 1284 1283 1388
f 1388 1389 1284
f 1388 1283 1282
f 1388 1470 1389
f 1282 1387 1388
f 1387 1470 1388
f 1759 1760 1691
f 1691 1758 1759
f 1759 1758 1761
f 1759 1692 1760
f 1761 1692 1759
f 399 400 294
f 294 398 399
f 399 398 535
f 536 400 399
f 399 535 536
f 499 361 498
f 499 392 361
f 498 497 499
f 497 392 499
f 529 530 393
f 393 392 529
f 393 530 531
f 393 395 394
f 393 531 395
f 393 394 294
f 294 392 393
f 670 537 669
f 669 807 670
f 807 808 670
f 295 406 401
f 406 537 401
f 672 541 540
f 540 671 672
f 540 539 671
f 540 541 404
f 671 539 538
f 538 670 671
f 537 670 538
f 672 671 810
f 810 808 672
f 671 808 810
f 682 808 820
f 668 792 669
f 668 667 792
f 669 535 668
f 668 535 534
f 534 667 668
f 666 667 534
f 792 667 666
f 1222 1341 1342
f 1342 1319 1420
f 1341 1319 1342
f 1439 1419 1438
f 1420 1419 1439
f 1438 1342 1439
f 1439 1342 1420
f 1438 1419 1506
f 1506 1521 1438
f 1506 1586 1521
f 1500 1415 1499
f 1500 1417 1415
f 1067 925 1066
f 1067 1068 925
f 1066 1069 1067
f 1069 1068 1067
f 1194 1193 1318
f 1069 1193 1194
f 1318 1319 1194
f 1311 1207 1331
f 1311 1208 1207
f 1192 1193 1069
f 1192 1069 1066
f 1208 1311 1192
f 1209 1208 1192
f 1066 1089 1192
f 1192 1089 1209
f 789 929 930
f 929 1074 930
f 1073 929 933
f 1073 1074 929
f 933 929 1077
f 1077 1076 933
f 929 1076 1077
f 947 948 806
f 1090 948 947
f 1078 1076 947
f 806 934 947
f 947 934 1078
f 1075 1076 929
f 929 1072 1075
f 1075 947 1076
f 1075 1072 1090
f 1090 947 1075
f 1221 1320 1222
f 1222 1098 1221
f 958 1098 1099
f 958 959 823
f 958 823 960
f 960 1098 958
f 958 1099 1100
f 1100 959 958
f 1090 1098 1102
f 1102 1211 1090
f 960 1092 1102
f 1102 1098 960
f 1102 1092 1091
f 1091 1211 1102
f 1199 1320 1223
f 1320 1221 1223
f 1223 1221 1098
f 1312 1314 1193
f 1312 1311 1331
f 1312 1192 1311
f 1415 1315 1416
f 1416 1314 1415
f 1315 1314 1416
f 1330 1428 1415
f 1415 1314 1330
f 1314 1312 1330
f 1330 1329 1425
f 1330 1312 1331
f 1331 1207 1330
f 1330 1207 1329
f 1325 1207 1328
f 1328 1327 1325
f 1328 1207 1206
f 1206 1327 1328
f 1322 1203 1310
f 1658 1591 1590
f 1590 1591 1509
f 1505 1578 1501
f 1577 1578 1505
f 1499 1577 1505
f 1505 1500 1499
f 1501 1502 1418
f 1418 1505 1501
f 1316 1417 1418
f 1418 1419 1316
f 1417 1500 1418
f 1500 1505 1418
f 1815 1817 1828
f 1740 1729 1801
f 1801 1729 1800
f 1800 1869 1801
f 1869 1870 1801
f 1801 1870 1817
f 1654 1726 1655
f 1656 1571 1655
f 1571 1654 1655
f 1727 1728 1656
f 1656 1655 1727
f 1727 1655 1726
f 1727 1729 1728
f 1727 1726 1729
f 1725 1792 1793
f 1793 1794 1725
f 1793 1792 1791
f 1791 1794 1793
f 1399 1291 1290
f 1290 1398 1399
f 1399 1397 1291
f 1398 1397 1399
f 1481 1397 1480
f 1479 1562 1563
f 1479 1480 1397
f 1479 1563 1481
f 1481 1480 1479
f 1400 1397 1484
f 1291 1397 1400
f 1484 1483 1400
f 1401 1291 1400
f 1400 1483 1401
f 1169 1047 1051
f 1169 1170 1047
f 918 793 795
f 795 777 918
f 795 793 650
f 650 777 795
f 916 1062 917
f 917 777 916
f 777 913 916
f 916 1061 1062
f 913 1061 916
f 1286 1285 1366
f 1285 1253 1366
f 1366 1252 1286
f 1366 1253 1252
f 1256 1144 1257
f 1257 1369 1370
f 1370 1256 1257
f 1258 1256 1370
f 1370 1369 1454
f 1454 1455 1370
f 1372 1258 1371
f 1371 1459 1372
f 1461 1373 1372
f 1165 1164 1286
f 1286 1166 1165
f 1165 1038 1164
f 1165 1166 1038
f 1136 1134 1014
f 1136 1135 1134
f 1014 1009 1136
f 1009 1135 1136
f 902 1039 1040
f 813 674 812
f 814 676 675
f 675 674 814
f 815 676 814
f 814 813 815
f 814 674 813
f 686 816 688
f 688 832 689
f 832 690 689
f 689 549 688
f 690 549 689
f 834 964 965
f 965 835 834
f 833 964 834
f 834 835 691
f 834 690 833
f 691 690 834
f 836 696 691
f 691 835 836
f 966 837 836
f 836 837 696
f 965 966 836
f 836 835 965
f 1340 1220 1339
f 1339 1437 1340
f 1337 1437 1339
f 815 813 954
f 954 955 815
f 410 543 548
f 548 549 410
f 548 686 688
f 691 692 550
f 550 549 691
f 410 549 550
f 692 551 550
f 550 411 410
f 550 551 411
f 678 679 544
f 544 546 678
f 680 546 547
f 547 681 680
f 680 681 817
f 817 679 680
f 679 678 680
f 680 678 546
f 819 685 829
f 681 685 819
f 819 829 817
f 817 681 819
f 827 685 684
f 683 826 823
f 683 822 825
f 825 826 683
f 682 822 683
f 683 547 682
f 684 547 683
f 962 829 961
f 961 1101 962
f 961 959 1101
f 829 828 961
f 828 959 961
f 553 551 694
f 693 551 692
f 693 692 691
f 691 696 693
f 696 694 693
f 693 694 551
f 416 415 552
f 552 551 416
f 416 551 417
f 305 415 416
f 416 417 305
f 1113 998 1130
f 1130 1114 1113
f 1113 1000 998
f 1113 1114 980
f 995 996 869
f 996 997 869
f 869 870 721
f 869 997 998
f 1244 1131 1129
f 1129 997 996
f 1129 1131 997
f 1246 1131 1245
f 1245 1361 1246
f 1361 1362 1246
f 1362 1247 1246
f 1132 1131 1246
f 1246 1247 1132
f 1351 1231 1350
f 1350 1247 1351
f 1231 1247 1350
f 999 998 871
f 871 870 999
f 999 869 998
f 870 869 999
f 1000 1113 1002
f 857 858 717
f 717 856 857
f 855 716 715
f 717 716 855
f 855 856 717
f 715 850 855
f 850 978 855
f 1127 996 995
f 1230 1242 1127
f 1127 1125 1230
f 862 863 718
f 864 863 862
f 862 993 864
f 992 993 862
f 862 718 861
f 861 992 862
f 995 864 994
f 864 993 994
f 1514 1515 1429
f 1429 1515 1430
f 1429 1513 1514
f 1442 1513 1429
f 1429 1432 1442
f 1430 1332 1429
f 1429 1332 1432
f 1516 1515 1595
f 1516 1596 1597
f 1516 1595 1596
f 1430 1515 1516
f 1597 1517 1516
f 1517 1430 1516
f 1433 1434 1335
f 1433 1519 1434
f 1518 1519 1433
f 1433 1431 1518
f 1335 1334 1433
f 1433 1334 1431
f 1438 1346 1343
f 1343 1346 1344
f 1343 1342 1438
f 1343 1344 1222
f 1222 1342 1343
f 1440 1521 1441
f 1441 1346 1440
f 1440 1346 1438
f 1212 1104 1214
f 1093 1104 1212
f 1212 1213 1093
f 1602 1522 1601
f 1601 1673 1602
f 1673 1594 1602
f 1514 1522 1593
f 1593 1594 1514
f 1522 1602 1593
f 1593 1602 1594
f 1239 1121 1120
f 1239 1238 1121
f 1120 1118 1239
f 1239 1118 1238
f 1119 983 982
f 982 1118 1119
f 1120 983 1119
f 1119 1118 1120
f 1549 1463 1548
f 1234 1352 1354
f 1354 1355 1234
f 1233 1352 1234
f 1234 1355 1353
f 1117 1233 1234
f 1606 1528 1599
f 1599 1676 1606
f 1606 1676 1607
f 1675 1674 1681
f 1674 1743 1681
f 1681 1607 1675
f 1743 1745 1681
f 1680 1607 1681
f 1681 1745 1680
f 1673 1669 1739
f 1739 1743 1673
f 1739 1814 1743
f 1669 1738 1739
f 1446 1448 1525
f 1525 1604 1603
f 165 241 166
f 164 241 165
f 165 166 116
f 116 164 165
f 421 420 559
f 559 422 421
f 421 310 309
f 309 420 421
f 561 424 423
f 423 422 561
f 312 422 423
f 423 313 312
f 423 424 313
f 259 283 260
f 260 283 282
f 260 282 195
f 260 195 190
f 260 189 259
f 190 189 260
f 382 284 383
f 383 283 382
f 284 283 383
f 385 283 384
f 384 283 354
f 632 494 631
f 774 910 775
f 774 772 910
f 774 631 772
f 632 631 774
f 903 766 765
f 904 766 903
f 623 766 624
f 624 766 625
f 624 489 623
f 625 489 624
f 627 628 491
f 770 771 627
f 771 628 627
f 390 528 488
f 488 528 489
f 390 389 527
f 527 528 390
f 527 389 526
f 527 526 623
f 623 528 527
f 487 486 489
f 198 286 199
f 286 287 199
f 131 198 199
f 199 200 131
f 199 290 200
f 199 289 290
f 200 290 261
f 261 191 200
f 1301 1181 1299
f 1299 1181 1180
f 1299 1180 1300
f 1055 1183 1178
f 1178 1183 1187
f 1178 1187 1062
f 1062 1061 1178
f 1060 1173 1052
f 1052 911 1060
f 1054 911 1053
f 1053 1052 1173
f 911 1052 1053
f 1050 911 914
f 1050 914 907
f 1050 1048 1058
f 1058 911 1050
f 912 913 775
f 775 911 912
f 775 914 915
f 915 911 775
f 914 911 915
f 645 646 503
f 787 786 789
f 789 788 787
f 787 645 786
f 646 645 787
f 647 646 787
f 787 788 647
f 922 921 789
f 784 921 922
f 789 786 922
f 922 786 785
f 785 784 922
f 782 921 783
f 783 921 784
f 783 642 782
f 783 643 642
f 784 643 783
f 639 522 662
f 662 522 661
f 662 658 639
f 520 522 381
f 661 522 520
f 381 380 520
f 660 518 659
f 518 658 659
f 659 661 660
f 659 662 661
f 658 662 659
f 493 494 359
f 493 492 494
f 777 779 778
f 632 774 633
f 633 774 775
f 633 494 632
f 633 634 494
f 777 778 633
f 779 634 633
f 633 778 779
f 494 634 635
f 635 634 779
f 636 494 635
f 635 779 636
f 917 1062 1063
f 1064 936 917
f 917 1063 1064
f 1064 1063 1191
f 937 936 1064
f 1064 1079 937
f 1064 1191 1079
f 1302 1181 1301
f 1301 1413 1302
f 1422 1421 1414
f 1414 1413 1422
f 1414 1322 1310
f 1421 1322 1414
f 942 941 1083
f 1083 1082 942
f 941 1082 1083
f 507 506 649
f 507 368 506
f 369 368 507
f 507 649 508
f 508 370 507
f 507 370 369
f 277 278 193
f 193 276 277
f 278 277 372
f 275 371 372
f 372 373 275
f 276 373 372
f 372 277 276
f 281 375 376
f 554 555 418
f 306 417 418
f 417 554 418
f 418 555 556
f 556 419 418
f 418 419 308
f 418 307 306
f 418 308 307
f 335 333 446
f 446 447 335
f 578 571 570
f 578 577 571
f 1822 1749 1748
f 1750 1749 1821
f 1751 1750 1821
f 1749 1822 1821
f 1821 1748 1775
f 1821 1822 1748
f 1746 1745 1743
f 1680 1745 1746
f 1679 1604 1680
f 1603 1604 1679
f 1664 1665 1581
f 1734 1665 1664
f 1664 1733 1734
f 1501 1578 1579
f 1579 1664 1581
f 1661 1662 1579
f 1579 1502 1501
f 1581 1502 1579
f 1661 1672 1731
f 1731 1732 1661
f 1672 1732 1731
f 1804 1733 1803
f 1775 1710 1709
f 1710 1637 1709
f 1879 1897 1880
f 1880 1821 1879
f 1807 1736 1735
f 1734 1805 1735
f 1735 1805 1807
f 1735 1736 1668
f 1668 1665 1735
f 1735 1665 1734
f 1734 1733 1806
f 1806 1805 1734
f 1733 1805 1806
f 1828 1817 1878
f 1817 1870 1878
f 1878 1829 1828
f 1878 1870 1829
f 1905 1914 1908
f 1908 1907 1906
f 1906 1905 1908
f 1885 1860 1908
f 1908 1860 1907
f 1908 1886 1885
f 1908 1910 1911
f 1911 1886 1908
f 1024 1023 1022
f 1022 1021 1024
f 893 1023 1024
f 1027 1028 895
f 895 1026 1027
f 890 1021 891
f 750 890 891
f 891 892 750
f 1022 892 891
f 891 1021 1022
f 1271 1272 1157
f 1157 1152 1271
f 1261 1359 1262
f 1262 1148 1261
f 1378 1268 1267
f 1147 1018 1016
f 1147 1148 1018
f 1241 1148 1147
f 1147 1016 1123
f 1123 1241 1147
f 1261 1148 1264
f 1264 1148 1241
f 1264 1359 1261
f 1241 1359 1264
f 1263 1262 1376
f 1148 1262 1263
f 1269 1381 1270
f 1270 1381 1272
f 1272 1271 1270
f 1018 889 1017
f 887 1016 1017
f 1016 1018 1017
f 1157 1272 1273
f 1273 1274 1160
f 1273 1159 1157
f 1160 1159 1273
f 1161 1281 1282
f 1280 1281 1161
f 1161 1162 1036
f 1282 1276 1161
f 1161 1036 1035
f 1035 1160 1161
f 1161 1276 1163
f 1163 1162 1161
f 1277 1272 1383
f 1277 1273 1272
f 1274 1273 1277
f 1601 1667 1666
f 1667 1583 1666
f 1666 1583 1669
f 1659 1592 1661
f 1577 1592 1659
f 1510 1592 1512
f 1512 1428 1510
f 1509 1591 1510
f 1591 1592 1510
f 1428 1511 1510
f 1425 1509 1510
f 1510 1511 1425
f 1857 1856 1855
f 1856 1783 1855
f 1855 1901 1857
f 1855 1899 1901
f 1854 1899 1855
f 1855 1783 1854
f 1904 1924 1905
f 1904 1903 1924
f 1904 1905 1857
f 1857 1903 1904
f 1838 1888 1839
f 1840 1757 1839
f 1839 1757 1838
f 1921 1915 1913
f 1915 1890 1913
f 1482 1481 1485
f 1481 1486 1485
f 1401 1482 1485
f 1485 1486 1401
f 1566 1644 1645
f 1489 1567 1568
f 1566 1567 1489
f 1489 1488 1487
f 1498 1576 1573
f 1498 1573 1492
f 1498 1412 1411
f 1649 1576 1647
f 1647 1576 1568
f 1691 1755 1756
f 1756 1757 1691
f 1755 1757 1756
f 1919 1896 1895
f 1895 1894 1919
f 1842 1894 1895
f 1895 1896 1842
f 1559 1560 1475
f 1391 1474 1559
f 1559 1475 1391
f 1559 1474 1557
f 1557 1560 1559
f 1609 1610 1533
f 1609 1637 1682
f 1682 1612 1609
f 1612 1610 1609
f 1382 1466 1383
f 1269 1380 1382
f 1383 1381 1382
f 1382 1381 1269
f 1281 1385 1386
f 1472 1390 1471
f 1473 1390 1472
f 1471 1469 1472
f 809 808 671
f 671 670 809
f 809 670 808
f 539 540 402
f 402 538 539
f 295 401 402
f 402 401 537
f 537 538 402
f 821 822 682
f 682 820 821
f 825 822 821
f 821 826 825
f 957 826 821
f 951 957 821
f 808 951 952
f 952 820 808
f 951 821 952
f 952 821 820
f 532 666 533
f 533 666 534
f 397 532 533
f 533 534 397
f 665 666 532
f 532 531 665
f 665 531 664
f 664 792 665
f 792 666 665
f 1069 1194 1195
f 1195 1194 1319
f 1196 1069 1195
f 1195 1319 1196
f 933 790 932
f 932 1073 933
f 932 790 789
f 1074 1073 931
f 789 930 931
f 931 930 1074
f 931 932 789
f 1073 932 931
f 1090 1199 1210
f 1199 1223 1210
f 1210 1098 1090
f 1210 1223 1098
f 1193 1192 1313
f 1313 1312 1193
f 1192 1312 1313
f 1425 1428 1427
f 1427 1330 1425
f 1428 1330 1427
f 1507 1423 1422
f 1575 1587 1507
f 1424 1507 1425
f 1423 1507 1424
f 1323 1322 1421
f 1423 1424 1323
f 1323 1421 1422
f 1422 1423 1323
f 1323 1426 1325
f 1425 1426 1323
f 1323 1424 1425
f 1203 1322 1323
f 1492 1571 1572
f 1571 1574 1572
f 1588 1574 1571
f 1575 1574 1588
f 1588 1587 1575
f 1504 1506 1419
f 1419 1418 1504
f 1580 1586 1504
f 1586 1506 1504
f 1817 1815 1741
f 1741 1801 1817
f 1740 1801 1741
f 1672 1740 1741
f 1741 1742 1672
f 1742 1741 1816
f 1816 1741 1815
f 1477 1479 1397
f 1477 1397 1394
f 1562 1479 1477
f 1172 1169 1051
f 1170 1169 1172
f 1172 1168 1287
f 1051 1168 1172
f 1184 1170 1172
f 1287 1288 1172
f 1172 1288 1184
f 1145 1256 1258
f 1014 1144 1145
f 1144 1256 1145
f 1145 1146 1014
f 1145 1260 1249
f 1249 1146 1145
f 1460 1459 1461
f 1461 1372 1460
f 1460 1372 1459
f 877 899 1003
f 1005 879 877
f 1033 899 1032
f 1033 1032 902
f 902 1040 1033
f 1033 1003 899
f 1040 1003 1033
f 1006 1039 1133
f 1006 1040 1039
f 879 1005 1006
f 1006 1005 1040
f 818 812 811
f 811 812 674
f 674 673 811
f 811 679 818
f 811 673 679
f 816 686 677
f 677 543 676
f 676 816 677
f 677 548 543
f 686 548 677
f 1217 1339 1220
f 1217 1216 1335
f 956 1093 953
f 818 956 953
f 953 812 818
f 813 812 953
f 953 954 813
f 688 549 687
f 687 548 688
f 549 548 687
f 823 685 830
f 685 827 830
f 695 696 553
f 553 694 695
f 695 694 696
f 995 869 868
f 868 869 721
f 722 871 872
f 871 1000 872
f 872 873 722
f 873 1002 979
f 979 980 851
f 851 873 979
f 979 1113 980
f 979 1002 1113
f 987 857 856
f 987 855 978
f 856 855 987
f 987 978 858
f 858 857 987
f 996 1127 1128
f 1128 1129 996
f 1244 1129 1128
f 1128 1127 1242
f 1243 1244 1128
f 1128 1242 1243
f 1126 1127 995
f 995 994 1126
f 1125 1127 1126
f 991 1125 1126
f 1126 992 991
f 1126 993 992
f 1126 994 993
f 1438 1521 1520
f 1520 1440 1438
f 1521 1440 1520
f 1353 1356 1235
f 1117 1234 1235
f 1235 1234 1353
f 1236 1118 1117
f 1117 1235 1236
f 1236 1235 1356
f 1358 1237 1236
f 1237 1118 1236
f 1236 1357 1358
f 1356 1357 1236
f 1445 1353 1446
f 1445 1356 1353
f 1449 1357 1445
f 1445 1357 1356
f 1697 1764 1698
f 1697 1696 1679
f 1624 1549 1548
f 1625 1549 1624
f 1528 1606 1605
f 1811 1746 1818
f 1818 1746 1743
f 1814 1739 1813
f 1811 1818 1813
f 1813 1738 1811
f 1813 1739 1738
f 1743 1814 1813
f 1813 1818 1743
f 491 628 629
f 629 494 491
f 629 631 494
f 905 1042 906
f 907 770 906
f 906 1046 907
f 768 905 906
f 1044 1045 906
f 1045 1046 906
f 1041 905 904
f 1041 1042 905
f 491 630 626
f 626 627 491
f 630 627 626
f 769 630 768
f 769 627 630
f 768 906 769
f 770 627 769
f 769 906 770
f 491 492 358
f 492 493 358
f 358 359 264
f 358 493 359
f 288 287 389
f 288 199 287
f 289 199 288
f 288 389 390
f 390 391 288
f 288 391 289
f 191 261 262
f 1409 1413 1301
f 1301 1299 1409
f 1409 1408 1413
f 1299 1408 1409
f 1055 1178 1057
f 913 912 1057
f 1057 912 911
f 1057 1061 913
f 1057 1178 1061
f 1174 1053 1173
f 1054 1053 1174
f 1174 1175 1054
f 1174 1173 1292
f 1292 1175 1174
f 907 1048 1049
f 1049 1050 907
f 1048 1050 1049
f 644 645 503
f 786 645 644
f 503 643 644
f 644 643 786
f 519 380 518
f 519 520 380
f 519 518 660
f 660 661 519
f 661 520 519
f 775 777 776
f 776 633 775
f 777 633 776
f 505 495 636
f 505 504 495
f 505 636 648
f 368 504 505
f 648 506 505
f 506 368 505
f 359 495 366
f 1181 1302 1188
f 1188 1189 1062
f 1062 1181 1188
f 1200 1191 1190
f 1310 1200 1190
f 1191 1063 1190
f 1189 1188 1190
f 1062 1189 1190
f 1190 1063 1062
f 1300 1412 1407
f 1407 1299 1300
f 1407 1408 1299
f 1495 1507 1422
f 1575 1507 1495
f 374 279 278
f 278 372 374
f 374 375 279
f 374 516 375
f 513 372 371
f 281 378 379
f 379 380 281
f 521 380 517
f 380 379 517
f 517 379 516
f 452 337 451
f 337 453 451
f 450 453 337
f 450 337 336
f 336 449 450
f 1825 1826 1751
f 1751 1821 1825
f 1821 1880 1825
f 1852 1897 1879
f 1879 1821 1852
f 1680 1746 1747
f 1747 1746 1764
f 1744 1679 1680
f 1680 1747 1744
f 1744 1747 1764
f 1764 1697 1744
f 1744 1697 1679
f 1663 1579 1662
f 1664 1579 1663
f 1662 1733 1663
f 1733 1664 1663
f 1661 1579 1660
f 1660 1659 1661
f 1577 1659 1660
f 1660 1578 1577
f 1660 1579 1578
f 1708 1709 1637
f 1706 1709 1708
f 1773 1709 1706
f 1772 1773 1705
f 1705 1773 1706
f 1636 1637 1557
f 1772 1705 1771
f 1849 1771 1846
f 1764 1746 1819
f 1910 1908 1912
f 1887 1910 1912
f 1912 1888 1887
f 1912 1908 1914
f 1154 1027 1026
f 1020 1153 1154
f 1154 1021 1020
f 894 1024 1026
f 894 753 752
f 752 893 894
f 894 895 753
f 894 1026 895
f 1156 1153 1157
f 1157 1028 1156
f 1028 1027 1156
f 1156 1154 1153
f 1027 1154 1156
f 1376 1262 1375
f 1375 1262 1357
f 1374 1359 1358
f 1374 1262 1359
f 1358 1357 1374
f 1357 1262 1374
f 1462 1377 1376
f 1376 1375 1462
f 1463 1377 1462
f 1462 1357 1449
f 1462 1375 1357
f 1449 1530 1462
f 1462 1530 1463
f 1149 1263 1265
f 1265 1266 1149
f 1265 1263 1376
f 1378 1267 1265
f 1267 1266 1265
f 1265 1377 1378
f 1376 1377 1265
f 1020 1019 1151
f 1151 1152 1020
f 1151 1271 1152
f 1151 1270 1271
f 1269 1270 1150
f 1150 1151 1019
f 1270 1151 1150
f 1268 1269 1150
f 1150 1267 1268
f 1150 1266 1267
f 1150 1019 1149
f 1149 1266 1150
f 750 887 888
f 887 1017 888
f 888 889 750
f 888 1017 889
f 1274 1277 1275
f 1275 1277 1161
f 1160 1274 1275
f 1275 1161 1160
f 1280 1161 1279
f 1279 1281 1280
f 1279 1385 1281
f 1677 1678 1601
f 1601 1666 1677
f 1669 1678 1677
f 1677 1666 1669
f 1889 1839 1888
f 1889 1913 1890
f 1889 1890 1840
f 1840 1839 1889
f 1889 1912 1914
f 1888 1912 1889
f 1889 1914 1905
f 1905 1913 1889
f 1925 1905 1921
f 1921 1913 1925
f 1649 1647 1646
f 1646 1645 1644
f 1646 1567 1566
f 1566 1645 1646
f 1568 1567 1646
f 1646 1647 1568
f 1401 1488 1403
f 1488 1489 1403
f 1403 1402 1401
f 1298 1291 1403
f 1291 1402 1403
f 1403 1406 1298
f 1403 1410 1406
f 1411 1410 1403
f 1566 1489 1565
f 1565 1489 1487
f 1565 1564 1566
f 1487 1564 1565
f 1411 1403 1490
f 1490 1403 1489
f 1490 1489 1568
f 1608 1609 1533
f 1608 1560 1557
f 1533 1560 1608
f 1557 1637 1608
f 1637 1609 1608
f 1467 1385 1466
f 1463 1549 1464
f 1770 1703 1702
f 1770 1771 1703
f 1846 1771 1770
f 404 295 403
f 295 402 403
f 403 540 404
f 403 402 540
f 1325 1326 1204
f 1204 1323 1325
f 1203 1323 1204
f 1204 1324 1205
f 1204 1326 1206
f 1206 1324 1204
f 1204 1081 1203
f 1205 1081 1204
f 1658 1590 1589
f 1571 1658 1589
f 1589 1588 1571
f 1503 1502 1580
f 1580 1504 1503
f 1503 1418 1502
f 1503 1504 1418
f 1876 1880 1897
f 1876 1815 1828
f 1876 1816 1815
f 1802 1803 1733
f 1802 1733 1742
f 1742 1816 1802
f 1476 1477 1394
f 1476 1478 1561
f 1394 1478 1476
f 1561 1562 1476
f 1562 1477 1476
f 1258 1372 1259
f 1259 1145 1258
f 1259 1372 1373
f 1259 1373 1260
f 1260 1145 1259
f 877 1003 1004
f 1004 1005 877
f 1004 1003 1040
f 1040 1005 1004
f 1219 1220 1097
f 1097 1217 1219
f 1219 1217 1220
f 1337 1339 1338
f 1338 1217 1337
f 1339 1217 1338
f 1335 1434 1336
f 1336 1217 1335
f 1336 1434 1337
f 1337 1217 1336
f 1215 1216 1094
f 1216 1217 1094
f 1213 1212 1094
f 1094 1214 1215
f 1094 1212 1214
f 1093 1213 1094
f 1094 953 1093
f 824 830 827
f 824 827 684
f 684 683 824
f 824 683 823
f 823 830 824
f 721 866 867
f 867 868 721
f 867 866 995
f 995 868 867
f 1000 1002 1001
f 1001 872 1000
f 1001 1002 873
f 873 872 1001
f 1524 1530 1449
f 1449 1445 1524
f 1524 1603 1548
f 1548 1530 1524
f 1524 1445 1446
f 1446 1525 1524
f 1524 1525 1603
f 1679 1696 1622
f 1548 1603 1622
f 1603 1679 1622
f 1623 1697 1698
f 1698 1699 1623
f 1623 1699 1626
f 1623 1549 1625
f 1696 1697 1623
f 1623 1622 1696
f 1548 1622 1623
f 1623 1624 1548
f 1625 1624 1623
f 1448 1447 1526
f 1526 1447 1528
f 1528 1605 1526
f 1529 1605 1606
f 1607 1604 1529
f 1529 1606 1607
f 1529 1526 1605
f 1604 1525 1529
f 1529 1525 1448
f 1448 1526 1529
f 772 631 773
f 631 629 773
f 628 772 773
f 773 629 628
f 1044 906 1043
f 1043 906 1042
f 491 358 490
f 490 358 487
f 490 489 491
f 490 487 489
f 290 289 355
f 289 391 355
f 355 261 290
f 355 262 261
f 356 391 390
f 486 487 356
f 356 355 391
f 262 355 356
f 390 488 356
f 489 486 356
f 356 488 489
f 191 262 263
f 192 191 263
f 263 264 192
f 263 358 264
f 1056 911 1055
f 1055 1057 1056
f 1056 1057 911
f 360 366 270
f 360 265 264
f 270 265 360
f 264 359 360
f 359 366 360
f 271 270 367
f 270 366 367
f 367 504 368
f 495 504 367
f 367 366 495
f 367 272 271
f 367 368 272
f 1309 1414 1310
f 1310 1190 1309
f 1413 1414 1309
f 1308 1188 1302
f 1308 1190 1188
f 1308 1309 1190
f 1308 1302 1413
f 1413 1309 1308
f 1493 1407 1492
f 1492 1572 1493
f 1493 1572 1574
f 1492 1407 1491
f 1491 1407 1412
f 1491 1498 1492
f 1412 1498 1491
f 1408 1407 1494
f 1575 1495 1494
f 1494 1495 1408
f 1407 1493 1494
f 1494 1574 1575
f 1494 1493 1574
f 1422 1413 1496
f 1496 1495 1422
f 1413 1408 1496
f 1408 1495 1496
f 514 374 372
f 372 513 514
f 377 379 378
f 516 379 377
f 377 378 281
f 281 376 377
f 377 376 375
f 375 516 377
f 512 517 516
f 511 521 512
f 521 517 512
f 374 514 512
f 512 514 513
f 512 371 511
f 512 513 371
f 569 581 580
f 580 582 569
f 579 578 570
f 570 569 579
f 569 582 579
f 1883 1825 1880
f 1883 1876 1828
f 1880 1876 1883
f 1828 1826 1883
f 1826 1825 1883
f 1897 1852 1851
f 1772 1850 1851
f 1851 1873 1897
f 1850 1873 1851
f 1774 1773 1772
f 1772 1851 1774
f 1775 1709 1774
f 1709 1773 1774
f 1774 1851 1852
f 1774 1821 1775
f 1774 1852 1821
f 1635 1705 1706
f 1702 1703 1635
f 1635 1634 1702
f 1556 1636 1557
f 1634 1635 1556
f 1556 1635 1636
f 1557 1473 1556
f 1707 1708 1637
f 1637 1636 1707
f 1636 1635 1707
f 1633 1631 1701
f 1633 1701 1702
f 1702 1634 1633
f 1634 1556 1633
f 1701 1631 1630
f 1897 1873 1872
f 1804 1803 1872
f 1872 1873 1804
f 1874 1805 1804
f 1807 1805 1874
f 1804 1873 1874
f 1874 1873 1850
f 1848 1850 1772
f 1772 1771 1848
f 1848 1874 1850
f 1849 1874 1848
f 1766 1699 1698
f 1767 1699 1766
f 1820 1746 1811
f 1820 1819 1746
f 1155 1024 1021
f 1021 1154 1155
f 1026 1024 1155
f 1155 1154 1026
f 893 1024 1025
f 1025 894 893
f 1024 894 1025
f 1278 1277 1383
f 1161 1277 1278
f 1278 1279 1161
f 1385 1279 1384
f 1383 1466 1384
f 1466 1385 1384
f 1384 1278 1383
f 1279 1278 1384
f 1926 1913 1905
f 1905 1925 1926
f 1926 1925 1913
f 1649 1646 1722
f 1722 1723 1649
f 1721 1723 1722
f 1722 1644 1721
f 1722 1646 1644
f 1411 1490 1497
f 1497 1498 1411
f 1576 1498 1497
f 1568 1576 1497
f 1497 1490 1568
f 1465 1467 1466
f 1465 1382 1380
f 1466 1382 1465
f 1380 1464 1465
f 1549 1623 1551
f 1551 1623 1626
f 1379 1464 1380
f 1379 1268 1378
f 1379 1380 1268
f 1463 1464 1379
f 1378 1377 1379
f 1379 1377 1463
f 1846 1770 1845
f 1845 1770 1767
f 1588 1589 1508
f 1587 1588 1508
f 1508 1590 1509
f 1508 1589 1590
f 1508 1509 1425
f 1425 1507 1508
f 1508 1507 1587
f 1877 1876 1897
f 1816 1876 1877
f 954 953 1095
f 1095 1094 954
f 953 1094 1095
f 955 954 1096
f 954 1094 1096
f 1097 955 1096
f 1096 1217 1097
f 357 356 487
f 262 356 357
f 357 263 262
f 487 358 357
f 358 263 357
f 516 374 515
f 515 512 516
f 374 512 515
f 1704 1635 1703
f 1705 1635 1704
f 1703 1771 1704
f 1704 1771 1705
f 1555 1472 1469
f 1473 1472 1555
f 1555 1630 1631
f 1807 1874 1808
f 1808 1874 1849
f 1808 1849 1846
f 1808 1736 1807
f 1771 1849 1847
f 1847 1848 1771
f 1849 1848 1847
f 1765 1766 1698
f 1819 1766 1765
f 1698 1764 1765
f 1764 1819 1765
f 1811 1737 1810
f 1810 1820 1811
f 1737 1736 1810
f 1767 1766 1844
f 1844 1845 1767
f 1844 1766 1819
f 1819 1820 1844
f 1820 1810 1844
f 1550 1464 1549
f 1549 1551 1550
f 1550 1465 1464
f 1550 1551 1465
f 1767 1770 1768
f 1768 1770 1702
f 1702 1769 1768
f 1897 1872 1871
f 1871 1877 1897
f 1816 1877 1871
f 1871 1802 1816
f 1803 1802 1871
f 1871 1872 1803
f 1218 1094 1217
f 1217 1096 1218
f 1218 1096 1094
f 1558 1556 1473
f 1473 1555 1558
f 1558 1555 1631
f 1631 1633 1558
f 1469 1386 1553
f 1736 1808 1809
f 1809 1810 1736
f 1808 1810 1809
f 1875 1808 1846
f 1846 1845 1875
f 1845 1844 1875
f 1875 1810 1808
f 1875 1844 1810
f 1632 1633 1556
f 1556 1558 1632
f 1632 1558 1633
f 1468 1553 1386
f 1468 1386 1385
f 1385 1467 1468
f 1467 1465 1468
f 1701 1630 1629
f 1702 1701 1629
f 1700 1628 1627
f 1700 1627 1626
f 1700 1629 1628
f 1626 1699 1700
f 1700 1769 1702
f 1702 1629 1700
f 1700 1699 1767
f 1767 1768 1700
f 1700 1768 1769
f 1554 1553 1627
f 1627 1628 1554
f 1630 1555 1554
f 1554 1629 1630
f 1628 1629 1554
f 1554 1555 1469
f 1469 1553 1554
f 1627 1553 1552
f 1553 1468 1552
f 1626 1627 1552
f 1552 1551 1626
f 1465 1551 1552
f 1552 1468 1465
f 744 600 599
f 601 600 744
f 10 50 23
f 22 50 10
f 10 9 21
f 21 22 10
f 47 44 83
f 83 44 43
f 599 600 469
f 469 600 470
f 23 50 51
f 51 24 23
f 52 24 51
f 51 91 52
f 52 91 90
f 90 53 52
f 53 90 54
f 54 90 94
f 95 54 94
f 55 54 95
f 97 58 57
f 98 58 97
f 20 4 1
f 20 44 47
f 47 21 20
f 21 9 20
f 20 9 4
f 1 3 20
f 20 3 8
f 361 294 266
f 266 294 293
f 212 140 139
f 139 140 84
f 613 476 612
f 612 602 613
f 601 744 613
f 613 602 601
f 736 758 608
f 592 736 608
f 591 736 592
f 591 735 736
f 591 590 734
f 734 735 591
f 236 328 329
f 329 328 441
f 442 329 441
f 330 329 442
f 231 101 154
f 155 101 231
f 194 201 132
f 194 132 131
f 734 590 729
f 590 586 729
f 729 586 585
f 585 728 729
f 611 475 610
f 610 760 611
f 886 760 609
f 609 759 886
f 609 608 758
f 758 759 609
f 584 728 585
f 727 728 584
f 876 727 584
f 584 726 876
f 257 352 479
f 479 350 257
f 479 614 478
f 478 350 479
f 353 352 257
f 353 480 352
f 330 442 443
f 443 331 330
f 444 332 443
f 332 331 443
f 154 101 153
f 101 100 153
f 153 100 99
f 99 152 153
f 98 97 150
f 150 97 151
f 150 152 99
f 150 99 98
f 155 231 156
f 156 231 232
f 234 233 325
f 326 234 325
f 325 156 232
f 233 156 325
f 327 234 326
f 327 235 234
f 327 328 236
f 236 235 327
f 151 97 96
f 97 56 96
f 55 95 96
f 96 56 55
f 201 194 291
f 291 194 268
f 761 611 760
f 761 760 886
f 612 476 761
f 476 611 761
f 587 730 732
f 732 588 587
f 763 730 587
f 763 587 731
f 763 594 738
f 731 594 763
f 292 291 268
f 268 267 292
f 292 266 293
f 292 267 266
f 876 726 733
f 726 589 733
f 588 732 733
f 733 589 588
f 478 614 593
f 614 737 593
f 738 594 593
f 593 737 738
f 333 332 444
f 444 445 333
f 45 139 84
f 86 139 45
f 45 21 47
f 47 86 45
f 967 1108 968
f 968 1108 969
f 447 577 448
f 576 577 447
f 480 353 581
f 581 353 452
f 1370 1455 1371
f 1371 1258 1370
f 421 422 311
f 421 311 310
f 446 333 445
f 445 575 446
f 576 447 446
f 446 575 576
f 448 577 578
f 449 448 578
f 1018 1148 1263
f 1263 1149 1018
f 1387 1281 1386
f 1386 1469 1387
f 1007 879 1006
f 1133 1007 1006
f 1043 354 259
f 7 2 1043
f 1043 1011 1013
f 1043 123 122
f 1043 178 177
f 1043 125 124
f 171 253 1043
f 1043 4 13
f 1043 1405 1294
f 1043 18 7
f 1 4 1043
f 1898 1853 1043
f 124 123 1043
f 1043 1712 1711
f 122 121 1043
f 1043 347 465
f 1043 465 598
f 1043 1920 1898
f 1287 1168 1043
f 1043 121 120
f 120 119 1043
f 1043 62 72
f 72 125 1043
f 1043 2 1
f 74 78 1043
f 13 31 1043
f 1043 172 171
f 523 385 1043
f 598 743 1043
f 1249 1365 1043
f 1043 1288 1287
f 1043 174 173
f 173 172 1043
f 1294 1306 1043
f 177 176 1043
f 1043 31 62
f 119 183 1043
f 1043 1711 1638
f 1043 1930 1929
f 1043 1452 1532
f 1043 1547 1621
f 1532 1545 1043
f 1043 1305 1304
f 1304 1303 1043
f 1043 175 174
f 253 347 1043
f 180 179 1043
f 1043 181 180
f 1043 78 40
f 40 18 1043
f 1043 130 74
f 1043 524 523
f 1929 1920 1043
f 765 764 1043
f 1776 1713 1043
f 1918 1917 1043
f 1928 1927 1043
f 1043 1139 1249
f 1043 1763 1843
f 1043 1545 1547
f 1621 1695 1043
f 1043 1045 1044
f 1043 1306 1305
f 1043 176 175
f 179 178 1043
f 1561 1478 1043
f 1043 182 181
f 259 189 1043
f 663 524 1043
f 1043 764 663
f 385 384 1043
f 1780 1779 1043
f 1043 1853 1780
f 1043 1917 1928
f 1043 1777 1776
f 1013 1139 1043
f 1043 1365 1452
f 743 882 1043
f 1303 1288 1043
f 1043 1893 1918
f 1043 1478 1405
f 183 182 1043
f 1043 189 130
f 1843 1896 1043
f 1043 1041 904
f 1713 1712 1043
f 1779 1777 1043
f 1043 1927 1930
f 1638 1562 1043
f 1043 1695 1763
f 1919 1893 1043
f 1043 1168 1045
f 1043 1562 1561
f 1043 882 1011
f 1043 1896 1919
f 1043 384 354
f 1043 903 765
f 904 903 1043
f 1042 1041 1043
f 580 581 452
f 452 451 580
f 580 451 453
f 453 582 580
f 449 578 579
f 579 450 449
f 579 582 453
f 453 450 579
f 1707 1635 1706
f 1706 1708 1707

